county_name,state_name,age_pct_65_older,age_pct_under_18,age_pct_under_5,edu_bachelors_pct,edu_hs_or_higher_pct,employment_nonemployer_estab,ethnicity_native_pct,ethnicity_asian_pct,ethnicity_black_pct,ethnicity_hispanic_pct,ethnicity_pacific_islander_pct,ethnicity_two_or_more_pct,ethnicity_white_pct,Ethnicities.White Alone	  not Hispanic or Latino,housing_homeownership_pct,housing_households,housing_units,housing_median_value,housing_persons_per_hh,income_median_household,income_per_capita,misc_foreign_born_pct,misc_land_area_sqmi,misc_lang_noneng_pct,misc_same_house_1yr_pct,misc_manuf_shipments,misc_mean_travel_time_min,misc_pct_female,misc_veterans,population_2020,population_2010,population_density,sales_food_services,sales_retail,firms_total,firms_women_owned,firms_men_owned,firms_minority_owned,firms_nonminority_owned,firms_veteran_owned,firms_nonveteran_owned,county_clean
Abbeville County,SC,22.4,19.8,4.7,15.6,81.7,1416.0,0.3,0.4,27.6,1.6,0.0,1.4,70.2,68.9,75.0,9660,12245.0,90800.0,2.46,38741,22646,1.8,490.48,2.8,90.4,598825.0,28.1,51.6,1559.0,24295,25417,51.8,12507.0,91371.0,1450,543,689,317,1080,187,1211,Abbeville
Acadia Parish,LA,15.8,25.8,6.9,13.3,79.0,4533.0,0.4,0.3,18.0,2.8,0.0,1.6,79.7,77.3,71.1,22236,26657.0,118000.0,2.76,43396,23122,1.3,655.12,10.0,89.8,1901186.0,28.9,51.1,2690.0,57576,61773,94.3,52706.0,602739.0,4664,1516,2629,705,3734,388,4007,Acadia
Accomack County,VA,24.6,20.7,5.6,19.5,81.5,2387.0,0.7,0.8,28.8,9.1,0.2,1.7,67.8,59.9,66.8,13438,21319.0,171800.0,2.35,46073,26018,7.7,449.5,11.5,93.0,667932.0,22.9,51.3,2606.0,33413,33164,73.8,53568.0,348195.0,2997,802,1716,335,2560,212,2536,Accomack
Ada County,ID,14.9,23.2,5.6,38.5,95.2,41464.0,0.8,2.7,1.4,8.5,0.2,3.0,91.9,84.3,69.3,173353,192630.0,270800.0,2.58,66293,34919,5.8,1052.58,8.7,83.7,172944.0,20.7,49.9,29924.0,494967,392365,372.8,763099.0,5766679.0,41789,14661,19409,3099,36701,3803,35132,Ada
Adair County,IA,23.0,21.8,5.6,18.5,94.2,609.0,0.3,0.5,0.6,2.5,0.0,1.2,97.4,95.1,74.3,3200,3718.0,104600.0,2.17,53363,30822,1.6,569.27,3.2,86.1,528536.5,25.1,50.2,492.0,7496,7682,13.5,20428.0,63002.0,914,304,499,0,861,185,679,Adair
Adair County,KY,19.2,19.9,5.2,15.7,79.6,1623.0,0.3,0.4,2.9,2.2,0.1,1.5,94.8,93.0,76.1,6977,8632.0,96400.0,2.56,38021,21196,1.6,405.28,2.6,89.0,153105.0,26.4,50.2,1104.0,18903,18656,46.0,35974.5,204296.0,1725,342,1076,78,1617,144,1484,Adair
Adair County,MO,15.1,17.9,5.2,31.0,90.1,1638.0,0.4,2.6,3.4,2.6,0.1,2.0,91.5,89.4,60.1,9258,11645.0,126800.0,2.45,41929,22847,4.1,567.32,5.9,75.1,282157.0,16.8,52.0,1176.0,25314,25607,45.1,22307.0,336233.0,2175,455,1335,59,1974,298,1655,Adair
Adair County,OK,15.8,27.0,7.4,11.6,80.8,1383.0,46.1,0.8,0.6,7.1,0.1,10.3,42.1,39.4,69.3,7733,9415.0,87600.0,2.86,34695,17026,1.8,573.48,8.3,90.2,485013.0,26.7,50.0,1268.0,19495,22683,39.6,7219.0,123351.0,1864,618,978,770,968,109,1722,Adair
Adams County,CO,10.7,26.1,6.9,24.3,83.8,36594.0,2.3,4.5,4.0,40.8,0.2,3.2,85.7,49.0,66.2,166450,178519.0,307600.0,3.0,71202,30313,15.3,1167.65,29.0,84.7,7311352.0,29.8,49.4,26796.0,519572,441603,378.2,705841.0,5548735.0,34447,12562,18398,10916,22016,3478,29493,Adams
Adams County,IA,23.7,20.9,5.3,15.6,93.8,345.0,0.5,0.7,0.5,1.4,0.0,0.8,97.4,96.1,81.7,1598,2012.0,87500.0,2.21,49255,28440,0.6,423.44,1.5,88.7,528536.5,21.3,50.1,272.0,3704,4029,9.5,20428.0,21326.0,284,64,157,0,261,37,210,Adams
Adams County,ID,29.9,17.3,3.9,21.2,90.2,361.0,1.4,0.9,0.4,3.6,0.4,2.6,94.3,91.6,80.3,1757,2705.0,215500.0,2.29,48856,28026,1.2,1363.06,3.5,81.6,172944.0,24.8,48.6,531.0,4379,3976,2.9,11378.5,111149.5,321,84,108,0,279,0,269,Adams
Adams County,IL,20.7,22.6,6.3,25.0,92.5,3922.0,0.3,0.9,3.9,1.8,0.0,2.1,92.8,91.4,71.8,27112,30244.0,127800.0,2.38,52993,30343,1.4,855.2,2.1,88.9,741144.5,17.3,50.7,4516.0,65737,67103,78.5,103212.0,1066523.0,5074,1251,2617,269,4546,477,4158,Adams
Adams County,IN,15.9,31.4,9.3,15.5,84.7,3294.0,0.3,0.4,0.6,4.5,0.0,0.9,97.8,93.6,77.1,12481,13403.0,129300.0,2.79,52504,23316,0.9,339.03,14.8,87.7,2200553.0,21.9,50.0,1430.0,35809,34387,101.4,27655.0,377228.0,3500,859,2081,100,3230,201,3134,Adams
Adams County,MS,19.6,19.9,5.7,17.4,77.9,2404.0,0.5,0.6,53.4,10.1,0.0,1.0,44.4,35.5,62.4,11237,14732.0,92100.0,2.56,29936,18386,8.0,462.41,9.1,92.3,155037.0,22.3,48.0,1486.0,29538,32297,69.8,89285.0,488747.0,3323,1127,1793,1097,2111,417,2724,Adams
Adams County,ND,28.5,19.3,5.3,25.6,94.5,181.0,0.7,2.8,0.9,1.6,0.0,1.8,93.7,92.2,73.5,1035,1442.0,121200.0,2.16,56681,33458,1.9,987.62,3.8,92.4,118152.0,14.6,50.5,136.0,2200,2343,2.4,8750.0,43133.0,333,134,130,0,312,0,308,Adams
Adams County,NE,18.9,23.4,6.4,24.3,90.0,2251.0,1.3,1.3,1.3,11.0,0.1,1.3,94.7,85.1,66.5,12712,13964.0,128500.0,2.35,53023,28729,6.2,563.27,8.6,84.9,1858945.0,16.8,50.2,1834.0,31205,31364,55.7,52979.0,453261.0,2921,825,1379,199,2567,321,2360,Adams
Adams County,OH,18.5,23.8,6.1,13.2,80.2,1790.0,0.6,0.4,0.5,1.0,0.0,1.5,97.1,96.2,70.8,10673,12952.0,105300.0,2.57,39079,22366,0.5,583.87,1.7,89.3,103671.0,36.6,50.4,1784.0,27477,28550,48.9,21405.0,224892.0,2248,669,1272,72,2134,207,1935,Adams
Adams County,PA,21.1,19.8,4.9,22.3,88.8,6697.0,0.4,0.9,2.0,7.3,0.0,1.5,95.1,88.7,78.0,39345,42756.0,205800.0,2.5,67253,31590,4.1,518.67,6.3,89.1,2148659.0,28.3,50.8,7792.0,103852,101407,195.5,185678.0,801241.0,7450,2403,4222,201,6988,850,6145,Adams
Adams County,WA,11.3,35.9,9.6,14.3,66.9,835.0,6.2,1.4,2.2,64.7,0.1,1.7,88.5,32.5,63.1,5973,6722.0,154500.0,3.24,48294,20248,24.5,1924.98,55.0,86.7,874205.0,18.6,48.9,544.0,20613,18728,9.7,18696.0,157812.0,1163,364,613,390,717,107,986,Adams
Adams County,WI,30.2,14.1,3.4,13.9,87.5,1139.0,1.2,0.6,2.9,4.2,0.0,1.4,93.8,90.3,83.3,9062,17887.0,131100.0,2.09,46369,27241,2.9,645.65,4.9,87.9,1420674.0,27.9,46.8,1940.0,20654,20875,32.3,55091.0,192300.0,1155,341,697,42,1089,216,846,Adams
Addison County,VT,20.7,16.5,4.2,39.6,93.5,3927.0,0.3,1.8,1.3,2.3,0.0,2.0,94.5,92.6,76.0,14584,17688.0,249700.0,2.32,68825,34741,4.8,766.33,6.0,86.7,442582.0,25.0,50.1,2038.0,37363,36821,48.0,55198.0,536912.0,4838,1390,2444,106,4537,375,4156,Addison
Aiken County,SC,19.9,21.4,5.7,26.4,88.0,11212.0,0.6,1.2,25.3,5.9,0.1,2.2,70.7,65.8,72.6,67598,78520.0,147300.0,2.45,51399,28396,4.5,1071.03,6.4,88.0,4639337.0,25.0,51.7,13195.0,168808,160099,149.5,65913.0,1749453.0,12138,4430,6598,2491,9200,1750,9711,Aiken
Aitkin County,MN,33.8,16.5,3.7,18.1,91.2,1132.0,2.7,0.3,0.6,1.4,0.0,1.6,94.8,93.8,82.2,7681,17033.0,183200.0,2.03,49351,29275,1.2,1821.66,2.7,91.3,62065.0,27.8,49.5,1743.0,15697,16202,8.9,18806.0,173292.0,1445,274,700,0,1315,132,1187,Aitkin
Alachua County,FL,14.6,17.9,5.1,43.3,92.6,19727.0,0.4,6.2,20.6,10.5,0.1,2.9,69.9,60.6,55.0,97995,120226.0,186700.0,2.55,49689,28646,10.5,875.02,14.2,77.9,778359.5,22.4,51.8,15162.0,278468,247336,282.7,222146.0,3208691.0,20110,7177,10330,4816,14333,2217,16761,Alachua
Alamance County,NC,17.1,22.0,5.9,24.8,86.3,10616.0,1.5,1.7,20.9,13.1,0.1,2.3,73.6,62.9,65.2,64439,72827.0,154800.0,2.46,49688,27312,7.9,423.94,12.6,85.9,3138351.0,24.2,52.5,9184.0,171415,151131,356.5,254425.0,2108413.0,10990,3804,5939,2283,8295,1203,9138,Alamance
Alameda County,CA,14.3,20.3,5.7,47.4,88.4,150445.0,1.1,32.3,11.0,22.3,0.9,5.4,49.3,30.6,53.5,577177,622922.0,769300.0,2.82,99406,47314,32.5,739.02,45.6,87.2,2696230.0,34.3,50.7,48602.0,1682353,1510271,2043.6,3192420.0,20901014.0,150564,57305,76387,75026,69300,10213,134032,Alameda
Alamosa County,CO,13.9,24.2,6.3,25.0,86.9,1163.0,5.5,1.7,1.8,47.6,0.3,3.2,87.5,47.1,57.8,6162,7160.0,157500.0,2.44,37515,22131,9.1,722.64,30.1,82.1,13832.0,14.6,50.1,791.0,16376,15445,21.4,35395.0,280686.0,1674,540,807,512,1043,80,1490,Alamosa
Albany County,NY,17.4,18.3,5.0,41.8,92.1,19516.0,0.3,6.8,14.1,6.3,0.1,2.9,75.8,71.6,56.4,126540,142892.0,222500.0,2.29,66252,37635,10.9,522.8,13.2,84.9,3547362.0,20.9,51.6,14955.0,314848,304204,581.9,866586.0,5762775.0,23912,7125,14508,3223,19297,2019,20224,Albany
Albany County,WY,12.2,16.1,4.5,51.8,95.9,2732.0,1.1,3.9,2.0,9.7,0.1,2.6,90.3,81.9,51.0,15944,19540.0,235000.0,2.26,49322,29146,7.3,4273.84,10.8,67.4,102299.0,12.7,48.2,2325.0,37066,36299,8.5,79553.0,479554.0,3396,1250,1465,280,2870,229,2811,Albany
Albemarle County,VA,19.3,19.7,5.2,55.1,92.1,9931.0,0.4,5.5,9.7,5.8,0.1,2.6,81.8,76.9,63.3,41496,47081.0,356100.0,2.42,79880,44799,10.4,720.7,11.7,80.2,786381.0,22.0,52.1,6705.0,112395,98970,137.3,230570.0,1497509.0,11062,3967,5716,1236,9370,1306,8936,Albemarle
Alcona County,MI,36.1,12.6,3.0,16.9,89.3,638.0,0.7,0.4,0.5,1.6,0.1,1.4,96.8,95.3,88.8,4988,11241.0,112000.0,2.05,40484,25636,1.1,674.59,2.2,90.8,27534.0,25.8,49.7,1325.0,10167,10942,16.2,3930.0,52481.0,933,278,525,0,907,43,873,Alcona
Alcorn County,MS,18.8,22.5,5.8,17.1,81.3,2466.0,0.4,0.4,12.4,3.2,0.0,1.3,85.5,82.7,68.7,14649,17330.0,102700.0,2.49,42086,23909,1.4,400.04,2.7,87.3,1092673.0,22.4,51.3,1759.0,34740,37057,92.6,55345.0,537985.0,3200,1051,1556,265,2726,286,2538,Alcorn
Aleutians East Borough,AK,10.5,7.6,2.0,11.5,85.5,216.0,20.2,43.4,10.2,14.8,1.2,3.9,21.1,9.1,63.8,890,755.0,119900.0,2.61,69250,33939,27.1,6981.94,33.8,83.6,104944.0,5.2,32.5,144.0,3420,3141,0.4,14821.0,68485.5,300,28,208,220,47,0,278,Aleutians East
Aleutians West Census Area,AK,7.4,11.4,3.3,17.0,89.5,216.0,12.1,40.1,7.1,14.0,2.5,4.3,33.9,23.6,28.2,1187,1966.0,279200.0,3.74,87466,39647,41.6,4390.28,58.2,80.3,598515.0,8.0,34.0,283.0,5232,5561,1.3,14236.0,53426.0,343,66,229,157,156,0,297,Aleutians West
Alexander County,IL,23.1,22.2,5.5,12.9,86.5,255.0,0.5,0.3,31.8,1.9,0.2,2.4,64.9,63.7,73.7,2154,3962.0,56000.0,2.85,36806,19519,0.3,235.51,0.8,89.8,741144.5,30.3,51.4,496.0,5240,8238,35.0,2164.0,24207.0,523,276,154,202,295,86,411,Alexander
Alexander County,NC,20.4,19.9,5.0,14.2,82.4,2371.0,0.5,1.0,5.9,4.8,0.1,1.7,90.8,86.7,75.7,14169,16609.0,136500.0,2.53,48756,26688,3.3,259.99,6.0,90.3,591468.0,24.5,49.0,2052.0,36444,37198,143.1,75439.0,194767.0,2907,630,2028,99,2742,451,2326,Alexander
Alexandria city,VA,11.3,18.2,7.1,63.1,93.0,1479.0,0.2,5.9,21.8,16.7,0.0,5.3,62.2,51.9,43.3,70598,11797.5,572900.0,2.21,100939,62679,27.2,15.03,33.5,79.0,273047.0,31.9,51.8,11220.0,159467,139966,9314.3,647469.0,2416013.0,17540,6882,9252,6304,10316,1777,14805,Alexandria
Alfalfa County,OK,20.3,19.4,4.7,21.8,85.2,385.0,4.2,0.4,4.7,6.0,0.1,3.1,87.4,83.1,80.2,1870,2714.0,85700.0,2.53,61852,27615,3.4,866.46,5.5,86.5,460737.5,20.2,40.3,529.0,5699,5642,6.5,3061.0,57139.0,518,136,234,45,454,38,430,Alfalfa
Alger County,MI,26.3,15.0,3.8,17.4,89.9,570.0,4.5,0.5,7.3,1.7,0.0,3.1,84.7,83.4,84.0,3007,6718.0,136200.0,2.7,45570,20851,1.0,915.07,1.5,84.5,729708.0,25.3,44.7,843.0,8842,9601,10.5,16755.0,64637.0,806,243,323,62,674,52,646,Alger
Allamakee County,IA,23.5,23.5,7.0,17.8,88.3,1143.0,0.7,0.5,1.6,7.1,0.3,0.8,96.1,90.0,79.3,5953,7857.0,130400.0,2.27,52216,27892,5.3,639.08,11.3,89.2,262089.0,23.3,49.0,898.0,14061,14330,22.4,9701.0,144626.0,1300,492,594,0,1241,57,1181,Allamakee
Allegan County,MI,17.0,23.8,6.1,22.6,90.9,8324.0,0.7,0.9,1.6,7.5,0.0,1.9,94.9,88.1,82.6,43416,51987.0,165400.0,2.65,62965,29215,3.2,825.23,6.0,91.0,5286560.0,23.9,50.0,4913.0,120502,111408,135.0,131893.0,949923.0,9835,2942,5366,523,9078,691,8681,Allegan
Allegany County,MD,20.6,17.3,4.5,18.9,90.2,2937.0,0.2,1.1,8.3,1.9,0.1,2.1,88.2,86.7,68.8,27399,32737.0,120700.0,2.31,45893,23607,1.9,424.16,4.0,84.6,1377488.5,21.8,47.9,5018.0,68106,75087,177.0,390891.0,922837.0,4323,1373,2398,311,3738,417,3600,Allegany
Allegany County,NY,19.6,20.1,5.3,20.9,90.8,2526.0,0.3,1.3,1.4,1.7,0.0,1.4,95.6,94.3,76.2,17948,26419.0,76400.0,2.33,48412,24857,2.5,1029.31,4.9,87.8,841770.0,22.0,49.2,3454.0,46456,48946,47.6,50027.0,271076.0,2710,920,1454,185,2427,244,2298,Allegany
Alleghany County,NC,28.0,17.0,4.6,17.3,77.5,954.0,0.5,0.8,1.8,9.9,0.0,1.4,95.4,86.7,76.3,4920,8215.0,139800.0,2.21,37830,23267,5.8,235.06,7.6,92.0,1006562.0,24.3,50.4,855.0,10888,11155,47.5,10835.0,67890.0,1132,280,707,123,953,71,982,Alleghany
Alleghany County,VA,25.5,18.3,4.4,15.0,86.0,644.0,0.3,0.3,4.7,1.6,0.1,1.9,92.8,91.4,76.2,6600,8010.0,119700.0,2.24,47673,27338,1.3,445.46,1.8,91.3,476138.5,25.6,51.1,1042.0,15223,16250,36.5,14048.0,75144.0,893,189,596,38,821,104,754,Alleghany
Allegheny County,PA,19.3,18.6,5.2,41.6,94.6,85700.0,0.2,4.2,13.4,2.3,0.0,2.3,79.9,78.1,64.3,541541,604258.0,154700.0,2.19,61043,38709,5.9,730.08,7.5,85.9,16279472.0,27.2,51.6,73723.0,1250578,1223348,1675.6,2940576.0,20553747.0,96501,30671,56123,12104,80217,9916,81176,Allegheny
Allen County,IN,14.9,25.6,7.0,28.5,89.4,24346.0,0.5,4.6,12.0,7.7,0.1,3.2,79.6,73.1,68.4,145065,160687.0,129300.0,2.53,54857,29160,6.7,657.31,11.1,84.9,16200141.0,21.6,51.1,20041.0,385410,355329,540.6,643110.0,5197668.0,28567,9538,15557,4632,22737,2880,24199,Allen
Allen County,KS,21.0,22.2,5.5,20.3,91.9,804.0,1.0,1.2,2.2,3.8,0.0,3.0,92.5,89.5,70.8,5372,6342.0,79300.0,2.26,45333,23734,1.3,500.3,2.4,86.1,470897.0,17.8,50.8,852.0,12526,13371,26.7,13195.0,152787.0,1497,349,672,97,1352,55,1291,Allen
Allen County,KY,18.1,23.0,6.0,16.1,82.1,1504.0,0.3,0.3,1.3,2.4,0.0,1.4,96.7,94.6,74.9,7605,9526.0,120600.0,2.72,44036,22294,1.9,344.34,6.4,89.8,559741.0,25.3,50.4,1046.0,20588,19956,58.0,35974.5,111261.0,1242,334,765,0,1201,104,1082,Allen
Allen County,OH,18.1,23.0,6.1,18.9,90.3,5363.0,0.3,0.8,12.5,3.3,0.0,3.1,83.2,80.6,67.1,40650,45188.0,118100.0,2.44,53131,26761,1.5,402.5,3.1,85.4,15270393.0,19.7,49.5,6474.0,102206,106331,264.2,211325.0,1641522.0,7252,2179,3945,616,6112,785,5877,Allen
Allen Parish,LA,15.2,22.4,6.2,11.3,79.7,1169.0,2.3,0.6,22.7,2.3,0.0,1.9,72.4,70.9,74.5,7925,10052.0,97500.0,2.69,46446,20964,4.4,761.85,9.9,83.6,1901186.0,28.0,43.5,1272.0,22750,25764,33.8,61451.5,157559.0,1170,409,654,196,924,180,939,Allen
Allendale County,SC,20.9,19.0,4.9,9.2,79.8,438.0,0.4,0.9,72.8,3.7,0.1,0.9,24.9,22.3,68.2,3365,4518.0,49200.0,2.35,27185,16985,1.7,408.09,4.0,90.1,446954.0,28.6,48.0,540.0,8039,10419,25.5,65913.0,33904.0,672,279,334,441,206,66,572,Allendale
Alpena County,MI,23.9,18.7,4.9,18.0,91.9,1875.0,0.6,0.6,0.5,1.5,0.0,1.3,96.8,95.5,77.9,12752,16076.0,96500.0,2.19,43363,25957,1.3,571.86,3.0,86.7,480301.0,16.7,50.6,2555.0,28907,29598,51.8,35141.0,448820.0,2322,799,1078,37,2130,190,1787,Alpena
Alpine County,CA,26.4,17.7,4.3,34.5,91.2,105.0,25.7,1.6,0.4,12.3,-1.0,4.4,67.9,61.3,84.0,350,1782.0,365300.0,2.87,63750,36739,5.1,738.33,9.7,90.9,2696230.0,18.1,46.1,79.0,1204,1175,1.6,378595.0,576.0,125,49,0,0,115,0,116,Alpine
Amador County,CA,27.5,15.1,4.1,19.3,90.0,2835.0,2.3,1.7,2.7,14.5,0.3,3.4,89.6,77.3,76.5,14594,18625.0,313700.0,2.38,62772,31987,6.0,594.58,10.6,87.7,139631.0,32.7,45.6,3810.0,40474,38091,64.1,242022.0,321498.0,2807,921,1383,259,2453,258,2363,Amador
Amelia County,VA,20.1,20.8,5.5,17.1,83.9,870.0,0.6,0.6,20.4,3.2,0.0,1.8,76.5,74.0,84.4,4954,5677.0,201400.0,2.59,57946,31688,1.2,355.27,3.8,89.8,98420.0,39.9,50.7,980.0,13265,12690,35.7,5047.0,71057.0,893,335,444,159,695,69,778,Amelia
Amherst County,VA,21.6,19.3,5.2,19.1,85.6,1599.0,0.9,0.6,19.1,2.4,0.0,2.5,76.9,74.9,77.1,12160,14266.0,155600.0,2.52,52888,26712,1.8,473.93,2.8,87.4,572023.0,27.3,51.4,2565.0,31307,32353,68.3,44317.0,273370.0,2117,810,1094,397,1634,185,1819,Amherst
Amite County,MS,24.1,20.3,5.3,12.6,81.9,815.0,0.4,0.2,40.0,1.3,0.0,0.9,58.6,57.9,84.9,5218,6864.0,83600.0,2.36,33981,21568,0.4,730.1,1.0,95.9,48296.0,39.9,51.7,698.0,12720,13131,18.0,1429.0,39229.0,823,301,432,314,491,107,691,Amite
Anchorage Municipality,AK,11.7,24.0,6.9,36.1,93.9,20976.0,9.1,10.0,6.0,9.4,2.8,8.4,63.8,57.1,61.3,106567,119276.0,314800.0,2.69,84928,41415,10.9,1704.68,17.8,80.2,479841.0,18.9,49.1,26958.0,291247,291826,171.2,1106192.0,4966800.0,26033,9530,12937,5351,19271,3291,21070,Anchorage
Anderson County,KS,21.5,25.7,6.7,18.1,91.0,622.0,0.7,0.7,0.6,2.1,0.0,1.9,96.0,94.1,74.4,3101,3755.0,95700.0,2.49,50213,24309,0.7,579.65,2.2,87.5,328053.5,26.1,50.3,564.0,7836,8102,14.0,13223.0,92144.0,575,177,238,0,545,89,440,Anderson
Anderson County,KY,16.3,23.5,6.1,20.2,89.9,1526.0,0.3,0.7,2.1,1.9,0.0,1.8,95.1,93.4,76.1,8694,9539.0,149800.0,2.57,55334,27250,1.1,201.83,2.2,84.3,746489.0,26.6,51.0,1180.0,23852,21421,106.1,20408.0,188884.0,1461,446,685,71,1331,214,1160,Anderson
Anderson County,SC,18.3,22.7,5.9,22.2,85.3,13025.0,0.3,1.0,16.3,4.0,0.0,1.8,80.5,77.1,71.7,76798,89884.0,145800.0,2.55,50865,27552,3.1,715.43,4.5,86.3,5435031.0,24.0,51.9,14043.0,203718,187126,261.6,272197.0,2189557.0,15115,4881,8655,2363,12272,2099,11969,Anderson
Anderson County,TN,20.3,21.2,5.4,23.3,87.0,4810.0,0.5,1.5,4.1,3.2,0.1,2.3,91.6,88.9,67.9,30541,35143.0,146200.0,2.45,50392,28455,3.5,337.16,4.8,85.1,2223993.0,24.7,51.3,6027.0,77123,75129,222.8,127115.0,916100.0,5799,1831,3175,266,5211,717,4618,Anderson
Anderson County,TX,15.0,19.0,5.1,10.6,81.3,3021.0,0.7,0.9,21.9,18.2,0.2,1.7,74.5,58.3,69.6,16677,20632.0,101900.0,2.66,43455,17280,5.9,1062.6,14.8,84.8,575658.0,23.4,38.6,4049.0,57922,58458,55.0,33330.5,572105.0,3107,1009,1602,722,2209,428,2471,Anderson
Andrew County,MO,19.4,22.9,5.8,24.9,91.7,1279.0,0.3,0.6,1.2,2.7,0.0,1.6,96.3,93.9,79.9,6763,7319.0,147900.0,2.56,58772,29338,1.2,432.7,2.4,92.1,2257.0,24.1,50.5,1140.0,18135,17291,40.0,4517.0,103752.0,1339,357,819,0,1299,125,1156,Andrew
Andrews County,TX,9.8,31.0,8.4,12.2,72.3,1449.0,1.5,0.7,2.0,56.6,0.0,1.5,94.3,39.9,74.1,5573,6354.0,143900.0,3.22,76158,30673,15.2,1500.71,43.7,82.8,135898.0,23.6,48.8,674.0,18610,14786,9.9,21390.0,169819.0,1324,400,695,469,726,143,1075,Andrews
Androscoggin County,ME,18.2,21.5,5.8,22.8,90.2,6622.0,0.4,0.9,4.5,1.9,0.0,2.4,91.7,90.2,64.3,45630,50310.0,158200.0,2.29,53509,28956,3.5,467.93,10.4,84.3,1886855.0,24.1,51.0,8516.0,111139,107702,230.2,153320.0,1818065.0,7493,2451,3963,310,6794,661,6261,Androscoggin
Angelina County,TX,16.6,25.4,6.7,16.9,81.9,5782.0,0.8,1.1,15.7,22.7,0.1,1.4,81.0,59.9,66.2,31035,37250.0,107600.0,2.72,50453,23147,8.5,797.78,18.5,83.4,1451559.0,20.6,51.2,5728.0,86395,86771,108.8,141533.0,1274727.0,6330,1922,3487,1358,4707,709,5020,Angelina
Anne Arundel County,MD,15.0,22.3,6.1,41.7,92.4,44895.0,0.4,4.2,18.3,8.4,0.1,3.3,73.6,66.7,74.2,209814,227936.0,361200.0,2.64,100798,46629,8.4,414.9,11.4,85.2,4456881.0,31.4,50.5,51093.0,588261,537656,1295.9,1564002.0,8758765.0,46997,17089,25348,9994,35336,5547,39219,Anne Arundel
Anoka County,MN,14.5,23.7,6.2,30.5,94.0,23918.0,0.9,5.0,7.4,4.9,0.1,2.9,83.8,79.7,80.1,128198,134681.0,232400.0,2.71,82175,36978,8.8,423.01,11.5,88.6,6716221.0,27.8,50.0,19625.0,363887,330844,782.1,434033.0,3982068.0,27369,8653,15229,2680,24081,2991,23013,Anoka
Anson County,NC,19.3,19.8,5.3,11.3,80.7,1292.0,0.9,1.5,48.5,4.1,0.1,1.7,47.4,44.3,66.1,9521,11668.0,91200.0,2.42,40213,21635,2.9,531.45,5.3,89.4,393255.0,26.7,48.7,1465.0,22055,26948,50.7,16822.0,181255.0,1531,598,726,598,875,159,1288,Anson
Antelope County,NE,24.1,23.6,6.6,18.4,93.0,703.0,0.5,0.5,0.4,3.4,-1.0,0.7,97.9,94.9,75.5,2714,3336.0,82000.0,2.31,49912,26523,2.0,857.22,4.1,90.2,231681.5,15.1,49.5,494.0,6295,6685,7.8,4370.0,70221.0,854,242,364,26,799,91,693,Antelope
Antrim County,MI,28.0,17.7,4.2,28.8,91.7,2153.0,1.3,0.3,0.4,2.5,0.1,1.5,96.5,94.4,87.1,9899,18193.0,160500.0,2.32,56165,31851,1.8,475.7,2.3,89.1,174994.0,24.6,50.2,2004.0,23431,23580,49.6,42618.0,169645.0,2534,682,1313,32,2440,121,2116,Antrim
Apache County,AZ,15.8,27.0,6.7,12.3,80.4,2599.0,75.0,0.5,0.6,6.6,0.1,1.6,22.3,18.0,78.9,20867,33023.0,59900.0,3.37,32508,15128,1.4,11197.52,53.8,93.8,884322.0,26.9,50.6,3079.0,66021,71518,6.4,47069.0,324317.0,2787,1131,1251,1687,974,234,2314,Apache
Appanoose County,IA,22.9,22.6,5.6,16.3,90.2,883.0,0.3,0.7,0.9,2.2,0.1,1.6,96.4,94.6,71.0,5353,6646.0,81400.0,2.3,40167,26012,0.9,497.29,2.9,87.6,303261.0,21.0,50.5,887.0,12317,12887,25.9,16538.0,138799.0,1388,495,549,27,1313,112,1156,Appanoose
Appling County,GA,17.7,24.5,6.4,9.8,74.9,1197.0,0.6,0.8,19.6,10.0,0.2,1.6,77.2,68.7,76.4,6656,8613.0,80200.0,2.69,40304,21300,5.0,507.08,10.6,93.7,407343.0,22.9,50.2,907.0,18444,18236,36.0,18846.0,211266.0,1392,387,809,298,1049,187,1134,Appling
Appomattox County,VA,21.2,21.0,5.8,20.9,85.9,959.0,0.3,0.4,18.5,1.9,0.1,2.0,78.7,77.1,77.8,6091,7424.0,158800.0,2.57,58696,28586,1.2,333.49,1.7,94.6,476138.5,29.5,51.5,1407.0,16119,14973,44.9,44317.0,143824.0,962,253,616,117,796,80,806,Appomattox
Aransas County,TX,28.9,17.7,4.7,21.9,84.5,2694.0,1.3,2.1,1.7,27.9,0.1,1.9,92.9,66.8,80.2,9548,16238.0,156800.0,2.52,45137,30863,8.7,252.07,19.9,84.9,575658.0,20.8,50.5,2414.0,23830,23158,91.9,50540.0,288881.0,2712,859,1510,778,1835,341,2281,Aransas
Arapahoe County,CO,13.5,23.3,6.1,42.8,92.6,62543.0,1.2,6.6,11.5,19.8,0.3,4.0,76.5,59.4,63.5,240304,257325.0,358200.0,2.66,77469,40443,15.1,798.1,23.4,81.8,1672601.0,28.1,50.4,39149.0,655070,572003,716.7,1235569.0,9404716.0,61297,22462,31732,13912,44785,6119,52103,Arapahoe
Archer County,TX,19.6,21.5,5.3,23.9,90.3,943.0,1.5,0.5,1.1,8.2,0.1,1.6,95.1,88.3,83.7,3452,4184.0,146200.0,2.5,63835,34617,3.3,903.11,5.7,91.2,575658.0,18.9,51.1,601.0,8560,9054,10.0,33330.5,25491.0,986,265,528,151,817,103,781,Archer
Archuleta County,CO,27.3,17.7,4.4,37.2,92.3,2054.0,3.4,1.2,0.7,18.4,0.1,2.5,92.1,76.8,72.2,5858,9685.0,314400.0,2.23,52221,31629,5.0,1350.18,8.7,87.8,4959.0,18.1,49.6,1254.0,13359,12084,8.9,64851.0,130827.0,2070,607,884,211,1711,254,1546,Archuleta
Arenac County,MI,25.8,18.1,4.6,12.6,88.5,936.0,1.4,0.3,0.5,2.0,0.1,1.8,96.0,94.3,83.8,6571,9885.0,94400.0,2.26,42290,24328,1.1,363.19,1.8,89.0,145658.0,28.2,49.6,1195.0,15002,15899,43.8,28160.0,150754.0,1286,282,744,0,1248,192,924,Arenac
Arkansas County,AR,20.3,22.9,6.5,15.8,83.9,1395.0,0.3,0.8,25.1,3.4,0.0,1.9,71.8,69.1,65.2,7491,9486.0,88600.0,2.36,46696,26386,0.8,988.77,2.0,87.1,1927167.0,15.5,51.7,1018.0,17149,19019,19.2,17679.0,335961.0,1575,458,806,220,1281,163,1250,Arkansas
Arlington County,VA,11.1,18.1,5.8,75.3,94.3,21303.0,0.6,11.0,9.7,15.6,0.1,3.6,75.0,61.4,42.7,107032,118880.0,705400.0,2.15,120071,71841,23.2,25.97,29.7,79.6,54117.0,29.2,49.9,12177.0,238643,207627,7993.6,1362362.0,2608839.0,21665,7902,11888,6403,14039,2366,18087,Arlington
Armstrong County,PA,22.6,19.1,4.9,16.7,90.3,3529.0,0.1,0.3,0.9,0.8,0.0,1.0,97.6,97.0,76.0,28137,32841.0,109400.0,2.31,51410,27715,0.5,653.2,2.5,92.8,324072.0,30.7,50.2,5267.0,65558,68941,105.5,42742.0,551223.0,4749,1301,2768,27,4567,610,3859,Armstrong
Armstrong County,TX,24.9,22.6,5.9,22.8,86.9,200.0,1.3,0.4,1.2,9.2,-1.0,0.8,96.3,88.1,88.0,694,927.0,139700.0,2.76,72500,31749,2.2,909.11,6.4,91.8,575658.0,26.4,51.1,169.0,1848,1901,2.1,33330.5,209517.0,62,31,27,0,57,0,57,Armstrong
Aroostook County,ME,24.9,18.3,4.8,19.2,88.6,3935.0,1.9,0.5,1.2,1.4,0.0,1.5,94.8,93.7,72.0,29516,40048.0,99600.0,2.22,41123,25477,4.4,6671.33,15.0,89.3,1037868.0,18.1,50.6,6108.0,67105,71870,10.8,83195.0,1119423.0,6032,1479,3663,124,5708,694,5035,Aroostook
Arthur County,NE,21.4,25.3,5.2,26.2,93.7,52.0,0.4,0.2,-1.0,4.3,-1.0,2.2,97.2,94.2,66.5,197,253.0,111300.0,2.17,42813,25906,1.2,715.36,5.1,90.8,231681.5,22.8,51.0,20.0,434,460,0.6,4370.0,73832.0,65,0,54,0,57,0,57,Arthur
Ascension Parish,LA,12.3,26.6,7.0,26.4,88.6,9291.0,0.4,1.4,24.0,6.0,0.1,1.5,72.6,67.5,81.5,43032,49462.0,207400.0,2.84,80527,34168,3.1,289.98,6.1,89.1,14208545.0,29.5,50.8,5018.0,126500,107215,369.7,167217.0,1538904.0,8748,3012,4597,2201,6243,847,7407,Ascension
Ashe County,NC,26.6,17.4,3.9,19.7,85.1,2507.0,0.4,0.5,1.0,5.1,0.1,1.2,96.9,92.3,75.9,11938,17879.0,153200.0,2.21,40962,24814,3.5,426.14,5.3,93.9,232703.0,24.9,51.0,1464.0,26577,27281,64.0,23669.0,273003.0,2555,589,1646,113,2377,333,2080,Ashe
Ashland County,OH,19.1,22.3,5.7,20.9,88.5,3514.0,0.3,0.7,0.9,1.5,0.1,1.3,96.7,95.5,73.8,20417,22379.0,128400.0,2.51,52823,26017,1.5,422.95,5.1,85.2,1069942.0,22.9,50.8,3283.0,52447,53139,125.6,61870.0,486054.0,4140,1287,2290,81,3934,463,3200,Ashland
Ashland County,WI,20.2,22.0,5.8,19.8,92.2,1113.0,11.7,0.6,0.5,3.0,0.0,3.4,83.8,82.2,68.3,6565,9645.0,113100.0,2.29,42510,23946,1.1,1045.04,3.2,87.2,219770.0,16.6,49.8,1144.0,16027,16157,15.5,28882.0,214159.0,1553,463,762,61,1365,79,1327,Ashland
Ashley County,AR,20.9,22.4,5.6,12.3,83.3,1063.0,0.8,0.3,24.7,5.7,0.1,1.3,72.9,68.5,77.5,7757,10191.0,76400.0,2.59,44744,23391,2.5,925.35,5.2,90.6,1339942.0,20.3,51.3,973.0,19062,21853,23.6,17251.0,185207.0,1193,413,647,198,929,98,995,Ashley
Ashtabula County,OH,19.6,22.0,5.7,14.3,86.0,6139.0,0.3,0.5,3.8,4.4,0.0,2.3,93.0,89.3,70.5,37832,46269.0,112700.0,2.49,46700,24265,1.4,701.93,7.1,88.0,2449503.0,25.0,49.5,7549.0,97574,101497,144.6,121505.0,1081075.0,6798,1916,4193,328,6227,609,5836,Ashtabula
Asotin County,WA,24.0,20.0,5.1,21.4,91.4,1033.0,1.8,1.0,0.8,4.4,0.3,2.9,93.2,89.8,70.7,9101,10125.0,198100.0,2.44,53715,29695,2.9,636.21,4.2,83.1,50511.0,16.7,51.1,2080.0,22285,21623,34.0,25233.0,285863.0,1274,453,579,82,1121,123,1019,Asotin
Assumption Parish,LA,18.7,21.2,5.5,9.6,74.4,1627.0,0.8,0.4,29.6,3.3,0.1,1.2,68.0,65.4,78.1,8552,10939.0,118600.0,2.6,43759,25752,1.2,338.66,12.6,91.6,1901186.0,30.9,51.4,1157.0,21039,23421,69.2,3947.0,121030.0,1520,463,797,445,1054,224,1260,Assumption
Atascosa County,TX,14.9,27.2,7.2,14.4,77.1,3606.0,1.3,0.6,1.4,64.8,0.1,1.2,95.3,32.8,75.3,15546,18725.0,97900.0,3.16,55366,23890,6.9,1219.54,38.5,88.3,575658.0,30.5,50.2,3194.0,48981,44911,36.8,52282.0,564725.0,4106,1360,2197,1950,2029,294,3591,Atascosa
Atchison County,KS,17.6,22.8,5.6,22.0,92.7,854.0,0.8,0.7,4.8,3.2,0.1,2.8,90.9,88.2,69.4,5958,6947.0,110400.0,2.48,50439,24237,0.9,431.17,1.3,86.3,635032.0,19.4,51.4,981.0,16348,16924,39.3,13223.0,126876.0,925,192,469,52,759,133,667,Atchison
Atchison County,MO,26.2,20.2,4.9,23.1,91.5,394.0,0.4,0.4,0.5,1.5,0.1,1.3,97.4,96.1,69.7,2562,2952.0,84900.0,2.0,50236,31248,0.9,547.3,1.1,91.2,468824.0,19.4,50.0,421.0,5305,5685,10.4,5275.0,109793.0,737,143,355,0,612,0,647,Atchison
Athens County,OH,13.6,14.4,3.7,30.2,90.0,3260.0,0.4,3.1,2.8,1.9,0.1,2.4,91.2,89.7,57.8,22557,26673.0,129600.0,2.49,40905,22040,4.4,503.6,5.3,69.2,2276097.0,20.7,50.4,3191.0,62431,64757,128.6,107163.0,695105.0,3704,1216,1972,184,3276,374,3033,Athens
Atkinson County,GA,14.5,26.2,7.0,12.2,67.2,568.0,1.6,1.0,17.4,25.4,1.1,2.3,76.6,56.0,73.3,2880,3517.0,62700.0,2.85,37197,20338,12.6,339.38,21.8,94.4,144824.0,24.6,49.2,318.0,8286,8375,24.7,2387.0,43844.0,479,163,307,102,368,63,405,Atkinson
Atlantic County,NJ,18.6,21.1,5.4,28.1,87.0,17834.0,0.7,8.1,17.1,19.4,0.1,2.7,71.3,56.0,67.1,99850,128930.0,217900.0,2.61,62110,33284,16.5,555.7,27.0,86.9,285412.0,24.9,51.6,12325.0,274534,274549,494.1,4008546.0,4292714.0,21211,7026,11850,4969,15444,1425,18637,Atlantic
Atoka County,OK,20.0,22.4,5.9,15.0,83.2,933.0,14.8,0.8,3.9,3.6,0.0,8.0,72.5,70.2,73.4,5284,6421.0,102900.0,2.34,39316,20443,1.5,975.52,3.4,84.9,47037.0,25.9,47.9,900.0,14143,14182,14.5,40216.0,129787.0,1173,376,642,171,955,157,967,Atoka
Attala County,MS,19.5,24.9,6.4,13.9,77.6,1302.0,0.4,0.4,43.6,2.0,0.0,0.9,54.6,53.0,72.5,6941,9299.0,80700.0,2.6,33767,21276,0.9,734.98,2.3,84.5,175648.0,32.6,52.7,940.0,17889,19564,26.6,26152.0,192464.0,1213,419,646,430,681,137,952,Attala
Audrain County,MO,18.2,22.5,6.2,14.7,86.2,1409.0,0.6,0.5,6.9,3.3,0.1,2.0,89.9,87.2,68.5,9286,10931.0,97900.0,2.56,44261,23024,1.7,692.24,4.3,85.1,1124067.0,22.5,54.1,1714.0,24962,25529,36.9,17197.0,253719.0,2007,577,984,89,1819,136,1768,Audrain
Audubon County,IA,24.7,21.1,6.1,17.1,89.5,474.0,0.2,0.7,0.6,1.9,0.0,1.0,97.5,95.9,76.8,2649,3012.0,79500.0,2.06,52055,30344,0.5,442.96,1.4,88.3,528536.5,18.5,51.3,397.0,5674,6119,13.8,20428.0,40260.0,636,123,420,0,614,0,551,Audubon
Auglaize County,OH,18.9,24.0,6.4,18.9,92.7,2757.0,0.2,0.6,0.7,1.8,0.1,1.2,97.2,95.7,75.7,18888,20138.0,147300.0,2.39,64074,31198,0.9,401.39,1.9,88.8,2961623.0,19.6,50.0,2638.0,46422,45949,114.5,50509.0,491807.0,3456,984,2070,88,3209,317,2920,Auglaize
Augusta County,VA,21.9,18.5,4.2,22.7,87.4,4703.0,0.3,0.6,4.7,3.1,0.0,1.6,92.8,90.2,79.3,29539,32851.0,214000.0,2.4,62711,30272,2.6,967.0,3.4,87.3,1884187.0,23.9,49.2,5648.0,77487,73750,76.3,56499.0,621286.0,5645,1784,3051,282,5174,728,4536,Augusta
Aurora County,SD,20.7,24.8,6.1,21.5,87.0,255.0,2.9,0.7,0.7,7.2,-1.0,1.5,94.2,87.8,75.3,1182,1384.0,85800.0,2.19,64083,37086,4.7,708.43,7.7,92.4,109693.0,17.5,47.1,175.0,2747,2710,3.8,1566.0,10838.0,153,41,71,0,130,0,127,Aurora
Austin County,TX,19.8,23.8,5.8,23.9,84.0,3212.0,0.8,0.8,9.3,27.8,0.0,1.7,87.4,61.4,76.2,11301,13521.0,196300.0,2.61,66206,30219,10.5,646.51,20.7,91.6,575658.0,29.1,50.3,1319.0,30167,28417,44.0,28650.0,272438.0,2815,771,1660,708,2024,285,2369,Austin
Autauga County,AL,16.0,23.2,5.9,26.6,88.5,3350.0,0.5,1.2,20.1,3.0,0.1,1.9,76.3,73.8,73.3,21397,23896.0,154500.0,2.56,58731,29819,2.3,594.44,4.3,87.9,665897.0,24.4,51.5,5272.0,58805,54571,91.8,93431.0,607854.0,2949,1093,1499,616,2160,285,2401,Autauga
Avery County,NC,22.9,14.7,3.7,20.7,83.6,1720.0,0.6,0.6,4.7,5.1,0.1,1.1,92.9,88.5,75.3,6551,14388.0,144000.0,2.14,40340,21167,3.2,247.09,6.3,86.4,20461.0,19.9,45.8,851.0,17806,17797,72.0,45601.0,195454.0,1481,414,918,49,1379,149,1232,Avery
Avoyelles Parish,LA,17.3,23.4,6.6,12.3,76.8,2472.0,1.2,0.5,29.8,2.1,0.1,2.0,66.4,64.9,69.5,15163,18690.0,104200.0,2.43,38565,22017,0.9,832.43,10.8,87.9,1901186.0,31.0,49.7,2218.0,39693,42073,50.5,153799.0,354718.0,3090,1146,1594,536,2452,233,2702,Avoyelles
Baca County,CO,24.4,22.2,5.4,21.4,86.2,346.0,2.1,0.4,1.1,11.3,-1.0,2.8,93.6,83.9,71.0,1662,2259.0,83500.0,2.09,35878,24061,3.2,2554.97,7.4,86.4,80356.5,13.0,49.8,223.0,3506,3788,1.5,30272.0,38425.0,443,124,273,0,424,54,376,Baca
Bacon County,GA,16.8,25.4,6.9,10.5,82.1,634.0,0.4,0.8,16.2,8.6,0.2,1.8,80.7,73.4,72.4,3874,4821.0,81100.0,2.7,37519,20326,3.3,258.58,7.1,88.5,554410.0,20.9,51.1,582.0,11140,11096,42.9,8954.0,72655.0,937,368,436,223,669,40,812,Bacon
Bailey County,TX,14.8,30.8,8.2,17.2,76.9,413.0,3.4,0.9,2.1,64.0,0.1,1.4,92.1,33.0,74.6,2054,2782.0,69700.0,3.35,52273,21945,15.6,826.8,48.1,92.1,575658.0,16.7,49.8,249.0,6904,7165,8.7,7883.0,49021.0,557,88,307,191,344,25,509,Bailey
Baker County,FL,14.1,23.9,6.2,13.2,85.7,1417.0,0.5,0.7,14.2,2.8,0.0,1.9,82.7,80.4,75.3,8693,10215.0,138900.0,2.92,63275,24686,1.8,585.23,4.7,81.6,778359.5,31.7,47.4,2063.0,28259,27115,46.3,23726.0,217349.0,1255,464,636,194,984,196,950,Baker
Baker County,GA,23.7,19.5,5.8,12.9,80.6,193.0,0.5,1.2,44.0,6.4,0.1,1.3,52.9,47.9,65.3,1425,1664.0,81800.0,2.2,32917,22525,5.0,341.94,7.7,94.1,554410.0,29.1,50.8,188.0,2876,3451,10.1,33983.0,4703.0,335,102,173,129,199,0,277,Baker
Baker County,OR,26.5,19.8,5.1,23.7,91.0,1145.0,1.6,0.9,0.7,4.7,0.1,3.0,93.7,89.7,70.7,6921,9096.0,173100.0,2.23,45998,28700,2.0,3068.36,4.1,81.3,105124.0,15.4,49.0,1899.0,16668,16134,5.3,27456.0,198861.0,1748,507,915,78,1598,178,1438,Baker
Baldwin County,AL,21.0,21.3,5.4,31.9,90.8,20047.0,0.8,1.1,8.8,4.7,0.1,1.9,87.4,83.2,75.2,80930,119412.0,197900.0,2.59,58320,32626,3.7,1589.78,5.4,88.3,1438760.0,26.9,51.5,19663.0,231767,182265,114.6,560602.0,3145789.0,19732,6505,10935,2130,16893,2364,16183,Baldwin
Baldwin County,GA,16.5,18.5,4.7,23.3,85.8,3229.0,0.3,1.7,42.5,2.3,0.1,1.3,54.0,52.4,58.5,16191,20725.0,120300.0,2.51,43672,21716,2.7,257.84,4.2,82.1,554410.0,22.5,49.3,2479.0,43799,45720,177.3,33983.0,554505.0,3709,1543,1759,1803,1771,413,3096,Baldwin
Ballard County,KY,21.9,20.9,5.0,15.9,87.2,476.0,0.4,0.5,3.4,1.5,0.1,2.4,93.2,92.0,80.7,3065,3924.0,102900.0,2.58,45048,25217,2.5,246.66,4.0,92.0,559741.0,23.1,50.3,680.0,7728,8249,33.4,35974.5,57633.0,638,318,253,64,542,52,554,Ballard
Baltimore County,MD,17.6,21.6,5.9,39.4,91.5,70590.0,0.4,6.3,30.3,5.8,0.1,2.6,60.2,55.8,66.1,313519,338291.0,261500.0,2.58,76866,40105,12.6,598.3,14.8,87.9,8066749.0,29.8,52.7,42429.0,854535,805029,1345.5,1555794.0,12645701.0,75371,27265,41451,23329,49895,7322,65022,Baltimore
Baltimore city,MD,13.6,20.7,6.4,31.9,85.2,6564.0,0.3,2.6,62.4,5.3,0.0,2.5,30.5,27.5,47.5,239116,46807.0,160100.0,2.45,50379,31271,8.1,80.94,9.9,83.6,5043278.0,31.4,53.0,28002.0,585708,620961,7671.5,1607810.0,3647668.0,50735,24599,21952,27673,20782,4216,43918,Baltimore
Bamberg County,SC,22.4,18.8,4.6,18.8,80.3,854.0,0.4,0.5,60.3,2.3,0.1,1.1,37.6,36.2,70.6,5334,7725.0,75400.0,2.49,31422,18479,3.6,393.37,2.7,89.1,177043.0,26.6,52.1,739.0,13311,15987,40.6,9677.0,95285.0,850,364,422,395,403,116,682,Bamberg
Bandera County,TX,27.9,16.5,4.2,22.8,89.3,2548.0,1.3,0.6,1.1,19.8,0.0,1.6,95.3,76.7,85.0,8399,12058.0,174200.0,2.59,58661,29561,4.7,790.96,11.3,85.2,575658.0,37.6,50.4,2661.0,20851,20485,25.9,26629.0,81168.0,1907,649,985,199,1622,205,1527,Bandera
Banks County,GA,17.7,22.2,5.8,13.4,75.9,1329.0,0.6,1.1,2.9,7.2,0.1,1.6,93.8,87.3,75.4,6740,7838.0,151100.0,2.78,47811,21403,4.6,232.09,6.6,94.0,554410.0,31.9,49.2,1207.0,18035,18395,79.3,47512.0,213696.0,1262,337,814,60,1156,35,1107,Banks
Banner County,NE,24.0,24.4,7.5,23.3,97.0,50.0,0.3,0.3,1.3,5.8,-1.0,0.5,97.6,91.8,69.6,283,366.0,139900.0,2.55,51750,27552,3.5,746.11,5.6,92.7,231681.5,27.0,51.5,45.0,674,690,0.9,4370.0,73832.0,37,0,0,0,37,0,34,Banner
Bannock County,ID,14.7,25.9,6.9,27.8,92.5,5392.0,3.8,1.6,1.1,8.9,0.3,2.6,90.6,83.4,67.5,31155,34852.0,160000.0,2.68,51734,25076,4.1,1111.99,7.4,80.6,916314.0,18.1,50.3,5084.0,87018,82839,74.5,135487.0,1155265.0,6403,2085,2968,348,5750,411,5383,Bannock
Baraga County,MI,22.7,17.0,3.9,15.8,89.2,355.0,14.3,0.4,8.0,1.7,0.0,4.6,72.7,72.0,80.3,3107,5306.0,102200.0,2.34,46065,22920,1.5,898.26,3.2,88.1,150254.0,18.6,44.9,616.0,8158,8860,9.9,48682.5,53128.0,387,124,192,56,310,0,343,Baraga
Barber County,KS,23.1,23.2,6.2,20.7,91.1,517.0,1.4,0.5,1.0,4.7,0.0,1.9,95.2,91.3,71.8,1923,2735.0,72300.0,2.38,50174,27648,1.9,1134.07,5.1,90.6,39581.0,16.7,48.7,287.0,4228,4861,4.3,5312.0,76391.0,750,205,432,0,698,154,498,Barber
Barbour County,AL,19.7,20.6,5.3,11.6,73.2,1329.0,0.7,0.5,48.2,4.5,0.2,1.2,49.2,45.5,60.9,9345,12080.0,90700.0,2.41,32525,18473,2.7,884.88,7.1,85.5,735098.0,22.4,47.1,1328.0,25223,27457,31.0,26157.0,206477.0,1687,760,755,657,941,147,1445,Barbour
Barbour County,WV,20.7,19.7,5.0,15.6,85.3,625.0,0.6,0.3,1.0,1.1,0.0,1.5,96.5,95.5,72.0,6324,7913.0,110300.0,2.54,38459,22899,0.7,341.06,2.4,90.4,28633.0,26.7,51.1,1261.0,15465,16589,48.6,48291.0,89576.0,1098,327,599,0,961,102,823,Barbour
Barnes County,ND,23.2,19.6,4.8,29.4,92.3,869.0,1.1,0.9,1.8,2.2,0.1,1.8,94.2,92.5,69.3,5074,6046.0,141400.0,2.0,58365,35491,2.1,1491.55,2.9,86.5,118152.0,17.7,49.6,750.0,10853,11066,7.4,14131.0,121730.0,1005,351,514,0,884,95,795,Barnes
Barnstable County,MA,31.4,14.8,3.7,43.4,95.5,27281.0,0.7,1.6,3.5,3.4,0.1,2.0,92.2,89.5,79.8,94323,164674.0,393500.0,2.23,74336,44505,8.0,393.72,9.1,90.7,478632.0,23.9,52.2,17246.0,228996,215888,548.3,1000443.0,3856942.0,32628,9826,19793,1955,29839,4055,27101,Barnstable
Barnwell County,SC,18.9,23.7,5.8,12.5,79.8,1389.0,0.7,1.0,43.9,2.7,0.0,1.7,52.7,50.8,69.6,8360,10603.0,81900.0,2.52,35803,20297,1.6,548.39,2.4,87.4,564088.0,31.4,52.1,1140.0,20589,22621,41.2,16856.0,167121.0,1652,780,744,672,924,153,1412,Barnwell
Barren County,KY,18.0,23.5,6.5,16.3,83.0,3441.0,0.4,0.8,4.2,3.4,0.2,1.8,92.6,90.0,66.7,16931,19928.0,125400.0,2.55,41459,21869,1.9,487.54,4.3,85.1,929531.0,21.3,51.6,2059.0,44485,42173,86.5,71919.0,562843.0,3621,1080,1882,175,3289,401,3006,Barren
Barron County,WI,22.6,21.5,5.4,20.6,90.2,3120.0,1.1,0.7,1.6,2.6,0.0,1.3,95.3,93.0,74.7,18907,24407.0,153200.0,2.35,52703,29681,2.7,862.71,4.2,88.5,1520659.0,20.7,50.0,3226.0,46711,45870,53.2,59114.0,713305.0,4231,1035,2212,81,3968,397,3489,Barron
Barrow County,GA,12.7,25.7,6.7,19.0,84.5,6921.0,0.6,4.0,12.9,12.2,0.1,2.5,80.0,69.4,75.6,26305,29782.0,159700.0,2.99,62345,25266,7.7,160.31,13.1,88.7,889184.0,34.7,50.9,4161.0,83505,69367,432.7,33983.0,671608.0,6212,2052,3575,1285,4692,659,5310,Barrow
Barry County,MI,18.9,21.9,5.5,21.1,92.7,3848.0,0.6,0.5,0.7,3.1,0.0,1.6,96.6,93.8,83.5,24296,27975.0,158400.0,2.46,64490,31760,1.7,553.09,2.5,89.7,1115663.0,27.9,49.6,3931.0,62423,59173,107.0,38485.0,286016.0,4239,1174,2490,141,3987,368,3679,Barry
Barry County,MO,21.0,22.7,6.0,14.6,83.6,2457.0,1.3,2.4,0.7,9.9,0.2,2.0,93.4,84.5,73.7,13645,17662.0,120600.0,2.58,44403,25068,5.2,778.25,8.4,84.9,1391412.0,22.7,49.7,2697.0,34534,35597,45.7,32970.0,379243.0,2637,818,1360,198,2338,326,2114,Barry
Bartholomew County,IN,16.5,23.7,6.5,33.5,90.6,4312.0,0.5,8.5,2.4,7.2,0.1,1.7,86.9,80.5,71.4,31452,34687.0,153500.0,2.59,63431,31774,10.3,406.91,12.0,83.3,5636413.0,19.7,49.7,3808.0,82208,76794,188.7,198592.0,1113091.0,4900,1507,2549,318,4185,491,3951,Bartholomew
Barton County,KS,19.9,23.6,5.9,20.9,89.5,2212.0,1.0,0.3,1.9,15.3,0.1,1.8,94.9,81.0,70.3,10624,12754.0,93300.0,2.45,49723,27495,5.5,895.4,10.6,82.1,337371.0,16.4,50.5,1546.0,25493,27674,30.9,41060.0,420376.0,3370,822,1806,201,3055,232,2943,Barton
Barton County,MO,21.2,23.2,5.9,19.9,87.2,918.0,1.6,0.6,0.6,2.9,0.1,2.7,94.5,92.4,70.1,4895,5589.0,97500.0,2.37,44125,26509,0.7,591.92,2.6,90.2,101852.0,23.2,50.9,714.0,11637,12402,21.0,22307.0,146096.0,1054,350,522,64,953,61,934,Barton
Bartow County,GA,14.4,23.8,6.3,18.6,83.6,8562.0,0.6,1.0,11.3,9.2,0.1,2.1,84.9,76.9,66.3,37627,42298.0,163900.0,2.76,57423,26493,5.4,459.54,9.0,85.2,4341878.0,29.4,50.7,6156.0,108901,100157,217.9,140565.0,1264878.0,9068,3093,5113,1424,7323,1056,7605,Bartow
Bastrop County,TX,15.6,25.4,6.6,20.7,81.9,7100.0,2.0,0.9,7.3,39.7,0.1,2.1,87.5,51.1,77.7,25571,31090.0,172000.0,3.22,64597,27773,12.0,888.15,29.5,86.3,284371.0,34.0,49.2,7026.0,97216,74171,83.5,138015.0,867770.0,6046,2328,2954,1754,4134,686,5064,Bastrop
Bates County,MO,19.6,23.0,6.0,16.1,87.4,1193.0,0.9,0.3,1.3,2.3,0.1,1.9,95.6,93.8,72.7,6547,7838.0,114600.0,2.44,47625,27635,1.2,836.69,2.1,86.4,468824.0,31.9,50.2,1095.0,16042,17049,20.4,22307.0,171685.0,1209,297,573,38,1098,158,844,Bates
Bath County,KY,17.0,25.6,7.2,14.5,76.9,810.0,0.3,0.4,1.4,1.7,0.1,1.6,96.3,94.8,72.1,4827,5539.0,89700.0,2.54,44898,22238,0.5,278.79,4.4,88.3,559741.0,29.8,50.6,671.0,12750,11591,41.6,35974.5,47802.0,939,322,547,0,908,55,870,Bath
Bath County,VA,28.0,15.1,4.1,15.9,90.3,355.0,0.2,0.5,4.8,2.2,-1.0,1.5,92.9,91.1,75.3,1801,3300.0,165300.0,2.28,49738,27527,2.1,529.16,2.0,89.4,476138.5,23.0,49.4,373.0,4209,4731,8.9,63467.0,17227.0,402,136,210,0,371,79,294,Bath
Baxter County,AR,31.1,17.8,4.5,17.9,88.7,3198.0,0.8,0.5,0.5,2.6,0.1,1.6,96.5,94.3,76.1,18435,23028.0,133400.0,2.22,42260,26863,1.8,554.28,1.8,84.0,574423.0,16.2,51.5,4670.0,41627,41513,74.9,61602.0,476645.0,4159,1116,1975,111,3776,568,3155,Baxter
Bay County,FL,18.6,20.6,5.7,23.7,90.7,14652.0,0.8,2.3,11.3,6.7,0.2,3.2,82.2,76.6,65.1,71422,104768.0,178400.0,2.52,54316,29290,6.2,758.46,7.4,79.1,1473839.0,24.0,50.4,21135.0,175216,168852,222.6,565165.0,2728227.0,12985,4738,6634,2304,10043,1657,10436,Bay
Bay County,MI,21.0,19.9,5.0,19.3,90.5,5702.0,0.6,0.6,1.8,5.5,0.0,2.3,94.6,89.8,76.8,44339,48366.0,102000.0,2.32,48819,27469,1.4,442.3,2.1,89.1,1149352.0,22.8,50.9,7621.0,103856,107771,243.7,172003.0,1302984.0,7236,2228,3923,369,6564,925,5927,Bay
Bayfield County,WI,28.2,17.3,4.5,31.1,95.1,1561.0,10.5,0.5,0.6,2.2,0.0,3.0,85.4,84.2,83.2,7057,13512.0,170200.0,2.11,56096,31825,1.7,1477.86,3.9,92.0,1420674.0,22.9,49.2,1400.0,16220,15014,10.2,31780.0,84548.0,1667,585,717,52,1543,125,1431,Bayfield
Baylor County,TX,24.1,22.9,5.9,22.8,85.5,297.0,0.9,0.5,3.1,14.2,0.1,2.5,93.0,80.4,72.4,1530,2649.0,62000.0,2.29,40739,22987,2.9,867.48,4.6,90.1,575658.0,8.7,51.4,222.0,3465,3726,4.3,5543.0,24018.0,240,52,155,0,210,0,214,Baylor
Beadle County,SD,17.8,27.1,8.4,20.5,84.3,1112.0,1.6,10.1,1.5,10.7,0.4,2.1,84.2,75.2,65.7,7557,8569.0,109700.0,2.35,52313,27655,13.8,1258.71,16.8,87.1,495066.0,14.5,49.4,820.0,19149,17398,13.8,21650.0,257822.0,1757,441,993,67,1603,205,1403,Beadle
Bear Lake County,ID,20.7,26.9,6.9,18.9,93.5,486.0,1.1,0.5,0.4,4.3,0.1,1.4,96.5,93.1,76.6,2424,4204.0,149800.0,2.46,54167,26378,3.1,974.79,3.8,85.4,6744.0,25.5,49.9,314.0,6372,5986,6.1,4941.0,58828.0,438,110,210,0,414,46,351,Bear Lake
Beaufort County,NC,24.6,19.8,4.8,20.6,87.7,3337.0,1.0,0.5,24.8,8.0,0.1,1.6,72.0,65.9,69.9,19701,26383.0,132800.0,2.37,45212,27504,3.5,827.19,6.4,94.1,1462057.0,23.1,52.5,2989.0,44652,47759,57.7,50147.0,548353.0,4088,1299,2225,920,3044,454,3277,Beaufort
Beaufort County,SC,28.0,18.2,5.0,41.2,92.8,17222.0,0.4,1.5,17.9,11.1,0.1,1.9,78.2,68.5,73.3,71477,102705.0,298100.0,2.53,68377,38946,8.0,576.28,11.1,84.3,82216.0,22.7,51.0,18056.0,187117,162233,281.5,656606.0,2090475.0,16653,5512,8833,2346,13688,2366,12996,Beaufort
Beauregard Parish,LA,15.9,24.9,7.1,17.8,85.3,2147.0,1.2,0.7,12.1,3.8,0.1,2.5,83.4,80.5,77.5,13520,16223.0,127500.0,2.71,53209,26331,2.3,1157.34,5.4,86.4,1901186.0,30.2,49.0,3150.0,36549,35654,30.8,34980.0,383653.0,2330,610,1351,208,2007,228,1956,Beauregard
Beaver County,OK,19.8,26.2,5.8,19.9,83.8,475.0,2.5,0.4,1.4,25.9,0.1,3.2,92.5,69.5,76.5,1971,2687.0,101200.0,2.69,52349,24514,9.6,1814.67,19.9,87.6,460737.5,18.2,49.5,191.0,5049,5636,3.1,40216.0,37548.0,514,113,313,76,411,0,474,Beaver
Beaver County,PA,22.0,19.2,5.0,24.7,93.1,9089.0,0.2,0.6,6.5,1.8,0.0,2.2,90.5,89.1,73.1,71167,79793.0,141100.0,2.29,57807,31305,1.8,434.71,2.8,89.4,4615008.0,26.3,51.4,12244.0,168215,170539,392.3,191785.0,1590246.0,11951,3383,7488,450,11025,1309,9981,Beaver
Beaver County,UT,14.1,32.4,8.3,21.1,88.9,547.0,2.1,0.8,0.4,12.4,0.4,2.1,94.3,83.8,74.1,2282,3059.0,177600.0,2.83,55221,23382,7.5,2589.88,12.1,90.4,294994.0,18.4,49.2,327.0,7072,6629,2.6,12025.0,115544.0,607,257,250,0,569,38,515,Beaver
Beaverhead County,MT,22.3,17.4,4.3,35.4,95.1,915.0,1.9,0.5,0.4,5.5,0.6,2.2,94.4,89.5,67.8,3992,5363.0,215400.0,2.22,43201,28401,2.3,5541.62,5.1,81.0,6815.0,15.8,48.8,737.0,9371,9246,1.7,18346.0,124519.0,1353,377,738,0,1248,183,1075,Beaverhead
Becker County,MN,21.1,24.1,6.2,25.0,93.1,2858.0,8.1,0.5,0.7,2.3,0.0,3.4,87.2,86.1,78.5,13617,20066.0,198400.0,2.46,60284,31729,1.2,1315.2,3.0,89.9,455733.0,22.5,50.1,2660.0,35183,32504,24.7,57671.0,459672.0,3773,1094,2148,214,3460,526,3042,Becker
Beckham County,OK,14.7,25.0,6.8,16.8,85.5,1757.0,3.7,1.1,4.3,14.7,0.0,3.0,87.9,75.0,66.2,7578,10054.0,128400.0,2.66,50721,24480,4.4,901.81,10.8,82.9,460737.5,20.1,46.5,1127.0,22410,22119,24.5,51931.0,715374.0,2807,771,1584,232,2412,279,2331,Beckham
Bedford County,PA,23.4,19.1,4.9,14.7,87.9,3245.0,0.2,0.4,0.7,1.3,0.0,1.0,97.6,96.7,79.1,19882,24474.0,136700.0,2.41,50509,26078,0.8,1012.3,2.8,91.4,862951.0,26.6,50.3,3452.0,47577,49762,49.2,78629.0,576180.0,3715,812,2271,62,3472,465,2971,Bedford
Bedford County,TN,15.2,25.4,6.7,16.6,82.1,3137.0,1.2,1.0,8.4,13.1,0.2,2.2,87.0,76.1,68.5,17029,19531.0,151100.0,2.8,50415,24864,6.0,473.64,11.6,89.2,1121363.0,24.9,50.7,2907.0,50237,45058,95.1,40235.0,407587.0,3442,1351,1724,354,2960,354,2927,Bedford
Bedford County,VA,21.8,19.7,4.6,29.2,90.0,5506.0,0.4,1.2,7.2,2.4,0.0,1.6,89.6,87.6,82.1,31317,37040.0,201900.0,2.49,64199,33678,2.9,753.02,4.4,87.0,476138.5,27.2,50.8,6607.0,79462,68676,91.2,28890.0,521240.0,4688,1385,2592,311,4257,567,3799,Bedford
Bee County,TX,12.6,21.0,5.6,8.9,75.4,1608.0,1.0,0.6,8.9,59.3,0.1,1.3,88.1,30.8,62.7,8269,10763.0,90600.0,3.0,44578,18340,3.3,880.24,34.7,84.4,575658.0,20.9,39.1,2276.0,31047,31861,36.2,40501.0,330593.0,1967,575,1118,947,911,235,1594,Bee
Belknap County,NH,22.8,18.3,4.3,32.6,93.2,5767.0,0.3,1.2,0.7,1.8,0.0,1.5,96.3,94.8,75.5,25052,38982.0,226500.0,2.4,69447,37430,3.0,400.23,3.3,89.0,673295.0,25.8,50.6,5345.0,63705,60088,150.1,157902.0,1357530.0,6739,1949,3807,204,6210,1258,4979,Belknap
Bell County,KY,19.7,21.0,5.9,9.2,69.6,1310.0,0.3,0.4,2.5,1.2,0.1,1.9,95.0,94.0,66.0,10624,13272.0,59800.0,2.44,26272,15501,0.4,359.0,0.5,85.8,304434.0,22.3,51.0,1054.0,24097,28691,79.9,36704.0,365058.0,1848,664,962,79,1647,258,1456,Bell
Bell County,TX,11.2,27.6,8.2,25.2,91.0,19882.0,1.1,3.2,24.4,25.6,0.8,4.7,65.7,44.6,54.3,122689,144240.0,147700.0,2.75,54884,26677,8.4,1051.02,19.4,75.4,1962480.0,21.2,50.3,49937.0,370647,310235,295.2,552019.0,3626052.0,17636,7045,8393,6573,9961,2299,14076,Bell
Belmont County,OH,21.4,18.8,4.7,16.7,90.2,3298.0,0.2,0.5,4.2,1.1,0.0,1.7,93.4,92.4,76.4,25919,32238.0,100500.0,2.47,50904,27580,1.2,532.13,1.8,90.6,2276097.0,24.6,48.9,4690.0,66497,70400,132.3,112179.0,1042545.0,4239,1457,2205,190,3862,565,3371,Belmont
Beltrami County,MN,16.5,25.1,6.9,29.2,92.1,2853.0,22.2,0.8,0.9,2.6,0.1,3.3,72.9,71.7,67.1,17372,21995.0,162600.0,2.55,49160,25418,1.5,2504.94,4.2,83.0,763107.0,19.4,50.1,2796.0,46228,44442,17.7,76219.0,702693.0,3656,904,2117,245,3189,360,3004,Beltrami
Ben Hill County,GA,17.9,24.5,6.3,11.2,83.5,1031.0,0.7,0.9,37.0,6.3,0.1,1.4,60.0,54.8,58.8,6443,8066.0,83400.0,2.59,32229,17774,3.2,250.12,5.5,92.1,512428.0,16.2,52.8,820.0,17194,17634,70.5,17723.0,200347.0,1475,458,888,362,1064,268,1137,Ben Hill
Benewah County,ID,22.8,22.1,5.4,15.2,87.6,653.0,8.4,0.4,0.5,3.8,0.1,4.0,86.7,84.6,73.3,3418,4790.0,167000.0,2.65,47556,23255,1.2,776.62,3.9,87.8,172944.0,22.0,48.6,1037.0,9530,9285,12.0,11378.5,76486.0,716,148,397,28,665,87,600,Benewah
Bennett County,SD,13.3,33.8,9.2,15.7,80.4,192.0,59.3,0.6,0.7,6.2,0.1,5.1,34.3,32.5,60.5,984,1269.0,75900.0,3.44,47500,17793,0.8,1184.71,10.6,91.8,109693.0,17.3,50.7,170.0,3381,3431,2.9,1567.0,32345.0,231,100,80,50,162,0,207,Bennett
Bennington County,VT,23.4,18.6,4.6,36.2,91.2,3785.0,0.3,1.1,1.4,2.2,0.1,1.6,95.5,93.7,74.0,14581,21206.0,207600.0,2.35,56183,33789,3.1,674.98,4.6,89.8,764450.0,20.2,51.3,2344.0,37347,37125,55.0,94950.0,806190.0,4758,1084,2732,175,4356,590,3838,Bennington
Benson County,ND,14.4,35.2,10.7,16.2,86.3,290.0,55.6,0.2,0.5,4.1,0.0,2.1,41.6,40.5,67.0,2248,3055.0,78100.0,3.05,47667,21707,0.3,1388.71,7.4,93.1,118152.0,18.3,49.1,352.0,5964,6660,4.8,8750.0,12279.0,251,78,136,85,147,0,211,Benson
Bent County,CO,18.9,15.4,3.6,11.4,84.8,231.0,3.6,1.5,7.3,32.2,0.1,2.0,85.5,57.0,59.6,1767,2277.0,81000.0,2.23,30900,13930,4.6,1512.86,12.4,90.8,80356.5,17.9,35.6,427.0,5650,6499,4.3,1924.0,17419.0,344,108,149,99,199,0,319,Bent
Benton County,AR,13.6,26.0,6.9,33.4,88.6,20076.0,1.9,4.2,2.1,17.1,0.7,2.7,88.5,72.6,66.6,97249,112183.0,183400.0,2.7,66362,34442,11.6,847.36,13.6,86.3,602802.0,20.0,50.3,15349.0,284333,221339,261.2,366766.0,2905967.0,18936,6412,9280,2699,15415,2101,15624,Benton
Benton County,IA,19.0,23.2,6.2,22.1,94.1,1791.0,0.3,0.4,0.7,1.6,0.1,1.1,97.4,96.1,82.8,10306,11189.0,157200.0,2.45,67729,33301,0.8,716.27,2.8,89.3,166531.0,24.5,50.0,1689.0,25575,26076,36.4,20428.0,197174.0,2154,740,940,0,2074,166,1758,Benton
Benton County,IN,18.0,25.0,6.2,16.1,89.9,604.0,0.3,0.2,1.1,5.4,0.1,1.3,96.9,92.1,74.0,3432,3939.0,92500.0,2.49,49488,25187,1.4,406.42,3.6,86.0,1482367.0,27.6,50.1,426.0,8719,8854,21.8,1764.0,53253.0,896,211,435,38,834,40,825,Benton
Benton County,MN,14.3,25.4,7.1,23.6,91.7,2600.0,0.6,1.1,5.2,2.8,0.0,2.2,90.8,88.6,67.4,16452,17495.0,174900.0,2.39,57715,29831,3.9,408.3,4.9,85.8,681684.0,22.9,50.0,2162.0,41379,38451,94.2,45029.0,510315.0,3261,1172,1569,78,3089,301,2769,Benton
Benton County,MO,31.2,17.3,4.6,13.0,84.5,1392.0,0.8,0.4,0.6,2.1,0.1,1.8,96.3,94.5,81.6,7872,14274.0,117500.0,2.4,40249,24317,1.0,704.06,3.6,86.0,468824.0,28.9,49.9,1966.0,19394,19056,27.1,22307.0,182987.0,1802,630,822,56,1676,139,1531,Benton
Benton County,MS,19.0,21.3,5.7,11.5,72.6,588.0,0.4,0.1,35.8,2.6,0.0,1.5,62.2,60.1,80.6,3149,4290.0,78000.0,2.59,36258,20643,1.5,406.62,2.6,93.1,483799.0,32.4,50.6,487.0,7646,8729,21.5,26152.0,24395.0,530,218,301,226,296,63,459,Benton
Benton County,OR,16.8,16.1,4.0,54.1,95.9,6036.0,0.9,7.0,1.2,7.8,0.3,4.1,86.5,79.8,57.2,35718,39105.0,331300.0,2.39,62077,33817,9.8,675.94,14.0,74.2,412712.0,19.6,49.9,5254.0,95184,85579,126.6,142802.0,731042.0,6693,2264,3368,600,5716,670,5469,Benton
Benton County,TN,23.9,19.9,5.1,12.3,82.4,1031.0,0.6,0.6,2.6,2.7,0.0,1.6,94.6,92.3,77.1,6762,9172.0,85600.0,2.36,37512,22636,1.5,394.14,1.1,92.3,96305.0,24.2,51.1,1295.0,15864,16489,41.8,40960.0,150851.0,1043,377,494,66,927,134,800,Benton
Benton County,WA,15.4,26.6,6.9,30.9,90.2,9479.0,1.3,3.3,1.8,22.6,0.3,3.3,90.0,69.4,68.8,72121,78624.0,235800.0,2.72,69023,32882,10.7,1700.38,21.0,84.7,1828039.0,21.8,49.9,12844.0,206873,175177,103.0,311595.0,2463523.0,10465,3717,4809,1622,8176,986,8742,Benton
Benzie County,MI,27.0,17.7,4.5,30.3,93.3,1751.0,1.5,0.5,0.7,2.5,0.0,1.5,95.8,93.7,89.7,6792,12649.0,185500.0,2.55,57974,29425,1.9,319.7,3.7,92.3,729708.0,25.9,50.1,1623.0,17970,17525,54.8,50405.0,128039.0,2162,688,1094,59,2065,247,1859,Benzie
Bergen County,NJ,17.7,21.1,5.3,49.3,92.5,101881.0,0.5,17.0,7.4,21.0,0.1,2.2,72.9,55.1,64.8,339856,360816.0,469500.0,2.71,101144,51214,30.8,233.01,40.0,91.2,12577581.0,33.1,51.4,27237.0,955732,905116,3884.5,2016749.0,20349156.0,110267,34576,63895,31395,75344,7713,98227,Bergen
Berkeley County,SC,14.2,23.8,6.4,25.0,89.4,14968.0,0.7,2.7,24.7,7.0,0.1,2.9,69.0,63.3,71.9,76881,88357.0,185500.0,2.75,63309,29662,5.6,1098.86,8.3,83.4,6261617.0,28.2,50.4,22199.0,229861,177843,161.8,195948.0,1730566.0,12978,4628,7155,3444,9111,2108,10161,Berkeley
Berkeley County,WV,15.0,23.0,6.1,21.2,89.0,5982.0,0.3,1.1,7.9,4.8,0.0,3.0,87.7,83.6,74.6,44221,50333.0,182200.0,2.6,62515,29994,3.7,321.14,5.4,86.6,866623.0,30.6,50.3,9889.0,122076,104169,324.4,127512.0,939220.0,6779,2495,3484,560,5981,1034,5363,Berkeley
Berks County,PA,17.6,22.2,5.7,24.9,86.7,25138.0,0.9,1.6,7.4,22.5,0.2,3.1,86.9,70.3,71.5,154712,167853.0,178700.0,2.62,63728,31571,7.5,856.51,19.0,86.7,10905129.0,25.2,50.8,22270.0,428849,411442,480.4,548812.0,5719377.0,30342,9700,17633,4659,24693,2864,25964,Berks
Berkshire County,MA,23.9,16.7,4.1,33.6,91.3,10395.0,0.3,1.7,3.6,5.1,0.1,2.5,91.8,87.7,69.2,54813,69212.0,216100.0,2.18,59230,35616,6.1,926.83,7.9,87.3,1288923.0,19.8,51.7,8354.0,129026,131219,141.6,418665.0,1916512.0,12740,3877,7161,758,11434,1424,10296,Berkshire
Bernalillo County,NM,16.9,21.4,5.4,34.4,88.9,42174.0,6.3,2.9,3.6,50.3,0.1,3.1,83.9,38.3,63.0,267699,296404.0,199300.0,2.5,53329,30734,10.1,1160.83,29.2,84.9,268581.0,22.4,51.0,47654.0,676444,662564,570.8,1702579.0,9548159.0,50277,19163,24102,19845,27515,4833,42015,Bernalillo
Berrien County,GA,17.2,23.9,6.3,11.4,79.0,1142.0,0.4,1.2,11.2,5.5,0.1,1.3,85.8,80.9,64.2,7367,8848.0,88000.0,2.57,40415,19547,3.0,451.9,6.0,89.3,453403.0,22.6,50.7,906.0,18160,19286,42.7,10236.0,127067.0,1197,510,592,127,1038,190,952,Berrien
Berrien County,MI,20.3,21.6,5.7,27.8,89.7,10074.0,0.7,2.1,14.8,5.8,0.1,2.6,79.7,74.8,70.7,63665,77891.0,150700.0,2.36,50795,30864,5.6,567.75,7.6,85.5,1962792.0,19.9,51.1,9464.0,154316,156813,276.2,241737.0,1681104.0,13394,4335,7156,1569,11370,1366,11312,Berrien
Bertie County,NC,23.6,17.4,4.3,13.6,78.4,959.0,0.7,0.8,61.1,2.4,0.1,1.2,36.2,34.7,74.4,7909,9843.0,82200.0,2.28,35527,22947,1.1,699.27,3.5,89.8,1006562.0,28.0,49.3,1130.0,17934,21282,30.4,6481.0,95917.0,1390,472,837,486,851,153,1172,Bertie
Bethel Census Area,AK,7.9,35.6,10.7,11.9,80.9,667.0,83.9,1.0,1.0,2.7,0.2,3.7,10.3,9.6,58.2,4489,6034.0,83600.0,3.83,53553,19885,2.3,40570.0,62.7,87.9,104944.0,7.3,48.4,631.0,18666,17013,0.4,14821.0,162806.0,1121,187,840,761,299,173,889,Bethel
Bexar County,TX,12.4,25.3,6.9,28.0,84.2,151882.0,1.2,3.3,8.6,60.7,0.2,2.4,84.3,27.1,58.5,636245,705038.0,161800.0,3.02,57157,27834,13.2,1239.82,39.6,83.3,14766148.0,25.6,50.6,145733.0,2009324,1714773,1383.1,5006725.0,26480589.0,147956,55036,79932,85682,57291,15655,126374,Bexar
Bibb County,AL,16.7,20.3,5.6,10.4,79.1,1101.0,0.5,0.2,21.3,2.8,0.1,1.2,76.8,74.4,74.4,6891,9261.0,92800.0,2.99,47542,20778,1.5,622.58,2.3,89.7,117488.0,29.7,46.7,1433.0,22293,22915,36.8,10136.0,118871.0,1310,254,958,205,1050,288,967,Bibb
Bibb County,GA,16.0,24.2,6.7,25.4,86.0,13187.0,0.3,2.2,55.8,3.5,0.1,1.6,40.0,37.4,52.3,58116,70019.0,120200.0,2.53,41334,25640,3.3,249.76,5.4,83.0,1573548.0,21.3,53.2,9371.0,157346,155547,622.8,352533.0,2597512.0,15461,7230,6867,8350,6422,1556,12966,Bibb
Bienville Parish,LA,21.7,22.2,5.9,12.8,84.1,796.0,0.4,0.3,41.6,2.1,0.0,1.6,56.0,54.5,73.1,5812,7945.0,75900.0,2.28,30272,21491,0.7,811.27,1.5,90.5,1901186.0,30.2,52.1,777.0,12981,14353,17.7,61451.5,66492.0,960,391,426,322,601,66,853,Bienville
Big Horn County,MT,13.3,33.5,9.1,18.1,89.5,435.0,66.4,0.7,0.4,6.6,0.0,3.4,29.1,26.5,63.4,3609,4728.0,126100.0,3.67,49859,18934,1.0,4995.46,28.7,92.9,16801.0,18.4,50.8,719.0,13124,12865,2.6,17214.0,101447.0,672,229,326,141,484,104,506,Big Horn
Big Horn County,WY,21.9,24.6,5.9,19.0,89.7,923.0,1.5,0.5,0.8,9.2,0.0,1.6,95.6,87.5,73.2,4475,5478.0,163400.0,2.6,52804,24693,2.9,3137.1,7.5,85.9,102299.0,18.4,49.9,883.0,11521,11668,3.7,41590.5,90675.0,1195,371,616,60,1090,205,926,Big Horn
Big Stone County,MN,26.8,21.6,6.0,15.4,92.6,402.0,0.7,0.3,0.5,2.1,-1.0,1.2,97.3,95.5,72.9,2298,3166.0,97900.0,2.1,53900,29459,1.1,499.02,3.8,87.2,1084.0,18.1,50.0,373.0,5166,5269,10.6,38159.0,38233.0,395,69,255,0,353,0,331,Big Stone
Billings County,ND,22.7,20.8,7.5,26.3,89.5,112.0,0.6,4.1,0.4,2.6,0.2,0.6,94.0,91.9,79.1,383,562.0,199400.0,2.33,75208,42071,1.5,1148.85,3.7,97.9,118152.0,25.8,45.8,51.0,945,783,0.7,18977.0,93240.0,158,0,31,0,156,0,115,Billings
Bingham County,ID,14.5,30.4,7.2,21.2,89.2,3000.0,7.3,1.0,0.6,17.9,0.2,1.9,89.0,73.9,76.8,14989,17003.0,160100.0,3.04,55472,23059,4.9,2093.98,14.7,87.0,768933.0,23.3,50.2,2222.0,47992,45607,21.8,11378.5,256182.0,3960,1021,2004,299,3528,315,3471,Bingham
Black Hawk County,IA,16.9,21.7,6.3,29.1,91.4,7420.0,0.4,2.5,9.7,4.6,0.4,2.5,84.5,80.6,65.5,52905,58457.0,147500.0,2.41,53539,30563,6.4,565.77,9.2,80.0,9665489.0,16.2,50.8,7589.0,131144,131090,231.7,318363.0,2110454.0,9054,3060,4623,699,7916,960,7397,Black Hawk
Blackford County,IN,21.9,21.5,5.4,13.5,89.4,569.0,0.3,0.6,0.8,1.8,0.0,1.6,96.8,95.2,74.7,5235,6007.0,70600.0,2.26,43505,24302,1.8,165.08,2.8,89.8,255638.0,23.0,51.0,943.0,12112,12766,77.3,7702.0,96672.0,823,145,477,0,758,42,712,Blackford
Bladen County,NC,22.8,20.3,4.9,15.8,81.3,1778.0,3.1,0.3,34.0,7.8,0.0,1.7,60.8,54.9,71.4,13636,18007.0,95300.0,2.42,36173,23440,4.0,874.33,8.1,91.4,1904327.0,25.8,52.5,2172.0,29606,35190,40.2,25569.0,199496.0,2191,731,1147,476,1585,107,1852,Bladen
Blaine County,ID,20.3,21.1,4.8,35.4,88.7,3735.0,1.7,1.2,0.7,23.5,0.1,1.6,94.6,73.7,70.1,7995,15600.0,428900.0,2.75,56694,33645,15.7,2643.59,22.3,90.8,57825.0,19.6,49.8,1453.0,24272,21376,8.1,138203.0,298595.0,5233,1485,2746,325,4709,372,4505,Blaine
Blaine County,MT,15.8,29.5,7.9,22.9,89.9,327.0,50.6,0.2,0.4,3.7,0.0,3.1,45.7,43.8,58.0,2366,2857.0,94300.0,2.79,41279,19258,0.7,4227.55,7.6,89.6,3428.0,15.0,50.1,434.0,7044,6491,1.5,2557.0,46892.0,431,179,201,132,269,41,356,Blaine
Blaine County,NE,26.9,18.5,5.8,23.0,95.0,41.0,0.2,-1.0,0.4,1.5,-1.0,1.1,98.3,96.8,73.7,213,324.0,75700.0,2.24,51094,25097,0.0,710.87,1.6,86.9,231681.5,19.0,47.7,50.0,431,478,0.7,4370.0,73832.0,87,0,61,0,87,50,36,Blaine
Blaine County,OK,20.2,25.6,6.8,16.5,82.7,699.0,9.9,0.4,3.5,12.5,0.1,5.3,80.9,71.4,73.4,3898,5199.0,85100.0,2.06,45792,25851,8.6,928.42,11.0,83.9,460737.5,23.0,50.2,468.0,8735,11943,12.9,5988.0,89693.0,833,184,526,50,750,102,680,Blaine
Blair County,PA,21.3,20.2,5.1,21.3,91.4,6424.0,0.2,0.7,2.0,1.3,0.0,1.5,95.6,94.5,69.8,52126,57027.0,123600.0,2.3,49181,28119,1.2,525.8,2.3,89.3,2115631.0,20.4,51.0,9111.0,122822,127089,241.7,199443.0,2286728.0,7961,2159,4329,225,7252,1009,6036,Blair
Blanco County,TX,25.2,17.8,4.1,26.5,90.1,1521.0,1.2,0.9,1.5,19.7,0.1,1.6,94.6,76.5,78.6,4343,5866.0,246400.0,2.62,66390,37998,5.7,709.25,11.2,88.1,26372.0,27.7,50.1,1145.0,11374,10497,14.8,11494.0,68679.0,1563,538,696,281,1183,153,1266,Blanco
Bland County,VA,23.6,15.0,3.9,14.2,88.6,260.0,0.2,0.6,4.0,1.0,0.0,1.0,94.3,93.4,81.4,2367,3356.0,113200.0,2.32,48531,22522,0.3,357.73,2.4,90.1,476138.5,28.9,45.2,362.0,6270,6824,19.1,2286.0,33844.0,332,63,255,0,315,43,227,Bland
Bleckley County,GA,17.1,20.0,5.1,18.7,88.6,843.0,0.2,1.1,26.9,3.2,0.0,1.4,70.4,67.8,74.3,4176,5324.0,102300.0,2.71,48174,20458,1.9,215.87,2.0,84.5,554410.0,25.6,52.3,742.0,12583,13063,60.5,10175.0,88382.0,980,317,505,194,729,105,786,Bleckley
Bledsoe County,TN,18.8,14.5,3.7,12.0,75.6,777.0,0.6,0.3,7.7,2.8,0.0,1.4,89.9,87.3,73.8,4894,5796.0,134600.0,2.79,44122,21700,2.6,406.43,2.7,88.9,9889.0,32.2,40.5,945.0,14913,12876,31.7,40960.0,53245.0,819,266,459,42,761,38,704,Bledsoe
Blount County,AL,18.7,22.9,5.9,13.1,80.5,3710.0,0.6,0.3,1.7,9.7,0.1,1.4,95.8,86.8,78.8,20847,24517.0,127800.0,2.74,49358,24747,4.5,644.78,8.2,93.4,342971.0,34.4,50.8,3417.0,59134,57322,88.9,27146.0,298745.0,4550,1400,2746,368,4011,353,4030,Blount
Blount County,TN,20.6,19.9,4.9,24.2,89.1,9267.0,0.4,1.0,3.0,3.6,0.1,1.7,93.7,90.6,75.4,50557,58942.0,182100.0,2.53,56667,30548,2.9,558.71,3.6,90.7,3761415.0,24.9,51.4,9931.0,135280,123010,220.2,229831.0,1441212.0,11098,3356,6277,513,10199,1314,9202,Blount
Blue Earth County,MN,14.2,19.9,5.4,34.8,94.5,4189.0,0.4,2.5,4.3,3.9,0.1,2.2,90.5,87.2,62.0,26091,29176.0,184800.0,2.41,57429,29677,5.2,747.84,6.9,80.1,3938527.0,18.1,49.7,3483.0,69112,64013,85.6,143612.0,1413117.0,5788,1513,3260,253,5166,501,4727,Blue Earth
Boise County,ID,26.3,16.3,3.6,27.1,94.3,725.0,1.3,1.0,0.5,5.2,0.2,2.6,94.5,90.1,82.8,3205,5697.0,232300.0,2.28,59646,31975,3.4,1899.24,5.5,87.2,4237.0,38.0,48.0,846.0,7610,7028,3.7,11378.5,19952.0,698,234,375,39,650,68,591,Boise
Bolivar County,MS,16.3,24.4,6.7,23.6,77.8,2084.0,0.2,1.1,63.7,2.2,0.0,0.7,34.2,32.7,53.6,12111,14399.0,96100.0,2.51,29854,18843,2.0,876.57,3.3,89.2,405835.0,18.7,53.4,1076.0,30985,34145,39.0,39441.0,371156.0,2671,1070,1280,1406,1145,170,2377,Bolivar
Bollinger County,MO,21.1,21.2,5.2,8.9,79.8,750.0,0.9,0.2,0.6,1.5,0.0,1.3,97.0,95.9,80.8,4593,5878.0,110800.0,2.62,44158,21340,0.6,617.91,1.4,90.0,23559.0,31.9,49.9,791.0,10567,12363,20.0,4364.0,73312.0,927,310,430,0,870,101,732,Bollinger
Bon Homme County,SD,20.8,19.4,5.5,18.3,87.4,454.0,8.3,0.3,1.4,3.1,0.0,1.4,88.6,86.2,73.5,2536,2997.0,89600.0,2.16,54737,24131,0.9,563.7,6.7,83.3,109693.0,19.0,40.8,478.0,7003,7070,12.5,2350.0,47128.0,599,207,259,0,558,55,465,Bon Homme
Bond County,IL,19.4,19.1,4.7,22.9,89.2,932.0,0.7,0.8,6.3,3.6,0.0,1.6,90.6,87.4,75.9,6299,7278.0,119700.0,2.35,57289,28119,2.2,380.28,4.3,85.8,419845.0,25.3,48.1,1214.0,16725,17768,46.7,14945.0,124183.0,1140,434,548,61,1009,91,952,Bond
Bonner County,ID,25.4,19.7,5.0,23.8,90.8,4351.0,0.9,0.8,0.3,3.4,0.2,2.4,95.5,92.6,75.7,17537,25360.0,254200.0,2.46,50256,27918,2.4,1734.57,2.6,84.8,369396.0,25.8,50.1,4340.0,47110,40877,23.6,64952.0,437996.0,4550,1423,2100,197,4207,609,3528,Bonner
Bonneville County,ID,13.5,30.3,8.3,31.3,92.0,9129.0,1.3,1.1,0.7,13.4,0.1,2.3,94.4,82.5,69.6,39768,44564.0,181200.0,2.84,60615,28671,5.3,1866.08,11.4,80.9,630968.0,19.3,50.1,6126.0,123964,104234,55.9,198320.0,1956459.0,11115,2962,5369,708,9824,836,9407,Bonneville
Boone County,AR,20.9,22.8,6.0,16.1,87.4,2887.0,0.9,0.6,0.5,2.6,0.1,2.0,96.0,93.7,71.8,15034,17074.0,124300.0,2.45,45374,24727,0.8,590.23,1.5,84.1,493651.0,20.0,50.7,3056.0,37373,36903,62.5,17679.0,493268.0,3690,1107,2068,99,3453,459,3019,Boone
Boone County,IA,19.0,21.1,5.3,25.3,93.9,1812.0,0.5,0.5,1.2,2.7,0.0,1.2,96.6,94.3,78.1,10954,12074.0,132700.0,2.35,64000,32889,1.4,571.57,2.6,85.8,97726.0,22.7,49.3,1648.0,26715,26306,46.0,16898.0,217240.0,1955,737,876,33,1815,245,1553,Boone
Boone County,IL,16.1,24.5,5.6,23.5,86.2,3036.0,0.8,1.5,2.8,22.8,0.1,2.3,92.5,71.9,81.0,18571,20093.0,153400.0,2.86,69272,31943,10.3,280.72,20.4,89.5,5906172.0,28.7,50.0,2986.0,53448,54165,193.0,41826.0,395434.0,4574,1527,2423,582,3858,367,4008,Boone
Boone County,IN,13.8,26.0,6.4,49.3,93.7,5607.0,0.3,3.4,2.1,3.2,0.0,1.6,92.6,89.7,77.1,25485,27992.0,233700.0,2.55,83077,48295,4.5,422.91,5.6,85.0,1482367.0,25.8,50.3,3233.0,70812,56640,133.9,71388.0,1137916.0,5985,2024,3015,160,5594,532,5032,Boone
Boone County,KY,14.1,25.8,6.5,32.1,93.1,8189.0,0.2,2.4,3.8,4.4,0.2,2.2,91.2,87.3,74.5,46997,50589.0,189800.0,2.76,78327,35991,5.7,246.36,7.3,84.3,5069728.0,24.2,50.5,8685.0,135968,118811,482.3,35974.5,2564640.0,8886,2604,4900,769,7551,805,7418,Boone
Boone County,MO,12.8,20.4,5.8,46.1,94.5,12370.0,0.5,5.0,9.8,3.5,0.1,3.2,81.4,78.4,55.6,70619,79354.0,185700.0,2.39,55328,30415,6.9,685.41,8.2,76.2,2042067.0,18.3,51.5,9132.0,183610,162642,237.3,373173.0,3740976.0,15333,4820,8266,1450,12997,1266,13010,Boone
Boone County,NE,23.4,23.2,6.1,21.1,94.9,540.0,0.3,0.4,0.5,2.2,0.0,0.8,98.0,96.2,76.2,2311,2633.0,118400.0,2.24,54979,33027,1.0,686.55,1.6,90.4,231681.5,16.5,50.4,372.0,5379,5505,8.0,3183.0,85849.0,811,147,393,0,784,87,634,Boone
Boone County,WV,20.9,20.7,5.0,9.7,79.7,665.0,0.2,0.1,0.7,0.6,0.0,0.8,98.2,97.6,76.6,8932,11210.0,71500.0,2.49,40739,21751,0.3,501.54,0.4,90.9,258272.0,33.2,50.2,1351.0,21809,24629,49.1,48291.0,227385.0,907,412,408,52,799,125,725,Boone
Borden County,TX,26.6,19.9,4.0,39.5,94.7,67.0,0.8,0.2,0.9,17.9,-1.0,3.2,95.0,78.9,75.8,227,394.0,153300.0,2.7,72188,34028,3.1,897.44,16.0,92.3,575658.0,25.4,48.5,34.0,631,641,0.7,33330.5,209517.0,65,37,27,0,63,0,62,Borden
Bosque County,TX,25.4,21.0,5.3,19.8,86.5,1590.0,0.9,0.6,2.2,18.9,0.1,1.6,94.6,77.1,77.4,7211,9805.0,121700.0,2.49,52148,26636,6.4,982.98,13.1,85.7,115198.0,29.4,50.6,1198.0,18235,18212,18.5,10101.0,90671.0,1556,496,947,88,1399,368,1144,Bosque
Bossier Parish,LA,14.9,24.7,6.7,25.2,89.7,9017.0,0.6,1.9,23.1,6.9,0.1,2.5,71.8,65.9,63.4,49377,58307.0,172400.0,2.5,54268,28766,4.0,840.06,6.0,87.7,911777.0,22.3,50.6,11245.0,128746,116979,139.3,666991.0,1923345.0,9558,3223,5003,1902,7171,1223,7650,Bossier
Botetourt County,VA,23.3,18.9,4.2,28.3,92.8,2351.0,0.3,0.8,3.3,1.8,0.0,1.5,94.1,92.7,86.3,13264,15025.0,227700.0,2.49,71110,35893,2.3,541.2,2.8,89.7,811959.0,28.0,50.3,2867.0,33596,33148,61.2,44317.0,321378.0,2597,743,1606,176,2352,283,2232,Botetourt
Bottineau County,ND,24.5,21.4,5.5,24.0,91.7,629.0,3.3,0.6,0.8,2.2,-1.0,2.4,92.9,91.2,79.4,2992,4493.0,150100.0,2.08,60381,35655,2.1,1668.42,2.9,85.7,118152.0,17.2,48.4,536.0,6379,6429,3.9,11027.0,95482.0,652,182,341,0,582,47,564,Bottineau
Boulder County,CO,14.8,18.8,4.3,62.1,95.0,40829.0,0.9,5.0,1.2,14.0,0.1,2.8,90.0,77.4,62.2,127415,140551.0,497300.0,2.44,83019,46826,10.7,726.29,15.7,77.4,5061462.0,23.4,49.6,13779.0,330758,294567,405.6,842241.0,4498340.0,44183,15895,22564,4078,38265,3374,38450,Boulder
Boundary County,ID,23.1,23.0,6.4,19.8,91.8,1033.0,2.0,1.0,0.7,5.1,0.1,2.0,94.3,90.0,76.7,4653,5591.0,205000.0,2.52,43423,25782,4.3,1268.56,3.5,88.2,172944.0,28.4,49.8,992.0,12056,10972,8.6,11378.5,100067.0,1419,446,596,46,1344,234,1070,Boundary
Bourbon County,KS,20.2,25.5,6.6,21.7,91.3,953.0,0.9,1.1,3.2,2.8,0.0,2.8,91.9,89.7,71.4,5636,7108.0,82700.0,2.52,43917,23102,1.3,635.47,1.7,84.9,174910.0,18.7,50.7,941.0,14360,15173,23.9,15163.0,132695.0,1371,395,716,44,1271,107,1148,Bourbon
Bourbon County,KY,19.7,22.5,5.8,19.4,84.0,1311.0,0.4,0.5,5.9,6.8,0.0,2.0,91.1,85.1,63.2,8106,9103.0,146700.0,2.44,49637,27802,5.2,289.72,7.1,82.7,1066612.0,22.7,51.1,1207.0,20252,19985,69.0,35974.5,248223.0,1565,469,843,95,1386,167,1260,Bourbon
Bowie County,TX,17.0,23.6,6.3,20.6,88.8,5577.0,1.1,1.2,25.4,7.8,0.1,2.5,69.7,63.1,63.5,34076,40202.0,119400.0,2.57,50164,27095,3.9,885.01,5.6,89.7,462713.0,18.9,49.9,7091.0,92893,92565,104.6,193841.0,1611296.0,5938,1984,3113,1168,4367,738,4705,Bowie
Bowman County,ND,22.2,24.4,6.2,24.2,89.1,253.0,2.5,0.2,0.3,5.5,0.1,1.0,95.9,92.0,75.3,1350,1777.0,148600.0,2.27,62442,34880,1.0,1161.81,4.9,90.0,118152.0,14.6,49.8,203.0,2993,3151,2.7,5101.0,93240.0,375,78,137,0,293,0,327,Bowman
Box Butte County,NE,19.3,25.4,6.8,17.1,90.7,716.0,4.6,0.7,1.1,12.9,0.0,2.6,91.0,80.7,68.6,4743,5434.0,113600.0,2.27,54004,28156,4.3,1075.29,8.9,83.5,231681.5,10.4,50.2,689.0,10842,11308,10.5,14675.0,96471.0,948,452,353,73,820,140,725,Box Butte
Box Elder County,UT,13.2,31.2,8.0,23.9,93.1,3538.0,1.1,0.8,0.6,9.7,0.2,2.1,95.2,86.7,77.8,17569,19357.0,203600.0,3.05,62233,24797,3.2,5745.55,7.4,87.7,294994.0,23.4,49.0,2347.0,57666,49975,8.7,47509.0,482744.0,3682,1188,1929,119,3427,306,3157,Box Elder
Boyd County,KY,20.0,21.3,5.6,19.4,88.2,2390.0,0.3,0.6,2.9,1.9,0.0,1.5,94.6,93.1,68.8,18210,21628.0,111200.0,2.52,48308,26193,1.1,159.86,1.9,86.4,559741.0,22.4,50.3,3511.0,48261,49542,309.9,129446.0,1010396.0,3284,916,1876,84,2973,298,2731,Boyd
Boyd County,NE,31.0,18.5,4.5,16.7,96.0,193.0,1.4,1.4,0.1,2.5,0.1,0.5,96.5,94.4,81.5,904,1371.0,73000.0,2.11,47778,29871,1.3,539.94,1.9,94.8,231681.5,22.7,50.2,199.0,1810,2099,3.9,645.0,14353.0,167,0,103,0,149,42,109,Boyd
Boyle County,KY,19.6,19.9,5.2,25.2,87.1,2047.0,0.3,1.0,8.2,3.4,0.0,2.4,88.1,85.2,67.2,11023,12523.0,146400.0,2.44,46382,26413,2.5,180.17,3.9,77.4,673631.0,21.0,50.1,1512.0,30614,28432,157.8,59624.0,431446.0,2390,598,1378,207,2018,222,1950,Boyle
Bracken County,KY,17.2,23.5,5.9,13.2,85.7,554.0,0.4,0.1,0.8,1.7,0.0,1.5,97.2,95.8,74.0,3318,3882.0,103100.0,2.49,49158,24124,0.4,205.61,2.1,92.1,559741.0,38.4,49.9,337.0,8400,8488,41.3,35974.5,25632.0,923,377,441,0,892,103,772,Bracken
Bradford County,FL,18.0,19.4,5.3,9.9,79.6,1272.0,0.6,0.6,20.6,4.7,0.0,2.1,76.1,72.2,69.3,9115,11054.0,110800.0,2.57,45921,20529,2.9,293.96,4.3,87.5,778359.5,33.0,44.4,2205.0,28303,28520,97.0,28099.0,241168.0,1572,631,728,196,1318,187,1249,Bradford
Bradford County,PA,21.9,21.8,5.6,18.7,90.1,3537.0,0.3,0.7,0.8,1.6,0.0,1.3,96.9,95.7,74.0,25021,30741.0,150600.0,2.41,52358,28392,1.8,1147.4,2.8,89.5,1975497.0,23.1,50.4,5539.0,59967,62622,54.6,76189.0,903685.0,4187,1340,2295,80,3954,500,3513,Bradford
Bradley County,AR,19.2,24.0,6.0,14.3,81.0,512.0,1.6,0.5,27.4,15.9,0.0,1.8,68.8,55.1,65.2,4419,5809.0,89800.0,2.42,43184,22945,7.2,649.23,16.8,91.7,127857.0,22.1,51.0,769.0,10545,11508,17.7,17679.0,98854.0,536,135,285,119,386,88,414,Bradley
Bradley County,TN,17.3,21.9,5.8,22.3,85.3,7507.0,0.6,1.2,5.2,6.6,0.1,2.1,90.7,85.1,65.5,40192,44532.0,161000.0,2.55,51331,26655,5.8,328.76,8.0,84.3,674991.0,21.2,51.3,6307.0,108620,98963,301.0,168294.0,1334961.0,7116,2196,3962,521,6310,678,6000,Bradley
Branch County,MI,18.7,23.0,6.1,14.4,89.1,2495.0,0.5,0.7,2.4,5.1,0.0,1.9,94.5,90.0,74.2,16650,21023.0,109800.0,2.47,51947,25279,4.1,506.37,8.1,88.5,812723.0,22.2,48.2,2712.0,44862,45248,89.4,47155.0,435196.0,3302,886,1963,72,3127,233,2899,Branch
Brantley County,GA,17.2,23.2,6.1,8.9,78.9,1053.0,0.5,0.3,4.0,2.3,0.0,1.8,93.4,91.8,80.3,6823,8224.0,72300.0,2.74,38857,20191,1.7,442.36,3.4,92.6,554410.0,29.9,50.3,910.0,18021,18411,41.6,4152.0,74020.0,1004,463,439,95,868,52,905,Brantley
Braxton County,WV,23.7,19.2,4.8,14.9,80.4,528.0,0.4,0.2,0.7,0.9,0.0,1.3,97.3,96.6,80.7,5624,7412.0,86400.0,2.46,41466,22269,0.1,510.81,0.5,90.3,148155.0,29.1,49.6,873.0,12447,14523,28.4,48291.0,171108.0,1042,263,688,31,972,162,840,Braxton
Brazoria County,TX,12.2,26.1,6.7,30.0,87.9,28672.0,0.8,6.9,15.1,31.6,0.1,2.1,74.9,45.3,72.1,121523,142608.0,197700.0,2.87,81447,34561,13.1,1357.7,26.5,88.0,32864623.0,30.6,49.5,17565.0,372031,313166,230.7,462537.0,3686329.0,25895,10180,13043,11466,13613,2152,22593,Brazoria
Brazos County,TX,9.5,20.6,6.1,41.7,87.2,14818.0,0.7,6.3,11.2,26.2,0.1,2.1,79.6,55.2,47.1,79412,94330.0,201800.0,2.61,49181,27632,13.4,585.45,24.2,70.5,1063605.0,17.3,49.6,8371.0,233849,194851,332.8,446463.0,2672003.0,14857,5057,7956,4254,9911,1309,12638,Brazos
Breathitt County,KY,17.7,20.8,6.2,15.2,75.6,583.0,0.2,0.6,0.6,1.2,0.1,1.1,97.3,96.3,71.0,5358,6399.0,54000.0,2.35,27344,19053,0.5,492.41,0.7,88.9,559741.0,30.7,50.0,432.0,13718,13878,28.2,35974.5,118264.0,594,279,268,0,554,0,539,Breathitt
Breckinridge County,KY,19.8,22.5,6.1,11.9,84.1,1317.0,0.5,0.4,2.2,1.9,0.0,1.6,95.3,93.7,80.6,7598,10864.0,102900.0,2.61,47190,23286,0.8,567.17,3.5,86.7,29695.0,32.6,49.9,1551.0,20432,20059,35.4,8674.0,148162.0,1367,410,777,0,1315,150,1183,Breckinridge
Bremer County,IA,19.9,22.4,5.8,30.7,96.4,1773.0,0.2,1.2,1.2,1.6,0.0,1.2,96.3,94.9,82.7,9676,10590.0,165700.0,2.42,70395,32814,1.4,435.48,2.5,88.5,883651.0,20.7,50.5,1598.0,24988,24276,55.7,19980.0,361835.0,1904,531,1114,46,1772,178,1610,Bremer
Brevard County,FL,24.2,18.1,4.6,30.2,92.2,46350.0,0.5,2.6,10.8,10.9,0.1,2.8,83.2,73.8,74.3,230417,282833.0,196400.0,2.51,56775,32176,8.5,1015.66,10.6,85.6,5441890.0,25.2,51.1,65436.0,606612,543376,535.0,902562.0,6527527.0,44670,16878,22885,8913,34184,4815,37709,Brevard
Brewster County,TX,24.2,18.3,5.0,40.0,85.7,1085.0,1.8,1.7,1.7,45.2,0.1,2.3,92.3,49.8,57.8,4088,5575.0,151400.0,2.23,47080,28915,6.4,6183.73,34.4,82.5,5860.0,14.9,49.0,680.0,9546,9232,1.5,31457.0,87727.0,837,351,412,242,551,39,751,Brewster
Briscoe County,TX,26.1,19.5,5.2,19.8,86.1,152.0,0.7,0.3,3.3,25.0,-1.0,2.7,93.0,68.8,69.3,602,957.0,66000.0,2.42,40227,23933,6.0,900.0,24.3,86.6,575658.0,20.7,50.3,108.0,1435,1637,1.8,268.0,6310.0,140,56,77,54,79,0,130,Briscoe
Bristol Bay Borough,AK,16.3,17.8,6.9,22.5,94.0,212.0,35.0,1.8,0.8,7.4,0.2,20.5,41.6,39.6,53.8,314,977.0,188800.0,2.51,79808,44168,2.2,503.84,6.9,80.0,104944.0,8.2,47.6,78.0,844,997,2.0,15711.0,15825.0,301,61,191,97,182,36,231,Bristol Bay
Bristol County,MA,17.3,20.5,5.3,28.7,85.7,36012.0,0.6,2.5,6.1,8.6,0.1,2.4,88.3,81.8,62.6,217912,236915.0,299800.0,2.5,69095,35747,12.7,553.1,21.2,89.1,8015031.0,28.8,51.6,28673.0,579200,548285,991.3,969091.0,8403498.0,41134,12091,24868,3474,36263,4062,35051,Bristol
Bristol County,RI,20.2,18.6,4.1,49.0,90.9,4609.0,0.3,2.5,1.5,3.2,0.1,2.0,93.7,91.0,70.7,19217,21228.0,358100.0,2.34,83092,46566,9.3,24.16,11.6,87.8,325056.0,25.8,51.7,2449.0,50793,49875,2064.0,72761.0,288060.0,4906,1314,2992,187,4565,505,4185,Bristol
Bristol city,VA,20.4,21.3,5.5,25.4,84.7,1479.0,0.0,0.2,5.7,2.3,0.0,3.2,90.5,88.2,60.4,7334,11797.5,111700.0,2.26,37500,23015,1.1,13.01,2.5,86.0,302283.0,19.9,52.9,1216.0,17219,17835,1370.6,86838.0,349853.0,1490,459,818,99,1261,83,1255,Bristol
Broadwater County,MT,24.0,19.6,5.1,27.1,93.2,558.0,1.5,0.3,0.6,2.9,0.1,1.7,95.8,93.3,82.5,2364,2739.0,222200.0,2.5,60594,31631,1.0,1192.54,3.8,86.4,16801.0,28.2,48.5,677.0,6774,5612,4.7,5358.0,77668.0,486,88,271,0,473,44,400,Broadwater
Bronx County,NY,13.3,24.6,7.1,20.1,72.8,120174.0,2.9,4.6,43.6,56.4,0.4,3.8,44.7,9.0,19.7,503829,537232.0,404700.0,2.76,40088,21778,35.3,42.1,59.3,91.3,1477909.0,45.4,52.8,25175.0,1472654,1385108,32903.6,1005143.0,6872806.0,135782,68705,61813,110222,23478,7987,125616,Bronx
Brooke County,WV,24.6,17.4,4.6,19.0,90.6,986.0,0.2,0.5,1.5,0.9,0.0,1.5,96.3,95.6,76.2,9805,10751.0,93200.0,2.19,51496,26678,1.4,89.21,2.0,89.0,1641396.0,24.8,50.6,1907.0,22559,24069,269.8,48291.0,236826.0,1099,446,552,31,1013,116,901,Brooke
Brookings County,SD,12.5,20.6,6.2,40.3,95.0,2138.0,1.2,2.8,1.4,3.5,0.1,1.8,92.7,89.9,59.2,12896,14969.0,179000.0,2.4,58136,28330,6.2,792.21,6.9,77.2,2282066.0,15.2,48.6,1635.0,34375,31965,40.3,55883.0,375907.0,3144,1111,1452,114,2937,257,2659,Brookings
Brooks County,GA,20.0,21.6,5.6,17.8,85.1,964.0,0.4,1.1,35.2,6.2,0.2,1.6,61.4,56.3,74.0,6335,7849.0,107800.0,2.44,38285,25700,2.2,493.05,3.6,88.6,554410.0,23.5,51.4,1119.0,16301,16243,32.9,33983.0,83865.0,924,268,513,213,691,115,730,Brooks
Brooks County,TX,18.4,27.5,8.1,15.7,68.8,490.0,0.7,1.1,1.1,91.4,0.0,0.5,96.5,6.8,61.3,2120,3237.0,67800.0,3.11,28333,14523,9.8,943.36,61.8,74.3,575658.0,16.7,49.0,200.0,7076,7223,7.7,15621.0,85761.0,872,334,439,668,164,50,772,Brooks
Broome County,NY,19.4,19.3,5.2,28.4,90.7,9908.0,0.3,4.4,6.4,4.4,0.1,3.1,85.8,82.7,65.2,78549,91408.0,117000.0,2.33,52226,28699,7.0,705.77,9.4,85.1,2200835.0,19.3,50.7,11417.0,198683,200600,284.2,387437.0,2741198.0,13671,4461,7929,1271,11856,1285,11561,Broome
Broomfield County,CO,14.3,22.1,5.0,55.7,96.9,6398.0,0.8,6.9,1.5,12.7,0.1,2.9,87.8,76.4,65.2,27470,29675.0,413500.0,2.46,96416,50863,8.9,33.03,12.2,78.6,3918384.0,28.1,50.3,4168.0,74112,55889,1691.9,169555.0,1000246.0,6430,2265,3142,848,5182,468,5411,Broomfield
Broward County,FL,17.1,21.0,5.7,32.4,89.0,297518.0,0.4,3.9,30.2,31.1,0.1,2.3,63.1,34.8,62.1,690050,828521.0,265000.0,2.77,59547,32909,34.1,1209.79,41.3,84.9,6010559.0,28.8,51.3,74737.0,1944375,1748066,1444.9,5129202.0,32042879.0,259431,101837,132599,134232,117938,19885,232477,Broward
Brown County,IL,14.1,15.9,4.5,14.1,83.0,324.0,1.3,0.3,18.9,6.9,0.0,0.9,78.5,73.4,74.8,2055,2454.0,96200.0,2.31,61655,23070,3.3,305.61,5.2,78.9,36267.0,16.9,35.7,401.0,6244,6937,22.7,38907.0,32847.0,262,134,88,0,246,25,223,Brown
Brown County,IN,25.4,17.3,4.0,28.9,92.1,1481.0,0.6,0.5,0.7,1.8,0.0,1.4,96.8,95.3,84.4,6189,8817.0,191700.0,2.41,61030,34372,2.1,311.98,1.8,89.3,1482367.0,33.8,50.6,1435.0,15475,15242,48.9,42848.0,58354.0,2020,665,1021,46,1937,246,1640,Brown
Brown County,KS,20.7,25.3,6.6,21.2,93.2,731.0,9.6,0.6,1.6,5.3,0.1,3.2,85.0,82.2,70.2,3872,4733.0,88500.0,2.46,48333,25208,0.9,570.87,2.1,89.2,248770.0,18.2,50.6,701.0,9508,9984,17.5,7938.0,74783.0,883,313,305,36,752,64,713,Brown
Brown County,MN,21.3,21.8,5.6,22.2,93.5,1762.0,0.3,0.9,0.5,4.6,0.0,0.8,97.4,93.1,79.2,10764,11817.0,141900.0,2.23,61120,31237,2.4,611.09,4.8,91.0,1506624.0,16.0,50.1,1523.0,25912,25893,42.4,32452.0,347052.0,2697,658,1644,41,2473,310,2036,Brown
Brown County,NE,27.0,21.6,5.1,20.7,95.1,302.0,1.2,0.2,0.5,2.7,0.1,1.0,97.1,94.6,75.4,1387,1842.0,79700.0,2.14,43098,30674,2.6,1221.33,3.6,85.5,231681.5,12.3,50.2,195.0,2903,3145,2.6,2881.0,68062.0,394,160,146,0,375,33,332,Brown
Brown County,OH,18.3,22.9,5.9,14.9,87.9,2680.0,0.3,0.3,1.0,1.2,0.0,1.2,97.1,96.2,72.4,17829,20554.0,132400.0,2.41,54575,26696,0.5,490.02,1.5,89.2,95091.0,35.2,50.4,3173.0,43676,44846,91.5,33018.0,256374.0,3225,796,1934,100,2991,394,2596,Brown
Brown County,SD,17.9,23.7,6.5,29.4,93.0,2912.0,3.4,2.8,2.4,3.6,0.2,2.2,89.0,86.2,64.0,16305,18196.0,166800.0,2.31,58216,33122,3.9,1712.98,7.3,84.0,109693.0,12.9,50.7,1964.0,38301,36531,21.3,81138.0,809477.0,3581,972,1894,98,3214,367,2777,Brown
Brown County,TX,20.4,21.6,5.2,19.1,87.2,2581.0,0.9,0.8,4.1,23.1,0.1,1.8,92.4,70.6,72.5,14409,19355.0,102500.0,2.5,48365,27463,4.4,944.43,12.7,89.5,1222020.0,16.3,50.5,2891.0,38095,38106,40.3,59919.0,509026.0,2462,752,1292,361,1972,163,2043,Brown
Brown County,WI,15.4,23.5,6.2,30.3,92.1,14229.0,3.4,3.4,3.0,9.0,0.1,2.4,87.8,80.3,64.8,105271,111216.0,173900.0,2.41,62340,32874,5.9,529.71,10.8,85.2,11068429.0,18.9,50.4,13973.0,268740,248007,468.2,479235.0,3686213.0,17911,4811,10125,1069,16019,1821,14840,Brown
Brule County,SD,19.7,25.8,6.7,27.1,88.9,495.0,10.0,0.4,0.6,3.2,0.0,3.8,85.1,83.3,61.7,2231,2591.0,152600.0,2.21,57196,31874,1.1,817.24,9.8,87.6,4555.0,13.2,50.1,206.0,5247,5255,6.4,11356.0,99080.0,679,148,413,0,623,45,575,Brule
Brunswick County,NC,32.6,14.7,3.7,29.9,91.3,11453.0,0.8,0.7,10.0,4.9,0.1,1.8,86.5,82.3,80.7,56056,95075.0,212200.0,2.34,58236,33312,3.9,846.97,5.1,84.8,1982957.0,24.3,52.3,13469.0,136693,107431,126.8,180820.0,1125773.0,10065,3259,5793,1172,8681,1534,7882,Brunswick
Brunswick County,VA,21.8,16.4,4.4,13.6,78.5,727.0,0.4,0.9,54.8,2.5,0.1,1.5,42.4,40.7,70.7,6037,8236.0,112200.0,2.34,44434,21732,1.7,566.17,2.9,89.1,69084.0,29.8,46.4,1333.0,15849,17434,30.8,44317.0,103582.0,868,274,453,246,583,101,644,Brunswick
Bryan County,GA,10.7,29.4,7.4,33.1,91.6,3089.0,0.6,2.3,15.2,7.6,0.2,3.5,78.3,72.2,70.1,13048,15272.0,223900.0,2.83,72624,31623,4.4,435.97,8.6,81.4,554410.0,31.9,50.8,3458.0,44738,30233,69.3,36654.0,352340.0,2204,739,1155,338,1780,249,1790,Bryan
Bryan County,OK,18.0,23.3,6.5,21.9,86.4,3041.0,14.8,0.6,2.0,6.3,0.1,7.8,74.7,70.2,62.2,17253,20595.0,117400.0,2.64,44212,23979,2.4,904.47,5.7,82.0,243170.0,19.8,51.2,3022.0,46067,42416,46.9,73512.0,432774.0,3083,900,1713,581,2328,504,2370,Bryan
Buchanan County,IA,18.3,25.9,6.5,21.5,94.1,1523.0,0.2,0.6,0.6,1.7,0.0,1.2,97.4,95.8,79.3,8029,9125.0,142500.0,2.59,64837,33373,0.8,571.02,3.3,86.5,677356.0,23.7,50.4,1338.0,20565,20958,36.7,12246.0,247419.0,1908,596,1047,0,1765,268,1482,Buchanan
Buchanan County,MO,16.7,22.4,6.1,21.1,88.3,4173.0,0.8,1.5,6.0,6.9,0.5,2.8,88.5,82.7,62.4,33501,38821.0,122200.0,2.52,51916,26347,4.0,408.03,6.2,82.9,468824.0,16.7,49.4,6167.0,84793,89201,218.6,180097.0,1369343.0,5813,1647,2959,373,5059,631,4540,Buchanan
Buchanan County,VA,23.1,17.3,4.2,11.8,70.1,802.0,0.2,0.4,3.4,0.9,0.0,0.7,95.3,94.6,77.3,8569,11556.0,72300.0,2.44,31956,19496,1.8,502.76,2.0,91.2,91685.0,27.3,49.4,806.0,20355,24098,47.9,15258.0,173035.0,1056,366,514,41,961,226,753,Buchanan
Buckingham County,VA,20.2,17.7,4.1,12.5,79.8,788.0,0.4,0.4,33.7,2.4,0.0,2.1,63.3,61.3,75.2,5826,7479.0,130300.0,2.56,49025,20605,1.4,579.66,2.2,90.2,476138.5,36.3,45.1,1237.0,16824,17146,29.6,44317.0,82977.0,685,274,367,128,534,0,635,Buckingham
Bucks County,PA,19.2,20.2,4.8,41.3,93.9,55150.0,0.3,5.2,4.5,5.7,0.1,1.8,88.1,83.3,77.0,238830,252261.0,330600.0,2.58,89139,45849,9.8,604.31,12.4,91.0,9681380.0,30.8,50.9,33740.0,646538,625249,1034.7,1136076.0,10185137.0,64386,17690,40579,5202,57516,6536,55244,Bucks
Buena Vista County,IA,16.7,25.7,7.4,19.7,78.4,1377.0,0.6,10.0,3.4,26.4,1.8,1.5,82.7,58.0,64.6,7524,8295.0,115600.0,2.53,57125,26526,20.1,574.92,32.5,86.0,2233453.0,14.2,49.6,809.0,20823,20260,35.2,23182.0,280979.0,1932,524,1149,198,1636,131,1680,Buena Vista
Buena Vista city,VA,18.4,20.7,5.1,15.9,81.1,1479.0,0.1,1.9,7.3,1.8,0.2,0.6,89.2,88.1,68.0,2517,11797.5,126600.0,2.36,32455,21419,1.0,6.7,2.7,81.4,351390.0,18.7,57.2,418.0,6641,6650,992.0,44317.0,34821.0,313,117,164,0,285,56,233,Buena Vista
Buffalo County,NE,15.0,23.3,6.6,34.6,93.1,3923.0,0.6,1.5,1.2,9.3,0.1,1.5,95.0,86.6,65.0,19062,20810.0,174800.0,2.47,59431,31043,4.8,968.11,8.0,76.7,1785028.0,15.7,50.0,2399.0,50084,46102,47.6,121711.0,966976.0,4702,1157,2433,226,4209,242,4023,Buffalo
Buffalo County,SD,7.5,38.7,11.3,8.5,78.1,36.0,80.6,0.1,0.8,5.4,0.1,2.9,15.6,14.9,46.3,564,616.0,49000.0,3.59,34808,11995,0.0,471.38,10.3,92.4,109693.0,12.7,50.6,100.0,1948,1912,4.1,4783.0,50485.0,55,0,38,47,0,0,41,Buffalo
Buffalo County,WI,22.8,20.5,5.4,19.3,90.9,1023.0,0.4,0.5,0.6,2.3,0.0,1.2,97.3,95.4,76.4,5772,6854.0,159700.0,2.26,57829,30503,1.4,671.64,3.0,88.3,303166.0,25.2,49.0,893.0,13317,13587,20.2,10463.0,77783.0,1119,376,542,0,1072,102,937,Buffalo
Bullitt County,KY,16.2,21.6,5.2,14.7,88.5,4562.0,0.4,0.6,1.4,2.3,0.1,1.6,95.9,94.0,80.3,29690,32263.0,165500.0,2.69,63348,29333,1.6,297.02,2.5,88.5,811518.0,28.2,50.3,5513.0,82217,74319,250.2,82857.0,586358.0,5033,1476,2975,226,4693,560,4191,Bullitt
Bulloch County,GA,11.6,19.8,5.7,27.0,87.3,5056.0,0.5,1.3,29.6,4.2,0.1,1.9,66.6,63.3,53.9,27375,31851.0,140700.0,2.48,45550,22328,3.2,672.81,5.1,71.5,416813.0,22.3,51.0,3987.0,81099,70217,104.4,113974.0,796808.0,5264,1947,2504,1283,3799,462,4379,Bulloch
Bullock County,AL,16.9,20.8,5.6,12.1,74.7,498.0,0.8,0.2,70.3,8.6,0.8,1.3,26.6,21.0,71.1,3521,4587.0,70300.0,2.79,37785,20877,0.7,622.81,3.4,93.0,778187.0,27.2,45.5,267.0,10357,10914,17.5,51801.0,92594.0,650,365,252,389,229,82,538,Bullock
Buncombe County,NC,20.5,18.2,4.8,40.1,91.1,28970.0,0.5,1.4,6.3,6.8,0.2,2.2,89.4,83.4,63.4,107479,127972.0,238200.0,2.33,52207,32426,6.2,656.67,8.3,87.2,2839482.0,20.5,52.1,16854.0,269452,238318,362.9,880092.0,3884191.0,28498,10468,14685,2113,25428,2564,24586,Buncombe
Bureau County,IL,22.5,21.1,5.2,20.6,90.8,1817.0,0.5,1.1,1.1,9.5,0.0,1.4,96.0,87.3,76.6,13698,15664.0,111700.0,2.39,57436,30255,3.8,869.03,7.6,91.1,741144.5,20.5,51.0,2149.0,33244,34978,40.2,33430.0,299818.0,2464,775,1244,218,2106,295,1968,Bureau
Burke County,GA,16.0,25.7,6.8,13.2,80.1,1535.0,0.5,0.6,46.9,3.5,0.1,1.6,50.3,47.8,70.8,8193,10161.0,88700.0,2.72,44151,22173,2.4,826.97,3.2,91.8,196974.0,27.8,52.4,1494.0,24596,23316,28.2,33983.0,196658.0,1511,655,737,754,706,132,1282,Burke
Burke County,NC,20.7,18.4,4.8,16.4,81.6,5230.0,0.9,3.6,6.9,6.5,0.7,1.8,86.1,81.4,73.9,35156,41596.0,120700.0,2.48,44557,24481,5.0,507.1,9.2,88.0,2804569.0,22.3,50.0,5882.0,87570,90912,179.3,97235.0,680513.0,6660,1759,4184,511,5967,650,5661,Burke
Burke County,ND,21.2,24.8,7.6,22.8,92.6,193.0,1.6,0.6,0.8,3.0,0.1,1.7,95.3,92.4,78.9,905,1452.0,114400.0,2.41,77232,39350,2.3,1103.57,2.2,93.6,118152.0,23.8,47.8,103.0,2201,1968,1.8,4371.0,38542.0,189,83,60,0,169,0,156,Burke
Burleigh County,ND,16.6,23.3,6.6,35.8,94.3,7773.0,4.3,0.9,2.4,2.8,0.1,1.9,90.4,88.2,68.7,39507,43430.0,263600.0,2.32,71524,38804,2.4,1632.65,4.2,84.8,118152.0,17.5,49.9,5618.0,98458,81308,49.8,242133.0,1995081.0,8782,2965,4599,281,8029,869,7230,Burleigh
Burleson County,TX,21.0,21.8,5.9,17.3,82.5,1523.0,1.1,0.5,12.7,21.1,0.0,1.7,83.9,64.3,78.2,6810,9315.0,121900.0,2.63,57731,30086,6.6,659.03,16.1,89.9,575658.0,28.4,50.6,1217.0,17642,17187,26.1,14097.0,293242.0,1743,519,1012,243,1445,146,1462,Burleson
Burlington County,NJ,17.4,20.7,5.1,38.0,93.7,30302.0,0.3,5.4,18.3,8.5,0.1,3.0,72.9,66.6,75.4,166391,180471.0,251200.0,2.61,87416,43187,9.7,798.58,13.1,89.2,5496624.0,30.0,50.8,27906.0,461860,448734,561.9,771418.0,6868632.0,32404,9473,19316,6296,24687,3105,27554,Burlington
Burnet County,TX,22.8,21.1,5.5,25.4,88.3,5404.0,1.2,1.0,2.0,22.6,0.1,1.5,94.2,73.1,77.2,16743,23943.0,192000.0,2.74,59492,30980,7.0,994.26,14.6,87.8,259895.0,26.5,51.0,4017.0,49130,42750,43.0,89000.0,617651.0,5346,1467,2956,727,4305,605,4437,Burnet
Burnett County,WI,29.4,17.4,4.3,20.8,93.2,1198.0,4.6,0.5,0.8,2.0,0.1,2.5,91.5,90.2,82.2,7305,15804.0,158800.0,2.07,52672,30342,1.2,821.85,2.8,90.0,286620.0,28.9,48.8,1577.0,16526,15457,18.8,20877.0,120982.0,1514,326,835,44,1412,55,1250,Burnett
Burt County,NE,24.4,22.5,5.5,21.3,91.3,554.0,2.3,0.4,0.7,3.5,0.1,1.7,94.7,92.1,76.6,2856,3470.0,100400.0,2.24,54203,31635,1.5,491.58,2.6,88.7,22223.0,22.9,50.2,534.0,6722,6858,14.0,2756.0,33813.0,769,170,459,0,742,125,598,Burt
Butler County,AL,20.8,22.0,5.7,16.1,85.0,1081.0,0.4,1.4,45.0,1.5,0.0,1.1,52.1,51.1,70.0,6506,10147.0,95900.0,3.0,40688,21038,0.8,776.83,1.3,93.6,811313.0,23.7,53.6,1011.0,19051,20947,27.0,32184.0,209049.0,1390,497,741,416,889,176,1128,Butler
Butler County,IA,22.9,22.2,5.0,17.3,92.5,1066.0,0.2,0.9,0.3,1.4,0.0,0.9,97.6,96.4,77.9,6254,6818.0,116700.0,2.3,57115,30036,0.9,580.13,1.7,92.2,463626.0,22.7,50.3,996.0,14334,14867,25.6,20428.0,104928.0,1345,487,599,0,1315,112,1160,Butler
Butler County,KS,15.7,25.4,6.0,29.8,92.5,4380.0,1.1,1.4,2.2,5.1,0.1,2.6,92.6,88.2,74.5,24870,27221.0,148600.0,2.57,64782,29986,2.8,1429.86,4.0,85.6,328053.5,24.0,49.7,4899.0,67380,65880,46.1,74683.0,620075.0,5064,1342,2701,311,4584,530,4250,Butler
Butler County,KY,18.8,22.7,6.1,13.9,79.6,812.0,0.4,0.3,0.7,3.4,-1.0,1.3,97.2,94.4,72.0,4958,5984.0,92100.0,2.53,41763,22951,2.0,426.09,4.4,87.4,185771.0,28.0,49.8,857.0,12371,12690,29.8,35974.5,49922.0,698,201,436,0,670,31,647,Butler
Butler County,MO,19.2,23.3,6.1,13.3,83.0,2677.0,0.8,0.9,5.6,2.2,0.0,2.6,90.1,88.4,63.7,16390,19867.0,113500.0,2.54,39915,21652,1.3,694.67,2.4,81.7,545439.0,18.2,51.4,3247.0,42130,42794,61.6,67432.0,758103.0,3425,1016,1834,209,3054,373,2789,Butler
Butler County,NE,21.3,23.0,5.5,21.4,93.0,675.0,0.5,0.5,0.6,4.5,0.0,1.0,97.4,93.4,77.9,3363,4086.0,117300.0,2.34,58979,30095,2.2,584.91,5.5,91.8,231681.5,23.3,49.5,569.0,8369,8395,14.4,4370.0,64161.0,783,139,434,0,747,101,613,Butler
Butler County,OH,15.1,23.3,6.0,30.2,90.6,23568.0,0.3,3.9,9.2,5.0,0.1,2.5,84.0,79.8,68.1,139113,153241.0,172900.0,2.65,66117,31921,6.1,467.06,8.3,84.0,10342792.0,25.1,51.0,21137.0,390357,368130,788.2,611785.0,7072005.0,26541,8682,15274,3547,21995,2395,22801,Butler
Butler County,PA,19.4,19.7,5.0,36.0,94.9,12597.0,0.2,1.5,1.4,1.6,0.0,1.2,95.8,94.5,75.9,76502,84873.0,205600.0,2.37,70668,37811,2.4,788.6,3.4,88.6,4630016.0,27.0,50.4,13168.0,193763,183862,233.1,326604.0,2902229.0,14107,4203,8186,484,13077,1547,11548,Butler
Butte County,CA,18.4,20.3,5.5,27.2,89.2,13121.0,2.5,5.0,1.9,17.2,0.3,4.6,85.7,70.9,59.0,85320,86209.0,271700.0,2.57,52537,29506,7.3,1636.46,15.3,81.2,1341089.0,20.9,50.5,14209.0,211632,220000,134.4,350474.0,2576900.0,16240,5341,8370,1858,13644,1766,13509,Butte
Butte County,ID,23.6,24.3,5.7,16.2,92.8,195.0,1.1,0.3,0.4,5.4,0.2,2.3,95.7,90.9,82.3,967,1381.0,128900.0,2.62,42132,30294,0.7,2231.67,1.6,90.2,172944.0,18.6,49.0,211.0,2574,2891,1.3,11378.5,21795.0,160,40,71,0,144,0,144,Butte
Butte County,SD,20.5,24.7,6.7,19.2,91.0,919.0,2.5,0.4,0.5,3.8,0.1,2.6,93.9,91.0,77.1,4164,4906.0,139000.0,2.42,46508,26961,0.9,2249.9,0.7,85.6,60852.0,18.4,49.0,898.0,10243,10110,4.5,11410.0,157422.0,1334,301,605,30,1281,131,1073,Butte
Butts County,GA,15.8,20.5,5.5,12.2,80.6,1778.0,0.4,0.7,28.9,3.6,0.0,1.5,68.5,65.7,69.8,8279,9515.0,132600.0,2.56,43471,27195,3.1,184.39,4.4,81.4,259559.0,32.7,47.1,1409.0,25434,23655,128.3,24174.0,333815.0,1601,516,885,333,1219,145,1406,Butts
Cabarrus County,NC,13.4,25.4,6.4,32.3,89.9,16583.0,0.7,4.7,19.6,11.1,0.1,2.4,72.4,63.4,71.5,72238,82526.0,203100.0,2.84,67328,32255,8.4,361.75,13.0,85.7,1757916.0,28.2,51.2,11630.0,225804,178011,492.1,427974.0,2920274.0,15965,5371,8643,2829,12516,2247,12965,Cabarrus
Cabell County,WV,19.4,19.7,5.4,26.0,88.0,4677.0,0.2,1.3,4.8,1.4,0.0,2.4,91.3,90.1,61.8,39064,46301.0,124500.0,2.31,40028,25271,1.6,281.02,2.5,84.8,2345244.0,20.6,51.2,6051.0,94350,96319,342.8,237440.0,1570924.0,6436,2013,3599,307,5693,690,5183,Cabell
Cache County,UT,9.8,30.1,8.2,38.3,93.1,9370.0,1.1,2.3,1.1,10.9,0.5,2.1,92.9,83.5,63.0,38393,43169.0,236500.0,3.16,59038,23713,6.5,1164.81,10.6,80.2,4516580.0,17.1,50.0,3341.0,133154,112656,96.7,125146.0,1154177.0,10330,2934,5278,506,9458,586,9022,Cache
Caddo County,OK,16.9,24.9,6.7,15.4,85.5,1541.0,25.5,0.5,2.9,13.3,0.1,6.4,64.6,56.8,71.3,10320,13249.0,84900.0,2.7,46592,23167,5.6,1278.29,10.4,86.8,460737.5,24.3,47.2,1873.0,26945,29600,23.2,14125.0,283851.0,2259,648,1179,420,1742,223,1857,Caddo
Caddo Parish,LA,17.7,23.4,6.5,23.5,87.0,20754.0,0.5,1.3,50.0,2.9,0.1,1.7,46.5,44.3,59.8,95864,113577.0,149200.0,2.51,41797,26545,2.3,878.54,3.4,88.7,4965466.0,21.1,52.7,16031.0,237848,254969,290.2,766259.0,4034900.0,24178,9472,11440,8076,15028,2373,20137,Caddo
Calaveras County,CA,28.0,17.1,4.5,18.3,90.2,3591.0,2.0,1.9,1.1,13.0,0.3,3.9,91.0,79.9,77.8,16942,28181.0,319500.0,2.66,63158,33456,4.8,1020.01,7.2,89.0,2696230.0,38.3,50.2,4491.0,45292,45578,44.7,69645.0,252345.0,3387,1008,1861,291,2983,392,2799,Calaveras
Calcasieu Parish,LA,15.2,24.9,7.1,22.3,86.8,14321.0,0.6,1.4,25.8,4.1,0.1,2.1,70.1,66.6,67.5,77780,93183.0,156800.0,2.55,51148,28778,2.7,1063.66,6.8,86.5,1901186.0,21.3,51.1,12019.0,216785,192768,181.2,983275.0,3127100.0,14379,5019,7556,3149,10558,1628,11917,Calcasieu
Caldwell County,KY,21.3,22.4,5.8,15.3,87.0,728.0,0.3,0.5,5.4,1.7,0.0,1.4,92.3,90.8,76.4,5163,6287.0,87900.0,2.43,44775,28799,1.9,344.79,2.3,90.0,391151.0,26.5,51.5,678.0,12649,12984,37.7,13224.0,159872.0,922,256,503,40,837,64,798,Caldwell
Caldwell County,MO,20.1,23.2,5.5,18.1,89.8,602.0,0.8,0.3,0.7,2.5,0.0,2.1,96.0,93.9,76.1,3639,4734.0,109300.0,2.43,49839,24581,1.2,426.39,3.0,87.3,468824.0,33.1,49.2,751.0,8815,9424,22.1,22307.0,47758.0,772,104,458,0,730,46,705,Caldwell
Caldwell County,NC,20.4,19.9,5.1,15.7,80.0,4984.0,0.6,0.8,5.2,5.9,0.1,1.8,91.5,86.7,72.5,32864,38250.0,118100.0,2.46,44511,23869,3.2,471.57,5.5,85.2,1158139.0,25.0,50.5,5254.0,80652,83029,176.1,75439.0,700961.0,6250,1633,3805,580,5521,475,5388,Caldwell
Caldwell County,TX,14.9,23.2,6.2,14.6,78.2,3089.0,1.6,1.0,6.6,53.8,0.1,1.8,88.8,38.2,67.4,13460,15671.0,144800.0,2.84,54152,25086,11.2,545.26,36.2,86.0,153359.0,32.4,49.5,2163.0,45883,38066,69.8,41143.0,345184.0,3172,941,1910,1090,1967,345,2657,Caldwell
Caldwell Parish,LA,18.1,22.9,6.5,13.8,76.7,690.0,0.4,0.3,16.1,3.2,0.0,1.4,81.8,79.1,76.5,3665,5288.0,77300.0,2.6,37691,23216,2.4,529.43,2.8,91.8,1901186.0,29.8,48.6,481.0,9645,10132,19.1,61451.5,81052.0,924,167,619,50,847,158,744,Caldwell
Caledonia County,VT,22.1,19.1,4.7,29.0,91.3,3075.0,0.5,0.9,0.9,1.7,0.0,1.6,96.1,94.7,73.1,12434,16518.0,169500.0,2.33,50563,29769,2.4,648.86,3.8,86.8,256495.0,25.6,50.1,2024.0,30233,31227,48.1,37707.0,451430.0,3425,1308,1555,57,3145,370,2796,Caledonia
Calhoun County,AL,18.1,21.5,5.8,18.5,84.4,6811.0,0.5,0.9,21.3,4.1,0.1,2.0,75.1,71.7,70.1,44605,53796.0,118000.0,2.5,47255,25345,2.7,605.87,4.3,84.0,2713200.0,25.0,52.0,9661.0,116441,118572,195.7,199072.0,1463477.0,7513,2570,4113,1041,6103,938,6084,Calhoun
Calhoun County,AR,22.0,18.9,4.6,11.4,84.2,162.0,0.8,0.2,21.2,4.1,0.0,2.2,75.5,72.1,84.8,1850,2934.0,70000.0,2.73,46417,23688,1.1,628.58,3.3,90.7,602802.0,21.9,49.5,367.0,4739,5368,8.5,999.0,17829.0,278,28,175,0,260,43,226,Calhoun
Calhoun County,FL,18.9,19.9,4.8,9.5,76.9,820.0,1.3,0.9,12.5,5.7,0.1,2.5,82.7,77.8,81.4,4501,5962.0,85000.0,2.74,38568,19304,2.6,567.33,6.3,83.9,778359.5,30.2,46.0,1056.0,13648,14625,25.8,222146.0,70115.0,812,302,378,142,646,61,680,Calhoun
Calhoun County,GA,16.6,16.9,4.0,9.1,72.9,283.0,0.6,0.9,60.8,5.1,0.3,1.3,36.1,32.7,65.6,1736,2406.0,51500.0,2.56,34167,14005,4.5,280.37,7.7,80.2,554410.0,23.4,39.5,323.0,5573,6694,23.9,817.0,19587.0,302,114,126,159,116,25,220,Calhoun
Calhoun County,IA,23.5,21.3,5.7,18.7,93.8,754.0,0.5,0.3,2.4,2.1,-1.0,1.1,95.7,93.7,78.8,4146,5147.0,82000.0,2.16,52323,28434,1.3,569.97,1.6,84.5,528536.5,19.0,48.1,715.0,9927,9670,17.0,20428.0,127036.0,1076,356,592,31,1023,40,917,Calhoun
Calhoun County,IL,24.1,20.2,4.7,14.2,91.6,309.0,0.2,0.3,0.4,1.4,0.0,0.7,98.3,97.1,87.3,1664,2901.0,121000.0,2.83,63009,28822,0.8,253.83,1.3,95.9,1973.0,40.5,49.7,385.0,4437,5089,20.0,38907.0,27335.0,382,189,104,0,374,0,337,Calhoun
Calhoun County,MI,18.2,22.6,6.0,21.0,91.0,6565.0,0.8,3.0,11.2,5.5,0.0,3.6,81.4,77.1,69.9,53991,60906.0,110000.0,2.41,48607,26855,4.2,706.23,6.4,85.7,5445110.0,20.6,51.0,9414.0,134310,136146,192.8,471217.0,1702331.0,9171,3271,4715,1334,7396,922,7788,Calhoun
Calhoun County,MS,19.5,23.2,5.6,11.8,77.5,947.0,0.4,0.2,28.5,6.3,0.0,1.2,69.7,64.3,74.5,5846,7030.0,70500.0,2.44,37263,19229,3.2,586.57,5.3,93.4,271109.0,25.9,51.9,435.0,13266,14962,25.5,26152.0,95228.0,1385,445,790,149,1204,139,1189,Calhoun
Calhoun County,SC,23.9,18.7,4.7,19.9,86.2,934.0,0.6,0.3,40.3,3.9,0.1,1.2,57.5,54.6,80.3,6179,7527.0,107200.0,2.34,46339,26398,1.9,381.15,4.3,93.2,1460241.0,29.8,52.0,1111.0,14119,15175,39.8,65913.0,65919.0,1001,403,548,238,729,208,758,Calhoun
Calhoun County,TX,18.7,23.9,6.5,14.2,79.3,1556.0,0.9,5.3,3.1,49.4,0.1,1.3,89.3,41.8,72.8,7582,12151.0,120200.0,2.82,58776,27268,12.9,506.84,32.5,87.6,11074535.0,18.9,48.7,1264.0,20106,21381,42.2,32946.0,435296.0,1697,457,943,693,825,94,1415,Calhoun
Calhoun County,WV,25.6,18.1,4.3,12.2,80.5,416.0,0.4,0.2,0.4,1.1,0.0,1.1,98.0,96.9,78.9,2826,4015.0,83500.0,2.57,38382,20447,0.8,279.25,1.6,89.4,258272.0,35.6,49.9,323.0,6229,7627,27.3,1050.0,27265.0,561,244,297,0,541,91,456,Calhoun
Callahan County,TX,21.2,21.9,5.6,21.0,88.2,1257.0,0.9,0.7,1.7,10.0,0.1,1.9,94.7,85.6,82.1,5367,6792.0,94900.0,2.57,48651,26051,1.6,899.37,7.8,89.0,575658.0,27.8,50.4,1158.0,13708,13544,15.1,33330.5,157006.0,920,262,523,78,818,141,726,Callahan
Callaway County,MO,16.7,20.9,5.5,23.1,86.2,2465.0,0.5,0.8,4.7,2.2,0.1,2.2,91.7,90.0,72.5,15973,19055.0,157400.0,2.56,56938,25849,1.7,834.58,2.1,86.4,506550.0,23.4,48.8,3347.0,44283,44332,53.1,37113.0,377586.0,2953,748,1650,116,2728,386,2204,Callaway
Calloway County,KY,17.5,17.9,4.8,28.5,89.5,2478.0,0.3,1.8,4.0,2.7,0.1,1.7,92.1,89.8,62.4,14996,19000.0,137300.0,2.34,42273,23219,3.9,385.02,4.8,81.5,828733.0,16.9,51.4,1988.0,37103,37191,96.6,60372.0,523829.0,2554,652,1576,117,2332,305,2131,Calloway
Calumet County,WI,15.7,23.3,5.2,29.4,94.2,2556.0,0.5,2.4,0.8,4.5,0.1,1.4,94.7,90.6,80.6,19807,21138.0,178900.0,2.51,75814,35527,2.6,318.24,5.7,91.8,1616796.0,20.7,49.6,2625.0,52442,48971,153.9,46991.0,418552.0,3364,1024,1701,109,3132,173,2976,Calumet
Calvert County,MD,15.5,23.0,5.3,32.4,94.7,6564.0,0.5,1.9,13.3,4.4,0.1,3.2,81.0,77.5,84.7,31973,35514.0,358800.0,2.84,109313,45783,2.8,213.15,4.2,88.7,84076.0,42.5,50.4,8738.0,92783,88737,416.3,390891.0,848445.0,7478,3133,3830,1284,5999,832,6374,Calvert
Camas County,ID,24.4,22.1,3.8,16.3,93.3,105.0,1.3,0.4,0.5,6.3,-1.0,3.4,94.4,88.7,75.6,394,875.0,183300.0,2.66,39688,30209,2.1,1074.49,1.7,88.2,172944.0,39.1,48.9,91.0,1077,1117,1.0,1425.0,111149.5,234,0,126,0,229,0,204,Camas
Cambria County,PA,23.2,19.1,4.9,21.1,92.0,6072.0,0.2,0.5,3.7,1.8,0.0,1.7,93.9,92.6,74.1,56674,66047.0,91900.0,2.23,46659,26008,1.1,688.35,2.4,88.9,1798810.0,24.4,50.7,10700.0,133472,143679,208.7,179029.0,1733778.0,8860,2856,4632,523,7807,789,7308,Cambria
Camden County,GA,14.2,24.1,7.0,23.9,91.3,2956.0,0.7,1.5,19.2,7.1,0.2,3.3,75.0,69.3,62.5,19338,22606.0,165700.0,2.66,56951,29741,4.5,613.03,6.0,80.8,554410.0,22.9,48.6,5878.0,54768,50513,82.4,80535.0,600072.0,2862,1246,1391,537,2214,543,2140,Camden
Camden County,MO,28.9,17.4,4.5,21.1,90.4,3942.0,0.7,0.7,0.7,2.9,0.1,1.5,96.4,94.0,80.7,16031,42080.0,200800.0,2.8,53478,28275,2.1,655.92,3.6,87.0,131248.0,24.0,50.4,4553.0,42745,44002,67.1,142866.0,648114.0,4544,1137,2322,95,4189,477,3587,Camden
Camden County,NC,16.9,22.6,5.0,17.1,86.5,730.0,0.6,2.1,11.5,3.0,0.1,3.0,82.7,80.5,81.9,3933,4381.0,208800.0,2.67,64572,28221,2.6,240.56,4.7,90.6,1006562.0,34.1,50.1,1332.0,10355,9980,41.5,1540.0,24903.0,742,191,485,113,618,249,469,Camden
Camden County,NJ,16.1,22.6,6.0,32.5,88.7,32429.0,0.7,6.0,21.6,17.6,0.1,2.6,69.0,55.8,66.8,187383,206357.0,197800.0,2.67,70451,35958,11.0,221.26,20.5,88.6,3053144.0,28.9,51.7,22867.0,523485,513657,2321.5,789366.0,6445832.0,36710,11432,22018,9352,26008,3604,31739,Camden
Cameron County,PA,28.1,17.7,4.8,13.7,90.7,216.0,0.4,0.4,1.1,1.5,0.1,1.5,96.5,95.3,72.0,2184,4421.0,78500.0,2.07,41165,24528,1.1,396.23,2.5,86.8,1779025.0,19.0,50.0,437.0,4547,5085,12.8,125825.5,30903.0,401,164,210,0,382,38,342,Cameron
Cameron County,TX,13.8,29.9,7.8,17.3,67.9,32692.0,0.7,0.8,0.8,90.0,0.1,0.6,97.1,8.6,65.9,124605,154019.0,85800.0,3.36,38758,17430,23.0,890.92,71.4,91.7,1709584.0,19.9,51.2,12717.0,421017,406220,456.0,635097.0,4124818.0,36598,14800,19045,29751,5662,2884,32621,Cameron
Cameron Parish,LA,17.0,21.9,5.7,12.7,84.7,688.0,0.7,0.4,4.0,4.2,0.1,1.7,93.2,89.3,84.4,2734,4277.0,119500.0,2.52,53423,28358,4.2,1284.89,10.8,95.9,1901186.0,33.0,50.6,509.0,5617,6839,5.3,1364.0,28323.0,758,147,491,25,677,94,598,Cameron
Camp County,TX,19.0,26.3,7.1,19.4,87.2,831.0,1.0,1.0,16.5,25.9,0.2,2.7,78.6,55.0,72.4,4605,5853.0,101600.0,2.78,48207,22449,10.1,195.83,20.8,88.4,575658.0,24.5,51.4,810.0,12464,12401,63.3,33330.5,111225.0,1084,355,600,170,883,134,889,Camp
Campbell County,KY,16.1,20.8,5.8,36.3,90.8,5703.0,0.2,1.1,3.0,2.2,0.0,1.7,94.0,92.2,69.7,36746,40857.0,172000.0,2.43,63050,34025,2.2,151.31,3.7,87.0,994676.0,22.8,50.9,5196.0,93076,90336,597.0,35974.5,1105217.0,6627,1881,3772,285,6118,579,5772,Campbell
Campbell County,SD,29.3,16.4,5.1,28.0,90.0,150.0,1.4,0.5,0.2,2.7,-1.0,0.9,97.0,94.8,86.5,673,985.0,68800.0,2.2,54449,32684,0.5,733.68,3.5,92.4,109693.0,18.0,48.3,67.0,1377,1466,2.0,4783.0,10929.0,144,67,68,0,116,0,125,Campbell
Campbell County,TN,21.0,20.3,5.6,12.4,77.3,2338.0,0.3,0.4,0.5,1.6,0.1,1.2,97.4,96.1,68.1,16192,21394.0,104400.0,2.42,39803,24212,1.0,480.19,1.2,86.2,235923.0,30.8,50.9,2624.0,39272,40716,84.8,40960.0,401490.0,3484,923,2169,154,3224,418,2918,Campbell
Campbell County,VA,20.3,19.4,4.9,22.5,87.2,3156.0,0.4,1.1,14.8,2.9,0.1,2.2,81.5,79.1,74.7,23071,26097.0,157000.0,2.37,49664,27739,2.4,503.87,3.0,89.9,1555414.0,24.5,51.4,4051.0,55696,54842,108.8,64268.0,600969.0,3807,1412,1930,420,3260,427,3058,Campbell
Campbell County,WY,10.7,27.1,7.2,18.9,92.9,3386.0,1.6,0.8,0.7,8.9,0.1,2.2,94.7,86.9,73.4,17574,20399.0,222700.0,2.66,82659,34776,3.1,4802.71,6.0,83.5,267792.0,21.3,48.6,3485.0,47026,46133,9.6,95074.0,895991.0,4666,1748,1946,222,4168,512,3708,Campbell
Canadian County,OK,13.3,26.0,6.7,27.4,91.4,11547.0,5.2,3.3,3.6,9.8,0.1,4.8,83.1,75.0,75.4,44906,49459.0,165500.0,3.08,72056,30755,4.5,896.63,8.7,86.6,1035638.0,24.3,50.3,9470.0,154405,115541,128.9,160620.0,1306788.0,10096,2879,5794,1391,8349,1098,8415,Canadian
Candler County,GA,18.6,25.0,6.2,13.0,77.3,819.0,0.3,1.1,24.9,12.3,0.1,1.4,72.1,61.2,57.6,4013,4797.0,96100.0,2.63,33736,20687,5.2,243.04,9.1,87.9,554410.0,21.7,51.2,626.0,10981,10998,45.3,33983.0,120044.0,746,230,445,166,550,89,623,Candler
Cannon County,TN,18.5,21.5,6.0,15.8,84.5,1106.0,0.4,0.4,1.8,2.5,0.1,1.5,95.9,93.9,74.8,5488,6164.0,164600.0,2.55,55330,26435,1.6,265.64,1.6,86.5,26109.0,32.1,50.2,871.0,14506,13801,52.0,40960.0,61151.0,942,266,599,27,901,112,816,Cannon
Canyon County,ID,14.0,27.9,7.3,18.7,85.1,13941.0,1.7,1.1,0.8,25.6,0.3,2.8,93.2,70.0,69.5,72807,80055.0,178300.0,2.94,52134,22232,7.9,587.37,18.7,81.5,172944.0,24.6,50.4,13436.0,231105,188923,321.6,180086.0,2149411.0,14444,4529,6462,1984,11722,1259,12082,Canyon
Cape Girardeau County,MO,17.1,21.3,5.8,31.5,91.0,5479.0,0.4,1.9,7.9,2.5,0.0,2.3,87.5,85.5,65.0,29594,34975.0,160500.0,2.54,53732,28267,2.8,578.54,3.7,79.4,2884546.0,20.0,51.6,5055.0,81710,75674,130.8,170964.0,1611435.0,6894,2112,3429,484,6016,640,5633,Cape Girardeau
Cape May County,NJ,27.3,17.3,4.4,32.8,92.5,8493.0,0.4,1.0,4.8,8.1,0.1,1.9,91.8,85.0,77.6,40171,99634.0,300500.0,2.25,67074,40389,4.7,251.43,8.5,88.6,98208.0,22.8,51.3,6720.0,95263,97265,386.9,592998.0,1639427.0,10928,3319,6043,675,9985,881,9437,Cape May
Carbon County,MT,26.8,17.0,3.6,30.4,94.2,1241.0,1.3,0.3,0.6,2.4,0.0,1.6,96.1,94.0,76.4,4524,6584.0,247600.0,2.32,58707,33067,1.0,2048.79,3.4,92.5,16801.0,25.7,49.4,1097.0,10473,10078,4.9,24815.0,72429.0,1780,515,647,34,1676,99,1408,Carbon
Carbon County,PA,21.7,19.2,4.8,17.9,89.4,3404.0,0.4,0.6,2.3,5.3,0.1,1.3,95.4,91.0,75.8,26043,34883.0,146400.0,2.42,57006,29202,2.7,381.46,4.6,90.7,414985.0,32.9,50.2,5205.0,64749,65249,171.1,112043.0,562613.0,4753,1441,2882,281,4253,523,4010,Carbon
Carbon County,UT,18.0,25.6,6.2,17.1,91.6,1124.0,1.6,0.7,0.6,13.4,0.2,2.1,94.8,82.9,73.7,7829,9872.0,140800.0,2.54,51158,23862,2.5,1478.49,5.1,84.7,121458.0,17.8,50.3,1139.0,20412,21403,14.5,25572.0,311296.0,1488,546,666,65,1339,70,1313,Carbon
Carbon County,WY,18.0,22.7,6.4,20.6,91.0,1165.0,1.8,1.0,1.2,18.5,0.1,1.9,93.9,76.9,69.6,6204,8845.0,174900.0,2.33,60161,29552,5.4,7897.58,15.5,84.6,102299.0,15.6,46.8,998.0,14537,15885,2.0,47696.0,305454.0,1449,506,511,127,1195,94,1184,Carbon
Caribou County,ID,17.3,29.0,7.2,19.0,91.2,466.0,0.7,0.4,0.1,6.4,0.3,1.3,97.2,91.2,79.3,2538,3333.0,145900.0,2.71,59053,26221,3.0,1764.15,3.9,90.5,172944.0,16.6,49.0,397.0,7027,6963,3.9,3910.0,79242.0,703,148,249,0,656,37,595,Caribou
Carlisle County,KY,21.6,23.0,6.6,14.9,83.3,416.0,0.7,0.3,1.5,2.5,-1.0,2.4,95.2,93.1,81.7,1980,2478.0,89300.0,2.39,45109,30065,1.2,189.43,1.5,94.9,10351.0,26.4,50.5,286.0,4826,5104,26.9,1252.0,19904.0,514,72,277,0,505,48,408,Carlisle
Carlton County,MN,17.5,22.3,5.3,22.1,94.0,1941.0,6.0,0.6,1.7,1.8,0.0,2.7,89.0,87.9,79.8,13613,16239.0,171400.0,2.45,63098,29440,1.3,861.38,3.5,90.3,763107.0,23.4,47.8,2585.0,36207,35386,41.1,34563.0,351811.0,2603,891,1175,114,2371,218,2122,Carlton
Caroline County,MD,16.7,23.6,6.1,18.4,84.3,2608.0,0.9,1.2,14.1,7.8,0.3,2.5,81.0,75.1,72.8,12024,13660.0,202500.0,2.71,58638,29624,5.2,319.42,8.3,88.6,302264.0,32.7,51.1,2242.0,33293,33066,103.5,390891.0,476213.0,2678,850,1460,221,2356,250,2199,Caroline
Caroline County,VA,16.9,22.8,6.3,19.9,85.1,1829.0,0.8,1.1,27.2,5.2,0.1,3.6,67.2,63.2,79.2,10946,12417.0,206000.0,2.57,65103,31568,3.7,527.51,5.7,83.5,76113.0,35.1,50.5,2613.0,30887,28545,54.1,18500.0,404165.0,2177,868,1061,601,1540,266,1844,Caroline
Carroll County,AR,23.9,21.4,5.6,21.2,86.3,2628.0,1.4,2.0,0.8,15.2,1.4,2.3,92.1,78.4,75.7,11139,13816.0,136900.0,2.49,46110,25295,8.6,630.09,13.1,89.2,741948.0,20.8,50.2,2325.0,28260,27446,43.6,56663.0,230181.0,3002,919,1479,217,2610,249,2547,Carroll
Carroll County,GA,13.8,23.6,6.4,21.1,84.6,8815.0,0.5,1.0,19.7,7.2,0.1,2.3,76.4,70.4,66.9,41903,46013.0,137800.0,2.71,53737,24993,4.0,499.08,7.0,81.6,6237802.0,28.4,51.3,5957.0,119148,110527,221.5,157657.0,1310431.0,9344,3563,4742,1910,7070,601,8319,Carroll
Carroll County,IA,20.7,24.5,6.4,22.4,93.5,1863.0,0.3,0.5,1.4,2.9,0.0,1.0,96.8,94.3,75.8,8726,9564.0,138900.0,2.28,59212,31648,1.5,569.44,2.4,89.5,904260.0,13.7,50.5,1201.0,20760,20816,36.6,22469.0,359969.0,2457,668,1262,26,2335,212,1983,Carroll
Carroll County,IL,25.8,19.3,5.1,19.5,91.2,957.0,0.5,0.6,1.1,3.9,0.0,1.6,96.2,92.8,76.6,6508,8474.0,106100.0,2.17,52410,29166,1.9,444.81,2.7,90.0,293097.0,24.7,50.2,1156.0,15702,15387,34.6,14959.0,95520.0,1486,425,861,0,1448,195,1226,Carroll
Carroll County,IN,20.0,22.1,5.7,16.7,88.4,1319.0,0.4,0.2,1.0,4.3,0.0,1.1,97.3,93.7,80.7,8002,9705.0,131700.0,2.49,54806,29366,2.6,372.22,3.6,90.0,1482367.0,28.6,49.7,1537.0,20306,20155,54.1,19367.0,99802.0,1254,262,779,32,1160,52,1138,Carroll
Carroll County,KY,15.7,25.8,7.3,8.2,78.3,498.0,0.4,0.6,2.1,7.0,0.1,2.5,94.3,88.2,64.3,4101,4738.0,115900.0,2.52,43524,25217,2.6,128.57,5.7,82.2,559741.0,19.7,49.7,699.0,10810,10811,84.1,35974.5,187801.0,783,224,366,31,706,45,666,Carroll
Carroll County,MD,17.3,21.6,5.5,36.4,92.7,12795.0,0.3,2.1,3.9,3.9,0.1,2.0,91.7,88.3,82.0,60758,63974.0,339600.0,2.7,96769,42083,3.9,447.6,5.0,91.3,1019422.0,36.2,50.5,10908.0,172891,167134,373.4,246824.0,2245218.0,14688,4670,8376,1032,13234,1524,12512,Carroll
Carroll County,MO,22.1,22.5,5.1,16.7,85.8,604.0,0.4,0.2,1.8,1.6,0.1,1.6,95.9,94.5,74.3,3503,4650.0,88200.0,2.47,50830,25715,1.7,694.62,4.5,88.2,468824.0,27.7,51.5,502.0,8495,9295,13.4,22307.0,83288.0,613,179,255,0,571,34,516,Carroll
Carroll County,MS,24.2,18.7,4.2,12.2,80.2,711.0,0.3,0.3,33.0,1.6,0.0,1.1,65.4,64.2,81.2,3827,5228.0,99000.0,2.57,46052,22385,0.0,628.24,0.0,92.0,483799.0,28.5,49.7,496.0,9998,10597,16.9,290.0,22111.0,747,278,437,171,562,82,622,Carroll
Carroll County,NH,29.0,15.3,3.6,34.3,94.2,5807.0,0.4,0.8,0.7,1.6,0.0,1.3,96.9,95.6,79.3,21456,41664.0,242800.0,2.22,63153,37490,2.6,931.06,2.5,88.0,225809.0,26.7,50.6,4015.0,50107,47818,51.4,246950.0,877660.0,7365,1780,4700,169,6923,760,6146,Carroll
Carroll County,OH,21.6,20.9,5.3,13.3,89.5,1887.0,0.3,0.4,0.7,1.3,0.0,1.3,97.2,96.2,78.7,11298,13606.0,126500.0,2.38,55267,29518,0.5,394.61,2.8,91.1,368567.0,28.4,50.0,1807.0,26721,28836,73.1,17925.0,204885.0,2125,548,1261,75,1979,266,1690,Carroll
Carroll County,TN,20.6,21.5,5.5,18.0,84.1,1597.0,0.6,0.4,10.1,2.9,0.1,2.1,86.6,84.3,73.1,10962,13273.0,88300.0,2.46,42637,22394,1.2,599.25,2.6,87.4,612461.0,26.8,51.1,1854.0,28440,28522,47.6,19464.0,204447.0,2115,617,1174,62,1955,248,1692,Carroll
Carroll County,VA,25.4,17.8,4.2,15.0,80.8,1715.0,0.3,0.2,0.9,3.9,0.1,1.3,97.2,94.0,78.3,12357,16708.0,112900.0,2.4,44835,25449,2.0,474.69,2.5,91.5,476138.5,26.0,50.4,1880.0,29155,30042,63.3,34380.0,285688.0,2103,513,1358,78,1988,257,1752,Carroll
Carson City,NV,19.8,20.5,5.4,22.2,87.0,665.0,2.3,2.7,2.1,24.1,0.1,2.6,82.0,67.0,56.8,22755,6076.5,273800.0,2.31,55718,31549,12.7,144.66,22.6,82.9,634030.0,20.2,48.6,4370.0,58639,55274,382.1,133404.0,918199.0,6630,1482,3251,940,4619,759,4590,Carson
Carson County,TX,21.1,23.4,5.0,28.4,93.3,421.0,1.6,0.7,1.1,9.7,0.1,2.1,94.5,85.5,81.0,2288,2793.0,114300.0,2.6,74872,34708,1.9,920.22,6.8,83.8,575658.0,23.3,49.7,387.0,5807,6182,6.7,33330.5,57377.0,379,121,189,0,354,0,356,Carson
Carter County,KY,19.4,22.3,6.1,12.6,79.2,1650.0,0.3,0.3,0.7,1.4,0.0,1.0,97.7,96.4,77.4,9606,12563.0,95000.0,2.75,34736,18778,0.5,409.5,1.1,90.8,253467.0,31.0,50.7,1077.0,26627,27720,67.7,28067.0,272826.0,2331,780,1313,0,2263,171,2111,Carter
Carter County,MO,20.9,23.1,6.3,15.5,84.8,512.0,1.3,0.2,0.5,2.9,0.0,2.3,95.7,93.4,77.4,2333,3265.0,101500.0,2.62,39530,22104,0.2,507.36,0.4,86.1,36149.0,27.4,51.5,466.0,5202,6265,12.3,4344.0,31129.0,524,204,220,0,501,48,456,Carter
Carter County,MT,26.1,21.6,7.7,20.2,92.5,134.0,1.0,0.1,0.2,1.1,-1.0,1.9,96.7,95.8,72.0,628,835.0,110900.0,2.07,48000,28577,0.0,3340.75,1.0,93.2,16801.0,18.2,50.1,73.0,1415,1160,0.3,11457.0,14676.0,152,0,46,0,148,0,141,Carter
Carter County,OK,17.2,24.9,6.9,20.5,88.0,3413.0,10.2,1.3,6.8,7.7,0.1,6.6,75.0,69.5,68.3,18339,21868.0,113000.0,2.58,51419,26094,3.3,822.18,6.7,83.9,4853476.0,19.7,51.2,3404.0,48003,47557,57.8,106736.0,889658.0,4589,1067,2682,599,3691,840,3452,Carter
Carter County,TN,22.4,18.1,4.4,17.5,83.5,3224.0,0.3,0.4,1.7,2.0,0.0,1.4,96.1,94.4,70.8,23784,28350.0,122600.0,2.3,38092,23205,1.4,341.2,2.0,86.8,188444.0,23.7,50.9,4528.0,56356,57424,168.3,48482.0,431196.0,3431,1012,2091,72,3269,372,2919,Carter
Carteret County,NC,25.7,17.2,4.0,29.1,91.6,6772.0,0.6,1.3,5.6,4.4,0.2,2.1,90.1,86.5,72.6,29755,50965.0,214100.0,2.28,57194,33722,3.1,506.25,5.4,85.3,343677.0,23.4,51.0,7927.0,67686,66469,131.3,164400.0,972796.0,7585,2293,4138,403,6869,1134,5810,Carteret
Carver County,MN,12.6,26.4,6.3,48.9,96.1,8356.0,0.3,3.4,2.2,4.4,0.0,1.9,92.2,88.3,81.9,36754,39750.0,313200.0,2.75,101496,47221,4.8,354.33,7.4,89.3,3992288.0,26.6,50.3,4485.0,106922,91042,256.9,38159.0,907751.0,9923,2904,5401,596,9089,710,8734,Carver
Cascade County,MT,19.1,22.4,6.5,25.7,91.8,4883.0,4.9,1.0,1.7,4.7,0.1,3.9,88.4,84.9,64.4,34329,39206.0,179900.0,2.3,49913,30110,2.1,2698.16,3.0,82.2,955330.0,15.9,49.5,9249.0,84414,81327,30.1,194725.0,1359702.0,7315,2548,3581,286,6635,792,6019,Cascade
Casey County,KY,20.4,22.9,6.4,12.8,76.0,1234.0,0.4,0.4,1.1,2.9,0.0,1.1,97.0,94.4,77.3,6099,7560.0,87600.0,2.53,34819,18457,1.1,444.23,4.1,86.5,237715.0,29.7,51.3,759.0,15941,15955,35.9,7640.0,83126.0,1417,270,807,0,1336,110,1200,Casey
Cass County,IA,23.5,22.1,5.3,20.1,88.0,1168.0,0.5,0.5,0.5,2.8,0.5,0.9,97.2,94.9,69.2,5921,6574.0,102100.0,2.16,50187,28302,1.3,564.27,2.6,87.4,157480.0,18.3,50.9,798.0,13127,13956,24.7,14415.0,195926.0,1626,345,899,0,1549,157,1319,Cass
Cass County,IL,18.3,24.4,7.0,15.1,84.0,691.0,0.7,0.8,5.1,19.3,0.2,1.5,91.7,74.6,74.6,5043,5824.0,80800.0,2.44,52373,26992,11.1,375.82,17.4,88.9,741144.5,20.4,49.9,797.0,13042,13642,36.3,38907.0,119823.0,1011,409,539,236,751,148,824,Cass
Cass County,IN,18.3,22.9,6.1,13.3,85.4,1785.0,1.2,2.1,2.4,16.5,0.2,1.6,92.5,78.4,74.0,14688,16340.0,89300.0,2.49,49415,24948,9.1,412.16,15.4,87.2,1768078.0,20.2,50.0,2529.0,37870,38966,94.5,40824.0,341597.0,2294,743,1157,91,2076,266,1812,Cass
Cass County,MI,21.5,20.6,4.9,19.2,87.7,3039.0,1.2,0.8,5.2,4.1,0.1,3.0,89.7,86.3,80.0,21019,26520.0,142800.0,2.43,55107,31295,1.7,490.06,3.2,87.4,721748.0,25.1,49.8,3558.0,51589,52293,106.7,30916.0,256877.0,3775,1251,2216,281,3415,315,3228,Cass
Cass County,MN,26.5,20.8,5.1,23.2,92.2,2648.0,12.4,0.4,0.4,2.3,0.0,2.3,84.4,83.0,81.5,13164,26308.0,194200.0,2.19,52204,30326,1.2,2021.54,3.4,88.7,56431.0,23.6,48.9,2846.0,30066,28567,14.1,144749.0,255710.0,2863,812,1457,130,2651,306,2352,Cass
Cass County,MO,17.3,23.8,5.9,26.3,92.4,7397.0,0.7,0.9,4.6,4.6,0.1,2.6,91.2,87.3,76.5,39770,42878.0,181000.0,2.58,69433,32868,2.0,696.84,3.7,87.7,557304.0,28.4,51.2,8169.0,107824,99478,142.8,89376.0,984693.0,7025,2162,3662,443,6321,651,6012,Cass
Cass County,ND,12.5,22.5,6.9,40.2,94.8,13264.0,1.5,3.4,6.4,2.8,0.1,2.1,86.7,84.4,52.1,75843,85442.0,223800.0,2.27,64482,37620,7.4,1764.94,7.9,76.5,3451134.0,16.4,49.5,8873.0,184525,149778,84.9,446791.0,3790350.0,15994,5006,8748,662,14573,1492,13339,Cass
Cass County,NE,18.1,23.5,5.6,27.7,94.4,1962.0,0.6,0.5,0.8,3.7,0.1,1.8,96.2,93.2,81.7,9945,11730.0,173800.0,2.57,71846,33851,1.3,557.45,2.2,88.2,170469.0,26.5,49.5,2591.0,26598,25241,45.3,4370.0,177805.0,1982,535,895,34,1905,233,1613,Cass
Cass County,TX,22.8,22.2,5.7,16.4,85.9,1920.0,0.8,0.5,17.0,4.8,0.1,1.6,80.0,76.0,79.3,11934,14727.0,87100.0,2.49,44848,23075,2.1,936.96,4.2,93.3,575658.0,24.3,51.7,2698.0,28454,30464,32.5,18794.0,218410.0,2056,662,1109,278,1631,232,1620,Cass
Cassia County,ID,14.5,31.6,8.0,18.6,83.6,1581.0,1.5,0.8,0.9,27.2,0.3,1.8,94.7,69.7,70.3,7711,8925.0,162100.0,3.02,52935,21687,10.7,2565.08,20.8,84.5,917071.0,16.6,49.2,1087.0,24655,22952,8.9,11378.5,323891.0,1989,340,1094,145,1764,234,1465,Cassia
Castro County,TX,16.4,28.7,7.3,15.6,74.1,455.0,1.8,0.7,2.7,65.7,0.0,1.0,93.8,30.8,64.5,2532,3190.0,81900.0,3.0,50142,21884,16.6,894.43,52.3,91.3,575658.0,16.9,48.7,299.0,7371,8062,9.0,3088.0,54972.0,492,166,266,240,232,28,427,Castro
Caswell County,NC,22.1,18.7,4.9,15.9,80.4,1149.0,0.8,0.6,32.3,4.6,0.0,1.8,64.5,61.0,76.4,9145,10892.0,112800.0,2.36,45733,23901,2.6,424.92,4.2,90.6,33308.0,31.6,49.2,1424.0,22736,23719,55.8,75439.0,63883.0,1106,480,480,279,801,88,992,Caswell
Catahoula Parish,LA,17.9,21.2,5.6,13.8,74.3,615.0,0.6,0.1,30.7,1.7,0.0,1.1,67.6,66.1,80.2,3364,5043.0,89000.0,2.52,40129,22412,0.5,708.03,1.1,84.9,1901186.0,27.9,47.3,369.0,8906,10407,14.7,61451.5,66634.0,727,239,340,112,595,51,650,Catahoula
Catawba County,NC,18.3,21.9,5.6,22.6,85.9,10790.0,0.6,4.5,8.9,10.1,0.1,2.0,83.9,74.9,69.4,62319,69865.0,143600.0,2.49,52056,28224,6.8,398.72,13.3,87.3,5850929.0,22.6,51.1,9646.0,160610,154358,387.1,290679.0,2607313.0,13973,4269,7886,1320,11944,1241,11730,Catawba
Catoosa County,GA,18.2,22.6,5.3,21.4,87.5,4334.0,0.4,1.4,2.9,3.2,0.2,1.9,93.1,90.5,74.0,24778,27735.0,144300.0,2.67,56235,27308,2.3,162.16,3.9,87.1,554410.0,24.4,51.5,4306.0,67872,63942,394.3,87504.0,687430.0,4866,1431,2673,195,4393,521,3872,Catoosa
Catron County,NM,43.3,11.7,2.5,15.7,94.1,370.0,4.0,0.3,0.8,19.0,0.0,3.0,91.9,74.9,87.7,1325,3413.0,175400.0,2.57,41910,21989,2.5,6923.69,15.1,93.5,268581.0,12.9,46.8,514.0,3579,3725,0.5,1707.0,10664.0,340,121,131,40,271,0,301,Catron
Cattaraugus County,NY,19.7,21.9,5.5,19.1,88.8,3778.0,3.6,0.8,1.5,2.1,0.0,2.2,91.9,90.4,71.7,31779,41746.0,88100.0,2.34,48703,25822,1.9,1308.35,4.7,89.4,1558645.0,22.1,50.3,5930.0,77042,80317,61.4,128626.0,1091488.0,5322,1554,3084,279,4792,526,4496,Cattaraugus
Cavalier County,ND,27.4,22.6,7.2,19.5,91.9,392.0,1.9,0.4,0.4,1.4,0.1,1.4,95.8,94.5,80.7,1737,2360.0,104500.0,2.13,64798,43457,1.5,1488.75,3.3,89.0,3057.0,14.6,48.6,256.0,3704,3993,2.7,8750.0,125663.0,631,105,361,0,602,50,475,Cavalier
Cayuga County,NY,19.8,19.5,5.0,22.6,87.8,4211.0,0.5,0.7,4.4,3.1,0.1,2.2,92.1,89.9,71.3,31221,37247.0,128000.0,2.34,58377,30509,2.2,691.58,4.6,86.9,1065669.0,23.5,48.7,5254.0,76248,80026,115.7,89502.0,874692.0,4971,1511,3040,188,4563,439,4210,Cayuga
Cecil County,MD,16.2,22.5,5.7,23.9,89.5,5609.0,0.4,1.4,7.3,4.7,0.1,2.5,88.3,84.6,73.0,37058,42745.0,242700.0,2.73,76887,34810,3.7,346.27,5.5,89.3,1989298.0,29.9,50.5,7060.0,103725,101108,292.0,154123.0,1146349.0,6663,2409,3332,695,5660,443,5763,Cecil
Cedar County,IA,20.3,22.0,5.3,22.2,95.6,1321.0,0.2,0.6,0.6,2.3,0.1,1.3,97.2,95.1,81.2,7391,8271.0,156000.0,2.45,67795,32268,1.2,579.44,1.7,91.8,254991.0,25.3,50.2,1431.0,18505,18499,31.9,20428.0,208061.0,1894,769,777,28,1799,237,1463,Cedar
Cedar County,MO,23.7,24.1,6.8,13.6,87.7,1164.0,0.9,0.4,0.5,2.5,0.0,2.0,96.1,94.2,70.7,5842,7266.0,98900.0,2.37,39365,22623,1.4,474.48,2.5,86.3,149130.0,25.6,50.2,1280.0,14188,13982,29.5,11000.0,104927.0,1255,284,704,28,1139,127,1006,Cedar
Cedar County,NE,22.0,25.2,6.4,21.0,92.5,773.0,0.7,0.2,0.3,2.4,-1.0,0.9,97.9,95.9,80.5,3506,4167.0,121300.0,2.38,61869,30163,0.5,740.31,1.3,90.6,231681.5,17.0,49.1,565.0,8380,8852,12.0,2207.0,111037.0,1095,339,487,38,1010,100,938,Cedar
Centre County,PA,14.9,14.8,3.8,45.5,94.3,10321.0,0.2,6.4,3.8,3.0,0.1,1.7,87.9,85.4,61.5,58201,67398.0,234900.0,2.46,60403,30753,8.7,1109.92,12.1,76.3,1053482.0,20.4,47.4,7964.0,158172,153990,138.7,288988.0,1748674.0,12182,3436,7216,749,10863,1055,10278,Centre
Cerro Gordo County,IA,22.3,20.8,5.4,23.6,92.7,2842.0,0.4,1.1,2.1,5.1,0.2,1.8,94.4,89.9,69.1,19241,22369.0,128600.0,2.16,53963,32757,2.4,568.31,3.8,88.0,1361658.0,16.9,51.0,2812.0,43127,44151,77.7,20428.0,956539.0,4385,1518,2147,142,4002,319,3757,Cerro Gordo
Chaffee County,CO,26.0,15.1,3.7,33.8,93.5,2622.0,1.5,0.9,1.8,10.0,0.1,1.8,93.9,85.2,77.8,8231,11498.0,357800.0,2.21,55771,29827,3.8,1013.4,6.8,88.7,25293.0,19.2,47.0,1760.0,19476,17809,17.6,58868.0,249260.0,2847,945,1208,118,2526,282,2292,Chaffee
Chambers County,AL,20.2,20.8,5.7,13.3,81.6,2108.0,0.3,1.1,40.2,2.6,0.0,1.3,57.0,55.1,67.5,13448,17009.0,97100.0,2.46,42289,22729,1.8,596.53,2.4,89.9,474018.0,23.7,52.2,2102.0,34772,34215,57.4,30302.0,281987.0,2812,1143,1504,1107,1635,335,2389,Chambers
Chambers County,TX,12.0,27.8,7.0,22.7,88.5,3016.0,1.1,1.3,8.3,23.8,0.1,1.6,87.6,65.6,82.9,14069,16823.0,200400.0,2.92,91141,35916,7.7,597.14,17.9,91.8,575658.0,29.0,49.5,2313.0,46571,35096,58.8,48708.0,283230.0,2595,825,1347,605,1901,359,2080,Chambers
Champaign County,IL,13.3,18.7,5.4,45.0,95.0,12462.0,0.4,10.9,13.8,6.3,0.1,3.0,71.8,66.6,53.0,82369,94690.0,162100.0,2.36,52797,30578,12.2,996.27,17.6,78.8,3024563.0,17.7,50.3,8590.0,205865,201081,201.8,437503.0,2472708.0,14046,5022,7296,2587,10803,1012,12308,Champaign
Champaign County,OH,18.5,22.3,5.5,16.1,91.2,2344.0,0.4,0.5,2.1,1.7,0.0,2.3,94.6,93.2,73.2,15159,16848.0,132800.0,2.51,60112,27722,1.0,428.67,1.5,84.7,1387046.0,25.3,50.1,2706.0,38714,40097,93.5,29916.0,271252.0,3276,1078,1818,92,3088,272,2898,Champaign
Chariton County,MO,24.3,22.8,5.9,17.2,90.7,658.0,0.5,0.3,2.4,0.9,-1.0,1.3,95.5,94.8,78.3,2686,4149.0,87900.0,2.7,46738,23903,0.5,751.18,0.8,93.8,468824.0,24.7,50.1,536.0,7408,7831,10.4,2999.0,103704.0,814,260,300,26,758,85,698,Chariton
Charles City County,VA,25.5,14.7,3.7,14.7,79.7,410.0,6.7,0.6,44.4,1.8,0.1,3.4,44.8,43.6,83.9,2896,3391.0,167900.0,2.42,57198,35304,1.9,182.82,3.1,93.2,476138.5,33.8,51.5,561.0,6773,7256,39.7,44317.0,14698.0,460,102,278,148,272,67,351,Charles City
Charles County,MD,12.9,23.8,5.9,28.9,93.2,11889.0,0.8,3.4,50.1,6.3,0.1,4.0,41.6,37.2,76.9,56520,61838.0,313300.0,2.78,100003,41717,6.3,457.75,8.2,89.2,84000.0,45.0,51.8,16132.0,166617,146551,320.2,390891.0,2245020.0,10920,4220,5526,5024,5464,1487,8861,Charles
Charles Mix County,SD,18.6,29.8,8.7,18.6,88.5,704.0,32.7,0.3,0.6,3.7,0.0,3.5,63.0,62.1,70.9,3166,3928.0,116700.0,2.86,50481,22347,0.4,1097.49,6.1,90.6,109693.0,12.0,49.6,553.0,9373,9129,8.3,19767.0,99849.0,731,204,324,105,574,73,563,Charles Mix
Charleston County,SC,17.0,19.4,5.7,43.6,91.7,41296.0,0.4,1.8,26.3,5.3,0.1,1.7,69.6,65.2,61.6,159195,195149.0,315600.0,2.45,64022,39914,5.4,916.09,6.9,84.5,5668149.0,23.9,51.7,28941.0,408235,350209,382.3,1639955.0,6707726.0,40742,14464,21522,7135,31968,4592,33678,Charleston
Charlevoix County,MI,25.1,18.5,4.4,31.1,94.0,2645.0,1.7,0.6,0.5,2.2,0.1,1.9,95.2,93.5,80.9,11503,17853.0,166300.0,2.25,55760,33620,1.8,416.34,2.9,89.2,728370.0,20.2,50.5,1926.0,26054,25949,62.3,61872.0,196794.0,3323,847,2015,104,3097,519,2612,Charlevoix
Charlotte County,FL,40.8,11.8,2.9,23.4,90.6,14383.0,0.4,1.4,5.9,7.7,0.1,1.6,90.6,83.8,79.7,76891,107124.0,195400.0,2.31,51499,32144,10.9,680.28,10.2,85.9,90411.0,24.8,51.3,22735.0,186847,159978,235.2,219151.0,2091301.0,13023,3829,7488,1953,10514,1488,10610,Charlotte
Charlotte County,VA,22.6,20.9,5.6,10.9,83.2,670.0,0.4,0.3,27.6,2.3,0.0,1.8,69.9,68.3,71.3,4661,6348.0,111900.0,2.55,40573,22018,0.8,475.27,2.1,93.2,74806.0,32.8,50.4,826.0,11529,12586,26.5,4461.0,56529.0,684,276,352,134,522,140,513,Charlotte
Charlottesville city,VA,11.3,15.6,5.0,54.9,91.1,1479.0,0.2,7.1,18.8,5.5,0.1,2.9,70.6,65.7,42.8,18617,11797.5,299600.0,2.37,59471,38328,12.2,10.24,15.7,71.3,98699.0,17.0,51.6,1677.0,46553,43475,4246.3,293264.0,747946.0,5935,2093,2995,762,4756,471,4912,Charlottesville
Charlton County,GA,15.8,18.3,5.0,8.8,74.1,507.0,2.6,0.8,30.2,5.4,0.1,1.9,64.4,60.2,71.3,3675,4564.0,83300.0,3.22,41961,18323,9.1,773.58,10.1,87.3,554410.0,32.0,41.6,985.0,12518,12171,15.7,7288.0,58806.0,489,148,303,90,366,48,406,Charlton
Chase County,KS,25.9,19.7,4.5,25.5,91.8,232.0,0.8,0.3,1.2,4.8,-1.0,1.9,95.8,91.3,80.7,1051,1491.0,103600.0,2.42,45353,23055,1.8,773.06,3.5,90.6,328053.5,21.2,48.6,189.0,2572,2790,3.6,13223.0,15990.0,281,32,206,0,268,26,245,Chase
Chase County,NE,21.3,24.8,6.4,21.0,88.1,457.0,0.5,0.2,0.7,14.8,-1.0,0.9,97.7,83.6,75.6,1679,1971.0,133300.0,2.21,57009,30080,6.5,894.42,11.7,90.5,231681.5,12.8,50.9,236.0,3893,3966,4.4,4370.0,92252.0,496,136,269,0,462,0,434,Chase
Chatham County,GA,16.0,20.8,6.1,33.6,89.9,22971.0,0.4,2.9,41.2,6.7,0.1,2.3,53.0,47.8,54.7,108568,127433.0,194500.0,2.55,56842,32229,6.3,426.44,10.4,77.8,554410.0,22.1,52.0,22982.0,295291,265128,621.7,1024669.0,4256416.0,23884,9572,11800,8180,14563,2774,19626,Chatham
Chatham County,NC,25.0,19.9,4.8,42.4,88.9,6553.0,1.2,2.2,12.4,12.1,0.1,1.9,82.2,72.1,76.4,29033,33711.0,281700.0,2.43,67031,40967,9.2,682.19,14.4,90.6,487407.0,29.8,52.2,4394.0,76285,63505,93.1,91329.0,583012.0,6478,2299,3368,767,5523,666,5569,Chatham
Chattahoochee County,GA,4.9,22.6,8.8,29.5,94.3,275.0,1.4,2.9,19.4,16.9,1.2,4.7,70.3,57.0,24.6,2570,3335.0,71300.0,2.79,47096,23769,4.5,248.74,14.0,55.0,554410.0,12.9,36.0,767.0,9565,11267,45.3,2034.0,22726.0,443,222,155,173,233,100,279,Chattahoochee
Chattooga County,GA,17.6,22.4,6.0,8.9,73.8,1420.0,0.5,0.6,9.8,5.5,0.3,2.1,86.8,82.5,68.2,9260,11051.0,72200.0,2.49,36807,18715,2.9,313.34,4.7,87.7,403861.0,26.9,49.0,1352.0,24965,26015,83.0,17368.0,157984.0,1772,472,1133,216,1485,142,1491,Chattooga
Chautauqua County,KS,27.8,19.8,4.7,15.9,86.6,279.0,5.1,0.2,1.4,4.0,0.1,4.8,88.4,85.7,77.7,1456,2137.0,49500.0,2.24,40298,22962,0.7,638.88,1.1,92.1,24655.0,21.2,49.1,279.0,3379,3669,5.7,13223.0,20019.0,482,122,230,0,397,69,382,Chautauqua
Chautauqua County,NY,20.7,20.2,5.4,22.2,88.8,7046.0,0.7,0.7,2.8,7.8,0.1,2.2,93.6,87.1,69.3,53075,67774.0,88000.0,2.31,46820,26165,2.2,1060.23,7.9,87.8,5107494.0,17.9,50.7,8231.0,127657,134905,127.2,208720.0,1437908.0,8974,2757,5183,426,8085,903,7382,Chautauqua
Chaves County,NM,16.1,26.0,6.5,18.0,78.2,3038.0,2.4,1.2,2.4,57.8,0.3,1.8,91.9,37.9,68.9,23284,27480.0,108700.0,2.7,43359,22041,12.6,6065.28,34.2,83.8,770192.0,18.8,50.3,3590.0,65157,65645,10.8,107807.0,895096.0,4211,1362,2074,1311,2647,425,3371,Chaves
Cheatham County,TN,15.5,21.8,5.6,21.0,87.0,3628.0,0.6,0.4,2.1,3.4,0.1,1.7,95.1,92.2,77.0,15089,16717.0,187400.0,2.64,61913,27893,2.7,302.44,4.1,88.4,820245.0,33.4,50.5,2569.0,41072,39105,129.3,26011.0,225775.0,3536,1007,2160,213,3263,446,2939,Cheatham
Cheboygan County,MI,28.1,16.2,4.1,20.7,90.1,2000.0,3.0,0.4,0.7,1.5,0.1,2.8,92.9,91.8,82.4,11195,18651.0,130900.0,2.24,48044,26393,1.5,715.26,3.3,88.2,57112.0,26.4,50.1,2317.0,25579,26152,36.6,67384.0,310230.0,2626,876,1359,108,2400,358,2077,Cheboygan
Chelan County,WA,19.6,23.2,6.1,25.8,82.6,4952.0,2.0,1.2,0.9,28.2,0.3,2.4,93.2,67.6,64.4,28384,38644.0,292900.0,2.64,58795,30870,12.9,2920.53,26.1,87.4,572589.0,19.2,49.9,4837.0,79074,72453,24.8,197158.0,1004501.0,6263,1805,2782,710,5216,427,5302,Chelan
Chemung County,NY,19.5,21.2,5.5,23.3,90.3,3867.0,0.4,1.5,6.5,3.2,0.0,3.3,88.3,86.1,68.3,33989,39082.0,105800.0,2.36,54940,28778,3.0,407.35,4.4,88.9,1246970.0,19.9,50.5,5993.0,84148,88830,218.1,154458.0,1174752.0,4666,1877,2246,491,3858,490,3793,Chemung
Chenango County,NY,20.9,20.6,5.3,18.7,88.1,2700.0,0.4,0.6,1.0,2.3,0.0,1.5,96.4,94.5,74.5,20697,25961.0,98400.0,2.28,52002,27708,1.6,893.55,3.5,87.9,1661388.0,24.6,49.9,3493.0,47220,50477,56.5,34655.0,512817.0,3265,1075,1791,84,3050,252,2809,Chenango
Cherokee County,AL,23.5,18.9,4.6,12.8,81.6,1686.0,0.7,0.4,4.1,1.7,0.0,1.6,93.2,91.7,77.3,10737,16715.0,123400.0,2.39,41919,24301,0.9,553.7,1.5,90.5,367956.0,29.5,50.7,1883.0,24971,25989,46.9,17160.0,200191.0,1555,589,840,68,1430,125,1332,Cherokee
Cherokee County,GA,14.5,23.9,5.7,38.2,92.1,26324.0,0.5,2.1,7.7,11.1,0.1,2.2,87.4,77.8,76.8,88137,97492.0,253500.0,2.79,82740,36503,8.8,421.67,12.1,87.9,1027814.0,35.4,50.8,14018.0,266620,214346,508.3,281690.0,2271598.0,22221,7466,12755,3678,17945,2132,19205,Cherokee
Cherokee County,IA,24.7,21.6,5.5,22.2,93.1,835.0,0.5,0.6,1.2,4.1,0.2,1.0,96.5,92.8,74.6,5319,5775.0,106700.0,2.04,56550,32999,1.6,576.91,2.7,89.6,653316.0,16.6,50.0,854.0,11658,12072,20.9,11585.0,145554.0,1235,434,650,0,1159,108,1025,Cherokee
Cherokee County,KS,19.7,22.8,5.7,19.6,89.9,1097.0,4.4,0.5,0.9,2.7,0.5,4.2,89.5,87.5,72.7,7929,9891.0,82500.0,2.51,43175,22615,1.1,587.57,2.1,88.9,452814.0,20.0,50.6,1206.0,19362,21603,36.8,13223.0,125422.0,1517,502,757,84,1342,150,1288,Cherokee
Cherokee County,NC,30.5,16.5,4.2,19.0,87.2,2292.0,1.6,0.7,1.6,3.3,0.1,2.5,93.6,91.1,79.0,12471,18595.0,159100.0,2.21,41438,23902,2.7,455.43,3.3,88.1,317132.0,25.7,51.3,2820.0,28774,27444,60.3,40981.0,363600.0,2696,788,1581,133,2440,244,2329,Cherokee
Cherokee County,OK,17.0,21.7,5.6,26.3,86.5,2869.0,36.4,1.0,1.4,7.3,0.1,9.6,51.5,47.1,68.4,16665,22400.0,118000.0,2.8,42774,22161,3.5,749.41,8.0,84.2,15141.0,24.3,51.2,3398.0,47078,46987,62.7,53061.0,390596.0,3625,1216,1893,1352,2070,415,2940,Cherokee
Cherokee County,SC,17.1,22.9,5.9,14.2,80.3,2584.0,0.5,0.6,20.6,4.6,0.1,1.7,76.4,72.6,68.9,20699,24849.0,101500.0,2.71,36883,21152,2.4,392.66,4.2,88.6,3050569.0,23.2,51.4,3209.0,56216,55342,140.9,73430.0,800563.0,3165,1116,1665,713,2205,493,2398,Cherokee
Cherokee County,TX,17.9,25.3,6.9,17.2,79.0,3357.0,1.7,0.6,14.5,23.8,0.1,2.0,81.2,60.0,71.9,18138,21420.0,102900.0,2.7,48186,22391,10.9,1052.91,20.2,88.0,458470.0,25.1,49.0,2874.0,50412,50845,48.3,39399.0,383209.0,3496,1261,1778,642,2679,279,2978,Cherokee
Cherry County,NE,22.1,23.5,7.0,22.9,95.0,590.0,6.8,0.5,0.5,3.3,0.0,3.1,89.1,87.4,61.3,2537,3279.0,116000.0,2.23,56651,29415,1.5,5960.42,1.3,87.3,5072.0,13.6,49.0,415.0,5455,5713,1.0,13976.0,87324.0,711,241,306,0,671,44,615,Cherry
Chesapeake city,VA,13.0,24.2,6.3,33.2,92.1,1479.0,0.2,3.2,30.0,6.2,0.1,4.0,61.1,57.4,71.4,84849,11797.5,273700.0,2.76,78640,35536,5.9,340.8,8.3,85.5,1504214.0,26.7,51.1,26832.0,249422,222209,652.0,447563.0,4114946.0,16220,5751,8748,5419,9981,2502,12772,Chesapeake
Cheshire County,NH,20.7,17.8,4.5,33.1,93.4,5889.0,0.3,1.7,0.9,2.0,0.0,1.6,95.4,93.8,69.4,30141,35887.0,195300.0,2.37,64751,33946,3.3,706.66,2.9,84.0,1101592.0,23.2,51.0,5956.0,76458,77117,109.1,128676.0,1692504.0,7625,1869,4564,206,7057,775,6408,Cheshire
Chester County,PA,16.8,22.5,5.5,53.0,93.6,44183.0,0.3,6.1,6.2,7.6,0.1,2.0,85.3,78.8,75.0,190980,203159.0,357100.0,2.65,100214,50927,9.6,750.51,12.6,87.6,6633496.0,28.6,50.8,25402.0,534413,498886,664.7,846139.0,12474878.0,48950,13877,29578,4119,42770,4636,41788,Chester
Chester County,SC,19.2,22.4,5.7,13.4,82.1,1719.0,0.5,0.5,36.8,2.2,0.0,2.0,60.1,58.4,76.1,12653,14783.0,95600.0,2.54,42442,22324,1.3,580.66,2.7,95.4,1140650.0,27.6,51.9,1948.0,32294,33140,57.1,25502.0,234113.0,1760,659,905,600,1083,214,1430,Chester
Chester County,TN,17.3,21.8,5.3,16.0,85.2,1098.0,0.5,0.7,9.4,2.9,0.0,1.9,87.4,85.0,77.1,6060,7170.0,121900.0,2.63,51946,22629,1.7,285.74,2.3,90.9,76064.0,27.7,52.0,1052.0,17341,17131,60.0,40960.0,132948.0,1221,365,674,62,1128,28,1155,Chester
Chesterfield County,SC,19.0,21.8,5.6,10.4,76.7,2319.0,0.8,0.6,32.8,4.6,0.1,2.0,63.8,60.0,71.1,17900,21829.0,81500.0,2.52,41505,21325,2.7,799.08,3.9,90.5,1345197.0,24.8,51.4,2434.0,43273,46734,58.5,37794.0,317734.0,2740,1128,1355,664,1971,257,2370,Chesterfield
Chesterfield County,VA,15.4,23.5,6.0,40.5,92.3,24896.0,0.6,3.7,24.5,9.5,0.1,2.9,68.2,60.6,75.8,124971,134267.0,241200.0,2.72,82599,37658,8.6,423.3,11.9,87.2,3845325.0,26.6,51.8,25184.0,364548,316236,747.1,514490.0,4657329.0,23311,8455,12333,6470,15928,2847,19274,Chesterfield
Cheyenne County,CO,21.0,25.3,6.0,19.2,91.6,213.0,1.4,2.3,0.8,11.0,0.1,1.4,94.0,83.8,71.4,774,1010.0,108000.0,2.56,53977,29081,9.0,1778.28,15.5,84.1,80356.5,13.6,49.3,106.0,1748,1836,1.0,1072.0,18526.0,250,88,102,0,244,0,242,Cheyenne
Cheyenne County,KS,27.3,20.9,7.0,28.9,93.6,264.0,0.4,1.4,0.4,7.1,-1.0,0.8,97.0,90.2,80.0,1221,1500.0,78700.0,2.15,47639,29041,4.3,1019.89,8.3,92.1,328053.5,12.2,49.6,218.0,2616,2726,2.7,13223.0,17153.0,352,197,85,0,329,0,328,Cheyenne
Cheyenne County,NE,20.6,22.8,5.8,25.4,93.6,692.0,1.0,1.0,0.7,7.9,0.1,1.7,95.5,88.6,66.6,4395,5024.0,103000.0,2.16,53871,31294,1.5,1196.29,3.1,86.4,120822.0,13.7,49.8,720.0,9468,9998,8.4,28122.0,1081569.0,1021,348,459,75,912,121,852,Cheyenne
Chickasaw County,IA,21.2,23.4,6.1,17.2,92.8,890.0,0.1,0.4,0.8,2.9,0.0,0.9,97.8,95.3,80.7,5173,5697.0,119100.0,2.29,60034,31095,1.7,504.38,5.8,91.7,712404.0,19.7,49.7,830.0,12012,12439,24.7,8515.0,116900.0,1064,249,584,0,1021,61,913,Chickasaw
Chickasaw County,MS,17.5,24.9,6.9,12.4,75.4,1127.0,0.4,0.5,44.6,5.4,0.0,1.7,52.7,48.7,69.7,6476,7637.0,66500.0,2.58,36548,19926,2.0,501.78,3.5,91.1,483799.0,24.5,50.6,361.0,17106,17392,34.7,26152.0,153356.0,1352,417,759,324,976,165,1096,Chickasaw
Chicot County,AR,21.1,21.9,5.5,15.9,80.8,556.0,0.5,0.7,54.6,5.9,0.0,1.1,43.0,38.5,61.8,4068,5427.0,69700.0,2.43,34147,20232,2.3,644.3,6.7,84.3,602802.0,19.6,49.6,468.0,10208,11800,18.3,7536.0,75895.0,722,269,366,207,460,80,581,Chicot
Childress County,TX,15.9,19.0,4.6,18.3,82.0,382.0,1.0,0.8,10.8,31.7,0.0,1.5,85.8,55.4,59.9,2407,2856.0,85500.0,2.39,43181,21233,10.1,696.41,23.4,89.2,575658.0,15.8,38.7,326.0,6664,7041,10.1,16613.0,90442.0,580,140,371,116,445,122,408,Childress
Chilton County,AL,17.1,23.8,6.1,12.7,81.8,2873.0,0.6,0.5,10.3,8.2,0.2,1.4,87.1,79.9,74.5,16927,20056.0,107300.0,2.58,47468,24658,4.6,692.85,7.5,89.9,287155.0,32.1,50.9,2543.0,45014,43643,63.0,35354.0,442751.0,3130,930,1961,296,2750,231,2817,Chilton
Chippewa County,MI,18.8,17.8,4.6,21.2,90.0,1932.0,16.3,0.9,7.0,2.0,0.1,5.3,70.5,69.2,67.4,13999,21518.0,119100.0,2.43,46486,25086,2.9,1558.42,3.2,82.5,90140.0,17.9,44.6,3127.0,36785,38520,24.7,136272.0,454116.0,2352,696,1250,345,1823,244,1936,Chippewa
Chippewa County,MN,21.8,24.1,6.9,19.0,89.4,823.0,1.5,1.1,0.9,8.1,1.4,1.8,93.3,86.0,66.7,5209,5709.0,119700.0,2.24,55269,30772,5.9,581.12,8.3,86.3,358491.0,18.2,49.9,766.0,12598,12441,21.4,14073.0,198890.0,1138,293,593,0,1062,74,945,Chippewa
Chippewa County,WI,18.4,21.9,5.5,21.0,92.8,4066.0,0.6,1.5,1.8,1.9,0.1,1.3,94.7,93.3,73.1,25601,28860.0,167400.0,2.39,59742,29991,1.5,1008.37,3.1,86.5,1930526.0,22.8,48.0,4457.0,66297,62415,61.9,70027.0,1064917.0,5234,1563,2713,141,4882,445,4442,Chippewa
Chisago County,MN,15.8,22.7,5.9,21.5,94.6,3756.0,0.8,1.4,1.4,2.4,0.0,1.6,94.8,92.8,86.4,20242,22393.0,231500.0,2.64,83464,35021,1.9,414.86,3.0,86.9,552884.0,33.0,48.5,3714.0,56621,53887,129.9,38159.0,469214.0,4935,1390,2528,184,4623,541,4142,Chisago
Chittenden County,VT,15.6,17.4,4.6,51.3,94.4,15230.0,0.2,4.6,2.5,2.5,0.0,2.3,90.3,88.3,62.4,66160,71291.0,297900.0,2.31,73647,39062,9.0,536.58,10.3,79.6,3388030.0,21.6,51.1,7760.0,168323,156545,291.7,459913.0,2959434.0,18690,6079,10164,826,16728,2155,15287,Chittenden
Choctaw County,AL,23.6,19.7,5.3,11.9,81.4,745.0,0.2,0.2,41.7,1.0,-1.0,0.7,57.1,56.3,80.9,5300,7413.0,74100.0,2.4,35892,22308,0.6,913.5,1.6,89.9,778187.0,34.5,52.8,889.0,12665,13859,15.2,7598.0,99968.0,1233,323,754,321,870,291,869,Choctaw
Choctaw County,MS,22.3,21.4,5.2,19.1,80.5,678.0,0.4,0.4,29.7,1.6,0.0,1.4,68.1,67.1,78.6,3228,4230.0,81400.0,2.51,36777,22257,0.1,418.18,0.4,91.2,56825.0,32.5,51.2,398.0,8246,8547,20.4,26152.0,25113.0,802,303,366,184,575,101,612,Choctaw
Choctaw County,OK,21.1,24.2,7.0,13.4,82.2,941.0,18.5,0.5,10.6,4.8,0.1,7.5,62.8,60.0,69.3,5971,7624.0,96800.0,2.45,34489,21277,1.2,770.36,3.8,85.5,460737.5,23.6,52.0,1004.0,14204,15205,19.7,18076.0,118812.0,1042,349,555,285,698,136,824,Choctaw
Chouteau County,MT,21.2,22.5,4.7,28.3,92.6,378.0,19.1,0.4,0.2,2.9,0.1,1.7,78.4,76.8,63.8,2274,2963.0,143200.0,2.49,42298,23769,1.9,3972.49,2.0,87.6,5915.0,18.8,49.8,383.0,5895,5813,1.5,11457.0,46849.0,403,121,243,0,376,36,332,Chouteau
Chowan County,NC,25.3,19.9,5.0,21.7,86.8,1010.0,0.5,0.8,34.4,3.7,0.2,1.5,62.6,59.8,66.7,6133,7327.0,131100.0,2.25,46519,26256,2.3,172.47,2.2,90.7,451182.0,29.5,52.4,1055.0,13708,14793,85.8,19059.0,119177.0,1459,464,768,182,1216,244,1117,Chowan
Christian County,IL,20.2,20.1,5.1,17.1,89.7,1728.0,0.3,0.6,1.6,1.7,0.0,1.2,96.2,94.8,75.1,13901,15600.0,90900.0,2.24,52834,27361,1.2,709.38,2.3,89.6,741144.5,24.4,49.1,2689.0,34032,34800,49.1,33982.0,410288.0,2480,756,1139,54,2278,187,2064,Christian
Christian County,KY,12.7,27.1,9.5,18.1,85.6,3690.0,0.7,1.5,22.1,8.1,0.3,3.6,71.8,65.2,48.1,25721,29987.0,117400.0,2.52,43919,23021,2.9,717.5,9.8,76.3,1894832.0,16.9,47.0,5858.0,72748,73955,103.1,35974.5,1019897.0,4350,1464,2082,718,3340,400,3534,Christian
Christian County,MO,16.1,25.1,6.2,28.6,92.0,7243.0,0.7,0.7,0.9,3.1,0.1,2.0,95.6,92.9,74.2,31645,35314.0,169000.0,2.69,60645,28216,2.0,562.65,3.6,87.7,274873.0,25.8,51.0,6418.0,88842,77422,137.6,73435.0,696800.0,7334,1876,4131,327,6795,674,6295,Christian
Churchill County,NV,19.1,22.9,6.6,18.8,91.6,1265.0,5.5,3.0,2.5,14.5,0.4,4.5,84.1,72.5,65.4,9940,11045.0,191500.0,2.38,57824,28462,7.3,4930.46,14.8,83.4,712978.0,20.8,49.2,3118.0,25516,24877,5.0,35884.0,235127.0,1284,414,549,146,1021,155,946,Churchill
Cibola County,NM,16.8,23.2,6.0,14.2,83.0,1111.0,43.9,0.6,1.5,38.5,0.1,2.2,51.7,18.9,68.7,8708,11457.0,84400.0,2.92,39413,20018,2.5,4539.48,39.6,85.9,268581.0,23.7,48.8,1516.0,27172,27213,6.0,27542.0,256663.0,1347,632,576,748,501,112,1137,Cibola
Cimarron County,OK,25.4,25.5,5.9,22.8,83.1,214.0,1.0,0.4,0.7,23.3,-1.0,3.2,94.8,72.3,72.9,977,1577.0,56500.0,2.21,46328,29115,8.2,1834.74,19.4,94.3,460737.5,13.2,49.1,142.0,2296,2475,1.3,4134.0,38459.0,357,181,72,0,312,0,305,Cimarron
Citrus County,FL,36.7,14.7,3.7,18.3,88.4,10082.0,0.4,1.7,3.2,6.1,0.0,1.7,92.9,87.5,81.9,63681,80895.0,131500.0,2.24,44237,26989,5.4,581.7,6.4,85.6,35824.0,26.4,51.5,19157.0,153843,141236,242.8,114573.0,1420997.0,9705,3247,5076,876,8535,1289,7742,Citrus
Clackamas County,OR,18.8,21.2,5.2,37.4,93.4,32935.0,1.1,4.9,1.2,9.0,0.3,3.7,88.9,81.1,71.1,157408,170724.0,395100.0,2.59,80484,41492,8.2,1870.32,12.1,85.6,5371545.0,29.2,50.7,26384.0,421401,375992,201.0,637512.0,5125309.0,35537,12643,17619,3367,30740,3250,30021,Clackamas
Claiborne County,MS,16.7,20.9,6.1,24.0,80.3,395.0,0.2,0.8,86.6,1.4,0.0,1.0,11.4,10.7,69.5,2908,4381.0,67500.0,2.86,29338,14320,0.9,487.41,2.4,95.0,483799.0,26.3,52.7,339.0,9135,9604,19.7,7677.0,35327.0,414,162,195,261,111,74,298,Claiborne
Claiborne County,TN,20.3,19.1,5.2,16.1,80.1,1817.0,0.4,0.9,1.1,1.4,0.0,1.4,96.2,94.9,70.9,13281,15606.0,110000.0,2.29,36835,21566,1.2,434.58,2.2,86.3,327940.0,24.9,51.0,1893.0,32043,32213,74.1,23637.0,170081.0,2423,689,1521,67,2306,233,2070,Claiborne
Claiborne Parish,LA,19.5,17.6,4.8,12.8,79.5,855.0,0.6,0.4,51.8,1.6,0.0,1.4,45.8,44.8,65.9,5917,7910.0,78100.0,2.34,26776,16770,0.9,754.88,0.9,93.0,1901186.0,27.7,43.1,759.0,14170,17195,22.8,61451.5,83687.0,923,199,454,195,687,82,784,Claiborne
Clallam County,WA,30.5,16.7,4.3,27.4,92.5,4825.0,5.6,1.9,1.2,6.6,0.2,4.1,87.1,82.4,70.4,32958,37728.0,253800.0,2.25,52192,30283,5.4,1738.33,5.3,84.9,372167.0,22.1,50.6,8988.0,77155,71404,41.1,113266.0,811967.0,6359,2236,2925,445,5572,868,4995,Clallam
Clare County,MI,24.1,19.8,5.4,12.6,84.5,1784.0,0.9,0.3,0.8,2.1,0.0,1.6,96.4,94.6,82.9,12199,23458.0,91100.0,2.48,39565,22573,1.3,564.32,5.4,84.0,254007.0,27.3,50.0,2592.0,30856,30926,54.8,34655.0,261312.0,1914,583,1130,105,1711,125,1658,Clare
Clarendon County,SC,24.2,18.9,4.5,15.1,78.5,2149.0,0.4,0.8,47.3,3.2,0.0,1.0,50.5,48.2,77.0,13161,17965.0,102000.0,2.47,40900,22824,2.2,606.94,4.0,91.9,235203.0,29.4,51.0,2420.0,31144,34971,57.6,28348.0,336334.0,2756,1043,1548,1086,1614,314,2378,Clarendon
Clarion County,PA,20.3,18.7,5.1,22.1,90.1,2383.0,0.3,0.7,1.3,1.1,0.0,1.1,96.7,95.8,69.1,16021,20584.0,116900.0,2.34,46680,25157,1.1,600.83,4.1,86.8,471237.0,23.8,50.9,2714.0,37241,39988,66.6,57431.0,460431.0,2685,638,1545,57,2443,480,1994,Clarion
Clark County,AR,16.8,19.0,5.3,26.6,90.0,1326.0,0.6,0.7,24.6,4.8,0.1,1.6,72.4,68.3,57.5,8446,10600.0,111600.0,2.34,41620,21337,2.8,866.07,4.9,77.6,392700.0,20.8,52.5,1419.0,21446,22995,26.6,41523.0,273667.0,1346,392,642,248,973,149,1099,Clark
Clark County,ID,19.4,22.0,5.6,12.2,59.8,76.0,3.1,1.1,1.2,44.5,0.2,2.1,92.3,51.2,62.4,290,562.0,98100.0,3.07,46154,18860,33.1,1764.19,48.9,78.9,172944.0,25.2,48.9,28.0,790,982,0.6,11378.5,111149.5,47,0,33,0,41,0,41,Clark
Clark County,IL,20.2,22.3,5.7,19.9,92.8,1003.0,0.2,0.4,0.5,1.5,0.0,1.0,97.9,96.5,76.6,6720,7826.0,92500.0,2.31,56531,30796,1.2,501.42,1.8,87.4,539246.0,23.4,50.5,941.0,15455,16335,32.6,19917.0,141675.0,1187,408,502,0,1146,178,918,Clark
Clark County,IN,16.2,22.3,6.3,21.2,89.4,7223.0,0.4,1.2,8.4,5.7,0.1,2.6,87.4,82.4,71.1,44200,51683.0,142800.0,2.6,55630,29062,3.6,372.86,5.5,89.3,2376646.0,23.7,51.3,7921.0,121093,110232,295.6,42848.0,1814333.0,8065,2705,4239,664,7005,874,6741,Clark
Clark County,KS,21.5,24.7,6.4,26.1,94.8,226.0,1.5,1.5,0.5,11.0,0.1,2.5,94.0,83.6,74.3,873,1132.0,75900.0,2.25,53348,28227,2.3,974.63,5.3,86.0,328053.5,15.2,50.7,173.0,1991,2215,2.3,463.0,9057.0,213,44,93,0,162,0,168,Clark
Clark County,KY,18.2,22.2,6.0,20.1,86.2,2240.0,0.3,0.7,4.8,3.1,0.0,1.6,92.6,90.0,67.4,14509,16018.0,145400.0,2.45,54953,28802,1.6,252.46,3.0,82.0,1016003.0,25.1,51.2,2187.0,36972,35613,141.1,56505.0,471504.0,2665,1018,1329,113,2438,237,2252,Clark
Clark County,MO,21.5,22.5,5.8,12.8,86.3,451.0,0.2,0.4,0.4,0.9,0.0,1.3,97.6,96.8,74.9,2657,3506.0,90000.0,2.52,48909,26490,1.3,504.69,5.9,90.7,468824.0,25.9,48.8,428.0,6634,7139,14.1,4439.0,117169.0,562,79,459,0,545,85,457,Clark
Clark County,NV,15.1,23.0,6.2,24.5,86.1,189386.0,1.2,10.4,13.1,31.6,0.9,4.9,69.5,41.7,53.8,783524,924538.0,262700.0,2.76,59340,30704,22.2,7891.43,34.1,81.8,5673762.0,25.2,50.1,142776.0,2265461,1951269,247.3,24283834.0,27971660.0,166266,62881,83388,62567,96892,15993,142442,Clark
Clark County,OH,19.7,22.3,5.9,18.7,88.7,6627.0,0.4,0.7,9.0,3.6,0.1,3.0,86.9,83.9,66.0,54696,61253.0,115500.0,2.41,50873,27066,2.0,397.47,3.6,81.6,2832411.0,22.5,51.5,11565.0,136001,138333,348.0,197000.0,1541515.0,8809,3107,4569,723,7625,900,7293,Clark
Clark County,SD,21.8,26.9,10.4,19.1,91.2,288.0,0.6,0.6,1.5,3.5,-1.0,1.0,96.3,93.3,79.4,1546,1844.0,102400.0,2.33,48980,30991,1.9,957.6,4.7,89.7,109693.0,21.1,48.7,174.0,3837,3691,3.9,1334.0,34791.0,459,149,268,0,439,42,382,Clark
Clark County,WA,16.0,23.5,6.0,30.6,92.7,33464.0,1.2,5.0,2.4,10.2,0.9,4.3,86.1,77.5,67.0,174661,189583.0,327000.0,2.69,75253,35860,10.6,629.0,15.0,82.9,874205.0,27.3,50.6,32800.0,503311,425363,676.2,550699.0,4276454.0,34479,11487,16650,4035,28812,2559,29443,Clark
Clark County,WI,17.0,29.4,8.1,12.6,82.3,2379.0,0.8,0.5,0.6,5.2,0.0,1.0,97.1,92.4,78.4,12791,15254.0,127200.0,2.66,54012,25382,2.6,1209.82,17.3,89.4,2021035.0,22.0,49.5,1852.0,34659,34690,28.7,17829.0,260576.0,3195,717,2029,0,3126,465,2619,Clark
Clarke County,AL,20.5,21.3,5.8,12.2,80.6,1446.0,0.6,0.4,45.0,1.3,0.0,1.0,53.0,52.1,70.1,9090,12857.0,112500.0,2.61,37404,22225,0.2,1238.47,0.9,93.0,681292.0,26.6,52.8,1174.0,23087,25833,20.9,27967.0,341028.0,2417,894,1238,694,1609,171,2018,Clarke
Clarke County,GA,11.3,17.1,5.1,44.0,88.0,9267.0,0.4,4.1,28.3,11.0,0.1,2.2,64.8,55.2,39.0,48844,53633.0,170700.0,2.36,38623,23827,10.0,119.2,15.2,70.2,2004754.0,19.4,52.6,4597.0,128671,116714,979.1,307552.0,1684161.0,9397,3465,4964,2944,6039,863,7897,Clarke
Clarke County,IA,19.2,25.6,6.5,16.0,87.8,547.0,1.0,0.8,1.3,15.4,0.2,1.5,95.2,81.2,70.4,3895,4414.0,110300.0,2.35,54427,27416,6.3,431.17,12.2,82.6,528536.5,23.9,49.0,611.0,9748,9286,21.5,67545.0,151061.0,764,291,409,0,710,127,581,Clarke
Clarke County,MS,20.8,21.9,6.0,12.5,82.9,1055.0,0.5,0.2,34.7,1.1,0.0,0.7,63.8,62.9,83.3,6237,8057.0,84900.0,2.52,43207,23988,0.4,691.55,0.5,93.2,483799.0,29.9,53.0,1017.0,15615,16732,24.2,26152.0,63556.0,1080,335,683,296,755,78,956,Clarke
Clarke County,VA,21.8,19.5,4.4,32.2,89.1,1426.0,0.7,1.4,4.7,6.4,0.1,2.5,90.6,85.3,75.0,5612,6396.0,347200.0,2.54,80026,41332,3.5,176.18,6.1,90.1,89778.0,38.1,50.5,1095.0,14783,14034,79.7,44317.0,81456.0,1596,579,841,120,1441,236,1304,Clarke
Clatsop County,OR,23.4,18.6,4.9,24.4,92.1,3024.0,1.4,1.6,0.9,8.6,0.3,3.3,92.6,85.1,62.2,15800,22774.0,283900.0,2.43,54886,29757,4.6,829.05,7.4,82.4,905837.0,20.3,50.5,3500.0,41072,37039,44.7,210103.0,704124.0,3810,1232,1684,238,3389,503,2883,Clatsop
Clay County,AL,21.0,20.2,5.3,10.6,76.7,829.0,0.6,0.3,13.8,3.3,-1.0,2.1,83.2,80.3,75.5,5198,6833.0,107800.0,2.52,40845,23519,2.0,603.96,3.2,91.5,778187.0,29.1,51.3,632.0,14236,13932,23.1,4764.0,67683.0,873,261,580,119,726,163,690,Clay
Clay County,AR,21.9,21.2,5.7,12.6,82.5,843.0,0.6,0.2,0.9,2.2,0.0,1.5,96.8,94.9,67.4,6444,8011.0,77400.0,2.29,37233,22505,0.8,639.47,1.4,86.6,602802.0,21.9,51.2,970.0,14552,16083,25.2,17679.0,179437.0,1035,331,531,32,969,80,867,Clay
Clay County,FL,16.3,23.0,5.4,24.9,91.8,14765.0,0.5,3.1,12.6,10.4,0.2,3.3,80.3,71.7,75.0,74333,82617.0,185400.0,2.83,65740,30483,6.9,604.36,11.0,82.3,778359.5,33.7,50.7,26414.0,218245,190865,315.8,238530.0,1909475.0,12609,4718,6373,2584,9561,1912,9880,Clay
Clay County,GA,27.3,19.3,5.6,12.5,80.0,161.0,0.4,0.6,60.4,1.7,0.1,0.8,37.8,36.3,72.9,1242,2130.0,71400.0,2.33,22325,17036,2.5,195.38,2.9,96.0,554410.0,24.3,53.2,206.0,2848,3183,16.3,33983.0,12495.0,166,72,84,77,83,0,147,Clay
Clay County,IA,21.1,22.7,6.3,22.7,93.6,1330.0,0.3,0.8,0.9,4.1,0.0,1.2,96.7,92.9,67.7,7212,8295.0,124100.0,2.2,50521,28747,2.5,567.24,3.7,81.7,320088.0,16.9,50.8,1094.0,16384,16667,29.4,24875.0,313028.0,1895,464,1025,42,1745,137,1517,Clay
Clay County,IL,20.8,22.6,6.0,15.0,88.0,936.0,0.3,0.9,0.6,1.6,-1.0,1.0,97.3,95.8,74.5,5696,6459.0,84500.0,2.27,48500,26815,0.5,468.32,1.8,88.8,763086.0,22.0,50.5,882.0,13288,13815,29.5,12512.0,113291.0,1369,305,833,55,1275,113,1150,Clay
Clay County,IN,18.2,22.9,6.2,17.0,91.4,1406.0,0.3,0.4,0.7,1.5,0.1,1.3,97.2,95.9,77.6,10543,11767.0,101400.0,2.44,55637,26257,0.9,357.54,1.8,89.4,520358.0,29.0,50.4,1768.0,26466,26890,75.2,21388.0,312690.0,1737,506,965,27,1651,172,1484,Clay
Clay County,KS,23.5,23.4,5.9,26.7,92.9,651.0,0.6,0.5,1.0,2.7,0.1,2.0,95.7,93.4,71.1,3514,4128.0,98000.0,2.26,53929,29235,1.6,645.3,2.2,85.7,328053.5,19.3,50.4,930.0,8117,8535,13.2,6901.0,94213.0,788,250,316,0,753,97,603,Clay
Clay County,KY,15.6,21.0,5.9,9.8,64.7,1170.0,0.2,0.2,4.1,2.1,0.0,1.2,94.2,92.5,67.9,7622,9092.0,54100.0,2.48,26840,15391,1.0,469.25,1.5,88.9,559741.0,32.4,47.8,807.0,20345,21730,46.3,35974.5,138795.0,1724,749,731,31,1657,166,1508,Clay
Clay County,MN,13.4,24.8,7.1,34.2,94.9,4243.0,1.8,1.4,4.4,4.7,0.1,2.5,89.8,86.0,67.5,24364,27150.0,197100.0,2.46,65269,30768,4.8,1045.37,6.9,83.7,409324.0,20.2,50.4,3207.0,65318,58999,56.4,68836.0,665074.0,4595,1632,2405,129,4284,388,3886,Clay
Clay County,MO,14.4,23.9,6.3,33.2,93.3,16567.0,0.6,2.5,7.3,7.1,0.4,3.0,86.2,80.1,68.7,91238,99687.0,174900.0,2.63,70510,34560,5.1,397.3,7.3,83.2,8645354.0,23.3,50.9,15438.0,253335,221939,558.6,756416.0,3862101.0,17834,6248,9132,2043,14983,1852,14639,Clay
Clay County,MS,18.9,22.4,5.7,20.4,81.7,1280.0,0.2,0.4,59.3,1.6,0.0,0.8,39.3,38.4,71.4,7618,9342.0,89900.0,2.54,31833,20599,0.5,410.08,0.9,91.2,656561.0,22.5,53.2,1004.0,18636,20634,50.3,22617.0,165403.0,1508,638,736,643,779,181,1237,Clay
Clay County,NC,31.9,16.7,4.4,23.7,88.2,1088.0,0.7,0.4,1.3,3.9,0.1,1.6,95.9,92.5,78.0,4996,7437.0,180300.0,2.18,42222,28467,2.6,214.75,2.5,93.5,1006562.0,22.9,51.4,1033.0,11089,10587,49.3,8607.0,134443.0,1233,413,583,0,1151,128,1007,Clay
Clay County,NE,20.4,24.9,6.9,19.9,91.5,540.0,1.3,0.3,0.5,9.0,0.3,1.0,96.6,89.2,79.8,2539,3026.0,91300.0,2.41,57173,27539,4.0,572.29,7.7,87.6,231681.5,21.2,49.1,395.0,6104,6542,11.4,980.0,135943.0,745,294,217,0,700,42,643,Clay
Clay County,SD,12.6,17.4,5.1,49.9,95.0,876.0,3.8,2.7,1.7,3.2,0.1,2.4,89.4,87.2,53.7,5233,6296.0,168300.0,2.23,50724,28192,4.3,412.19,6.0,64.6,109693.0,15.9,50.1,706.0,14967,13864,33.6,28427.0,122821.0,915,298,397,0,840,113,635,Clay
Clay County,TN,25.3,20.0,4.6,13.9,80.3,636.0,0.5,0.1,1.6,2.5,0.1,1.3,96.4,94.3,78.3,3039,4377.0,98200.0,2.48,32167,18983,2.3,236.54,3.3,92.5,674991.0,31.0,51.0,500.0,7581,7861,33.2,40960.0,37747.0,817,204,476,47,762,53,730,Clay
Clay County,TX,23.7,19.7,4.3,21.4,90.5,874.0,1.4,0.5,1.1,6.9,0.0,2.1,95.0,89.1,84.4,4105,5335.0,101000.0,2.52,55989,29159,3.7,1088.72,6.7,87.5,575658.0,27.5,50.1,851.0,10218,10752,9.9,33330.5,88837.0,768,149,568,120,637,92,647,Clay
Clay County,WV,21.2,22.2,5.3,9.2,77.3,365.0,0.4,0.1,0.3,0.9,0.0,1.1,98.1,97.3,81.4,3274,4639.0,80200.0,2.64,35024,17239,0.0,341.9,0.9,90.3,258272.0,42.6,49.4,521.0,8051,9386,27.5,48291.0,45654.0,437,151,237,0,410,0,387,Clay
Clayton County,GA,9.6,27.6,7.5,19.5,84.8,31318.0,0.6,5.0,72.8,13.4,0.1,2.4,19.1,9.1,49.5,94279,106360.0,108500.0,2.95,47864,20970,13.5,141.57,19.2,81.9,1873369.0,32.3,53.3,16111.0,297595,259424,1832.5,450869.0,3229643.0,29401,15117,12574,24194,4477,2964,25584,Clayton
Clayton County,IA,24.4,21.1,5.4,17.7,89.9,1465.0,0.2,0.3,0.9,2.0,0.1,1.0,97.5,95.8,74.5,7510,9164.0,121700.0,2.3,53152,28294,2.6,778.54,6.0,89.7,217792.0,22.1,49.3,1321.0,17043,18129,23.3,20428.0,211572.0,1673,545,833,0,1605,131,1433,Clayton
Clear Creek County,CO,21.3,15.1,3.9,48.1,98.6,1030.0,1.4,1.2,1.0,7.6,0.1,2.2,94.2,87.8,77.2,4395,5847.0,378300.0,2.13,67060,39203,2.2,395.23,6.7,84.0,80356.5,29.5,47.1,634.0,9397,9088,23.0,30272.0,75334.0,1123,359,665,69,1028,113,973,Clear Creek
Clearfield County,PA,21.0,18.1,4.7,15.1,87.2,4308.0,0.2,0.6,3.0,3.1,0.0,0.9,95.1,92.8,76.8,31248,39357.0,96100.0,2.38,49015,24403,2.5,1144.72,4.3,90.7,962412.0,26.1,47.3,6105.0,80562,81642,71.3,99482.0,1331310.0,6149,1808,3426,91,5805,898,4877,Clearfield
Clearwater County,ID,28.0,15.8,3.6,17.9,90.4,511.0,2.5,0.7,0.6,4.1,0.2,2.5,93.4,89.9,78.1,3555,4668.0,155900.0,2.17,43915,23412,2.1,2457.27,4.3,86.3,172944.0,29.5,44.8,1149.0,8734,8761,3.6,6532.0,55546.0,746,333,229,0,693,28,670,Clearwater
Clearwater County,MN,20.5,24.7,6.3,17.1,86.1,642.0,9.5,0.3,0.8,2.4,0.0,3.8,85.6,84.1,81.3,3405,4801.0,137200.0,2.56,50386,27178,1.0,998.94,4.0,88.9,763107.0,26.6,49.1,749.0,8524,8695,8.7,38159.0,48815.0,884,259,486,0,832,135,668,Clearwater
Cleburne County,AL,20.2,22.5,6.0,15.4,79.0,997.0,0.5,0.2,2.8,2.6,0.1,1.3,95.1,92.8,76.1,5680,6891.0,116500.0,2.6,44741,23142,1.6,560.1,2.9,86.7,269201.0,34.0,50.8,697.0,15056,14972,26.7,51801.0,63984.0,1185,317,784,64,1107,91,1073,Cleburne
Cleburne County,AR,27.2,18.8,4.5,15.5,85.9,2160.0,0.7,0.5,0.5,2.5,0.0,1.7,96.5,94.5,75.2,10783,16162.0,129900.0,2.3,44483,27227,1.4,553.69,2.4,86.1,190316.0,27.2,50.9,2529.0,24711,25970,46.9,33919.0,313115.0,2567,685,1503,71,2438,441,2043,Cleburne
Clermont County,OH,16.9,22.7,5.7,28.6,90.2,13747.0,0.2,1.4,1.7,2.1,0.1,1.6,95.0,93.2,74.2,78009,84146.0,170800.0,2.59,66968,34390,2.2,452.1,3.0,87.8,1248469.0,28.0,50.6,12867.0,208601,197363,436.5,285342.0,2659251.0,14244,4029,8331,557,13250,1569,11934,Clermont
Cleveland County,AR,21.4,21.6,5.2,16.2,89.6,364.0,0.5,0.2,11.5,2.5,0.0,1.5,86.3,84.3,76.0,3217,4142.0,97100.0,2.5,46684,24225,0.8,597.78,1.0,94.9,602802.0,31.2,50.5,489.0,7550,8689,14.5,571.0,13374.0,470,156,274,0,438,113,341,Cleveland
Cleveland County,NC,19.0,21.9,5.7,17.6,84.2,5721.0,0.4,1.1,20.8,3.8,0.0,1.9,75.8,72.8,67.8,35638,43767.0,120100.0,2.68,42247,22589,2.4,464.25,4.3,87.2,1821194.0,24.7,51.9,6044.0,99519,98078,211.3,109084.0,962137.0,6725,2141,3469,913,5565,713,5579,Cleveland
Cleveland County,OK,13.8,21.2,5.2,33.4,91.8,22282.0,5.3,4.7,5.5,9.2,0.1,6.0,78.3,70.8,63.7,106172,117076.0,165600.0,2.52,64016,31571,6.4,538.77,10.3,80.5,1495682.0,23.6,50.1,21005.0,295528,255755,474.7,512399.0,3168930.0,23052,7634,12094,4050,18037,2219,19374,Cleveland
Clinch County,GA,16.8,25.1,6.4,10.0,69.2,380.0,0.9,0.4,27.6,5.8,0.1,1.9,69.1,64.4,74.9,2477,3018.0,61000.0,2.51,27658,15152,3.2,800.22,3.3,88.6,554410.0,16.9,51.7,219.0,6749,6798,8.5,33983.0,44688.0,406,117,212,152,232,35,348,Clinch
Clinton County,IA,19.9,22.7,6.1,17.9,90.9,2613.0,0.4,0.7,3.1,3.3,0.0,2.0,93.8,90.9,73.3,19635,22226.0,118100.0,2.35,51688,28483,1.4,694.92,1.9,86.2,4731113.0,19.8,50.9,3555.0,46460,49116,70.7,103536.0,652109.0,4284,1317,2222,146,3913,377,3588,Clinton
Clinton County,IL,18.0,21.1,5.9,22.3,90.1,2356.0,0.4,0.6,3.7,3.2,0.1,1.3,94.0,91.2,79.6,14353,16003.0,146200.0,2.47,66639,31783,1.7,474.09,4.1,90.2,741144.5,26.5,48.2,2872.0,36899,37762,79.7,41443.0,425943.0,2724,900,1279,102,2535,201,2364,Clinton
Clinton County,IN,16.8,26.1,6.9,16.3,85.7,1732.0,0.5,0.5,0.8,16.5,0.0,1.1,97.1,81.4,70.6,12033,13423.0,111500.0,2.63,54286,24489,6.9,405.07,12.7,89.0,3192661.0,22.4,50.2,1721.0,33190,33224,82.0,27528.0,239143.0,2233,644,1311,96,2048,273,1828,Clinton
Clinton County,KY,19.7,22.2,5.9,10.3,73.2,757.0,0.3,0.3,0.6,2.9,0.4,1.3,97.1,94.9,69.5,3985,5331.0,72800.0,2.52,32184,21019,1.1,197.25,3.1,93.0,559741.0,17.6,50.9,631.0,9253,10272,52.1,35974.5,59416.0,978,238,583,0,947,51,886,Clinton
Clinton County,MI,17.5,22.1,5.5,32.1,94.5,5626.0,0.5,1.6,2.1,4.6,0.1,2.0,93.6,89.5,80.0,29728,32155.0,172800.0,2.61,70390,34761,3.1,566.41,4.3,89.8,625461.0,24.6,50.7,4668.0,79128,75382,133.1,55921.0,749244.0,6485,2101,3724,497,5832,378,5912,Clinton
Clinton County,MO,18.2,23.2,5.7,21.6,92.0,1406.0,0.8,0.5,1.4,2.3,0.1,2.0,95.3,93.3,76.4,8177,9087.0,159700.0,2.45,62701,29081,1.4,418.96,1.5,86.5,468824.0,32.7,50.0,1728.0,21184,20743,49.5,13153.0,158016.0,1643,445,843,45,1550,129,1315,Clinton
Clinton County,NY,17.7,17.9,4.8,22.9,87.6,4020.0,0.4,1.4,4.4,3.0,0.0,1.5,92.2,90.0,66.5,31301,36835.0,134100.0,2.33,56365,27761,4.3,1037.85,5.6,82.8,1279423.0,19.3,48.6,5821.0,79843,82128,79.1,139172.0,1385341.0,5155,1528,2842,176,4575,345,4392,Clinton
Clinton County,OH,17.6,22.8,6.0,18.9,88.3,2573.0,0.3,0.6,2.2,1.7,0.1,2.2,94.7,93.3,64.6,16528,18229.0,128400.0,2.46,52815,26690,1.5,408.68,2.2,86.0,1029063.0,26.7,50.6,3042.0,42018,42040,102.9,75153.0,443085.0,3277,983,1810,72,3029,399,2648,Clinton
Clinton County,PA,19.2,19.9,5.1,19.5,89.3,1897.0,0.2,0.7,1.7,1.6,0.1,1.1,96.2,94.9,70.2,14690,19298.0,136600.0,2.54,50923,25794,1.5,887.98,6.3,86.9,1676778.0,24.1,50.9,2895.0,37450,39238,44.2,58041.0,582590.0,2623,788,1369,91,2428,198,2286,Clinton
Cloud County,KS,21.6,23.2,6.2,24.0,93.0,664.0,0.7,1.2,1.1,3.4,0.0,2.0,95.0,92.5,72.9,3689,4593.0,75800.0,2.33,45373,27279,1.9,715.34,3.7,83.7,328053.5,15.9,50.4,590.0,9032,9533,13.3,14054.0,136515.0,1053,358,506,35,971,47,905,Cloud
Coahoma County,MS,16.0,27.0,7.9,16.5,79.5,1658.0,0.2,0.5,77.6,1.7,0.1,0.8,20.9,19.9,50.6,8782,10708.0,68300.0,2.56,29121,18985,0.5,552.44,1.4,85.5,288392.0,20.8,53.7,998.0,21390,26151,47.3,82277.0,295392.0,2075,965,907,1225,724,183,1752,Coahoma
Coal County,OK,21.0,23.7,6.9,17.3,82.7,468.0,19.9,0.3,0.9,4.4,-1.0,8.9,70.0,67.7,74.0,2227,2821.0,83800.0,2.48,40938,24055,1.1,516.68,4.1,88.3,460737.5,25.4,50.1,353.0,5266,5925,11.5,40216.0,41864.0,532,117,382,82,438,91,420,Coal
Cobb County,GA,12.7,23.3,6.1,47.4,92.1,83097.0,0.5,5.6,28.8,13.3,0.1,2.6,62.4,51.1,64.5,280374,304819.0,253900.0,2.64,77932,40031,15.7,339.55,20.9,83.9,8587163.0,31.9,51.5,41345.0,766149,688078,2026.4,1516090.0,10368694.0,80947,31390,41717,31280,46785,7431,69782,Cobb
Cochise County,AZ,23.1,21.4,5.7,23.1,87.4,6885.0,1.8,2.3,4.5,35.7,0.4,3.3,87.7,54.8,68.9,50163,61601.0,146800.0,2.34,49260,26819,10.7,6165.69,28.3,83.7,140955.0,20.7,49.4,18217.0,125447,131346,21.3,173384.0,1267266.0,8545,3403,3768,2751,5263,1316,6462,Cochise
Cochran County,TX,16.4,26.8,6.8,8.0,67.7,188.0,3.0,0.5,4.4,60.9,0.2,1.1,90.7,33.7,78.4,998,1352.0,38800.0,2.78,40962,21463,13.1,775.15,46.1,81.1,575658.0,26.9,49.3,92.0,2547,3127,4.0,33330.5,50218.0,309,102,122,162,136,0,266,Cochran
Cocke County,TN,21.6,20.2,5.1,11.6,80.1,2159.0,0.6,0.5,2.1,2.6,0.1,1.7,95.0,92.9,67.1,14060,17664.0,112900.0,2.5,36716,21867,0.8,434.57,2.1,92.0,659601.0,28.1,51.5,2822.0,35999,35662,82.1,48174.0,340991.0,2098,776,1010,106,1900,273,1666,Cocke
Coconino County,AZ,13.0,20.0,5.3,36.2,90.5,9691.0,27.4,2.1,1.5,14.3,0.2,3.1,65.7,54.1,61.0,47447,67504.0,280900.0,2.67,59460,27339,4.4,18618.89,24.0,76.9,2181292.0,18.6,50.7,7342.0,145101,134421,7.2,765727.0,1896542.0,10934,3998,4766,2106,8172,848,9317,Coconino
Codington County,SD,18.3,23.7,6.1,21.5,91.5,2226.0,2.7,0.7,0.8,2.4,0.0,1.5,94.2,92.5,65.3,12075,13352.0,174500.0,2.27,56376,30043,1.8,688.5,2.4,85.5,1029900.0,14.8,49.8,2266.0,28325,27227,39.5,82625.0,649066.0,2955,941,1314,39,2778,203,2522,Codington
Coffee County,AL,17.3,23.7,6.1,22.8,85.9,2764.0,1.4,1.7,17.6,8.0,0.4,3.1,75.8,69.4,65.7,19924,23403.0,147400.0,2.56,55637,27806,4.0,678.97,6.4,82.2,1089871.0,22.7,50.8,6285.0,53465,49948,73.6,61277.0,610054.0,3690,1482,1847,716,2846,611,2867,Coffee
Coffee County,GA,14.1,24.4,6.9,13.0,75.7,3086.0,0.5,0.9,28.8,12.1,0.1,1.5,68.2,57.3,63.1,14438,17422.0,100600.0,2.71,40859,19905,6.6,575.1,12.2,90.0,670414.0,19.8,48.6,2058.0,43092,42356,73.7,54669.0,487511.0,3684,1499,1913,845,2732,226,3279,Coffee
Coffee County,TN,17.4,24.0,6.4,20.5,85.4,3795.0,0.5,1.2,4.0,4.7,0.1,2.3,92.0,88.0,68.1,21646,24490.0,141900.0,2.52,50351,26557,2.8,428.96,3.4,84.0,674991.0,23.7,51.2,4199.0,57889,52796,123.1,89827.0,827639.0,4824,1715,2619,375,4263,502,4069,Coffee
Coffey County,KS,21.9,21.8,5.7,24.5,92.7,656.0,1.0,1.0,0.9,2.8,0.0,1.7,95.3,93.0,75.9,3585,4148.0,119100.0,2.27,59583,33371,0.4,626.95,1.0,85.1,328053.5,21.9,50.6,785.0,8360,8601,13.7,7150.0,111354.0,929,293,448,0,863,124,759,Coffey
Coke County,TX,28.0,20.9,6.3,17.8,83.7,288.0,2.5,0.1,1.0,22.1,0.0,1.9,94.3,74.2,74.1,1644,2736.0,69100.0,1.95,45000,25285,4.0,911.47,10.8,87.9,575658.0,21.4,50.0,199.0,3285,3320,3.6,33330.5,32379.0,406,117,255,55,342,32,365,Coke
Colbert County,AL,20.0,20.9,5.7,18.1,85.2,3599.0,0.7,0.7,16.2,3.2,0.1,1.9,80.4,77.7,72.2,21880,26861.0,120800.0,2.48,48065,25536,1.9,592.62,2.7,90.6,2546996.0,23.4,52.2,3843.0,57227,54428,91.8,72753.0,1011336.0,5090,1872,2809,678,4244,472,4403,Colbert
Cole County,MO,17.3,22.1,5.8,33.3,92.3,4965.0,0.4,1.4,12.2,2.9,0.1,2.2,83.7,81.4,66.3,30154,33624.0,162300.0,2.38,60066,30422,3.3,393.75,4.4,84.5,1877500.0,18.1,49.5,5172.0,77279,75990,193.0,132351.0,1257946.0,6476,2085,3343,522,5593,681,5250,Cole
Coleman County,TX,25.9,20.3,5.0,15.8,86.5,733.0,1.4,1.1,3.2,17.5,0.0,2.1,92.1,76.4,74.6,3423,5559.0,76500.0,2.42,46743,27752,5.6,1261.95,10.1,86.7,575658.0,24.8,49.1,667.0,7684,8895,7.0,33330.5,68168.0,835,234,504,36,754,169,647,Coleman
Coles County,IL,17.5,17.9,4.8,26.0,91.4,2581.0,0.3,1.1,4.0,2.7,0.1,1.7,92.8,90.7,61.5,20926,23459.0,100500.0,2.27,46202,28084,2.2,508.29,3.8,77.2,741144.5,16.9,51.4,3060.0,46863,53873,106.0,84677.0,701272.0,3582,1004,1873,223,3143,350,2866,Coles
Colfax County,NE,13.8,29.5,8.8,15.4,69.3,579.0,3.5,1.3,5.8,45.7,0.5,1.2,87.6,47.7,72.3,3731,4252.0,101100.0,2.85,58872,23603,31.9,411.66,45.5,88.5,231681.5,18.9,46.5,331.0,10582,10515,25.5,4370.0,105973.0,769,213,387,150,588,45,678,Colfax
Colfax County,NM,27.4,17.9,4.6,21.7,88.2,794.0,2.9,0.8,0.9,49.2,0.2,2.1,93.1,46.9,71.0,5853,10356.0,104800.0,1.98,36302,24035,3.2,3758.06,24.0,83.1,268581.0,16.9,49.2,1158.0,12387,13750,3.7,67041.0,151562.0,1167,319,596,306,786,126,838,Colfax
Colleton County,SC,20.7,22.5,6.1,14.6,86.6,3140.0,0.9,0.5,37.1,3.3,0.1,1.8,59.7,57.2,74.9,15075,20251.0,90400.0,2.45,36324,21377,2.3,1056.49,3.2,93.6,137785.0,32.1,52.0,2684.0,38604,38892,36.8,65596.0,408338.0,3455,1345,1866,1001,2353,457,2873,Colleton
Collier County,FL,32.9,16.8,4.3,36.4,87.1,43851.0,0.5,1.6,7.3,28.6,0.1,1.2,89.3,62.2,73.3,142979,222284.0,360800.0,2.57,69653,45567,25.4,1998.32,33.7,83.8,607484.0,24.7,50.7,27416.0,375752,321520,160.9,1406488.0,5304147.0,40670,13667,22178,10945,28411,4236,34539,Collier
Collin County,TX,11.3,25.6,6.1,52.3,93.8,101380.0,0.7,16.3,10.9,15.5,0.1,2.8,69.3,55.1,65.0,341163,390216.0,315300.0,2.84,96913,44548,21.1,841.23,28.7,85.1,8652862.0,28.9,50.8,41918.0,1064465,782341,930.0,1892304.0,14623924.0,82009,28588,43440,24828,54508,6983,71627,Collin
Collingsworth County,TX,19.0,25.0,5.7,20.2,73.9,230.0,3.2,0.5,6.4,34.0,-1.0,2.0,87.9,57.5,75.3,1035,1598.0,52200.0,2.81,39120,25681,8.8,918.44,23.4,90.6,575658.0,13.1,51.0,169.0,2652,3057,3.3,1241.0,15787.0,192,96,84,57,124,0,165,Collingsworth
Colonial Heights city,VA,20.4,22.8,6.1,25.5,91.5,1479.0,0.3,4.2,15.3,5.9,0.1,3.1,75.5,72.3,62.9,7036,11797.5,171700.0,2.45,54550,28364,7.3,7.52,10.3,82.5,476138.5,24.3,53.8,1681.0,18170,17411,2315.3,99888.0,763254.0,1600,430,871,236,1193,150,1269,Colonial Heights
Colorado County,TX,22.6,23.0,6.2,21.0,83.1,1948.0,1.1,0.7,12.5,30.7,0.1,1.9,83.7,55.7,82.4,7450,10801.0,124400.0,2.8,52559,29552,10.0,960.27,21.6,91.6,556576.0,23.9,49.6,1002.0,20557,20874,21.7,33414.0,256499.0,2086,458,1220,558,1453,319,1569,Colorado
Colquitt County,GA,16.1,25.6,6.6,12.8,74.7,2975.0,1.2,0.9,23.8,19.6,0.2,1.3,72.7,55.4,63.0,15505,18753.0,85600.0,2.88,36435,20529,9.9,544.15,17.9,83.8,760075.0,22.6,50.6,2431.0,45898,45498,83.6,33983.0,460046.0,3851,1531,2067,1371,2359,404,3217,Colquitt
Columbia County,AR,17.7,20.6,5.7,19.6,85.9,1304.0,0.6,0.9,35.6,2.8,0.0,1.3,61.4,59.5,70.4,8562,11696.0,81900.0,2.57,36193,21189,1.7,766.05,3.2,84.9,602802.0,17.2,51.7,1332.0,22801,24552,32.1,30753.0,197023.0,1647,572,793,242,1315,110,1430,Columbia
Columbia County,FL,19.3,21.5,5.8,14.9,86.1,4267.0,0.6,1.0,18.7,6.7,0.1,1.9,77.7,71.8,71.4,25133,29300.0,124200.0,2.59,46494,24275,3.9,797.57,6.8,81.1,249044.0,24.8,48.2,7137.0,69698,67531,84.7,106605.0,815928.0,4574,1436,2473,640,3659,537,3707,Columbia
Columbia County,GA,14.0,25.1,6.3,36.4,92.7,11171.0,0.4,4.3,18.8,7.1,0.2,3.3,73.0,67.4,79.5,47215,59836.0,203400.0,3.18,82339,34579,7.1,290.09,9.5,88.2,2023663.0,26.6,51.2,17438.0,156010,124053,427.6,153214.0,1580571.0,9544,3673,5002,2412,6917,1177,7884,Columbia
Columbia County,NY,24.4,17.0,4.2,32.7,90.3,6383.0,0.3,2.0,5.3,5.0,0.1,2.3,90.0,86.1,73.7,24966,33698.0,233600.0,2.32,66787,38268,6.7,634.71,7.1,90.9,462642.0,26.3,50.0,3975.0,61570,63096,99.4,72656.0,748848.0,7454,2155,4460,456,6701,901,6189,Columbia
Columbia County,OR,19.2,20.8,5.3,18.5,91.3,2869.0,1.5,1.1,0.8,5.6,0.2,3.9,92.4,87.8,75.4,19671,21602.0,264900.0,2.59,62257,31883,2.7,657.36,3.5,83.3,458268.0,33.9,49.9,4859.0,52589,49351,75.1,42862.0,318072.0,3032,1065,1286,178,2711,277,2466,Columbia
Columbia County,PA,20.1,17.5,4.3,22.9,90.3,3362.0,0.3,1.2,2.0,3.0,0.1,1.2,95.3,93.0,69.2,26372,30425.0,151700.0,2.32,50550,26787,2.1,483.11,2.7,88.6,1613375.0,22.8,51.9,4136.0,64727,67295,139.3,109255.0,904832.0,4590,1162,2771,121,4221,557,3750,Columbia
Columbia County,WA,28.5,18.0,4.7,25.6,91.2,222.0,1.8,1.4,0.7,7.9,2.0,3.0,91.1,84.4,67.9,1795,2175.0,179400.0,2.18,53423,36551,7.4,868.63,8.9,85.3,874205.0,19.2,51.2,393.0,3952,4078,4.7,3153.0,30494.0,376,191,142,51,312,0,348,Columbia
Columbia County,WI,18.4,21.0,5.4,23.3,92.7,3805.0,0.8,0.8,1.7,3.7,0.1,1.3,95.3,92.3,74.4,24112,27036.0,192900.0,2.31,68005,34984,2.6,765.53,5.3,87.8,2530526.0,26.7,48.9,3802.0,58490,56833,74.2,157987.0,795235.0,5217,1085,2810,79,4898,565,4209,Columbia
Columbiana County,OH,21.2,20.2,5.2,14.9,88.5,6017.0,0.2,0.3,2.5,1.9,0.0,1.7,95.2,93.7,73.5,41537,46850.0,109400.0,2.39,48345,26469,1.1,531.89,2.6,88.7,1443150.0,25.5,49.3,8254.0,101877,107841,202.7,102934.0,1126378.0,7526,2499,4074,109,7201,631,6626,Columbiana
Columbus County,NC,20.6,20.7,5.2,13.8,83.0,3506.0,3.8,0.5,30.6,5.6,0.1,1.9,63.1,59.1,72.5,21580,26425.0,88900.0,2.46,37628,22608,2.7,937.29,6.0,88.1,900932.0,27.0,50.4,3657.0,50623,58098,62.0,52247.0,553126.0,4395,1294,2596,823,3388,502,3573,Columbus
Colusa County,CA,14.9,27.1,6.9,15.0,71.3,1051.0,2.8,1.6,1.3,60.4,0.6,2.7,91.1,34.1,61.0,7227,8125.0,265200.0,2.94,59401,26932,27.0,1150.73,51.7,87.8,474519.0,25.7,49.1,830.0,21839,21419,18.6,97807.0,127885.0,1138,306,539,397,656,55,944,Colusa
Comal County,TX,18.3,22.5,5.7,36.8,92.6,15676.0,0.9,1.4,2.7,28.1,0.1,2.0,92.9,66.5,74.9,51367,63391.0,282300.0,2.74,79936,38991,6.2,559.48,18.0,86.1,960302.0,31.8,50.5,13697.0,161501,108472,193.9,304924.0,1894490.0,11805,3981,6111,2337,8888,1372,9707,Comal
Comanche County,KS,25.5,23.7,5.4,16.0,93.9,176.0,1.1,0.5,0.5,7.9,0.2,1.9,95.8,88.9,79.6,751,1028.0,70300.0,2.22,54821,30355,0.6,788.3,3.2,93.4,328053.5,11.8,51.3,99.0,1689,1891,2.4,1531.0,18733.0,231,32,99,0,222,37,188,Comanche
Comanche County,OK,12.9,23.5,6.9,22.2,90.0,5058.0,6.7,2.8,17.3,13.5,0.7,6.8,65.7,55.9,53.1,42842,51644.0,124600.0,2.62,52161,26449,5.5,1069.29,8.8,72.1,460737.5,17.3,48.1,15996.0,121125,124098,116.1,220487.0,1407794.0,6293,2044,3164,1418,4487,947,4798,Comanche
Comanche County,TX,24.4,22.1,5.8,20.3,84.5,1117.0,1.3,0.7,1.1,28.6,0.1,1.5,95.4,68.7,80.0,5487,7444.0,105000.0,2.43,53516,26728,7.9,937.75,22.0,93.0,575658.0,24.6,50.2,909.0,13594,13974,14.9,33330.5,138127.0,1025,254,490,130,809,100,841,Comanche
Concho County,TX,25.3,18.2,4.8,13.0,67.9,244.0,0.9,1.8,2.2,34.7,0.0,1.3,93.7,60.5,75.2,912,1669.0,101500.0,2.41,47500,21420,26.3,983.8,35.3,80.6,575658.0,23.5,46.8,208.0,3303,4087,4.2,33330.5,17131.0,139,0,90,0,110,0,96,Concho
Concordia Parish,LA,17.8,23.7,6.5,14.1,80.2,1184.0,0.5,0.4,39.8,1.7,0.0,1.0,58.3,56.9,66.1,7162,9686.0,80600.0,2.48,32500,19092,1.6,696.92,2.8,86.4,79685.0,25.2,49.1,878.0,18687,20822,29.9,17890.0,275384.0,1574,443,837,376,1114,100,1318,Concordia
Conecuh County,AL,23.5,20.5,5.3,12.8,84.3,734.0,0.6,0.2,46.1,2.3,0.0,1.4,51.8,50.4,76.1,4553,7223.0,81000.0,2.71,37837,19769,0.9,850.16,0.4,96.7,79712.0,27.9,52.3,575.0,11597,13228,15.6,6234.0,136398.0,833,303,438,236,567,81,722,Conecuh
Conejos County,CO,19.9,25.2,6.1,21.0,88.0,638.0,4.0,0.9,1.0,51.3,0.2,2.3,91.6,45.7,79.4,3183,4483.0,120500.0,2.53,36084,20640,1.8,1287.39,29.5,89.8,80356.5,23.1,49.9,544.0,7461,8256,6.4,3949.0,35930.0,758,197,439,385,353,52,646,Conejos
Contra Costa County,CA,16.3,22.4,5.6,42.4,89.5,100779.0,1.0,18.3,9.5,26.0,0.6,5.4,65.1,42.7,65.9,394769,418707.0,625800.0,2.87,99716,48178,25.4,715.94,35.8,87.6,33681206.0,38.7,51.1,46968.0,1165927,1049025,1465.2,1659988.0,11847866.0,93083,34296,47721,35831,53403,7291,81940,Contra Costa
Converse County,WY,17.2,24.4,6.3,17.3,90.8,1110.0,1.2,0.5,0.7,8.4,0.1,1.8,95.7,88.4,73.7,5378,6699.0,206700.0,2.58,69647,33693,1.9,4254.88,8.5,85.9,102299.0,26.3,48.9,1385.0,13751,13833,3.3,41590.5,141457.0,1358,480,698,47,1239,216,1054,Converse
Conway County,AR,19.7,22.6,6.0,15.6,87.0,1382.0,0.9,0.4,11.4,4.0,0.0,2.5,84.8,81.4,67.3,8309,9885.0,107600.0,2.49,42802,25158,2.4,552.25,3.2,86.2,384398.0,25.0,50.8,1745.0,20715,21273,38.5,13926.0,287615.0,1341,477,677,147,1143,135,1137,Conway
Cook County,GA,16.8,25.0,6.5,13.5,79.1,1167.0,0.4,0.7,27.9,6.0,0.1,1.5,69.4,64.2,66.4,6217,7487.0,87500.0,2.74,41854,20128,2.5,227.16,4.7,88.8,201847.0,25.8,52.0,1022.0,17229,17212,75.8,33983.0,136640.0,1406,452,804,258,1093,188,1183,Cook
Cook County,IL,15.1,21.6,6.0,38.8,87.1,492996.0,0.7,7.9,23.8,25.6,0.1,2.0,65.4,42.0,56.9,1972108,2204019.0,246600.0,2.59,64660,37552,21.1,945.33,35.3,87.4,79526980.0,33.4,51.4,156000.0,5275541,5194675,5495.1,14553105.0,62767358.0,549686,216929,291278,216374,319115,38665,495450,Cook
Cook County,MN,29.3,15.1,4.1,40.4,97.1,753.0,8.6,1.0,1.4,2.4,0.0,2.9,86.1,84.6,76.9,2691,6249.0,240100.0,1.97,57432,33194,4.9,1452.28,6.8,85.6,12461.0,14.4,50.1,386.0,5600,5176,3.6,46837.0,66659.0,933,185,608,26,845,27,803,Cook
Cooke County,TX,18.9,23.6,6.7,20.9,86.1,3622.0,1.4,1.0,3.6,18.9,0.1,2.0,92.0,74.4,69.3,15351,17076.0,161100.0,2.57,60202,30704,8.9,874.76,14.8,83.8,999722.0,25.0,50.1,2459.0,41668,38437,43.9,61564.0,543416.0,3919,1161,2089,668,3022,363,3327,Cooke
Cooper County,MO,18.3,21.6,5.7,22.1,88.7,1092.0,0.6,0.7,7.0,2.1,0.1,2.6,89.1,87.7,72.6,6397,7495.0,132900.0,2.51,52735,23961,1.0,564.77,2.8,85.9,468824.0,27.1,47.9,1238.0,17103,17601,31.2,22307.0,301246.0,1062,292,411,38,965,129,835,Cooper
Coos County,NH,24.2,16.1,4.0,18.2,87.8,2271.0,0.5,0.6,0.9,1.9,0.0,1.5,96.4,94.8,70.7,13768,21723.0,128000.0,2.14,47117,27393,3.3,1794.69,10.5,85.6,189307.0,21.4,47.4,2886.0,31268,33055,18.4,81038.0,566621.0,3208,822,1834,100,2982,476,2556,Coos
Coos County,OR,26.5,18.3,4.8,17.8,88.8,3791.0,3.0,1.3,0.6,6.8,0.3,4.4,90.4,84.9,65.9,27025,31368.0,198100.0,2.32,45051,27582,3.4,1596.17,5.4,84.1,315734.0,19.1,50.6,7366.0,64929,63043,39.5,126230.0,745808.0,4388,1283,2289,394,3755,577,3400,Coos
Coosa County,AL,24.1,16.4,4.3,12.8,80.0,426.0,0.6,0.2,30.9,2.6,0.2,1.4,66.8,65.1,79.2,4032,6635.0,84000.0,2.57,38990,23694,0.5,650.93,0.7,89.1,778187.0,28.8,50.0,931.0,10387,11539,17.7,51801.0,37904.0,460,159,276,86,363,25,427,Coosa
Copiah County,MS,18.3,22.7,5.9,14.5,80.2,2040.0,0.3,0.4,51.9,3.3,0.0,1.1,46.3,43.9,77.2,9414,12381.0,95200.0,2.93,42151,20093,1.6,777.24,2.9,93.4,626768.0,30.9,52.0,1091.0,28368,29449,37.9,16808.0,181455.0,2104,920,1000,922,1109,376,1613,Copiah
Corson County,SD,12.0,36.6,10.4,17.8,83.8,145.0,65.4,0.6,0.5,5.3,0.0,3.3,30.2,29.0,53.8,1195,1544.0,58500.0,3.47,35759,16449,0.3,2469.69,14.9,98.7,109693.0,21.6,50.3,251.0,3902,4050,1.6,4783.0,15148.0,160,66,71,55,97,0,123,Corson
Cortland County,NY,16.9,19.2,5.2,28.0,90.7,2395.0,0.4,1.1,2.1,2.8,0.0,2.0,94.5,92.3,65.6,17745,20872.0,123800.0,2.5,56023,28229,1.9,498.76,3.3,84.1,711373.0,21.2,51.1,2769.0,46809,49336,98.9,100992.0,694401.0,3063,821,1867,108,2814,490,2340,Cortland
Coryell County,TX,10.6,22.6,6.7,16.1,88.0,3221.0,1.2,2.2,17.7,18.9,1.0,4.5,73.5,57.6,57.9,22322,27089.0,114300.0,2.71,52893,22400,6.8,1052.07,13.7,77.6,575658.0,22.2,50.2,10289.0,83093,75388,71.7,60701.0,493604.0,2562,825,1413,513,1969,348,2049,Coryell
Coshocton County,OH,19.8,23.9,6.5,13.2,85.5,2405.0,0.3,0.4,1.2,1.2,0.0,1.6,96.5,95.6,74.0,14476,16420.0,99200.0,2.5,46606,23432,0.7,563.91,8.6,87.3,1195138.0,24.4,50.4,2301.0,36612,36901,65.4,32754.0,307273.0,2945,859,1454,52,2744,267,2468,Coshocton
Costilla County,CO,26.9,19.1,4.8,19.3,81.0,275.0,5.3,1.6,2.1,61.2,0.2,2.9,87.9,33.9,69.0,1746,2880.0,113000.0,2.14,30965,21732,9.2,1226.95,43.5,89.9,80356.5,22.9,48.6,406.0,3499,3524,2.9,30272.0,11670.0,235,95,82,128,93,0,180,Costilla
Cottle County,TX,24.2,23.0,5.7,16.8,76.2,137.0,0.5,0.1,11.2,24.2,0.1,2.1,86.1,63.8,56.2,707,945.0,46600.0,2.32,32305,19797,2.5,900.56,20.0,79.5,575658.0,15.4,51.3,86.0,1380,1505,1.7,33330.5,11641.0,86,0,32,0,39,0,51,Cottle
Cotton County,OK,20.5,22.1,5.5,13.7,84.5,287.0,10.0,0.3,2.4,8.4,0.3,6.2,80.8,75.7,77.8,2195,2990.0,76700.0,2.61,50885,23564,0.5,632.65,3.2,87.7,460737.5,23.4,50.8,491.0,5527,6193,9.8,2673.0,36863.0,466,184,247,67,379,65,381,Cotton
Cottonwood County,MN,23.1,24.6,6.6,20.0,89.4,820.0,0.9,4.1,1.3,8.4,0.4,2.0,91.3,84.7,78.1,4846,5436.0,94200.0,2.27,52087,27459,6.5,638.61,10.0,89.3,1059603.0,16.8,49.9,753.0,11517,11687,18.3,9655.0,102814.0,1028,288,526,44,912,127,785,Cottonwood
Covington County,AL,21.4,22.0,5.9,15.3,83.4,2312.0,0.8,0.5,12.5,1.9,0.0,1.7,84.5,83.1,74.5,14852,19068.0,97600.0,2.46,42189,23687,0.8,1030.46,1.7,89.1,671895.0,25.0,51.6,2898.0,37570,37765,36.6,33061.0,452011.0,2657,891,1468,375,2177,181,2287,Covington
Covington County,MS,17.2,24.5,6.4,14.7,83.2,1511.0,0.2,0.4,36.1,2.4,0.0,1.2,62.0,60.3,78.2,6759,8761.0,77100.0,2.77,38178,19180,0.6,413.79,1.2,96.7,432024.0,28.8,51.2,1027.0,18340,19568,47.3,26152.0,188345.0,1778,770,757,741,991,153,1527,Covington
Covington city,VA,20.2,20.5,5.9,15.6,87.3,1479.0,0.0,1.2,13.1,2.4,0.2,3.5,82.1,81.0,74.5,2384,11797.5,72900.0,2.31,40655,25309,3.4,5.47,2.3,90.9,476138.5,16.5,52.1,418.0,5737,5961,1090.1,44317.0,158331.0,430,80,253,55,330,0,364,Covington
Coweta County,GA,14.3,24.1,5.9,30.3,89.2,12141.0,0.4,2.2,18.4,7.3,0.1,2.0,76.8,70.5,72.8,52035,56539.0,211600.0,2.74,75913,33875,5.7,440.89,8.2,86.6,1908865.0,31.1,51.3,10112.0,146158,127317,288.8,168514.0,1479459.0,10794,4016,5928,2967,7503,1247,8903,Coweta
Cowley County,KS,18.8,23.4,6.0,21.8,90.7,1920.0,2.3,1.9,2.8,11.2,0.5,3.6,88.9,79.2,67.4,13499,16209.0,89000.0,2.45,50102,24726,3.6,1125.75,6.7,83.2,2043862.0,19.1,49.7,2330.0,34549,36311,32.3,48017.0,337100.0,2604,1022,1229,257,2242,91,2357,Cowley
Cowlitz County,WA,19.3,22.8,6.1,17.0,89.3,4618.0,2.1,1.6,1.1,9.3,0.4,3.7,91.1,83.2,66.1,41952,45282.0,219300.0,2.52,54506,28876,4.0,1140.13,6.9,80.9,3264480.0,25.7,50.5,9522.0,110730,102410,89.8,124212.0,1188331.0,5848,1795,2698,483,4934,682,4554,Cowlitz
Craig County,OK,20.1,21.4,5.1,14.7,86.8,900.0,21.5,0.7,3.2,4.0,0.1,9.4,65.1,62.5,69.5,5422,6741.0,109000.0,2.44,43329,21318,1.5,761.35,3.2,86.2,89850.0,21.7,48.8,850.0,14107,15029,19.7,14362.0,204927.0,1380,375,698,330,891,189,1090,Craig
Craig County,VA,24.1,17.5,4.1,23.6,90.8,277.0,0.4,0.2,0.4,1.6,-1.0,0.9,98.1,96.8,76.4,2297,2907.0,165800.0,2.22,55708,30103,0.2,329.53,0.7,89.5,476138.5,33.9,50.2,320.0,4892,5190,15.7,44317.0,18648.0,200,74,94,0,188,0,181,Craig
Craighead County,AR,14.0,25.0,7.0,26.2,89.3,8431.0,0.5,1.3,16.8,5.3,0.1,1.9,79.5,74.9,57.1,41375,46934.0,140700.0,2.5,47286,26948,4.0,707.21,5.7,76.9,2101745.0,19.0,51.5,5425.0,111231,96443,136.4,17679.0,1680884.0,8947,2668,4666,1088,7482,1065,7219,Craighead
Crane County,TX,12.4,28.9,7.3,14.7,79.5,347.0,1.5,1.0,3.7,66.1,0.1,1.5,92.2,29.3,85.6,1421,1695.0,100400.0,3.31,65969,27893,15.7,785.07,45.2,93.6,575658.0,29.2,49.6,192.0,4675,4375,5.6,33330.5,30225.0,378,111,198,161,183,0,328,Crane
Craven County,NC,19.7,21.3,6.2,25.3,88.8,6270.0,0.7,2.9,21.4,7.6,0.2,3.0,71.8,65.6,62.9,41226,47674.0,157900.0,2.36,52687,29521,4.7,708.96,8.4,81.4,1261429.0,20.5,49.5,11691.0,100720,103505,146.0,75439.0,1213554.0,6409,2680,2912,1153,4952,779,5173,Craven
Crawford County,AR,17.2,24.3,6.4,16.0,85.0,3947.0,2.6,1.5,1.7,8.1,0.1,3.3,90.7,83.6,76.0,23958,27078.0,115200.0,2.59,46828,24547,4.0,593.09,7.2,86.1,1207843.0,22.3,50.6,4298.0,60133,61948,104.4,64835.0,525417.0,4474,1274,2559,487,3817,638,3567,Crawford
Crawford County,GA,19.4,20.2,4.6,10.5,83.1,787.0,0.7,1.3,20.8,3.6,0.1,1.4,75.7,72.8,77.9,4510,5409.0,93400.0,2.7,46283,23204,0.9,324.89,1.6,89.1,554410.0,29.4,49.5,913.0,12130,12630,38.9,1399.0,23119.0,801,371,391,233,540,60,713,Crawford
Crawford County,IA,17.9,25.1,6.7,14.3,80.2,897.0,1.3,2.5,3.6,28.9,0.3,1.0,91.4,64.6,69.1,6437,7068.0,93400.0,2.55,55755,29196,17.1,714.19,30.4,89.7,1657856.0,16.7,49.0,805.0,16525,17096,23.9,14923.0,184393.0,1392,328,678,72,1251,97,1145,Crawford
Crawford County,IL,19.4,19.8,5.4,17.1,85.0,1305.0,0.4,0.7,5.2,2.3,0.0,1.2,92.5,90.5,77.7,7666,8695.0,87800.0,2.16,49779,26546,1.7,443.63,4.3,85.0,741144.5,15.9,47.5,1226.0,18679,19817,44.7,17240.0,187142.0,1457,313,811,100,1296,172,1068,Crawford
Crawford County,IN,20.1,21.7,5.6,10.3,80.4,635.0,0.5,0.2,0.7,1.6,0.1,1.4,97.1,96.0,82.6,3835,5569.0,91900.0,2.73,41662,22443,0.2,305.64,1.2,93.1,1482367.0,34.7,49.1,831.0,10526,10713,35.1,42848.0,89894.0,697,165,393,0,676,49,601,Crawford
Crawford County,KS,15.8,21.8,6.0,29.9,92.1,2100.0,1.2,1.9,2.4,6.1,0.4,2.7,91.4,86.0,59.4,15284,18245.0,93900.0,2.42,41004,23091,3.6,589.76,5.8,78.2,823365.0,16.9,50.1,1990.0,38972,39134,66.4,59173.0,406100.0,2515,771,1261,122,2168,203,2084,Crawford
Crawford County,MI,25.8,18.1,5.0,19.4,89.9,904.0,0.8,0.8,0.9,2.2,0.0,1.5,96.0,94.1,81.2,6141,11258.0,105000.0,2.23,47977,26294,1.9,556.28,2.4,86.6,184199.0,22.3,48.9,1440.0,12988,14074,25.3,22580.0,214568.0,926,178,505,0,793,79,706,Crawford
Crawford County,MO,20.1,22.5,5.7,11.5,77.9,1540.0,0.7,0.3,0.5,2.1,0.1,1.6,96.8,95.0,71.4,9578,12102.0,124700.0,2.47,44438,22220,1.0,742.52,1.8,84.5,345010.0,27.1,50.3,1895.0,23056,24696,33.3,23915.0,205031.0,1826,411,1100,72,1714,278,1484,Crawford
Crawford County,OH,21.4,21.6,5.7,14.4,90.2,2148.0,0.3,0.6,1.1,1.8,0.1,1.3,96.6,95.0,69.7,17782,19996.0,88400.0,2.32,44971,25744,1.3,401.79,2.0,87.0,1045897.0,22.3,51.2,3096.0,42025,43784,109.0,41632.0,348926.0,3417,849,1867,67,3209,249,2820,Crawford
Crawford County,PA,21.2,20.4,5.5,21.1,89.0,5396.0,0.2,0.6,2.0,1.4,0.0,1.3,95.8,94.6,72.9,35164,45002.0,113200.0,2.34,50304,26582,1.3,1012.3,5.5,88.2,1759240.0,22.1,51.0,6011.0,83938,88765,87.7,102834.0,973472.0,7628,1397,5288,101,7219,745,6354,Crawford
Crawford County,WI,24.0,20.0,4.8,18.4,91.3,1072.0,0.4,0.6,2.2,1.8,0.0,1.2,95.5,94.0,75.7,6654,9026.0,134200.0,2.32,50595,27615,0.9,570.66,2.8,88.1,1054179.0,22.2,48.1,1179.0,16113,16644,29.2,27648.0,216620.0,1349,398,553,0,1281,67,1173,Crawford
Creek County,OK,18.2,23.4,6.0,17.0,87.4,4943.0,10.8,0.7,2.3,4.6,0.1,7.2,78.9,75.4,73.6,26427,30771.0,122700.0,2.67,51318,26044,2.0,950.14,3.2,90.6,1649914.0,24.8,50.5,4974.0,71754,69967,73.6,40216.0,570523.0,6059,2006,2827,910,4787,656,5113,Creek
Crenshaw County,AL,19.4,22.8,5.7,17.4,79.2,874.0,0.7,1.1,23.9,2.4,0.0,2.1,72.2,70.3,75.5,4943,6862.0,81000.0,2.77,43163,24563,1.4,608.84,2.0,93.5,778187.0,29.9,51.5,709.0,13194,13906,22.8,51801.0,72731.0,923,309,529,191,708,142,755,Crenshaw
Crisp County,GA,19.3,23.9,6.3,14.1,82.8,1489.0,0.3,1.3,44.8,3.8,0.1,1.4,52.2,49.2,54.5,8585,10811.0,83100.0,2.6,36042,22933,2.2,272.58,4.4,87.3,426880.0,20.8,52.6,1078.0,20128,23439,86.0,33983.0,303544.0,2432,828,1270,1016,1237,251,1912,Crisp
Crittenden County,AR,14.5,27.1,7.7,17.4,82.6,3734.0,0.4,0.6,54.5,2.8,0.1,1.4,43.0,40.9,57.4,19074,21818.0,114600.0,2.52,40161,23172,1.8,609.76,2.9,81.4,849032.0,20.3,52.5,2318.0,48163,50902,83.5,82841.0,813336.0,4395,1918,2033,2072,2174,411,3695,Crittenden
Crittenden County,KY,21.3,22.0,5.4,13.1,83.8,663.0,0.4,0.2,1.1,1.2,0.1,1.2,97.0,96.0,81.9,3567,4587.0,89900.0,2.46,45244,23959,0.8,359.95,6.4,92.3,559741.0,26.9,49.6,612.0,8990,9315,25.9,5301.0,58761.0,784,241,372,0,757,80,655,Crittenden
Crockett County,TN,19.2,23.3,5.8,13.8,81.2,904.0,0.8,0.4,14.1,11.0,0.0,2.1,82.7,73.5,71.6,5491,6430.0,99600.0,2.58,44717,23771,4.3,265.54,8.5,91.4,127920.0,24.0,52.4,807.0,13911,14586,54.9,40960.0,78499.0,984,278,633,85,875,77,842,Crockett
Crockett County,TX,17.7,24.8,5.9,14.0,77.0,320.0,2.4,1.0,1.6,66.0,0.1,1.3,93.6,31.3,73.9,1354,1887.0,89600.0,2.52,47386,26178,8.2,2807.33,49.9,93.4,575658.0,29.0,49.8,165.0,3098,3719,1.3,14235.0,72851.0,517,144,296,199,299,71,426,Crockett
Crook County,OR,25.2,19.8,5.6,19.8,90.0,1626.0,1.7,0.7,0.5,7.6,0.1,2.3,94.7,88.0,72.2,9588,11196.0,246100.0,2.39,49006,27007,3.0,2979.09,5.9,84.1,150808.0,27.9,50.4,2556.0,24738,20978,7.0,23669.0,184179.0,1907,514,993,87,1731,167,1609,Crook
Crook County,WY,21.1,24.7,7.3,22.3,92.7,765.0,1.0,0.2,1.4,2.5,0.0,1.1,96.2,94.0,81.8,2919,3671.0,225300.0,2.53,65132,29532,1.8,2854.41,3.5,90.9,102299.0,26.3,49.4,692.0,7181,7083,2.5,8500.0,39559.0,688,189,314,56,613,110,554,Crook
Crosby County,TX,18.9,26.1,6.2,13.2,76.0,347.0,1.1,0.3,4.0,56.6,0.1,1.9,92.5,38.9,75.3,2061,2908.0,60800.0,2.79,40759,19443,4.2,900.2,34.7,84.5,575658.0,22.7,50.4,218.0,5133,6059,6.7,33330.5,35845.0,391,66,245,57,308,51,313,Crosby
Cross County,AR,19.3,23.2,6.1,14.4,83.6,1349.0,0.4,0.8,23.2,2.0,0.0,1.6,74.0,72.3,66.8,6653,7971.0,86100.0,2.49,46787,25380,0.3,616.38,0.4,83.3,238845.0,24.8,51.4,976.0,16833,17870,29.0,14269.0,180768.0,1610,635,839,423,1118,216,1315,Cross
Crow Wing County,MN,23.0,21.3,5.4,24.7,94.1,5182.0,1.0,0.5,0.9,1.5,0.0,1.7,95.9,94.7,76.5,26820,42644.0,198300.0,2.36,56549,32368,1.3,999.1,2.0,87.6,496631.0,21.8,50.3,5252.0,66123,62500,62.6,169511.0,1124967.0,6450,1808,3188,91,6109,799,5170,Crow Wing
Crowley County,CO,14.0,11.4,2.4,9.0,86.1,188.0,3.4,1.2,10.7,32.8,0.0,2.2,82.5,52.6,72.5,1301,1601.0,79400.0,3.69,42135,15517,3.4,787.42,11.1,88.0,80356.5,21.4,26.5,439.0,5922,5823,7.4,759.0,16987.0,247,94,128,0,211,0,231,Crowley
Culberson County,TX,22.1,22.4,6.6,10.2,66.3,208.0,2.5,2.1,1.8,72.9,0.0,2.9,90.6,21.7,66.7,580,1175.0,62400.0,3.76,37900,15109,13.6,3812.8,62.9,87.1,575658.0,12.4,50.1,94.0,2188,2398,0.6,9521.0,136661.0,220,64,123,136,76,0,190,Culberson
Cullman County,AL,18.8,22.5,6.2,13.9,81.6,5989.0,0.6,0.7,1.4,4.5,0.1,1.4,95.7,91.7,74.8,31034,38252.0,128600.0,2.63,44918,23468,2.6,734.84,4.0,89.6,1880798.0,26.5,50.6,5150.0,87866,80406,109.4,111212.0,896368.0,6433,1546,4016,219,6014,798,5349,Cullman
Culpeper County,VA,16.0,24.7,6.5,25.7,86.1,3758.0,0.8,1.7,14.6,11.6,0.2,3.3,79.4,69.8,72.7,17071,19239.0,298900.0,2.91,77935,32028,8.8,379.23,12.4,87.2,563583.0,38.2,50.1,3795.0,52552,46689,123.1,59342.0,550139.0,4073,1406,2078,477,3331,363,3369,Culpeper
Cumberland County,IL,20.4,22.2,5.8,15.4,90.6,723.0,0.2,0.6,0.5,1.1,0.1,1.0,97.5,96.6,78.7,4299,4868.0,105800.0,2.49,56206,27812,1.0,346.02,1.4,88.4,741144.5,22.8,50.2,662.0,10450,11048,31.9,38907.0,38617.0,712,241,372,49,640,29,662,Cumberland
Cumberland County,KY,22.8,21.0,5.7,13.3,81.8,559.0,0.2,0.2,2.9,1.5,-1.0,2.0,94.7,93.4,72.9,2616,3671.0,89400.0,2.53,35344,18728,1.2,305.18,3.7,88.0,30779.0,20.1,51.2,422.0,5888,6856,22.5,35974.5,45996.0,595,185,308,0,548,66,489,Cumberland
Cumberland County,ME,19.0,18.3,4.7,47.6,95.1,30346.0,0.4,2.4,3.2,2.2,0.0,2.0,92.0,90.1,69.3,120644,147039.0,278100.0,2.35,73072,40527,6.1,835.24,7.3,86.1,747387.5,23.1,51.6,16950.0,303069,281674,337.2,839928.0,5751358.0,35012,11282,19600,1463,32060,3631,29134,Cumberland
Cumberland County,NC,12.2,24.7,7.5,25.5,91.0,18982.0,1.9,2.7,39.1,12.1,0.4,4.8,51.1,42.4,50.7,125427,147313.0,135300.0,2.53,46875,24936,6.4,652.32,11.6,77.9,3827013.0,21.4,50.4,43164.0,334728,319431,489.7,629426.0,4374210.0,21117,8867,10155,8774,11540,3095,16822,Cumberland
Cumberland County,NJ,15.6,23.7,6.1,15.6,79.4,6139.0,1.6,1.4,21.9,31.8,0.2,3.1,71.7,45.4,65.2,50729,56451.0,162500.0,2.74,54149,25694,10.0,483.7,27.8,87.1,2811963.0,23.6,49.1,6495.0,154152,156898,324.4,173701.0,2049003.0,8322,2245,5083,2388,5504,807,7018,Cumberland
Cumberland County,PA,18.8,20.2,5.4,36.6,92.3,16700.0,0.2,4.8,4.7,4.3,0.1,2.2,88.0,84.6,70.3,99804,107909.0,202900.0,2.37,71269,37500,6.2,545.46,9.3,85.1,3776427.0,22.5,50.5,18124.0,259469,235406,431.6,465023.0,4812854.0,19169,6262,10769,1431,16936,2010,16033,Cumberland
Cumberland County,TN,31.2,17.2,4.5,18.5,85.8,4499.0,0.5,0.6,0.7,3.1,0.1,1.2,96.9,94.2,77.6,25801,30706.0,153200.0,2.27,45958,25832,1.8,681.03,3.2,83.4,678006.0,22.9,51.2,6431.0,61145,56053,82.3,101244.0,750308.0,5414,1634,3145,207,4950,652,4427,Cumberland
Cumberland County,VA,23.1,18.9,4.6,14.9,83.5,537.0,0.8,0.5,30.5,3.2,0.0,2.4,65.8,63.5,73.9,3975,4760.0,146000.0,2.46,47469,25138,1.0,297.46,3.5,94.4,476138.5,44.8,51.6,798.0,9675,10052,33.8,1361.0,40387.0,426,154,239,48,361,60,348,Cumberland
Cuming County,NE,22.4,24.3,6.6,23.8,88.4,753.0,0.9,0.5,0.5,10.3,0.0,1.2,96.8,87.6,69.7,3727,4266.0,122200.0,2.36,56768,29765,5.4,570.62,8.6,93.2,245806.0,16.3,49.9,521.0,9013,9139,16.0,15446.0,205974.0,903,195,489,47,818,55,779,Cuming
Currituck County,NC,16.4,21.9,5.6,23.5,90.5,2226.0,0.7,0.8,5.8,4.4,0.1,2.1,90.5,86.9,82.0,10522,16436.0,257200.0,2.49,69964,31849,1.9,261.85,4.2,88.2,1006562.0,36.2,50.2,3102.0,28100,23547,89.9,75439.0,275248.0,2426,604,1429,117,2266,328,1908,Currituck
Curry County,NM,12.8,26.2,7.9,19.2,81.9,1921.0,2.1,1.8,6.9,43.4,0.2,3.2,85.6,46.5,57.0,18548,21493.0,125000.0,2.63,45092,23021,9.7,1404.8,27.7,79.2,268581.0,15.6,48.2,4403.0,48430,48376,34.4,78203.0,624379.0,2344,812,1097,631,1535,278,1797,Curry
Curry County,OR,35.0,14.2,3.8,24.6,90.3,1876.0,2.6,0.8,0.5,7.4,0.2,4.0,91.8,85.7,71.4,10546,13069.0,265400.0,2.12,48440,30021,3.3,1627.46,5.7,82.4,175970.0,15.6,50.9,2973.0,23446,22364,13.7,46467.0,244642.0,2477,753,1119,167,2196,250,2041,Curry
Custer County,CO,33.0,13.8,3.5,32.5,93.6,719.0,1.2,0.5,1.6,5.8,0.0,2.1,94.6,89.7,87.2,2214,4495.0,281900.0,2.15,53119,29258,3.1,738.63,5.6,91.0,80356.5,31.3,48.3,717.0,4704,4255,5.8,3179.0,48594.0,633,142,282,0,614,48,485,Custer
Custer County,ID,30.1,17.2,4.7,24.4,89.4,464.0,1.0,0.3,0.6,4.6,0.0,2.2,95.9,91.8,78.6,1774,3161.0,191600.0,2.29,40875,23805,0.6,4920.94,1.9,87.2,172944.0,18.3,48.9,539.0,4275,4368,0.9,11378.5,39421.0,433,137,196,0,405,68,335,Custer
Custer County,MT,20.7,20.7,5.8,24.6,92.0,878.0,2.3,0.7,0.6,3.7,0.1,2.3,94.1,91.1,68.8,4903,5702.0,170400.0,2.3,52965,30504,1.0,3783.36,2.5,84.4,16801.0,12.5,50.1,925.0,11867,11699,3.1,28523.0,256660.0,1058,344,478,26,961,125,778,Custer
Custer County,NE,22.7,24.1,6.4,24.0,93.4,1169.0,0.7,0.3,0.6,3.5,0.0,1.1,97.4,94.2,69.6,4862,5671.0,108100.0,2.2,52184,33561,2.1,2575.52,4.0,89.3,231681.5,15.8,50.2,803.0,10545,10939,4.2,10714.0,143360.0,1254,416,548,0,1177,106,1069,Custer
Custer County,OK,14.1,24.8,6.8,24.8,87.7,2289.0,8.0,1.3,3.3,18.9,0.1,4.2,83.2,67.5,62.6,10653,12738.0,142500.0,2.58,49900,26520,7.4,988.82,15.7,79.0,429815.0,19.5,50.3,1501.0,28513,27469,27.8,61280.0,530851.0,2634,572,1519,247,2183,254,2115,Custer
Custer County,SD,31.7,14.8,3.8,23.5,93.6,931.0,3.8,0.6,0.6,4.4,0.0,2.2,92.8,89.2,84.0,3876,5322.0,214400.0,2.15,58522,33649,3.2,1557.0,4.6,86.4,109693.0,26.2,50.5,1182.0,8318,8216,5.3,31113.0,68126.0,1128,340,567,107,981,155,819,Custer
Cuyahoga County,OH,18.6,20.6,5.7,32.5,89.8,97290.0,0.3,3.4,30.5,6.3,0.0,2.3,63.5,58.6,58.2,540965,617249.0,132800.0,2.25,50366,33114,7.6,457.19,12.2,84.8,24399438.0,24.3,52.3,64881.0,1264817,1280122,2800.0,2738645.0,15072450.0,114192,42859,61483,30216,79802,11003,97913,Cuyahoga
Dade County,GA,20.1,19.2,4.9,15.2,80.7,1064.0,0.6,1.1,1.4,2.3,0.1,1.5,95.3,93.3,71.5,6195,7329.0,123500.0,2.4,42581,24000,2.1,173.98,3.3,86.0,554410.0,26.4,50.9,903.0,16251,16633,95.6,33983.0,184585.0,1498,391,847,56,1334,101,1229,Dade
Dade County,MO,23.9,20.8,4.9,12.7,87.2,502.0,1.0,0.6,0.5,2.3,0.0,2.8,95.1,93.2,76.8,3068,3956.0,83500.0,2.41,40399,23186,1.5,490.01,3.3,84.9,64646.0,25.4,48.9,674.0,7569,7883,16.1,2605.0,37736.0,579,178,264,0,551,27,479,Dade
Daggett County,UT,27.3,22.5,4.3,13.4,94.0,82.0,1.5,0.5,0.2,4.4,0.1,2.3,95.4,92.2,87.1,163,1230.0,170800.0,3.09,75417,29574,0.0,696.98,3.4,90.8,294994.0,14.0,42.5,22.0,935,1059,1.5,5057.0,267372.0,77,0,68,0,75,0,58,Daggett
Dakota County,MN,14.7,24.3,6.4,42.2,95.1,30500.0,0.6,5.2,7.5,7.6,0.1,3.0,83.6,77.1,74.0,161488,169967.0,266000.0,2.59,86036,41552,9.7,562.17,13.0,87.0,17442945.0,24.9,50.6,22125.0,439882,398552,709.0,762132.0,6485623.0,36935,12400,20104,4207,31341,3489,31752,Dakota
Dakota County,NE,13.9,29.1,8.8,13.0,76.5,1074.0,4.1,3.8,6.7,39.3,0.6,2.5,82.3,46.3,65.2,7404,7898.0,119600.0,2.69,59231,25269,25.7,264.26,42.8,91.0,231681.5,15.3,49.2,879.0,21582,21006,79.5,25059.0,198738.0,1349,414,706,238,1033,120,1123,Dakota
Dale County,AL,17.3,22.8,6.7,18.1,86.1,2650.0,0.9,1.5,21.0,7.0,0.2,2.8,73.8,68.0,60.1,18806,23201.0,112000.0,2.55,47214,24645,3.5,561.15,6.2,81.7,110162.0,21.6,50.8,5793.0,49326,50251,89.6,54607.0,323453.0,2712,1102,1315,594,1997,363,2128,Dale
Dallam County,TX,11.8,31.9,9.7,15.8,70.4,543.0,2.3,1.0,2.6,47.6,0.1,1.6,92.3,47.7,64.4,2364,2977.0,89200.0,3.07,58811,27491,24.3,1503.26,43.6,78.1,575658.0,14.0,47.4,363.0,7115,6703,4.5,13821.0,89825.0,574,91,366,100,455,91,436,Dallam
Dallas County,AL,18.9,23.3,5.9,14.7,81.8,2126.0,0.3,0.4,70.7,1.2,0.0,0.9,27.6,27.0,59.3,15910,20460.0,83300.0,2.42,33845,19612,1.3,978.7,1.4,88.8,1309877.0,23.8,53.8,1807.0,38462,43820,44.8,36082.0,413111.0,2726,1066,1378,1409,1134,305,2206,Dallas
Dallas County,AR,24.4,21.0,5.3,11.9,83.9,342.0,0.7,0.3,40.5,3.9,0.1,2.0,56.5,53.2,67.7,2969,4348.0,70400.0,2.21,38072,20517,0.2,667.39,1.7,84.1,194190.0,24.3,50.5,453.0,6482,8116,12.2,4684.0,71755.0,594,148,360,69,502,88,460,Dallas
Dallas County,IA,12.1,27.4,7.4,50.4,95.6,6881.0,0.3,5.0,2.6,6.3,0.1,1.7,90.2,84.6,73.7,34399,38984.0,248100.0,2.52,88479,45090,8.2,588.45,11.1,84.0,740163.0,21.0,50.7,4082.0,99678,66135,112.4,148022.0,1270527.0,6362,1811,3511,255,5662,459,5348,Dallas
Dallas County,MO,20.8,23.7,6.6,12.9,83.4,1441.0,1.0,0.4,0.4,2.2,0.1,1.9,96.2,94.2,76.1,6209,7682.0,115000.0,2.64,43542,23647,1.6,540.77,5.5,91.5,468824.0,30.2,50.5,1430.0,17071,16777,31.0,9909.0,134780.0,1570,482,850,26,1512,125,1417,Dallas
Dallas County,TX,11.1,25.8,7.3,31.5,79.3,252821.0,1.1,6.7,23.6,40.8,0.1,2.0,66.6,28.3,50.0,928341,1041775.0,174900.0,2.78,59607,32653,24.7,871.28,43.5,84.5,37035625.0,27.7,50.7,91155.0,2613539,2368139,2718.0,6753112.0,35957895.0,259298,96076,139455,127961,122666,22942,225505,Dallas
Dane County,WI,14.2,20.2,5.5,51.4,95.8,39043.0,0.5,6.3,5.5,6.5,0.1,2.7,84.9,79.2,58.2,222929,239841.0,265600.0,2.34,73893,40614,8.8,1197.24,11.1,81.2,7205303.0,21.1,50.3,23162.0,561504,488073,407.7,1111208.0,8516190.0,44853,15314,23323,4303,38659,3876,38342,Dane
Daniels County,MT,28.3,20.8,4.8,24.0,95.3,126.0,2.7,0.2,0.4,3.2,-1.0,2.5,94.2,91.8,78.4,857,1130.0,126500.0,1.99,57440,35133,3.0,1426.11,1.8,95.1,16801.0,11.9,48.6,128.0,1661,1751,1.2,11457.0,51376.0,278,88,179,0,263,0,266,Daniels
Danville city,VA,20.3,21.8,5.9,17.6,81.8,1479.0,0.1,1.2,49.4,4.3,0.1,3.2,45.5,42.4,51.5,18293,11797.5,90500.0,2.16,37203,22826,3.5,42.93,5.2,86.3,1702978.0,18.1,54.0,2915.0,42590,43055,1002.8,120407.0,964972.0,3073,1225,1290,1118,1679,266,2465,Danville
Dare County,NC,22.2,18.7,4.4,34.7,94.2,5470.0,0.6,0.9,2.8,7.7,0.1,1.9,93.8,87.0,74.4,15529,35263.0,289000.0,2.32,59381,34578,5.2,383.42,8.2,87.7,47840.0,21.1,50.9,3304.0,36915,33920,88.5,75439.0,863879.0,6113,1501,3284,362,5575,467,5282,Dare
Darke County,OH,19.9,23.6,6.2,15.8,90.8,3520.0,0.3,0.5,0.7,1.7,0.0,1.3,97.2,95.8,72.8,20861,23037.0,123300.0,2.44,55620,27855,0.9,598.1,1.8,88.0,1855539.0,23.1,50.3,3419.0,51881,52959,88.5,43003.0,480641.0,4171,1120,2442,29,3968,322,3572,Darke
Darlington County,SC,19.5,22.0,5.8,18.4,82.4,3702.0,0.4,0.5,41.7,2.2,0.1,1.3,56.0,54.5,69.6,26484,31013.0,92600.0,2.48,38448,23027,1.7,561.15,2.1,90.6,1693027.0,22.4,52.9,4510.0,62905,68681,122.4,53231.0,536618.0,4492,1833,2368,1543,2799,611,3694,Darlington
Dauphin County,PA,17.4,22.5,6.1,30.8,89.8,17106.0,0.4,5.3,19.2,9.9,0.1,3.5,71.5,64.5,63.2,112212,125437.0,167900.0,2.39,60715,33639,7.7,525.05,11.9,83.9,3228906.0,22.0,51.5,17189.0,286401,268100,510.6,718316.0,3943863.0,18873,6072,10921,3558,14252,2080,15716,Dauphin
Davidson County,NC,18.5,21.7,5.5,18.5,83.9,11596.0,0.8,1.6,10.1,7.4,0.1,1.8,85.6,79.4,69.8,66653,76055.0,142100.0,2.45,49546,25988,4.9,552.68,7.9,87.1,2470186.0,25.1,51.1,10152.0,168930,162878,294.7,163225.0,1301842.0,13423,4134,8170,1515,11573,1425,11474,Davidson
Davidson County,TN,12.5,20.6,6.6,41.7,89.1,78503.0,0.5,4.0,27.4,10.4,0.1,2.5,65.5,56.3,54.3,282366,325454.0,241700.0,2.36,60388,36440,13.0,504.03,17.4,80.9,7319390.0,24.9,51.8,30142.0,715884,626681,1243.3,2573787.0,10138326.0,72042,25144,40315,16598,52727,6412,62305,Davidson
Davie County,NC,21.7,20.9,4.9,24.0,87.8,3238.0,0.7,0.9,6.5,7.3,0.0,2.0,90.0,83.9,79.8,16405,19303.0,172600.0,2.55,60434,31173,4.9,264.11,7.4,88.0,448700.0,26.4,51.2,3200.0,42712,41240,156.2,43131.0,360172.0,3380,807,2051,235,3054,284,2898,Davie
Daviess County,IN,15.4,29.5,8.2,13.2,73.8,2259.0,0.4,0.5,2.3,5.2,0.1,1.1,95.6,91.0,73.5,11227,12565.0,130000.0,2.9,53629,23848,3.2,429.49,20.2,89.3,848070.0,26.0,49.5,1860.0,33381,31648,73.7,35330.0,485889.0,2425,605,1427,54,2268,85,2238,Daviess
Daviess County,KY,17.3,24.3,6.7,22.9,90.0,6021.0,0.2,1.9,5.1,3.3,0.1,2.3,90.4,87.6,67.9,40179,43481.0,133600.0,2.42,51673,28806,3.0,458.35,4.8,84.2,3773549.0,20.2,51.2,6144.0,103312,96656,210.9,35974.5,1443439.0,7231,2042,3941,241,6629,835,5852,Daviess
Daviess County,MO,21.2,25.4,7.0,18.5,85.0,760.0,0.5,0.3,0.7,1.4,0.1,1.3,97.1,96.0,79.3,3035,4184.0,110400.0,2.67,51679,24929,0.7,563.24,12.1,88.6,468824.0,27.8,49.8,587.0,8430,8433,15.0,2773.0,70924.0,1037,151,627,0,1009,44,917,Daviess
Davis County,IA,17.7,29.5,8.9,19.5,83.1,754.0,0.3,0.3,0.2,1.7,-1.0,1.0,98.1,96.6,85.2,3176,3598.0,115000.0,2.77,63404,29387,1.4,502.19,19.9,93.4,528536.5,22.1,50.4,456.0,9110,8753,17.4,3168.0,62238.0,826,177,401,28,780,111,597,Davis
Davis County,UT,10.3,31.7,8.1,37.8,95.6,25523.0,0.8,2.1,1.4,10.2,0.8,2.7,92.1,83.2,77.0,104551,112482.0,290300.0,3.28,83310,31205,4.7,298.78,10.0,85.4,5982021.0,23.1,49.5,17441.0,362679,306479,1025.8,350546.0,3448750.0,24189,7628,12155,2121,21350,2012,20917,Davis
Davison County,SD,19.1,23.0,6.2,26.5,92.1,1517.0,3.5,0.7,1.0,3.7,0.1,2.0,92.9,89.9,59.7,8660,9627.0,154700.0,2.17,50570,31560,1.9,435.56,3.5,80.2,109693.0,12.1,50.0,1312.0,19956,19504,44.8,55897.0,530370.0,2612,759,1386,44,2402,275,2047,Davison
Dawes County,NE,19.0,17.4,4.6,36.9,96.1,626.0,3.9,1.9,1.8,5.8,0.3,2.6,89.5,85.2,64.6,3525,4261.0,125200.0,2.21,50750,25383,1.2,1396.46,1.9,75.3,1490.0,12.6,50.4,709.0,8199,9182,6.6,17358.0,169884.0,962,225,447,58,863,86,840,Dawes
Dawson County,GA,20.2,20.1,5.1,30.6,87.2,2438.0,0.5,0.9,1.1,5.2,0.1,1.5,95.9,91.3,81.5,9041,12208.0,230300.0,2.7,66281,34239,3.7,210.83,5.0,90.1,263457.0,33.9,50.6,1448.0,26798,22330,105.9,39855.0,523908.0,2372,658,1318,132,2094,315,1752,Dawson
Dawson County,MT,20.4,21.4,5.6,22.2,93.0,628.0,2.4,0.6,0.5,3.0,0.0,2.0,94.5,92.2,68.3,3930,4456.0,160600.0,2.18,58596,31658,1.7,2371.87,1.2,82.1,16801.0,16.9,48.2,703.0,8940,8966,3.8,25724.0,151788.0,694,243,279,32,609,91,541,Dawson
Dawson County,NE,17.2,27.1,8.1,15.8,78.0,1598.0,1.9,1.2,7.2,33.8,0.3,1.3,88.1,57.3,67.3,8965,10341.0,102600.0,2.61,53721,25956,20.1,1013.1,30.3,85.9,231681.5,16.4,48.0,1292.0,24111,24326,24.0,4370.0,423429.0,1894,503,969,161,1650,189,1501,Dawson
Dawson County,TX,14.9,25.7,7.3,14.2,69.9,722.0,1.2,1.3,6.3,58.1,0.1,1.6,89.5,34.4,69.3,4322,5166.0,73400.0,2.55,43239,20084,5.3,900.31,38.1,78.5,21954.0,16.9,45.3,337.0,12456,13833,15.4,17821.0,316775.0,956,207,564,266,633,99,812,Dawson
Day County,SD,26.2,22.4,5.4,21.6,89.5,521.0,9.9,0.6,0.4,2.5,-1.0,2.1,86.9,85.3,75.3,2574,3832.0,100500.0,2.08,46679,29808,0.6,1027.87,1.2,90.2,61531.0,16.1,49.2,501.0,5449,5710,5.6,5159.0,62171.0,544,151,297,30,481,86,423,Day
De Baca County,NM,28.7,22.4,4.6,13.0,84.3,115.0,2.2,0.5,0.9,45.9,-1.0,4.3,92.1,50.0,62.6,672,1371.0,106300.0,3.0,31625,17376,1.3,2322.62,27.0,93.1,268581.0,12.8,50.4,235.0,1698,2022,0.9,63779.5,13044.0,118,44,48,0,92,0,102,De Baca
De Soto Parish,LA,18.3,23.7,6.0,14.8,82.6,2094.0,1.1,0.4,35.6,3.0,0.1,1.5,61.3,59.1,71.3,10821,13400.0,117300.0,2.5,46006,26767,0.8,875.58,2.1,89.8,1901186.0,27.3,51.7,1456.0,26812,26656,30.4,23016.0,251552.0,2130,829,1002,742,1269,207,1818,De Soto
De Witt County,IL,19.8,21.1,5.5,21.3,91.5,904.0,0.3,0.5,1.0,2.8,0.1,1.3,96.9,94.5,78.7,6694,7582.0,99500.0,2.34,55587,30729,1.5,397.51,3.4,87.4,181410.0,21.0,50.3,1099.0,15516,16561,41.7,19787.0,220601.0,1194,388,535,80,1070,165,958,De Witt
DeKalb County,AL,17.6,23.9,6.0,13.0,74.8,4910.0,2.0,0.5,1.9,15.1,0.6,2.3,92.7,79.8,71.5,26040,31593.0,106100.0,2.7,40440,21907,7.3,777.09,12.9,87.3,1551930.0,24.0,50.3,3382.0,71608,71109,91.5,79025.0,579717.0,5850,1928,3454,311,5291,567,5049,DeKalb
DeKalb County,GA,12.9,23.0,6.9,44.2,89.3,83364.0,0.5,6.5,54.8,8.5,0.1,2.2,35.9,29.3,54.6,282436,317646.0,215600.0,2.61,62399,36077,16.0,267.58,18.9,83.2,3630768.0,32.3,52.8,36189.0,764382,691893,2585.7,1358124.0,7956518.0,81968,37903,38927,47438,32621,7673,71907,DeKalb
DeKalb County,IL,12.9,21.4,5.7,32.3,92.3,6184.0,0.5,2.7,8.3,11.7,0.1,2.1,86.3,75.8,57.0,38150,41308.0,173100.0,2.62,63317,29430,6.5,631.31,11.9,78.8,1339383.0,26.0,50.4,5251.0,100420,105160,166.6,135939.0,1052737.0,6954,2491,3708,809,5909,693,5930,DeKalb
DeKalb County,IN,16.6,24.0,6.4,18.0,90.2,2625.0,0.3,0.5,0.6,2.8,0.1,1.2,97.4,94.9,76.1,16801,18273.0,124300.0,2.53,56421,29073,1.4,362.82,3.1,87.4,4742120.0,19.4,50.4,2247.0,43265,42223,116.4,53093.0,383326.0,3026,879,1598,68,2823,277,2486,DeKalb
DeKalb County,MO,16.6,17.1,4.5,13.8,87.3,633.0,0.6,0.4,11.8,2.9,0.1,1.2,85.9,83.4,69.1,3807,4355.0,120100.0,2.4,55918,20125,0.9,421.36,1.3,84.9,468824.0,24.2,37.5,1034.0,11029,12892,30.6,7919.0,123550.0,1037,353,462,0,995,44,857,DeKalb
DeKalb County,TN,18.8,21.5,5.6,16.7,80.1,1430.0,0.5,1.1,2.0,8.6,0.0,1.6,94.8,87.4,68.4,7704,9745.0,148600.0,2.53,45511,25399,5.5,304.35,7.5,89.9,671976.0,27.6,50.2,1179.0,20080,18723,61.5,13095.0,107288.0,1394,480,696,0,1299,130,1154,DeKalb
DeSoto County,FL,22.5,18.8,4.9,11.5,73.5,1714.0,1.1,0.5,12.7,32.1,0.2,1.3,84.2,54.2,69.7,12072,15351.0,87700.0,2.77,35438,18503,15.3,637.06,29.0,86.8,778359.5,26.3,43.7,2206.0,33976,34862,54.7,19625.0,255355.0,1931,661,974,613,1215,165,1596,DeSoto
DeSoto County,MS,13.2,25.4,6.0,25.0,90.4,14396.0,0.3,1.6,30.1,5.1,0.1,1.5,66.4,61.9,74.0,62890,69657.0,168500.0,2.83,67038,30195,3.7,476.15,5.5,85.8,1269539.0,25.4,51.9,10564.0,185314,161252,338.7,311321.0,2320903.0,13157,4582,6746,3461,9195,1304,10992,DeSoto
DeWitt County,TX,20.0,22.5,6.2,12.6,80.8,1578.0,1.0,0.4,9.1,36.2,0.0,1.4,88.0,54.2,72.8,7048,9274.0,117100.0,2.62,55357,28910,3.7,908.98,19.4,88.9,575658.0,25.7,47.5,1091.0,19824,20097,22.1,27289.0,220189.0,1915,608,1015,340,1504,118,1719,DeWitt
Deaf Smith County,TX,13.1,30.8,8.7,12.0,73.8,1209.0,1.8,0.6,2.3,74.2,0.1,1.2,94.1,23.2,64.0,6145,7061.0,91100.0,3.0,49701,21616,16.9,1496.87,55.5,90.9,1084220.0,14.9,50.1,537.0,18583,19372,12.9,33330.5,275814.0,1362,277,799,719,566,55,1210,Deaf Smith
Dearborn County,IN,18.3,21.9,5.2,22.9,89.6,3051.0,0.2,0.5,0.7,1.4,0.1,1.3,97.3,96.1,79.6,18870,20679.0,170400.0,2.59,68658,30800,1.2,305.03,2.0,87.3,385051.0,29.4,50.3,3331.0,50679,50047,164.1,42848.0,576466.0,3996,1375,2248,74,3804,478,3377,Dearborn
Decatur County,GA,16.7,24.3,6.9,13.8,82.5,1836.0,0.8,0.7,42.7,6.5,0.2,1.5,54.2,49.4,57.5,10084,12245.0,110900.0,2.53,41481,21568,2.7,597.14,3.3,85.1,554410.0,22.9,51.5,1257.0,29367,27842,46.6,33983.0,324740.0,2634,956,1314,887,1636,225,2218,Decatur
Decatur County,IA,20.3,22.3,6.2,25.0,89.1,591.0,0.5,0.8,2.1,3.3,0.2,1.4,94.9,92.1,67.0,3200,3851.0,83200.0,2.25,44462,22875,2.4,531.88,5.9,82.2,528536.5,24.0,49.7,421.0,7645,8457,15.9,20428.0,35575.0,762,261,281,0,724,33,642,Decatur
Decatur County,IN,17.4,23.8,6.4,20.6,90.9,1574.0,0.3,1.5,0.6,2.1,0.0,1.0,96.5,94.7,69.8,10353,11477.0,134400.0,2.53,57949,27006,2.0,372.57,3.6,88.8,4663355.0,21.8,50.3,1269.0,26472,25740,69.1,38125.0,357236.0,2820,684,1585,61,2621,316,2382,Decatur
Decatur County,KS,28.4,19.9,5.8,22.5,94.0,263.0,0.5,0.2,1.2,3.3,-1.0,1.6,96.5,93.5,73.7,1442,1795.0,67900.0,1.94,48125,30905,3.0,893.52,4.4,85.3,328053.5,17.1,49.8,232.0,2764,2961,3.3,13223.0,23584.0,355,59,256,0,321,43,295,Decatur
Decatur County,TN,24.1,20.7,5.1,14.5,85.9,821.0,0.4,0.6,3.0,3.6,0.1,1.3,94.6,91.4,81.0,4440,6931.0,98800.0,2.58,42031,23857,0.5,333.85,0.5,94.5,117046.0,25.4,51.0,662.0,11435,11757,35.2,7852.0,76453.0,1142,320,656,25,1076,115,984,Decatur
Deer Lodge County,MT,24.5,13.7,3.5,20.4,91.1,461.0,4.0,0.5,0.5,3.7,0.1,2.7,92.2,89.7,67.8,3903,5232.0,131300.0,2.08,41820,26241,1.5,736.53,4.4,81.1,16801.0,17.1,46.4,784.0,9421,9298,12.6,10945.0,75153.0,639,287,235,26,582,56,514,Deer Lodge
Defiance County,OH,19.2,22.7,5.7,18.0,91.2,2117.0,0.4,0.5,2.1,10.4,0.0,1.6,95.3,86.0,76.3,15297,16824.0,119900.0,2.46,59931,29816,2.2,411.46,4.5,86.6,1017991.0,20.4,50.4,2449.0,38286,39037,94.9,50105.0,593914.0,2492,766,1279,74,2249,265,2077,Defiance
Del Norte County,CA,18.4,20.9,5.2,14.8,80.1,1326.0,9.7,3.1,3.5,20.1,0.2,5.4,78.1,62.0,63.1,9945,11434.0,218800.0,2.47,45283,23674,7.6,1006.37,12.1,82.3,41171.0,14.5,45.4,2048.0,27743,28610,28.4,32299.0,192759.0,1686,578,727,241,1367,257,1295,Del Norte
Delaware County,IA,19.8,23.6,6.1,16.6,91.7,1338.0,0.2,0.3,0.9,1.6,0.0,0.8,97.7,96.3,84.4,6907,8103.0,136100.0,2.45,63750,32112,0.7,577.76,2.2,92.1,872662.0,22.5,49.3,989.0,17488,17764,30.7,8445.0,188086.0,1831,453,1145,0,1766,182,1594,Delaware
Delaware County,IN,17.5,18.2,4.8,23.7,89.7,5665.0,0.3,1.3,7.2,2.6,0.1,2.4,88.7,86.6,63.5,46026,52713.0,93600.0,2.34,43512,25107,2.1,392.12,3.4,77.0,1591306.0,20.8,51.8,6501.0,111903,117671,300.1,172724.0,1519887.0,7079,2237,3664,463,6240,738,5837,Delaware
Delaware County,NY,25.2,16.3,4.0,22.6,88.9,3623.0,0.4,1.1,2.2,4.0,0.1,1.4,94.9,91.8,73.9,18968,31649.0,139300.0,2.25,49544,27701,4.4,1442.44,6.6,89.8,1557247.0,24.9,49.4,3337.0,44308,47980,33.3,44617.0,472704.0,4013,1302,2199,153,3721,368,3366,Delaware
Delaware County,OH,14.1,25.9,5.9,54.3,96.4,18270.0,0.2,7.6,3.9,2.8,0.1,2.0,86.2,83.8,81.4,69985,76147.0,308800.0,2.84,106908,48117,7.6,443.1,8.8,88.3,3012008.0,26.2,50.3,9372.0,214124,174214,393.2,460183.0,3178620.0,16809,5113,9704,1659,14596,1692,14361,Delaware
Delaware County,OK,25.2,20.0,5.1,18.1,84.9,2761.0,24.1,1.2,0.5,3.9,0.1,8.0,66.0,63.6,75.6,16739,25682.0,117900.0,2.51,41696,24070,2.0,738.18,4.9,88.1,87054.0,27.6,50.6,3564.0,40397,41487,56.2,165818.0,369166.0,3717,1136,1784,720,2697,308,3201,Delaware
Delaware County,PA,16.8,22.0,5.9,39.0,93.1,44811.0,0.2,6.3,22.7,4.1,0.1,2.2,68.5,65.6,68.8,207257,225035.0,244400.0,2.62,74477,40026,10.4,183.84,12.3,89.3,7364871.0,29.7,51.9,26172.0,576830,558979,3040.5,878102.0,6468800.0,48557,15326,29073,9764,37220,5133,41202,Delaware
Delta County,CO,26.8,19.6,4.6,21.7,90.7,3066.0,1.4,0.9,0.9,15.3,0.1,2.0,94.8,81.2,73.6,11883,14912.0,241500.0,2.46,45269,26499,4.6,1142.05,9.6,87.2,168059.0,28.6,49.7,3037.0,31196,30952,27.1,27158.0,309801.0,3114,985,1556,187,2790,281,2675,Delta
Delta County,MI,24.9,19.5,5.0,21.0,94.1,1967.0,2.8,0.5,0.4,1.6,0.0,2.6,93.6,92.5,77.4,16234,20429.0,114300.0,2.18,47434,27632,1.1,1171.1,1.9,87.8,854256.0,19.8,50.3,3109.0,36903,37069,31.7,45264.0,507058.0,2910,784,1527,179,2590,351,2259,Delta
Delta County,TX,21.0,23.5,6.8,25.1,87.8,394.0,2.5,0.7,6.7,8.9,0.1,3.3,86.8,79.5,78.2,1999,2498.0,87700.0,2.59,51038,27667,1.3,256.83,4.4,87.3,575658.0,33.1,50.2,419.0,5230,5231,20.4,33330.5,11652.0,372,181,123,0,342,33,328,Delta
Denali Borough,AK,11.3,19.0,4.6,41.1,98.5,195.0,5.1,5.4,2.1,3.8,0.0,4.5,82.9,79.5,81.6,613,1765.0,223000.0,2.32,81719,34365,7.7,12751.41,11.9,63.2,104944.0,16.9,44.1,132.0,1619,1826,0.1,63891.0,13431.0,301,105,125,0,272,0,259,Denali
Dent County,MO,22.3,22.2,6.0,15.3,83.2,926.0,1.2,0.8,0.7,1.9,0.1,1.8,95.5,93.8,73.5,6371,7333.0,102600.0,2.41,42100,22711,1.0,752.79,2.2,88.5,468824.0,25.0,50.1,1225.0,14421,15657,20.8,22307.0,127707.0,1470,264,883,0,1385,279,1077,Dent
Denton County,TX,10.5,24.3,6.1,45.1,92.5,79667.0,0.8,9.7,11.0,19.6,0.1,2.7,75.6,57.6,65.1,290229,329454.0,277800.0,2.83,86913,41153,15.5,878.43,23.5,81.5,6886892.0,29.0,50.8,41197.0,906422,662614,754.3,1138787.0,8273978.0,63243,22404,33618,18305,43019,5417,55295,Denton
Denver County,CO,11.9,19.1,5.8,49.4,88.0,75501.0,1.7,4.1,9.8,29.3,0.2,3.3,80.9,54.9,49.9,301501,338341.0,390600.0,2.29,68592,43770,15.0,153.0,25.5,79.9,5343892.0,25.9,49.9,29379.0,715522,600158,3922.6,2884852.0,7111416.0,79097,28725,41776,18049,57077,6329,67981,Denver
Des Moines County,IA,21.2,22.6,5.8,20.1,92.0,2337.0,0.4,1.0,6.2,3.4,0.1,2.8,89.5,86.7,70.3,16891,18615.0,108500.0,2.29,51267,29941,1.7,416.12,3.3,83.5,1626705.0,16.8,51.3,2996.0,38910,40325,96.9,20428.0,684189.0,3319,1245,1544,235,2877,231,2819,Des Moines
Deschutes County,OR,20.5,19.8,5.0,35.4,93.7,19388.0,1.1,1.3,0.6,8.3,0.2,2.8,94.1,86.8,67.0,74397,92795.0,364600.0,2.49,67043,35507,4.6,3018.19,7.2,82.1,801757.0,19.5,50.5,14641.0,198253,157733,52.3,435585.0,2476596.0,20214,6486,10481,1156,18150,1930,17029,Deschutes
Desha County,AR,19.6,25.3,6.4,14.1,81.1,715.0,0.5,0.7,47.9,6.4,0.1,1.4,49.4,44.5,61.5,5204,6309.0,70300.0,2.23,31893,19235,3.6,768.15,6.7,85.3,407011.0,17.4,52.8,495.0,11395,13008,16.9,12874.0,153630.0,806,347,293,357,364,99,594,Desha
Deuel County,NE,23.4,21.7,4.6,15.9,89.2,178.0,1.6,0.4,0.2,7.7,-1.0,1.4,96.4,89.7,76.3,830,1024.0,87300.0,2.19,47287,26351,1.6,439.85,2.7,83.2,231681.5,17.6,50.0,163.0,1838,1941,4.4,4370.0,94793.0,330,66,247,0,315,31,289,Deuel
Deuel County,SD,22.0,23.1,6.0,22.2,91.1,413.0,0.7,0.2,0.8,3.9,-1.0,1.3,97.0,93.3,79.0,1798,2209.0,133500.0,2.37,65437,30601,1.4,622.69,2.6,91.8,109693.0,24.0,48.0,301.0,4295,4364,7.0,4317.0,46121.0,528,168,250,0,505,30,471,Deuel
Dewey County,OK,18.2,27.4,6.8,24.0,93.8,506.0,6.5,1.2,0.8,7.6,-1.0,4.5,87.0,81.2,76.3,1689,2452.0,97700.0,2.86,52428,28310,2.5,999.48,5.9,90.2,460737.5,19.3,51.0,225.0,4484,4810,4.8,1893.0,74913.0,535,148,325,33,474,28,478,Dewey
Dewey County,SD,9.9,37.9,12.5,16.6,85.4,274.0,74.1,0.2,0.6,5.0,0.0,4.5,20.5,19.7,61.1,1651,2033.0,64400.0,3.5,47475,17504,0.2,2302.49,14.1,95.8,109693.0,17.5,50.5,206.0,5239,5301,2.3,1746.0,21958.0,285,94,149,121,139,0,237,Dewey
Dickens County,TX,23.7,18.2,4.6,18.5,84.4,183.0,2.4,1.2,5.7,30.3,0.1,2.2,88.3,61.7,76.7,845,1287.0,51100.0,2.47,42540,25025,5.1,901.72,18.4,84.9,575658.0,23.9,44.5,142.0,1770,2444,2.7,1666.0,11870.0,148,0,107,0,122,0,129,Dickens
Dickenson County,VA,23.0,19.6,4.7,10.7,77.4,415.0,0.3,0.2,0.5,1.1,-1.0,0.8,98.2,97.3,75.7,5778,7563.0,81000.0,2.47,29932,24978,0.4,330.53,0.4,93.1,476138.5,27.8,49.1,925.0,14124,15903,48.1,44317.0,102343.0,805,269,354,0,757,99,655,Dickenson
Dickey County,ND,20.7,24.4,6.5,28.8,91.3,444.0,0.9,0.6,1.0,3.4,0.0,1.8,95.7,93.1,74.3,2119,2658.0,118100.0,2.23,65492,33539,2.4,1131.47,7.9,87.3,60017.0,15.0,49.7,324.0,4999,5289,4.7,4616.0,96296.0,854,198,415,0,813,138,647,Dickey
Dickinson County,IA,26.7,19.0,4.8,33.6,96.0,1727.0,0.2,0.8,0.6,2.2,0.0,1.1,97.2,95.2,79.4,8174,14283.0,194300.0,2.07,59969,39052,1.5,380.61,3.0,88.4,719766.0,16.2,50.3,1177.0,17703,16667,43.8,56785.0,292875.0,2459,737,1338,0,2360,257,2087,Dickinson
Dickinson County,KS,20.3,23.2,5.5,22.9,91.5,1224.0,1.0,0.7,1.1,4.8,0.1,2.6,94.5,90.4,70.6,7911,9197.0,114700.0,2.34,49991,27219,1.9,847.07,2.5,87.4,280633.0,20.2,49.9,1788.0,18402,19754,23.3,17838.0,187521.0,1756,639,799,81,1616,104,1577,Dickinson
Dickinson County,MI,22.8,20.1,5.1,25.7,95.0,1489.0,1.0,0.7,0.5,1.7,0.1,1.5,96.2,94.9,77.4,11231,14134.0,101800.0,2.23,51645,29656,1.4,761.4,1.8,90.0,983585.0,17.2,49.7,2298.0,25947,26168,34.4,31629.0,431245.0,2001,588,984,39,1860,178,1691,Dickinson
Dickson County,TN,16.7,22.9,6.0,16.2,83.7,4023.0,0.5,0.7,4.1,3.9,0.1,2.0,92.6,89.3,75.1,19198,22382.0,164700.0,2.71,53076,27115,2.0,489.9,2.7,88.0,775694.0,32.6,50.9,2908.0,54315,49666,101.4,67119.0,714737.0,4110,1254,2499,229,3753,417,3446,Dickson
Dillingham Census Area,AK,10.0,31.4,9.7,22.1,86.3,863.0,73.0,0.9,0.8,3.7,0.2,9.3,15.8,14.7,62.0,1427,2456.0,183500.0,3.2,56898,25993,2.3,18568.78,38.0,84.8,104944.0,8.5,49.3,141.0,4857,4847,0.3,4650.0,58381.0,1186,329,660,814,320,59,1086,Dillingham
Dillon County,SC,17.2,25.3,6.5,11.1,75.3,1580.0,3.0,0.6,47.3,2.8,0.0,2.0,47.1,45.3,59.4,11029,13830.0,79300.0,2.75,30812,17605,2.3,404.87,3.9,92.0,470106.0,23.2,52.7,1609.0,28292,32062,79.2,34783.0,394173.0,1871,676,1045,848,949,308,1446,Dillon
Dimmit County,TX,17.3,28.7,7.1,13.6,66.4,686.0,0.8,0.8,1.7,87.6,0.0,1.0,95.7,10.2,66.2,3148,4436.0,72800.0,3.27,27161,16925,7.7,1328.88,62.6,93.0,11150.0,21.2,51.3,408.0,8615,9996,7.5,32819.0,142606.0,1156,475,621,885,225,25,1080,Dimmit
Dinwiddie County,VA,17.9,19.9,4.7,18.6,83.2,1416.0,0.4,0.8,32.2,3.8,0.1,1.7,64.8,62.0,77.2,10401,11856.0,168300.0,2.66,60346,28922,2.8,503.72,4.1,86.6,476138.5,30.7,51.0,2133.0,27947,28001,55.6,15357.0,144913.0,1545,555,852,486,1031,101,1382,Dinwiddie
District of Columbia,DC,12.4,18.2,6.4,58.5,90.9,62583.0,0.6,4.5,46.0,11.3,0.1,2.9,46.0,37.5,41.6,284386,322793.0,601500.0,2.3,86420,56147,13.7,61.05,17.2,80.5,309832.0,30.8,52.6,26156.0,689545,601723,9856.6,5101602.0,4439933.0,63408,27064,30237,29983,29521,5070,54217,District of Columbia
Divide County,ND,25.4,23.4,6.4,18.5,93.3,207.0,0.8,1.9,1.9,2.9,-1.0,2.0,93.4,90.9,72.4,1061,1525.0,151200.0,2.1,62865,40184,2.7,1260.79,2.1,89.5,118152.0,15.5,47.7,185.0,2195,2071,1.6,8750.0,21115.0,262,76,144,0,241,0,223,Divide
Dixie County,FL,23.7,18.3,4.6,10.4,78.4,858.0,0.6,0.4,9.8,4.2,0.0,1.8,87.3,83.6,78.6,6504,9536.0,78500.0,2.31,39828,21144,2.8,705.05,4.2,85.9,778359.5,24.3,44.9,1947.0,16759,16422,23.3,7260.0,56867.0,820,335,414,64,738,101,694,Dixie
Dixon County,NE,20.7,25.6,7.3,21.2,87.9,499.0,0.9,0.4,0.8,14.7,0.2,1.5,96.3,82.9,78.5,2352,2715.0,94700.0,2.4,56905,27634,6.9,476.23,11.1,88.6,231681.5,21.6,49.1,382.0,5606,6000,12.6,1089.0,11679.0,677,209,348,0,658,74,545,Dixon
Doddridge County,WV,21.8,14.8,3.6,17.1,82.0,250.0,0.4,0.3,2.2,0.7,0.0,1.4,95.5,94.9,87.7,2685,3905.0,117300.0,2.89,45545,24053,0.8,319.72,0.8,84.2,258272.0,35.5,44.3,715.0,7808,8202,25.7,48291.0,22816.0,265,78,92,0,240,0,196,Doddridge
Dodge County,GA,18.6,19.2,5.0,14.3,85.6,1501.0,0.5,0.5,30.5,3.6,0.2,1.4,66.9,64.5,67.8,7628,9849.0,76300.0,2.46,39302,20216,1.6,495.89,3.2,87.9,193853.0,30.5,47.9,1270.0,19925,21796,44.0,15267.0,152277.0,1789,546,904,488,1257,185,1403,Dodge
Dodge County,MN,15.2,25.6,6.1,25.7,94.9,1381.0,0.4,0.8,0.7,4.9,0.0,1.6,96.4,91.9,83.9,7756,8406.0,183900.0,2.65,74575,34399,3.0,439.28,5.6,87.3,719747.0,24.8,50.0,1178.0,20867,20087,45.7,12620.0,87932.0,1770,525,926,0,1714,284,1319,Dodge
Dodge County,NE,19.4,24.2,6.7,19.0,88.9,2202.0,1.7,0.7,1.3,14.1,0.4,1.7,94.2,82.3,62.1,15261,16826.0,130200.0,2.33,54085,28019,6.9,528.71,12.0,84.6,1955310.0,19.2,50.2,2565.0,37167,36691,69.4,56303.0,1097282.0,2825,889,1340,95,2588,218,2298,Dodge
Dodge County,WI,18.2,19.6,4.6,17.0,90.8,4595.0,0.6,0.7,3.3,5.0,0.1,1.1,94.2,89.6,69.7,34980,38072.0,162100.0,2.39,60652,29726,2.2,875.63,4.7,87.3,3727648.0,23.5,47.2,5850.0,89396,88759,101.4,69504.0,832963.0,5684,1291,3502,125,5324,532,4780,Dodge
Dolores County,CO,26.2,19.5,3.6,24.1,93.8,161.0,3.3,0.3,0.4,6.3,0.1,2.3,93.6,87.8,81.6,759,1738.0,116600.0,2.45,45972,26323,1.2,1067.05,2.7,90.9,80356.5,19.0,47.5,184.0,2326,2064,1.9,2545.0,10033.0,206,64,98,0,199,0,193,Dolores
Doniphan County,KS,19.8,20.9,5.3,21.1,90.3,456.0,1.4,0.5,3.3,2.8,-1.0,2.3,92.6,90.2,72.0,3046,3578.0,100600.0,2.28,49703,25775,0.8,393.41,1.9,84.2,110765.0,21.3,49.5,566.0,7510,7945,20.2,13223.0,30943.0,471,155,199,27,412,0,401,Doniphan
Donley County,TX,24.5,19.4,4.7,17.9,88.7,318.0,1.1,0.6,6.0,11.3,0.1,1.5,90.7,80.0,70.3,1335,2161.0,68700.0,2.27,42961,25534,2.6,926.89,5.5,85.3,575658.0,21.1,50.8,255.0,3258,3677,4.0,4077.0,27934.0,330,97,199,66,236,57,262,Donley
Dooly County,GA,21.1,16.4,3.7,12.1,77.7,675.0,0.3,0.8,50.2,7.0,0.1,1.0,47.7,42.1,69.6,5020,6238.0,83300.0,2.47,37340,22716,4.1,391.94,5.9,86.9,176901.0,19.7,45.4,790.0,11208,14918,38.1,5723.0,147059.0,739,346,364,410,306,69,644,Dooly
Door County,WI,30.5,16.3,3.9,33.7,94.4,3005.0,0.7,0.5,0.8,3.5,0.0,1.5,96.4,93.3,79.9,13191,25187.0,214100.0,2.06,61560,38744,3.0,481.98,4.3,89.2,416664.0,17.8,50.5,1988.0,30066,27785,57.6,147577.0,414127.0,4309,1195,2183,60,4034,553,3352,Door
Dorchester County,MD,22.1,21.0,5.6,21.2,87.9,2442.0,0.5,1.2,29.0,6.1,0.1,2.4,66.7,62.3,68.0,13183,16765.0,183300.0,2.39,52917,30293,3.9,540.77,6.3,87.1,843133.0,27.6,52.5,2120.0,32531,32618,60.3,390891.0,288746.0,2803,874,1549,504,2180,344,2323,Dorchester
Dorchester County,SC,14.5,24.2,6.0,28.2,89.7,11070.0,0.7,2.1,25.6,5.8,0.2,2.9,68.6,63.9,71.7,55351,62360.0,198800.0,2.83,63080,29853,5.0,573.23,6.3,85.1,2026405.0,31.0,51.4,16112.0,161540,136555,238.2,132411.0,973162.0,9713,3613,5220,2535,6923,1353,7874,Dorchester
Dougherty County,GA,16.5,23.6,6.6,21.4,83.4,6660.0,0.3,0.9,71.0,3.1,0.2,1.3,26.3,24.3,46.0,34087,40507.0,103500.0,2.51,39584,22059,2.1,328.69,3.8,78.8,3184059.0,18.6,54.0,5766.0,85790,94565,287.7,185349.0,1529899.0,8753,4083,4014,5227,3133,1035,7318,Dougherty
Douglas County,CO,12.4,25.2,5.7,58.0,98.1,34908.0,0.5,5.4,1.7,9.1,0.1,2.8,89.5,81.3,79.0,120709,132251.0,468700.0,2.78,119730,53313,7.6,840.25,9.5,84.1,460362.0,27.8,50.0,20172.0,357978,285465,339.7,541833.0,4308812.0,30974,10966,15633,3444,26276,3173,26099,Douglas
Douglas County,GA,11.9,25.7,6.2,28.2,87.8,13714.0,0.5,1.6,49.7,10.2,0.2,2.6,45.4,37.4,64.3,49187,53384.0,161600.0,2.89,63835,27743,8.9,200.07,12.2,85.4,690302.0,33.0,52.6,9488.0,144237,132403,661.8,210122.0,1955842.0,12634,5095,6426,6416,5691,1356,10666,Douglas
Douglas County,IL,18.3,24.7,6.6,18.9,83.2,1580.0,0.4,0.7,0.7,7.3,-1.0,1.4,96.8,90.0,74.0,7613,8475.0,111400.0,2.55,56714,28139,3.6,416.67,16.6,88.8,841256.0,20.5,50.3,1032.0,19740,19980,48.0,28130.0,218711.0,1877,579,1036,54,1748,198,1550,Douglas
Douglas County,KS,12.8,18.0,4.8,49.6,95.4,8650.0,2.7,5.0,4.7,6.5,0.1,4.2,83.4,78.1,51.3,46936,51778.0,199400.0,2.38,59435,32281,7.1,455.87,10.2,73.3,1217330.0,20.4,50.2,4869.0,118785,110826,243.1,261087.0,1354158.0,10121,3530,4963,907,8708,665,8678,Douglas
Douglas County,MN,23.4,21.5,5.9,26.0,95.1,3404.0,0.4,0.5,0.7,1.7,0.0,1.2,97.2,95.8,74.3,16663,21544.0,214800.0,2.22,63819,36535,1.3,637.3,2.1,87.7,920140.0,18.2,50.0,2538.0,39006,36009,56.5,89818.0,743427.0,4603,1043,2846,44,4377,488,3799,Douglas
Douglas County,MO,24.9,22.1,5.7,10.8,82.1,1120.0,0.9,0.3,0.5,1.8,0.0,2.3,96.1,94.6,79.8,5137,6520.0,123100.0,2.57,37425,21083,0.8,813.63,1.1,89.7,468824.0,27.2,49.9,1017.0,11578,13684,16.8,22307.0,96910.0,1175,258,630,31,1109,166,946,Douglas
Douglas County,NE,13.4,25.5,7.4,39.7,90.6,39062.0,1.2,4.3,11.5,12.9,0.1,2.8,80.0,68.8,61.7,218061,239728.0,169800.0,2.51,64629,35307,9.8,328.46,15.3,83.5,10990062.0,19.6,50.7,29366.0,584526,517110,1574.4,1170214.0,8585975.0,47310,16203,24833,7426,37593,4610,39368,Douglas
Douglas County,NV,29.7,16.0,3.4,29.4,93.2,5382.0,2.2,1.9,1.0,13.2,0.2,3.1,91.6,80.2,71.4,20741,24773.0,378800.0,2.31,66810,38814,7.4,709.72,10.7,86.3,712978.0,24.2,49.8,5364.0,49488,46997,66.2,445814.0,516646.0,5616,1875,2838,535,4730,707,4526,Douglas
Douglas County,OR,26.3,19.3,5.1,17.3,89.6,5757.0,2.1,1.1,0.5,6.1,0.2,3.5,92.6,87.5,68.2,45456,50970.0,199200.0,2.36,47267,26478,2.9,5036.08,4.0,83.5,1017255.0,19.2,50.7,12169.0,111201,107667,21.4,217232.0,1103438.0,7843,2321,3508,545,6808,776,6232,Douglas
Douglas County,SD,24.0,26.1,7.7,15.5,88.5,289.0,2.6,0.1,0.5,2.0,-1.0,1.6,95.1,93.7,79.8,1220,1485.0,94400.0,2.31,58684,30033,2.2,431.8,3.3,91.1,14449.0,14.7,50.1,189.0,2835,3002,7.0,4783.0,36427.0,600,117,262,0,588,104,411,Douglas
Douglas County,WA,18.2,25.8,6.5,20.5,82.1,1885.0,2.1,1.1,0.8,32.3,0.3,2.7,92.9,63.4,68.7,15263,17410.0,271500.0,2.73,62951,30544,15.3,1819.26,29.2,87.4,62410.0,19.2,49.4,2392.0,42938,38431,21.1,36067.0,429966.0,2061,743,960,312,1638,156,1744,Douglas
Douglas County,WI,19.2,19.6,4.9,24.1,93.7,2189.0,2.0,1.1,1.3,1.7,0.0,3.0,92.6,91.4,67.5,19011,23291.0,145800.0,2.22,53986,30153,2.3,1304.14,3.0,85.4,1420674.0,22.1,49.9,3394.0,44295,44159,33.9,72099.0,577740.0,2764,765,1466,138,2504,276,2262,Douglas
Dona Ana County,NM,16.2,24.3,6.3,27.1,79.4,13241.0,2.3,1.3,2.4,68.8,0.2,1.9,91.8,26.7,63.1,77842,89968.0,147400.0,2.7,40973,22154,17.2,3807.51,51.3,85.9,268581.0,21.2,51.0,14276.0,219561,209233,55.0,285237.0,1965400.0,16298,6265,7992,9101,6358,1369,14077,Dona Ana
Drew County,AR,18.2,21.6,6.1,22.8,86.9,1129.0,0.5,0.7,28.1,3.8,0.0,1.3,69.3,66.1,67.7,7157,8682.0,99800.0,2.43,46997,25543,1.2,828.36,2.8,86.0,602802.0,21.5,51.3,1127.0,17350,18509,22.3,17679.0,260719.0,1186,491,510,247,846,90,1001,Drew
DuPage County,IL,16.1,22.5,5.8,49.4,93.0,86929.0,0.4,12.7,5.3,14.6,0.1,2.1,79.5,66.0,73.4,342791,362182.0,308500.0,2.67,92809,46272,19.1,327.5,27.5,88.1,18896683.0,29.8,50.8,31838.0,932877,916924,2799.8,2424272.0,17758770.0,98579,31321,56343,19026,75928,6395,87812,DuPage
Dubois County,IN,17.9,24.4,6.7,23.7,89.3,2908.0,0.3,0.7,0.9,8.7,0.3,0.8,97.0,89.2,77.9,16893,17994.0,156500.0,2.46,60666,30366,4.4,427.27,6.0,92.8,1482367.0,18.5,49.8,1894.0,43637,41889,98.0,65812.0,919201.0,3555,1039,1830,125,3213,233,2910,Dubois
Dubuque County,IA,18.3,22.7,6.2,30.8,92.7,6400.0,0.3,1.3,3.6,2.6,0.6,1.7,92.5,90.3,73.3,38210,41760.0,166800.0,2.43,63031,32905,2.8,608.31,4.3,84.9,6036353.0,16.7,50.7,5465.0,99266,93653,154.0,169532.0,1659142.0,8333,2366,4386,361,7553,1082,6537,Dubuque
Duchesne County,UT,12.4,33.4,9.0,14.7,88.8,1571.0,4.9,0.5,0.5,8.3,0.3,2.8,90.9,84.6,75.1,6868,10532.0,185800.0,2.88,63224,24573,3.2,3240.95,7.4,86.0,294994.0,20.1,49.4,812.0,19596,18607,5.7,21746.0,264857.0,2313,518,998,90,2176,57,2130,Duchesne
Dukes County,MA,25.1,17.8,4.9,44.9,94.8,4174.0,1.3,1.1,4.7,3.9,0.1,3.0,89.8,86.9,72.3,6765,18146.0,699500.0,2.52,71811,45990,11.1,103.25,12.5,95.1,5032308.0,12.6,50.7,931.0,20600,16535,160.2,120269.0,373633.0,4641,1643,2505,440,4089,613,3878,Dukes
Dundy County,NE,26.2,18.1,4.4,23.3,83.1,172.0,1.8,0.2,0.5,7.4,0.2,1.7,95.6,89.4,72.1,872,1120.0,75900.0,2.14,41716,25479,6.6,919.68,12.2,81.8,2725.0,15.1,50.1,145.0,1654,2008,2.2,1188.0,12270.0,189,0,112,0,158,0,151,Dundy
Dunklin County,MO,18.8,25.5,6.8,13.8,76.3,1794.0,0.5,0.9,10.6,7.0,0.0,2.1,85.9,79.5,62.0,12342,14452.0,76500.0,2.37,36380,21801,3.1,541.07,7.6,80.9,468824.0,21.3,52.1,1765.0,28283,31953,59.1,29560.0,427592.0,2592,818,1218,366,1999,207,2061,Dunklin
Dunn County,ND,16.1,25.1,7.6,21.3,91.1,387.0,9.8,1.4,1.7,5.6,0.0,2.9,84.2,80.2,77.0,1692,2561.0,192500.0,2.53,76719,42691,2.3,2008.46,8.1,87.7,118152.0,23.8,46.4,335.0,4095,3536,1.8,24636.0,69086.0,401,73,241,38,348,68,317,Dunn
Dunn County,WI,16.1,19.5,5.2,27.9,93.7,2562.0,0.6,3.0,0.9,2.1,0.1,1.4,94.1,92.4,68.2,16859,18671.0,165200.0,2.44,58783,28034,3.1,850.11,5.2,81.0,1528620.0,22.7,49.8,2549.0,45440,43857,51.6,42889.0,440636.0,3256,1009,1777,129,2954,282,2716,Dunn
Duplin County,NC,19.4,23.8,6.2,12.1,76.0,3276.0,1.4,0.7,25.5,23.0,0.4,1.6,70.4,51.0,70.4,21466,26040.0,90200.0,2.73,41764,20254,12.2,816.22,21.3,86.7,2056739.0,26.2,51.2,3219.0,48715,58505,71.7,44098.0,466370.0,3486,1127,2041,997,2392,387,2967,Duplin
Durham County,NC,13.6,20.4,6.3,48.2,88.4,26142.0,0.9,5.5,36.9,13.7,0.1,2.6,54.0,43.0,54.4,125953,142017.0,223000.0,2.36,60958,35398,14.2,285.98,18.6,80.2,8955517.0,22.9,52.3,14662.0,324833,267587,935.7,832483.0,3402052.0,24763,10338,11979,9077,14451,2226,21268,Durham
Dutchess County,NY,18.1,18.7,4.6,35.0,91.1,22767.0,0.5,3.7,12.1,12.9,0.1,2.7,81.0,70.7,68.8,108413,121574.0,282000.0,2.54,81219,40093,11.5,795.63,15.6,88.8,2481946.0,33.0,50.3,13916.0,295911,297488,373.9,499518.0,3792719.0,24210,8193,13505,3733,19633,1706,21237,Dutchess
Duval County,FL,14.5,22.5,6.7,30.0,89.8,78330.0,0.5,5.0,30.8,10.5,0.1,3.0,60.6,52.0,56.7,359544,418708.0,180700.0,2.55,55807,31327,11.1,762.19,14.6,81.0,10158169.0,25.2,51.5,82283.0,995567,864263,1133.9,2016466.0,12985323.0,75875,30367,37118,27928,44999,7754,63792,Duval
Duval County,TX,18.2,25.6,7.1,9.0,68.6,799.0,0.9,0.5,1.4,89.3,0.1,0.6,96.4,8.8,65.5,3511,5602.0,49400.0,3.06,41186,17637,5.4,1793.48,56.8,81.5,575658.0,27.8,48.8,447.0,9831,11782,6.6,5734.0,78574.0,843,369,408,625,188,35,742,Duval
Dyer County,TN,17.9,23.7,6.2,16.1,83.9,2454.0,0.4,0.7,14.5,3.6,0.0,1.8,82.5,79.5,61.5,15120,16972.0,103800.0,2.44,44185,27710,1.9,512.33,3.4,84.3,1455595.0,20.4,51.8,1987.0,36801,38335,74.8,42441.0,580848.0,3530,1304,1770,525,2872,280,3037,Dyer
Eagle County,CO,12.4,21.4,5.5,47.2,88.3,7578.0,1.4,1.3,1.5,29.7,0.1,1.2,94.5,67.0,69.8,18171,33174.0,562300.0,3.0,84790,44391,17.5,1684.53,28.8,85.1,73811.0,22.8,47.2,2007.0,55731,52197,31.0,477791.0,806027.0,9302,2584,5483,817,8007,738,8017,Eagle
Early County,GA,19.3,24.9,6.6,15.1,80.4,636.0,0.6,0.7,51.7,2.3,0.1,1.0,46.0,44.2,64.0,4074,4981.0,86900.0,2.5,30640,19026,1.3,512.59,0.8,92.0,554410.0,25.0,53.4,495.0,10854,11008,21.5,7551.0,86082.0,849,324,433,310,511,83,719,Early
East Baton Rouge Parish,LA,14.6,22.7,6.5,34.9,90.5,39319.0,0.3,3.4,47.2,4.4,0.0,1.6,47.6,44.0,59.8,164346,196145.0,194000.0,2.64,54948,32431,5.7,455.37,8.3,83.5,53388824.0,23.6,52.3,20502.0,456781,440171,966.6,1230686.0,7389667.0,45760,17880,22992,19537,24625,4637,38930,East Baton Rouge
East Carroll Parish,LA,15.3,23.9,6.2,8.9,70.5,417.0,0.3,0.5,68.8,2.7,-1.0,1.3,29.1,27.5,51.6,2037,2896.0,76800.0,2.17,22346,19483,0.4,420.7,2.3,72.8,1901186.0,14.3,45.7,194.0,7459,7759,18.4,3480.0,30650.0,433,141,257,236,173,57,354,East Carroll
East Feliciana Parish,LA,18.4,17.9,4.8,12.7,80.0,1428.0,0.5,0.3,42.7,1.8,0.0,1.4,55.1,54.0,80.5,6959,8645.0,139300.0,2.24,51803,23612,0.9,453.41,2.8,89.5,1901186.0,31.2,45.4,785.0,19539,20267,44.7,61451.5,80318.0,1595,549,889,533,1012,127,1367,East Feliciana
Eastland County,TX,22.1,21.1,5.8,16.0,84.4,1397.0,1.2,0.8,2.2,17.0,0.1,1.5,94.3,78.4,76.6,6492,10434.0,73900.0,2.66,37276,24548,4.6,926.49,12.9,86.0,575658.0,20.8,50.0,1228.0,17725,18583,20.1,24930.0,314004.0,1830,510,1024,199,1547,171,1480,Eastland
Eaton County,MI,19.1,20.6,5.3,27.8,94.3,7159.0,0.5,2.5,7.2,5.7,0.0,2.6,87.1,82.3,72.3,44480,47801.0,155000.0,2.42,64348,33427,4.0,575.18,6.7,85.4,10600604.0,22.6,50.9,6633.0,109175,107759,187.3,169169.0,1452983.0,8348,2630,4877,885,7135,1058,6833,Eaton
Eau Claire County,WI,16.2,20.1,5.5,32.3,94.1,6326.0,0.6,4.3,1.2,2.7,0.2,2.0,91.7,89.6,64.5,40981,44775.0,169400.0,2.43,59476,30983,3.8,637.98,7.1,79.6,1690887.0,18.1,50.5,5766.0,105710,98736,154.8,206568.0,1658876.0,8046,2381,4428,264,7366,641,6824,Eau Claire
Echols County,GA,13.8,26.0,5.2,9.7,74.2,219.0,3.0,0.7,6.2,29.8,0.2,2.2,87.7,61.0,67.8,1561,1604.0,59100.0,2.55,39494,23885,6.1,414.89,21.1,93.1,554410.0,22.9,48.2,110.0,3697,4034,9.7,33983.0,198051.0,204,51,116,58,143,27,151,Echols
Ector County,TX,9.6,30.3,8.9,15.4,76.0,13754.0,1.5,1.3,5.3,62.6,0.3,1.5,90.1,30.4,64.9,52530,59594.0,140500.0,3.03,62973,28954,13.9,897.69,45.7,83.1,1706349.0,23.7,48.9,5650.0,165171,137130,152.8,388952.0,2711683.0,14829,4279,8746,6629,7448,1386,12464,Ector
Eddy County,ND,23.7,23.4,7.6,26.2,89.4,197.0,4.6,0.3,0.5,4.3,0.2,1.8,92.6,89.0,71.0,1062,1354.0,87700.0,2.08,54868,35639,0.3,630.17,3.9,86.8,118152.0,14.4,50.8,129.0,2347,2385,3.8,1443.0,16729.0,268,48,164,0,242,0,236,Eddy
Eddy County,NM,14.6,26.5,7.3,16.2,84.4,2854.0,2.4,0.9,2.0,50.5,0.1,1.8,92.7,45.3,69.5,21251,25089.0,155900.0,2.69,65328,30246,6.6,4175.73,19.8,86.4,268581.0,19.1,49.4,3373.0,62314,53829,12.9,118004.0,798704.0,3335,948,1597,931,2119,332,2630,Eddy
Edgar County,IL,22.5,20.2,5.2,17.2,90.1,883.0,0.2,0.4,0.6,1.3,0.0,1.0,97.8,96.6,76.5,7542,8818.0,82800.0,2.26,53647,27797,0.8,623.37,1.0,86.1,714764.0,20.0,51.0,1234.0,16866,18576,29.8,38907.0,156994.0,1002,343,403,0,939,36,887,Edgar
Edgecombe County,NC,20.4,22.5,5.7,13.6,81.1,2650.0,0.8,0.3,57.8,5.0,0.1,1.3,39.7,36.0,58.8,21151,25063.0,85700.0,2.46,36866,20626,2.2,505.34,4.6,91.9,1028877.0,22.8,53.8,2578.0,48900,56552,111.9,38147.0,372108.0,3647,1402,1999,1705,1836,447,3006,Edgecombe
Edgefield County,SC,19.4,17.8,3.9,16.7,82.9,1504.0,0.5,0.6,35.1,6.2,0.1,1.5,62.3,57.2,74.1,9176,11153.0,129300.0,2.64,49127,26228,4.3,500.41,5.7,88.9,389481.0,26.3,46.4,1986.0,25657,26985,53.9,65913.0,152092.0,1443,470,749,314,1020,184,1147,Edgefield
Edmonson County,KY,21.4,17.8,4.5,10.3,78.1,929.0,0.5,0.4,2.0,1.5,0.0,1.2,96.0,94.7,80.4,4885,6604.0,87300.0,2.41,43401,21802,0.2,302.88,1.3,85.4,559741.0,28.7,49.4,736.0,12126,12161,40.2,35974.5,39163.0,1279,285,732,0,1248,54,1142,Edmonson
Edmunds County,SD,22.0,23.1,6.2,26.3,93.1,391.0,1.1,0.7,0.3,2.2,-1.0,1.0,96.8,95.1,82.0,1544,2101.0,118400.0,2.46,71324,34628,1.3,1125.96,3.6,94.8,109693.0,17.7,50.0,221.0,3986,4071,3.6,2285.0,44398.0,491,118,176,0,472,0,406,Edmunds
Edwards County,IL,21.9,22.5,5.8,13.9,92.0,423.0,0.5,0.4,0.5,1.4,-1.0,1.3,97.3,96.4,80.2,2773,3193.0,79300.0,2.31,51080,28255,0.5,222.42,2.1,89.8,741144.5,22.5,51.1,449.0,6245,6721,30.2,2808.0,55047.0,448,200,223,0,418,91,334,Edwards
Edwards County,KS,21.7,23.3,5.7,18.1,85.4,211.0,2.6,0.2,1.8,21.1,-1.0,2.4,93.1,75.0,78.0,1308,1619.0,61400.0,2.12,50902,27431,9.0,621.89,19.4,95.3,328053.5,21.3,48.7,129.0,2907,3037,4.9,937.0,54472.0,244,87,123,0,214,0,216,Edwards
Edwards County,TX,29.0,21.7,5.8,18.2,72.1,210.0,2.4,0.7,1.2,55.3,-1.0,1.1,94.6,42.3,85.6,789,1655.0,69200.0,2.42,40766,24689,5.9,2117.86,43.0,92.9,575658.0,14.1,47.0,159.0,1422,2002,0.9,33330.5,21669.0,293,85,130,151,117,0,266,Edwards
Effingham County,GA,11.9,26.4,6.7,20.0,88.3,4143.0,0.4,1.1,14.3,4.9,0.1,2.1,81.9,77.7,75.9,21172,23996.0,163600.0,2.84,66822,31704,3.2,477.7,4.7,89.1,554410.0,31.1,50.4,4977.0,64769,52250,109.4,36471.0,358549.0,3748,1488,1838,539,3108,708,2829,Effingham
Effingham County,IL,17.9,23.9,6.8,22.7,93.1,2729.0,0.2,0.7,0.6,2.3,0.0,0.9,97.5,95.6,75.4,13877,14959.0,143600.0,2.43,56685,31665,2.2,478.78,3.7,86.8,697871.0,17.7,50.1,1926.0,34668,34242,71.5,97493.0,934654.0,3439,893,1949,87,3212,173,2932,Effingham
El Dorado County,CA,21.9,19.8,4.6,34.3,93.4,17441.0,1.3,4.8,1.0,13.2,0.2,3.9,88.6,77.2,75.7,70974,91660.0,460900.0,2.63,83377,42749,9.2,1707.88,12.2,85.2,517354.0,30.0,50.1,13604.0,191185,181058,106.0,319784.0,1597758.0,16711,5445,8514,2340,13840,1659,14367,El Dorado
El Paso County,CO,13.2,23.8,6.6,38.5,94.2,54516.0,1.4,3.1,6.9,17.7,0.4,4.9,83.3,68.6,64.0,257507,280718.0,275000.0,2.65,68779,33728,7.0,2126.8,11.9,78.0,3375933.0,23.7,49.5,84343.0,730395,622263,292.6,1443157.0,7929252.0,54247,20043,26903,8463,43351,6593,44012,El Paso
El Paso County,TX,12.5,26.7,7.3,23.3,78.5,64533.0,1.1,1.4,4.0,82.9,0.2,1.5,91.8,11.6,61.1,268310,301462.0,121500.0,3.06,46871,21683,24.1,1012.69,70.6,84.8,13643227.0,23.7,50.6,47484.0,865657,800647,790.6,1384416.0,9180623.0,67321,26471,35681,54163,10989,4871,60209,El Paso
Elbert County,CO,17.2,21.2,4.4,35.8,96.7,2968.0,0.8,1.2,1.4,7.6,0.2,2.1,94.3,87.7,90.0,9280,9991.0,463600.0,2.76,99199,44690,2.7,1850.85,4.5,87.6,80356.5,39.3,49.4,2399.0,26062,23086,12.5,9297.0,105690.0,2585,800,1457,110,2438,257,2213,Elbert
Elbert County,GA,21.3,21.7,5.8,11.6,78.4,1417.0,0.5,1.0,29.0,6.0,0.1,1.3,68.2,63.4,72.2,7559,9672.0,84700.0,2.5,38678,22355,2.6,351.06,5.4,87.6,379644.0,22.4,52.4,1386.0,19637,20166,57.4,13708.0,142017.0,1789,491,917,371,1379,325,1322,Elbert
Elk County,KS,28.9,22.9,5.4,15.6,88.5,252.0,2.0,0.5,0.2,4.7,0.0,3.7,93.6,89.4,79.5,1128,1755.0,54700.0,2.21,38750,23875,0.8,644.27,3.5,89.7,328053.5,29.2,49.8,200.0,2483,2882,4.5,13223.0,23089.0,472,123,276,0,467,30,438,Elk
Elk County,PA,22.5,19.2,4.8,19.6,92.3,1574.0,0.2,0.4,0.5,0.9,0.0,0.9,97.9,97.2,78.6,14020,17830.0,103200.0,2.13,53440,29772,0.9,827.36,1.3,92.3,1732631.0,18.6,49.8,2396.0,30990,31946,38.6,28302.0,314470.0,2861,1048,1401,52,2573,443,2079,Elk
Elkhart County,IN,15.1,27.4,7.5,19.8,80.8,13005.0,0.6,1.2,6.1,16.8,0.1,2.5,89.5,74.1,69.8,71718,79756.0,144300.0,2.8,57021,26150,7.8,463.17,19.1,88.1,14833283.0,19.4,50.6,8726.0,207047,197559,426.5,280711.0,2440413.0,15619,4573,8549,1328,13716,1293,13362,Elkhart
Elko County,NV,11.8,27.2,7.6,16.6,86.3,2567.0,6.4,1.2,1.3,24.7,0.3,2.6,88.1,66.5,71.2,18065,21966.0,212500.0,2.85,81232,33875,8.6,17169.83,18.0,83.0,712978.0,30.2,48.0,3109.0,53702,48818,2.8,442657.0,946526.0,2990,987,1500,511,2257,313,2354,Elko
Elliott County,KY,20.4,17.7,4.5,9.7,75.0,379.0,0.3,0.2,3.8,1.2,0.2,1.0,94.5,93.7,75.3,2523,3473.0,82700.0,2.37,32306,13856,0.3,234.32,2.2,83.2,559741.0,39.9,43.0,339.0,7354,7852,33.5,35974.5,170369.5,180,72,92,0,169,0,161,Elliott
Ellis County,KS,16.0,21.1,5.6,36.3,93.3,2898.0,0.5,1.8,1.4,5.9,0.1,1.8,94.5,89.1,61.2,11544,13326.0,169100.0,2.39,52883,30956,2.7,899.91,6.5,76.9,218972.0,12.1,49.6,1452.0,28934,28452,31.6,74931.0,621040.0,3805,962,1952,121,3531,203,3382,Ellis
Ellis County,OK,23.2,22.8,5.2,20.1,85.8,312.0,3.1,0.5,0.7,7.3,0.1,2.3,93.2,86.4,74.2,1614,2273.0,89800.0,2.45,53245,28195,2.4,1231.52,5.2,85.9,460737.5,17.3,51.0,225.0,3749,4151,3.4,40216.0,52969.0,503,188,206,0,481,0,472,Ellis
Ellis County,TX,13.1,26.5,6.7,24.3,86.2,16101.0,0.8,0.8,12.2,26.9,0.1,1.9,84.1,58.9,74.4,57307,65940.0,191400.0,3.0,76871,32571,7.7,935.49,18.0,87.7,4129652.0,30.6,50.6,10718.0,192455,149610,159.9,177743.0,1459370.0,12813,4063,7028,3413,8949,1121,11080,Ellis
Ellsworth County,KS,21.3,18.3,4.5,19.5,91.6,415.0,0.9,0.6,5.4,6.3,-1.0,1.8,91.4,85.6,76.8,2388,3223.0,99400.0,2.24,54902,26443,2.0,715.85,3.5,86.6,52387.0,19.4,43.3,394.0,6376,6497,9.1,4427.0,53649.0,609,136,314,0,559,166,302,Ellsworth
Elmore County,AL,15.6,22.3,5.8,25.1,86.6,5400.0,0.5,0.8,21.2,3.2,0.1,1.8,75.7,73.1,73.3,29708,34475.0,166600.0,2.58,60891,29052,2.1,618.49,3.5,85.4,800172.0,26.8,51.7,6594.0,87977,79303,128.2,66937.0,711587.0,5249,1723,2975,882,4185,889,4060,Elmore
Elmore County,ID,14.1,25.3,8.1,18.7,89.9,1354.0,1.7,3.1,3.1,17.8,0.4,3.9,87.8,72.4,59.8,10606,12577.0,153800.0,2.45,46855,23028,9.8,3074.74,14.4,78.8,172944.0,20.4,47.6,4017.0,28666,27038,8.8,28866.0,256344.0,1514,510,666,249,1189,103,1289,Elmore
Emanuel County,GA,16.5,24.8,6.7,13.0,78.6,1797.0,0.5,0.7,34.7,4.6,0.1,1.2,62.8,59.1,63.8,8387,9937.0,73100.0,2.58,37453,19389,2.5,680.6,4.6,87.3,706335.0,28.1,50.4,1178.0,22768,22598,33.2,17421.0,203297.0,1789,768,840,583,1131,218,1473,Emanuel
Emery County,UT,17.7,28.4,6.1,16.3,93.8,655.0,1.2,0.5,0.4,6.5,0.1,1.4,96.4,90.6,76.9,3665,4636.0,140200.0,2.74,55554,23705,2.5,4462.31,7.3,90.3,294994.0,19.4,49.1,521.0,9825,10976,2.5,8208.0,105121.0,548,143,290,0,508,47,460,Emery
Emmet County,IA,21.6,20.3,5.4,18.8,90.7,655.0,1.6,0.7,1.3,10.1,0.1,2.2,94.1,86.5,78.1,4036,4824.0,89300.0,2.1,51563,28651,5.0,395.88,8.1,83.9,357006.0,18.8,49.6,535.0,9388,10302,26.0,9604.0,89989.0,978,268,466,40,891,62,833,Emmet
Emmet County,MI,23.3,18.7,4.6,33.4,93.9,3592.0,3.8,0.6,0.7,1.8,0.1,2.3,92.4,91.1,72.8,14463,21864.0,186900.0,2.25,55829,34074,1.9,467.49,3.4,87.0,281243.0,19.5,50.6,2305.0,34112,32694,69.9,122442.0,627784.0,4651,1166,2884,274,4232,475,3813,Emmet
Emmons County,ND,28.1,19.5,5.1,18.2,87.3,277.0,1.2,0.9,0.3,1.1,-1.0,1.3,96.4,95.3,85.9,1585,2162.0,97000.0,2.05,55902,33088,2.1,1510.44,8.2,93.6,118152.0,17.6,49.3,234.0,3301,3550,2.4,2752.0,30672.0,378,113,149,0,358,42,314,Emmons
Emporia city,VA,16.8,28.7,5.0,13.8,79.4,1479.0,0.1,0.3,63.2,6.8,0.0,8.4,28.0,24.5,40.1,2086,11797.5,116800.0,2.49,27063,18494,2.8,6.89,6.5,82.5,203712.0,18.4,54.9,194.0,5766,5927,859.8,25106.0,136519.0,581,148,360,147,381,140,393,Emporia
Erath County,TX,14.7,20.7,5.7,31.5,88.3,3545.0,1.3,1.0,2.0,21.6,0.1,1.6,93.9,73.9,63.4,13595,18652.0,159900.0,2.92,52742,27639,8.7,1083.07,15.8,80.4,575658.0,18.7,51.0,2500.0,42545,37890,35.0,71426.0,535153.0,3708,950,1965,429,3143,337,3105,Erath
Erie County,NY,18.4,20.2,5.5,34.4,91.8,52711.0,0.7,3.8,14.0,5.8,0.0,2.1,79.3,75.0,64.6,389585,430736.0,153400.0,2.29,58121,33598,7.2,1042.69,10.7,87.8,15835448.0,21.5,51.6,52004.0,954236,919040,881.4,1871900.0,12106065.0,61354,19041,37199,8090,50955,5802,52637,Erie
Erie County,OH,22.6,20.2,5.3,23.2,91.8,5031.0,0.4,0.8,8.9,4.5,0.1,3.3,86.7,83.0,69.2,31183,37897.0,139900.0,2.36,54226,32790,2.0,251.56,3.3,88.6,2021643.0,21.1,51.1,5876.0,75622,77079,306.4,305935.0,1072375.0,5583,1616,3346,408,4866,531,4580,Erie
Erie County,PA,18.6,21.1,5.6,27.9,91.3,13819.0,0.3,1.9,7.8,4.4,0.1,2.5,87.4,84.0,66.1,110318,121858.0,134100.0,2.36,51529,28306,4.4,799.15,6.8,85.1,9437662.0,19.8,50.6,19481.0,270876,280566,351.1,485439.0,3752817.0,18667,5581,10882,1267,16593,1639,16019,Erie
Escambia County,AL,18.3,22.5,6.0,12.5,81.1,2096.0,3.9,0.3,31.3,2.6,0.1,2.2,62.3,60.3,68.3,13089,16645.0,99400.0,2.61,36275,19028,0.7,945.08,1.4,94.2,758931.0,22.2,49.7,2118.0,36757,38319,40.5,37213.0,374890.0,2822,951,1646,648,2053,501,2196,Escambia
Escambia County,FL,17.1,20.8,6.0,26.5,90.5,22950.0,0.9,3.3,23.3,5.9,0.2,3.4,68.9,64.0,62.0,120104,143228.0,146200.0,2.46,50915,28022,5.1,656.46,7.0,81.8,2427835.0,22.6,50.6,33612.0,321905,297619,453.4,598377.0,4096339.0,21327,8390,10635,5704,14673,2713,17127,Escambia
Esmeralda County,NV,35.7,14.1,3.3,16.1,88.3,58.0,7.1,0.6,3.4,19.2,0.1,3.9,84.9,66.3,58.2,491,860.0,65000.0,1.96,37375,25849,7.2,3581.88,14.8,90.1,712978.0,14.3,45.7,130.0,729,783,0.2,59985.0,325348.0,66,33,26,0,54,0,60,Esmeralda
Essex County,MA,17.6,21.1,5.6,39.9,89.3,69827.0,0.9,3.9,7.1,22.2,0.2,2.8,85.1,69.0,64.2,294202,314723.0,409900.0,2.6,79263,42347,17.3,492.56,26.5,89.0,12747884.0,30.4,51.8,32697.0,809829,743159,1508.8,1536058.0,10037894.0,71118,24612,41046,10741,58429,6629,61791,Essex
Essex County,NJ,13.9,23.7,6.6,35.5,86.1,73493.0,0.8,5.9,41.9,23.8,0.1,2.4,48.9,30.2,44.0,285908,319686.0,386000.0,2.71,61510,38722,27.2,126.21,35.9,89.6,5942038.0,34.9,51.9,18419.0,863728,783969,6211.5,1378698.0,9204586.0,75564,29092,39994,35331,37784,4543,68453,Essex
Essex County,NY,24.3,16.0,4.0,26.8,91.5,3075.0,0.5,0.8,2.8,3.0,0.1,1.4,94.5,92.3,75.4,15790,26485.0,153600.0,2.19,56763,31667,3.7,1794.23,6.1,86.5,213119.0,23.0,48.3,2717.0,37381,39370,21.9,150253.0,514005.0,3549,1164,1921,82,3321,601,2743,Essex
Essex County,VA,23.7,18.4,4.9,17.4,82.3,805.0,0.9,1.2,37.4,3.9,0.2,3.0,57.3,54.9,67.1,4555,5894.0,202800.0,2.38,51954,26847,1.6,257.12,3.6,87.8,90738.0,35.7,53.1,636.0,10599,11151,43.4,19587.0,236634.0,842,229,470,146,640,139,614,Essex
Essex County,VT,26.5,17.1,4.5,16.2,86.8,492.0,0.6,0.7,0.6,1.5,-1.0,1.8,96.3,95.1,81.2,2740,5229.0,136600.0,2.25,44349,25376,3.7,663.6,6.4,91.1,11423.0,27.7,49.7,586.0,5920,6306,9.5,2421.0,18959.0,466,123,285,0,445,36,404,Essex
Estill County,KY,19.2,21.4,5.5,9.9,75.6,787.0,0.4,0.1,0.5,1.3,0.0,1.0,98.1,97.0,72.1,5499,6949.0,76800.0,2.56,31688,17746,0.0,253.08,0.2,87.3,559741.0,31.1,50.6,656.0,14163,14672,58.0,35974.5,75272.0,890,407,415,25,842,41,805,Estill
Etowah County,AL,19.4,21.3,5.8,17.8,84.6,7520.0,0.6,0.8,15.7,4.1,0.3,1.9,80.7,77.5,72.6,38942,47855.0,113700.0,2.6,44637,24883,2.8,534.99,4.1,86.4,1355790.0,24.0,51.6,6797.0,103436,104430,195.2,152960.0,1236494.0,8616,2902,4938,1137,7168,1030,7161,Etowah
Eureka County,NV,16.4,24.4,4.3,8.8,94.6,129.0,3.2,1.0,1.2,13.2,0.1,2.6,91.8,80.3,73.8,774,1087.0,120100.0,2.4,67105,34249,1.9,4175.68,4.4,89.5,712978.0,27.2,46.6,177.0,1855,1987,0.5,1544.0,10220.0,169,0,74,0,156,28,131,Eureka
Evangeline Parish,LA,15.8,24.9,6.9,11.6,75.7,1718.0,0.5,0.5,28.2,4.0,0.0,1.3,69.5,66.5,65.5,12172,15145.0,96600.0,2.63,31965,18770,3.3,662.38,18.9,86.4,1901186.0,27.7,49.0,1154.0,32350,33984,51.3,61451.5,213742.0,2152,642,1198,460,1603,209,1823,Evangeline
Evans County,GA,16.3,26.4,6.7,15.8,76.2,731.0,0.6,1.2,31.1,11.8,0.4,1.4,65.3,56.3,68.0,4020,4772.0,87900.0,2.53,42607,20725,4.6,182.85,12.0,88.6,554410.0,24.6,51.5,728.0,10774,11000,60.2,33983.0,178820.0,944,464,421,247,673,127,773,Evans
Fairbanks North Star Borough,AK,11.2,23.8,7.4,31.4,94.5,5992.0,8.2,3.4,5.3,8.2,0.6,6.9,75.6,69.2,58.9,36188,44305.0,240000.0,2.62,76992,37025,5.4,7338.21,10.0,80.2,1941169.0,19.1,46.2,11305.0,95655,97581,13.3,255345.0,1732505.0,7301,2470,3581,920,5902,892,5936,Fairbanks North Star
Fairfax County,VA,14.0,23.3,6.3,61.6,92.5,114600.0,0.5,20.1,10.6,16.5,0.1,3.9,64.7,50.0,68.0,396501,416058.0,563100.0,2.87,124831,56231,31.3,390.97,39.3,85.3,1408820.0,32.3,50.4,73603.0,1150309,1081726,2766.8,2795360.0,14589534.0,115917,41905,62967,47911,64164,12378,98963,Fairfax
Fairfax city,VA,14.9,22.3,7.2,60.8,94.0,1479.0,0.1,17.2,4.9,17.2,0.0,5.1,67.8,56.2,70.0,8577,11797.5,560400.0,2.67,116979,50029,28.9,6.24,33.9,83.8,18755.0,31.5,51.4,1423.0,24146,22565,3616.6,218575.0,1757516.0,4757,1546,2506,1738,2669,329,4062,Fairfax
Fairfield County,CT,16.3,22.2,5.4,47.9,90.0,97854.0,0.5,5.9,12.9,20.5,0.1,2.2,78.4,60.9,67.1,340189,375360.0,428500.0,2.72,95645,57263,22.0,624.89,29.7,88.2,13412490.0,31.3,51.3,31387.0,957419,916829,1467.2,2153287.0,15166507.0,107557,34959,60955,21309,81744,8715,93696,Fairfield
Fairfield County,OH,16.1,23.9,5.9,27.6,92.6,11035.0,0.3,1.9,8.8,2.4,0.1,2.2,86.8,84.9,73.9,56339,62201.0,185300.0,2.69,67609,32021,3.7,504.41,4.4,87.0,1277861.0,28.9,50.3,10216.0,158921,146156,289.8,202957.0,1678807.0,11556,3635,6513,998,10196,1081,9878,Fairfield
Fairfield County,SC,22.4,19.0,4.7,16.9,86.2,1474.0,0.4,0.7,57.0,2.4,0.0,1.7,40.1,38.5,75.3,9191,11988.0,103000.0,2.42,38213,23380,0.7,686.28,2.4,91.6,232293.0,30.1,52.2,1458.0,20948,23956,34.9,9099.0,224856.0,1702,728,824,848,766,186,1452,Fairfield
Fall River County,SD,29.9,16.8,3.9,21.1,94.4,565.0,6.8,1.6,1.3,3.8,0.1,3.4,86.8,84.2,78.1,2986,4241.0,129400.0,2.16,50588,27556,2.3,1739.92,4.9,87.1,5541.0,17.7,49.5,816.0,6973,7094,4.1,13537.0,68467.0,627,188,321,0,575,36,515,Fall River
Fallon County,MT,17.0,27.3,6.8,19.0,94.6,320.0,1.0,0.7,0.2,1.6,0.2,1.7,96.3,94.8,72.0,1334,1743.0,169800.0,2.12,64545,37024,2.4,1620.77,2.3,90.5,16801.0,12.7,49.0,101.0,3049,2890,1.8,6928.0,34695.0,340,101,117,0,316,0,293,Fallon
Falls Church city,VA,12.9,24.9,5.3,77.6,98.9,1479.0,0.2,9.9,4.9,10.7,0.0,3.7,79.4,71.7,58.3,5493,11797.5,789300.0,2.56,127610,72325,19.2,2.0,19.3,80.5,16145.0,29.1,51.4,908.0,14658,12332,6169.8,73543.0,310182.0,2129,763,1090,503,1520,213,1786,Falls Church
Falls County,TX,18.7,21.0,5.9,12.4,76.9,956.0,1.1,0.6,24.2,24.0,0.2,2.0,71.9,50.5,72.4,5199,7786.0,75300.0,2.99,39497,18745,5.6,765.48,18.6,88.0,575658.0,27.7,52.6,1188.0,16968,17866,23.3,33330.5,97523.0,1047,332,588,310,702,120,848,Falls
Fannin County,GA,30.6,16.2,4.1,21.8,86.6,2929.0,0.4,0.6,0.9,2.6,0.0,1.3,96.7,94.4,79.0,10408,17744.0,197800.0,2.42,47997,27940,1.5,386.72,2.8,88.7,39838.0,28.6,51.5,2158.0,25319,23682,61.2,40834.0,256578.0,2875,989,1719,87,2730,239,2521,Fannin
Fannin County,TX,18.6,21.2,5.1,17.4,85.5,2607.0,1.3,0.8,6.5,12.0,0.1,2.3,89.1,78.2,73.2,12453,14560.0,123100.0,2.52,54648,27112,5.3,890.84,9.7,82.1,135739.0,31.7,46.8,2862.0,35662,33915,38.1,33330.5,281899.0,2597,810,1422,449,1976,397,2142,Fannin
Faribault County,MN,23.2,22.0,5.8,18.6,92.6,1055.0,0.8,0.4,0.9,7.3,0.1,1.5,96.4,90.0,77.5,6137,7044.0,89500.0,2.2,53156,29991,2.2,712.48,4.5,91.0,325965.0,19.9,49.7,944.0,13921,14553,20.4,11772.0,122266.0,1720,450,830,45,1620,155,1451,Faribault
Faulk County,SD,23.6,25.7,8.3,26.9,93.3,221.0,0.6,0.4,0.7,1.0,-1.0,0.4,97.8,97.1,80.3,895,1201.0,85100.0,2.25,55096,27569,0.0,981.75,2.8,92.4,109693.0,13.3,49.9,109.0,2125,2364,2.4,2504.0,29588.0,464,107,229,0,453,123,320,Faulk
Faulkner County,AR,12.9,22.8,6.0,30.6,91.8,8835.0,0.7,1.3,12.2,4.2,0.1,2.2,83.6,79.9,62.3,44575,50609.0,161500.0,2.66,52827,26913,3.2,647.88,5.6,87.6,1202961.0,24.4,51.2,6820.0,123498,113237,174.8,198731.0,1435806.0,9133,2994,4769,939,7827,762,7873,Faulkner
Fauquier County,VA,16.9,23.1,5.7,36.4,92.5,6592.0,0.5,1.7,7.8,9.2,0.1,2.8,87.0,79.0,78.3,24562,27398.0,395500.0,2.82,100783,45408,6.4,647.45,9.1,89.5,137765.0,41.0,50.6,6120.0,72972,65203,100.7,108134.0,920778.0,6836,2258,3713,692,5908,794,5625,Fauquier
Fayette County,AL,21.7,21.1,5.5,12.4,82.6,1028.0,0.5,0.5,11.7,2.1,0.0,1.6,85.8,84.1,77.3,6802,8540.0,88500.0,2.38,39856,22483,0.9,627.66,1.3,86.8,143288.0,29.8,51.3,1087.0,16321,17241,27.5,51801.0,131208.0,1139,436,548,123,963,61,1001,Fayette
Fayette County,GA,18.7,23.0,4.5,46.2,95.3,11534.0,0.5,5.1,25.3,7.5,0.1,2.4,66.7,60.6,82.0,40285,43488.0,281400.0,2.77,90145,44061,10.2,194.34,12.5,88.1,853686.0,32.0,51.6,10485.0,119194,106567,548.3,211470.0,1453694.0,11032,4272,5536,3421,7177,1340,9161,Fayette
Fayette County,IA,21.5,21.0,5.6,18.3,91.7,1369.0,0.3,1.2,1.5,2.7,0.0,1.5,95.5,93.1,76.6,8200,9598.0,104100.0,2.33,51128,28643,0.9,730.81,3.2,87.2,528536.5,19.1,49.6,1322.0,19509,20880,28.6,18420.0,177957.0,2068,494,1128,36,1943,293,1629,Fayette
Fayette County,IL,19.4,20.8,5.8,11.3,83.8,1224.0,0.3,0.4,4.6,1.8,0.0,1.2,93.5,92.1,80.5,7737,9305.0,88300.0,2.57,46650,23194,1.3,716.48,4.7,86.4,113934.0,22.2,47.3,1377.0,21488,22140,30.9,20974.0,256432.0,1427,366,827,45,1309,139,1159,Fayette
Fayette County,IN,20.5,21.6,5.6,13.3,82.1,1109.0,0.4,0.4,1.5,1.5,0.0,1.3,96.4,95.2,69.5,9584,10810.0,81900.0,2.38,46175,24015,0.7,215.01,1.5,87.4,489650.0,26.8,50.6,1613.0,23398,24277,112.9,42848.0,234445.0,1275,435,637,65,1137,193,934,Fayette
Fayette County,KY,13.9,20.8,5.9,43.6,91.2,24485.0,0.3,4.1,15.6,7.4,0.1,2.7,77.2,70.7,54.4,129784,144094.0,189800.0,2.37,57291,34442,9.7,283.65,13.1,75.6,2922001.0,21.0,51.1,15468.0,322570,295803,1042.8,939381.0,4994845.0,28671,9148,16148,3431,23928,2863,24056,Fayette
Fayette County,OH,18.3,23.4,5.9,16.3,85.7,1489.0,0.3,1.0,2.3,2.3,0.0,2.2,94.1,92.2,64.9,11773,12817.0,113500.0,2.4,47308,26079,1.8,406.36,2.3,87.2,1343683.0,26.5,50.8,1800.0,28951,29030,71.4,46852.0,675188.0,2555,581,1558,69,2268,129,2160,Fayette
Fayette County,PA,21.7,19.1,5.0,17.3,88.4,6213.0,0.2,0.4,4.8,1.3,0.2,1.8,92.6,91.6,74.4,54837,64082.0,101500.0,2.3,47364,27368,1.4,790.34,3.2,90.9,1324169.0,27.1,50.4,9216.0,128804,136606,172.8,211832.0,1638849.0,8105,2343,4709,369,7430,856,6734,Fayette
Fayette County,TN,22.1,18.5,4.9,22.2,86.2,3674.0,0.4,0.7,27.5,3.0,0.0,1.0,70.3,67.8,79.9,15596,17729.0,206700.0,2.54,60711,33383,1.8,704.79,2.7,90.5,814340.0,33.0,50.7,2883.0,41990,38413,54.5,22495.0,216120.0,4054,1429,2299,946,2992,598,3317,Fayette
Fayette County,TX,26.4,20.0,5.0,19.7,86.1,2669.0,1.2,0.5,6.3,21.5,0.1,1.3,90.6,71.0,81.7,9135,14043.0,182100.0,2.7,60189,30170,7.6,950.01,19.3,94.1,314028.0,23.6,50.7,1643.0,24435,24554,25.8,44504.0,368638.0,2527,854,1216,257,2138,255,2136,Fayette
Fayette County,WV,21.8,20.5,5.1,14.8,82.8,1648.0,0.2,0.3,4.4,1.2,0.0,1.6,93.4,92.3,77.3,17441,21422.0,91300.0,2.41,41394,21914,0.7,661.55,1.9,91.3,275039.0,30.6,49.7,3628.0,40488,46039,69.6,58597.0,413830.0,1968,671,998,108,1761,232,1560,Fayette
Fentress County,TN,22.4,20.5,5.4,16.0,83.0,1496.0,0.4,0.4,0.5,1.6,0.0,1.1,97.6,96.3,75.1,7443,9063.0,110400.0,2.42,36520,20093,1.2,498.61,1.1,84.3,39080.0,24.4,50.8,1283.0,18489,17959,36.0,40960.0,145586.0,1754,607,996,0,1685,138,1545,Fentress
Fergus County,MT,25.2,20.5,5.4,29.1,92.7,1046.0,1.8,0.5,0.3,2.2,-1.0,1.9,95.5,93.7,72.8,4912,5905.0,143000.0,2.2,50540,30529,1.1,4339.8,3.5,88.5,60622.0,13.4,48.9,829.0,11446,11586,2.7,18534.0,150273.0,1483,465,676,28,1411,253,1163,Fergus
Ferry County,WA,28.2,16.4,4.4,18.8,87.0,346.0,16.6,1.1,0.8,4.8,0.3,5.0,76.1,73.0,72.0,3060,4529.0,169600.0,2.41,41939,25857,1.5,2203.16,5.5,84.0,874205.0,24.8,48.6,856.0,7178,7551,3.4,97825.5,45354.0,440,131,208,76,351,30,366,Ferry
Fillmore County,MN,21.2,24.7,6.4,22.2,91.0,1709.0,0.2,0.7,0.5,1.8,0.0,1.0,97.5,96.0,80.8,8616,10084.0,153800.0,2.38,61207,30392,1.6,861.3,5.7,90.6,332894.0,27.5,49.8,1302.0,21228,20866,24.2,16548.0,189493.0,2020,606,1127,0,1950,237,1655,Fillmore
Fillmore County,NE,23.1,19.9,5.2,21.4,92.1,521.0,0.9,0.7,1.0,3.9,-1.0,0.9,96.5,93.3,77.5,2510,2934.0,80100.0,2.12,60313,34483,1.6,575.37,3.7,91.8,415119.0,16.6,49.8,328.0,5551,5890,10.2,2677.0,65026.0,652,68,225,0,628,40,480,Fillmore
Finney County,KS,11.4,30.2,8.5,17.1,71.0,2384.0,1.3,4.2,4.4,50.8,0.1,1.6,88.4,40.1,64.4,12519,13634.0,152500.0,2.89,60798,24152,22.7,1301.97,45.4,85.7,328053.5,14.2,48.4,990.0,38470,36776,28.2,74478.0,577030.0,3077,964,1590,992,1918,246,2537,Finney
Fisher County,TX,25.1,21.4,5.3,18.6,86.1,250.0,1.3,0.5,4.0,28.2,0.0,2.2,91.9,66.2,73.6,1601,2200.0,66900.0,2.39,46146,28750,4.5,898.94,20.1,90.8,575658.0,20.0,50.0,287.0,3672,3974,4.4,33330.5,15617.0,245,34,192,0,216,53,173,Fisher
Flagler County,FL,31.2,16.6,3.8,25.1,92.2,10029.0,0.4,2.5,10.9,10.9,0.1,2.3,83.9,74.4,76.0,42121,53833.0,217500.0,2.59,54514,29383,12.2,485.46,15.0,87.8,778359.5,27.1,51.9,10838.0,115378,95696,197.1,238708.0,773323.0,8938,3193,4800,1870,6789,990,7580,Flagler
Flathead County,MT,20.2,21.7,5.6,31.0,94.7,11359.0,1.3,0.8,0.3,3.0,0.1,2.5,95.0,92.6,74.1,38773,49531.0,273600.0,2.55,56182,31694,2.5,5087.66,3.4,86.7,620769.0,19.6,50.2,8741.0,104357,90928,17.9,247877.0,1515895.0,12364,3841,6138,472,11522,1297,10420,Flathead
Fleming County,KY,18.0,24.4,6.5,12.9,79.6,1276.0,0.1,0.3,1.5,1.5,0.0,1.2,96.9,95.6,73.2,5841,6733.0,89900.0,2.48,44612,23593,0.4,348.54,3.9,85.1,82939.0,29.1,51.1,849.0,15082,14348,41.2,35974.5,134768.0,1330,322,907,0,1292,133,1120,Fleming
Florence County,SC,17.4,23.5,6.0,23.6,85.0,8764.0,0.4,1.6,43.2,2.8,0.1,1.4,53.3,51.2,65.7,52188,61819.0,131900.0,2.6,47058,26127,2.8,799.96,3.8,89.1,2633461.0,23.5,53.3,8268.0,137059,136885,171.1,272533.0,2149580.0,10512,4039,5435,3514,6536,1309,8486,Florence
Florence County,WI,27.1,14.3,3.5,19.9,93.1,314.0,1.0,0.4,0.4,1.0,0.0,1.7,96.4,95.6,86.2,1948,4931.0,129600.0,2.19,52181,32348,0.8,488.2,1.3,92.1,1420674.0,22.0,48.5,452.0,4558,4423,9.1,6439.0,19866.0,409,93,233,0,395,36,365,Florence
Floyd County,GA,17.0,22.9,6.0,20.9,82.4,6962.0,0.8,1.6,15.0,11.6,0.3,2.0,80.4,70.6,61.0,35679,40774.0,132400.0,2.61,48336,25776,7.0,509.91,10.3,85.0,3615629.0,23.5,51.6,6284.0,98584,96317,188.9,163416.0,1022355.0,8067,3183,4080,1702,6053,806,6835,Floyd
Floyd County,IA,22.2,22.8,6.1,19.8,90.1,1106.0,0.3,1.6,2.8,3.8,0.1,1.3,93.9,90.6,71.2,6903,7588.0,106200.0,2.24,50406,29622,3.3,500.63,8.4,87.6,593447.0,18.0,50.6,1304.0,15627,16303,32.6,13254.0,188755.0,1189,283,571,27,1122,84,985,Floyd
Floyd County,IN,16.5,22.6,5.9,29.6,90.8,5557.0,0.4,1.3,5.5,3.5,0.1,2.3,90.5,87.5,73.0,29189,33159.0,171400.0,2.6,64468,33478,2.5,147.94,3.3,88.7,1726925.0,23.3,51.5,4639.0,80484,74578,504.1,42848.0,772316.0,6373,2254,3305,294,5857,520,5494,Floyd
Floyd County,KY,18.8,21.9,5.9,11.3,75.2,2302.0,0.2,0.3,1.1,0.9,0.0,0.8,97.6,96.8,69.9,15000,18623.0,74400.0,2.37,32730,19471,0.5,393.35,0.9,88.5,30730.0,23.6,51.2,1388.0,35942,39451,100.3,36322.0,448252.0,3014,674,1835,69,2863,205,2694,Floyd
Floyd County,TX,18.7,26.4,6.5,15.9,74.2,384.0,1.4,0.5,4.3,58.9,0.1,1.8,91.9,36.3,74.9,2271,2956.0,64300.0,2.54,50580,23617,8.6,992.14,37.2,93.1,11377.0,18.8,49.7,293.0,5402,6446,6.5,1972.0,31484.0,581,143,410,225,331,46,510,Floyd
Floyd County,VA,23.5,19.3,4.8,22.1,87.0,1286.0,0.2,0.5,2.0,3.0,0.0,1.7,95.5,93.0,81.1,6493,8110.0,170700.0,2.4,51521,26882,3.1,380.42,2.6,91.3,476138.5,34.3,49.6,862.0,15476,15279,40.2,7649.0,70667.0,1525,554,819,115,1389,106,1371,Floyd
Fluvanna County,VA,20.5,19.8,5.3,33.9,91.1,1825.0,0.4,0.9,15.3,3.8,0.1,2.6,80.7,77.6,85.0,9923,11162.0,234700.0,2.55,76873,39633,3.5,286.01,4.8,90.1,476138.5,32.9,54.2,2279.0,27249,25691,89.8,44317.0,75319.0,1857,722,966,228,1596,288,1464,Fluvanna
Foard County,TX,27.3,20.0,4.3,16.2,81.9,108.0,0.7,0.9,4.8,18.7,-1.0,1.6,92.0,74.4,83.1,533,792.0,46400.0,2.32,43625,27573,3.9,704.4,14.9,82.9,575658.0,16.6,52.6,75.0,1095,1336,1.9,557.0,7351.0,122,39,53,0,113,0,116,Foard
Fond du Lac County,WI,19.0,21.2,5.3,23.1,91.8,5105.0,0.6,1.9,2.2,5.4,0.1,1.4,93.8,89.0,70.3,41542,45556.0,157800.0,2.39,62391,31653,3.4,719.55,5.7,86.9,3989865.0,20.4,50.8,5849.0,104154,101633,141.2,140834.0,1402363.0,7676,2122,4213,291,6940,638,6432,Fond du Lac
Ford County,IL,19.3,22.6,5.9,21.4,90.4,910.0,0.4,0.6,1.1,3.7,0.1,1.5,96.5,93.1,72.2,5771,6353.0,98300.0,2.23,52092,28957,1.0,485.62,3.8,85.8,741144.5,22.1,50.6,929.0,13534,14081,29.0,38907.0,119101.0,1199,376,635,0,1122,116,1038,Ford
Ford County,KS,11.3,29.8,8.5,17.7,73.6,1939.0,1.7,1.5,2.8,56.0,0.2,1.6,92.2,38.9,61.5,11344,12325.0,112500.0,2.95,51711,23293,25.8,1098.27,52.4,84.2,5948188.0,13.1,48.1,927.0,34287,33848,30.8,56144.0,499485.0,2450,747,1292,621,1646,172,2029,Ford
Forest County,PA,22.8,10.7,1.9,8.1,83.0,257.0,0.6,0.2,21.1,6.8,0.0,0.8,77.4,71.6,83.9,1839,8727.0,95900.0,1.97,39717,15245,0.9,427.19,6.0,85.4,1779025.0,28.3,31.1,582.0,6973,7716,18.1,7460.0,24845.0,220,74,120,0,201,25,180,Forest
Forest County,WI,23.1,19.7,5.6,14.7,88.8,668.0,15.4,0.3,1.3,2.6,0.1,3.3,79.5,78.4,76.2,4008,9250.0,132300.0,2.17,45536,25700,1.1,1014.07,4.1,89.9,1420674.0,20.1,49.4,685.0,9179,9304,9.2,60591.5,72171.0,997,139,699,79,846,119,835,Forest
Forrest County,MS,13.9,23.2,6.7,27.8,87.4,5472.0,0.3,1.1,37.8,3.0,0.1,1.4,59.2,56.9,54.5,28086,33179.0,122700.0,2.55,39840,22534,2.5,466.31,3.6,79.4,942371.0,21.0,52.8,4634.0,78158,74934,160.7,181019.0,3680206.0,6473,2443,3322,1773,4393,780,5173,Forrest
Forsyth County,GA,12.4,26.9,5.8,53.1,93.0,22850.0,0.5,15.5,4.4,9.7,0.1,1.9,77.6,69.0,84.0,76753,87537.0,339700.0,2.97,107218,43832,17.5,224.02,22.5,87.3,2364336.0,33.6,50.4,10286.0,251283,175511,783.5,257573.0,2366845.0,20253,6905,10667,2998,16488,1744,17221,Forsyth
Forsyth County,NC,16.4,22.7,5.8,34.0,89.2,27723.0,0.9,2.6,27.5,13.3,0.1,2.3,66.6,56.3,61.6,146816,168793.0,159300.0,2.48,51569,30769,8.6,408.15,14.7,85.8,14759062.0,21.9,52.7,21333.0,382590,350670,859.2,713579.0,5569392.0,28792,10863,14488,7481,20051,2707,24271,Forsyth
Fort Bend County,TX,11.6,27.3,6.7,46.2,90.6,80262.0,0.6,20.9,21.3,24.9,0.1,2.3,54.7,31.9,77.2,237883,269362.0,265900.0,3.19,97743,39994,28.9,861.48,39.5,87.4,4791450.0,33.5,50.9,25993.0,822779,585375,679.5,885255.0,7147223.0,61678,24234,31087,36256,23828,4818,55037,Fort Bend
Foster County,ND,22.6,21.5,6.2,26.7,90.3,313.0,1.5,0.6,0.4,2.3,-1.0,0.9,96.6,94.5,74.2,1423,1827.0,143500.0,2.22,61425,35299,0.8,635.45,2.0,88.7,118152.0,12.5,49.9,200.0,3397,3343,5.3,5219.0,133040.0,325,103,117,0,288,0,268,Foster
Fountain County,IN,20.3,21.7,5.7,14.9,89.0,941.0,0.4,0.3,0.6,2.7,0.1,1.3,97.4,95.0,76.2,6974,7995.0,103000.0,2.33,52874,28058,1.4,395.66,3.5,86.2,615062.0,24.9,50.1,1083.0,16479,17240,43.6,12975.0,148307.0,1220,368,696,30,1151,183,948,Fountain
Franklin County,AL,17.1,24.8,6.8,14.0,77.2,1914.0,1.7,0.4,4.4,17.9,0.2,1.7,91.7,76.2,70.8,11048,14126.0,95000.0,2.83,43514,21641,9.0,633.82,16.1,92.1,981206.0,28.8,49.7,1330.0,32113,31704,50.0,23792.0,277749.0,2338,538,1537,152,2125,347,1844,Franklin
Franklin County,AR,19.9,22.3,5.5,12.1,83.7,986.0,1.6,1.1,0.9,3.2,0.2,1.8,94.4,91.6,70.5,6723,8040.0,100900.0,2.58,38923,20480,1.3,608.86,2.0,83.9,602802.0,29.2,50.1,1382.0,17097,18125,29.8,11286.0,163033.0,1362,254,830,51,1251,130,1137,Franklin
Franklin County,FL,24.1,15.4,4.2,18.8,80.7,1332.0,1.0,0.4,13.3,5.7,0.1,2.0,83.3,78.5,74.6,4444,8840.0,166000.0,2.29,46643,26574,3.0,534.73,6.1,83.7,778359.5,20.1,43.1,998.0,12451,11549,21.6,28819.0,97883.0,1211,442,637,100,1081,151,1024,Franklin
Franklin County,GA,19.2,21.8,6.1,15.9,82.3,1706.0,0.4,1.4,9.5,4.8,0.1,1.9,86.8,82.9,66.4,8460,10778.0,108700.0,2.62,42488,23187,3.5,261.5,6.2,89.5,434469.0,26.0,51.0,1057.0,23424,22084,84.5,29403.0,270735.0,2042,639,1104,259,1698,227,1701,Franklin
Franklin County,IA,21.4,23.3,6.2,18.0,91.1,779.0,0.7,0.6,1.2,13.4,0.1,1.4,95.9,84.0,74.7,4192,4843.0,94100.0,2.38,56419,29546,3.3,581.97,10.8,90.5,229347.0,16.7,49.4,554.0,10019,10680,18.4,5550.0,79718.0,1170,342,637,61,1018,137,888,Franklin
Franklin County,ID,14.6,31.5,7.4,17.7,90.3,1094.0,1.0,0.2,0.3,6.8,0.1,1.5,96.9,90.8,81.3,4397,4946.0,211900.0,3.05,57215,24185,2.5,663.65,3.8,85.6,39923.0,27.1,48.7,496.0,14194,12786,19.3,5550.0,116396.0,1225,192,668,0,1185,0,1056,Franklin
Franklin County,IL,20.9,22.0,5.9,16.7,88.9,2099.0,0.4,0.4,0.6,1.7,0.0,1.4,97.1,95.7,74.2,16235,18636.0,76100.0,2.37,42769,24098,0.8,408.89,1.3,85.1,199055.0,25.5,50.8,2967.0,37804,39561,96.8,38246.0,408143.0,2802,887,1482,55,2614,151,2491,Franklin
Franklin County,IN,19.0,23.0,6.2,21.1,87.3,1600.0,0.3,0.8,0.3,1.3,0.0,0.9,97.7,96.6,84.0,8687,9878.0,160200.0,2.6,62462,29166,1.2,384.43,2.3,92.1,257955.0,29.6,50.2,1442.0,22785,23087,60.1,27061.0,170162.0,2207,637,1192,0,2149,167,1880,Franklin
Franklin County,KS,17.0,23.7,6.2,20.4,92.2,1688.0,0.9,0.6,1.5,4.2,0.0,2.6,94.4,90.9,72.3,10118,11327.0,128000.0,2.47,56582,26998,1.8,571.76,2.0,88.2,318736.0,23.9,50.1,1657.0,25996,25992,45.5,13223.0,271064.0,1884,570,1005,88,1706,238,1502,Franklin
Franklin County,KY,18.4,20.8,5.7,29.9,89.0,3472.0,0.4,2.1,10.6,3.6,0.0,2.5,84.4,81.5,62.8,21076,23307.0,142900.0,2.31,56274,30711,4.2,207.75,5.9,81.2,1748082.0,19.6,51.7,3285.0,51541,49285,237.2,98298.0,654232.0,4085,1400,1946,292,3546,304,3369,Franklin
Franklin County,MA,23.1,17.1,4.1,37.3,93.3,6331.0,0.5,1.7,1.6,4.2,0.2,2.2,93.8,90.4,68.6,30569,34207.0,232100.0,2.26,60950,35908,5.1,699.32,6.6,89.3,1682516.0,24.9,51.3,5017.0,71029,71372,102.1,85472.0,703663.0,7469,2436,4260,395,6767,754,6342,Franklin
Franklin County,ME,22.7,17.7,4.3,24.8,92.6,2400.0,0.5,0.5,0.6,1.3,0.0,1.6,96.8,95.6,79.4,11848,22386.0,139800.0,2.43,51422,27252,1.5,1696.61,2.0,87.7,747387.5,25.9,50.9,2759.0,29456,30768,18.1,41395.0,395523.0,2615,750,1455,59,2443,305,2123,Franklin
Franklin County,MO,18.0,22.7,5.9,20.9,88.4,6785.0,0.4,0.6,1.0,1.9,0.1,1.4,96.5,94.9,74.5,40943,45888.0,165700.0,2.5,57214,30278,1.4,922.68,1.9,88.3,2617306.0,28.5,50.4,7374.0,104682,101492,110.0,126424.0,1396401.0,8403,2743,4033,357,7777,712,7113,Franklin
Franklin County,MS,20.8,22.7,5.5,12.0,84.6,576.0,0.3,0.1,34.5,1.2,0.0,1.4,63.6,62.8,76.9,2928,4303.0,76600.0,2.61,40219,23067,0.4,563.78,0.4,96.0,483799.0,34.2,50.9,456.0,7675,8118,14.4,496.0,28978.0,497,120,300,117,344,0,439,Franklin
Franklin County,NC,17.1,21.8,5.6,22.0,86.2,4701.0,0.9,0.7,25.9,9.0,0.1,2.2,70.1,63.0,73.8,25381,29726.0,150400.0,2.55,55193,27294,5.6,491.68,7.5,87.6,1047254.0,33.3,50.5,3896.0,68573,60619,123.3,27796.0,353700.0,4677,1373,2689,951,3614,448,3961,Franklin
Franklin County,NE,28.3,20.0,5.9,17.3,92.5,263.0,0.6,0.2,0.4,2.4,-1.0,1.5,97.3,95.4,80.6,1377,1716.0,71300.0,2.11,49282,28365,0.9,575.82,2.7,88.1,231681.5,20.9,50.6,246.0,2889,3225,5.6,1294.0,20410.0,256,66,155,0,241,46,181,Franklin
Franklin County,NY,17.4,19.2,4.7,19.1,87.4,2775.0,7.6,0.5,6.4,3.6,0.0,1.4,84.1,81.7,71.4,19015,25964.0,108700.0,2.35,50407,25406,3.0,1629.12,8.4,84.8,250230.0,20.1,44.9,3189.0,47555,51599,31.7,51231.0,501766.0,3559,1084,2031,165,3223,397,2944,Franklin
Franklin County,OH,12.4,23.2,7.0,40.0,91.2,103069.0,0.3,5.7,23.8,5.8,0.1,3.3,66.8,62.1,53.4,511447,564325.0,175100.0,2.47,61305,33998,10.9,532.19,13.5,80.8,12574063.0,22.2,51.2,62898.0,1323807,1163414,2186.1,2980798.0,21384872.0,107363,40290,57860,27075,76160,9832,92234,Franklin
Franklin County,PA,20.1,22.1,5.8,21.6,88.3,9185.0,0.3,1.1,4.2,6.1,0.1,2.1,92.3,87.5,71.2,60438,66183.0,180400.0,2.51,63379,31221,3.8,772.22,6.9,89.8,3179954.0,24.9,50.8,12328.0,155932,149618,193.7,125825.5,1809457.0,11618,3752,6692,642,10513,1384,9679,Franklin
Franklin County,TN,20.3,19.8,5.1,20.8,87.5,2708.0,0.5,0.9,5.2,3.7,0.1,2.0,91.3,88.0,74.5,16326,19670.0,139200.0,2.43,51585,28317,3.0,554.54,3.2,89.7,3643097.0,23.7,51.0,3167.0,42774,41052,74.0,40960.0,410424.0,3432,1009,1918,265,3055,513,2636,Franklin
Franklin County,TX,22.1,23.1,5.2,26.6,91.3,932.0,1.2,1.1,4.2,15.1,0.0,1.9,91.6,77.9,78.7,3965,5858.0,126200.0,2.68,53783,28789,5.6,284.39,13.2,90.1,575658.0,27.6,50.2,827.0,10359,10605,37.3,33330.5,105921.0,718,273,336,73,588,82,565,Franklin
Franklin County,VA,24.2,18.7,4.5,21.9,88.1,3654.0,0.5,0.5,7.9,2.9,0.1,1.5,89.6,87.2,81.7,22997,30069.0,178100.0,2.38,56254,30487,2.2,690.43,3.3,90.5,476138.5,30.6,50.8,4144.0,54477,56159,81.3,44746.0,458981.0,4570,1459,2548,324,4133,457,3980,Franklin
Franklin County,VT,16.7,21.9,5.8,24.1,90.7,3815.0,1.0,0.8,0.7,1.7,0.0,2.4,95.0,93.5,75.4,18563,22835.0,216200.0,2.62,65485,31195,2.8,633.71,3.6,90.3,442582.0,25.2,50.2,2847.0,49946,47746,75.3,44646.0,628627.0,4479,1506,2417,139,4169,468,3741,Franklin
Franklin County,WA,9.7,32.0,8.7,17.7,75.0,3755.0,1.7,2.4,2.8,53.6,0.4,2.7,89.9,39.9,68.5,26723,29240.0,202400.0,3.36,63584,24380,22.7,1242.17,48.7,81.7,993702.0,21.5,48.4,3734.0,96749,78163,62.9,94242.0,918862.0,4463,1474,1972,1238,2879,405,3628,Franklin
Franklin Parish,LA,18.4,25.3,6.9,12.0,75.0,1476.0,0.3,0.4,32.1,1.7,0.0,1.2,66.0,64.9,72.7,7423,9403.0,88000.0,2.55,35282,19206,0.4,624.59,1.0,91.7,1901186.0,24.5,51.4,843.0,19774,20767,33.2,61451.5,250927.0,1476,556,725,348,1050,165,1209,Franklin
Franklin city,VA,19.3,25.2,6.7,19.1,86.3,1479.0,0.0,1.3,56.7,1.1,0.0,4.1,36.9,36.9,51.6,3522,11797.5,164100.0,2.28,40417,24025,1.4,8.21,2.7,90.0,8544.0,25.0,55.3,579.0,8180,8582,1045.8,20319.0,228303.0,734,356,296,388,280,30,634,Franklin
Frederick County,MD,14.8,23.1,5.9,41.4,92.5,20296.0,0.5,5.0,10.7,10.5,0.1,3.1,80.7,71.7,75.2,92526,100803.0,331600.0,2.67,97730,43582,11.0,660.22,14.6,87.7,3236077.0,35.4,50.7,15872.0,271717,233385,353.5,449599.0,3267685.0,21024,7203,11432,3606,16623,2124,17875,Frederick
Frederick County,VA,17.8,22.7,5.8,28.3,89.2,5797.0,0.5,1.8,4.7,9.3,0.1,2.4,90.5,82.3,77.6,31503,35450.0,251200.0,2.7,78002,35123,6.2,413.5,9.7,87.5,2537614.0,32.3,50.2,6478.0,91419,78305,189.4,117545.0,1346134.0,6752,2187,3985,536,5980,648,5768,Frederick
Fredericksburg city,VA,10.8,21.0,7.0,40.9,90.2,1479.0,0.2,2.7,22.1,10.7,0.1,7.1,62.3,59.4,35.5,10762,11797.5,367200.0,2.42,65641,35731,10.2,10.44,12.4,71.8,56950.0,30.0,54.6,1877.0,27982,24286,2326.2,179473.0,1074978.0,2635,952,1124,544,1787,247,2041,Fredericksburg
Freeborn County,MN,22.5,21.8,5.5,17.1,88.8,1861.0,0.6,3.0,1.6,10.2,0.2,1.5,93.1,83.8,76.7,13009,14372.0,113800.0,2.3,53631,29316,5.1,707.09,9.3,88.8,806467.0,19.1,50.1,2215.0,30895,31255,44.2,36671.0,559775.0,2310,600,1226,74,2075,236,1872,Freeborn
Freestone County,TX,20.3,22.7,5.9,15.3,82.6,1304.0,1.5,0.9,15.8,16.1,0.0,2.1,79.7,66.2,77.4,6758,9585.0,111800.0,2.67,49471,24621,7.0,877.74,14.0,87.9,575658.0,27.1,48.0,1145.0,19435,19816,22.6,24991.0,221325.0,1331,414,649,202,1037,85,1108,Freestone
Fremont County,CO,22.1,16.1,4.1,18.5,90.1,2901.0,1.9,1.0,4.0,13.5,0.1,2.0,91.1,78.8,75.0,17136,20088.0,174000.0,2.11,49409,22692,2.7,1533.07,7.0,86.9,116825.0,23.4,42.5,5437.0,48939,46824,30.5,39156.0,334867.0,3152,1048,1495,189,2757,378,2454,Fremont
Fremont County,IA,23.4,22.1,5.8,18.9,92.1,445.0,0.3,0.4,0.9,3.0,0.0,1.3,97.1,94.4,76.3,2945,3436.0,109300.0,2.31,56750,29261,2.4,511.15,3.1,88.9,654377.0,22.6,49.7,541.0,6605,7441,14.6,7482.0,145640.0,386,136,204,0,349,0,329,Fremont
Fremont County,ID,17.5,24.7,6.3,21.7,86.6,1230.0,1.1,0.4,0.8,12.5,0.4,1.3,96.0,84.9,81.2,4347,9186.0,169900.0,2.87,58065,23577,6.0,1863.53,11.1,85.6,5729.0,25.0,47.6,686.0,13388,13242,7.1,10749.0,73396.0,1325,308,671,98,1195,131,1126,Fremont
Fremont County,WY,18.8,25.5,6.7,24.3,92.1,3064.0,22.0,0.5,0.6,7.0,0.1,3.0,73.7,69.5,70.5,14907,18032.0,196400.0,2.61,55896,28324,1.5,9183.81,8.9,84.0,56958.0,17.7,49.7,3031.0,39234,40123,4.4,66130.0,581806.0,3890,1225,1785,291,3391,472,3033,Fremont
Fresno County,CA,12.6,28.2,7.6,21.2,76.0,55668.0,3.0,11.1,5.8,53.8,0.3,3.2,76.6,28.6,53.3,307906,336473.0,255000.0,3.14,53969,24422,21.2,5957.99,44.6,85.8,8658325.0,23.1,50.1,36125.0,1008654,930450,156.2,1226169.0,9117752.0,59569,22727,30341,30912,26343,4556,51988,Fresno
Frio County,TX,12.3,23.3,6.3,7.3,66.2,1015.0,1.0,2.7,4.1,79.9,0.0,1.0,91.0,14.1,69.0,4542,6049.0,82200.0,3.44,46729,19256,17.4,1133.5,60.3,78.9,575658.0,19.3,40.8,693.0,18385,17217,15.2,34167.0,250419.0,1276,309,797,765,466,46,1181,Frio
Frontier County,NE,24.2,19.2,5.1,21.5,95.9,215.0,0.8,0.2,0.5,3.2,-1.0,1.2,97.3,94.5,70.2,1135,1582.0,101200.0,2.23,54659,28899,0.9,974.59,0.7,83.0,231681.5,19.2,49.6,211.0,2519,2756,2.8,4370.0,19161.0,232,73,105,0,212,75,137,Frontier
Fulton County,AR,26.0,21.1,5.4,12.2,85.6,868.0,0.8,0.3,0.7,1.7,0.0,2.1,96.0,94.5,79.7,4973,6859.0,86400.0,2.42,35405,19697,1.7,618.19,1.3,85.7,10713.0,23.2,50.6,1167.0,12075,12245,19.8,5727.0,59280.0,605,114,353,0,543,81,468,Fulton
Fulton County,GA,12.0,21.4,5.8,52.9,92.6,116982.0,0.3,7.6,44.5,7.2,0.0,2.2,45.5,39.6,51.6,410576,488670.0,313300.0,2.44,69673,47163,13.1,526.64,16.0,82.3,8987212.0,28.8,51.6,42448.0,1066710,920581,1748.0,4627750.0,13382679.0,125745,51911,63155,57263,63779,11967,108009,Fulton
Fulton County,IL,21.2,19.4,4.9,17.6,88.6,1614.0,0.7,0.3,4.1,3.1,0.0,1.0,93.8,91.5,78.3,13940,16368.0,88600.0,2.33,51643,27741,1.2,865.6,3.6,86.6,47458.0,24.7,47.9,2312.0,33609,37069,42.8,28702.0,316634.0,1781,668,921,28,1649,178,1446,Fulton
Fulton County,IN,19.9,23.4,6.1,15.8,87.8,1332.0,0.9,0.7,0.9,5.4,0.0,1.5,96.0,91.4,74.7,7799,9742.0,103600.0,2.55,52034,26427,3.0,368.39,6.4,89.4,513877.0,22.6,50.1,1547.0,20480,20836,56.6,18912.0,213956.0,1594,435,900,39,1484,134,1388,Fulton
Fulton County,KY,20.7,21.3,5.4,13.4,79.1,302.0,0.5,0.9,24.5,2.3,0.1,2.5,71.5,69.9,61.3,2441,3329.0,66100.0,2.33,30114,18247,0.6,205.5,2.1,82.8,240748.0,19.3,49.9,497.0,6515,6813,33.2,7176.0,43988.0,496,210,212,78,396,37,431,Fulton
Fulton County,NY,20.1,20.1,5.0,18.2,87.3,2732.0,0.3,0.7,2.2,3.5,0.0,1.6,95.1,92.2,70.7,22557,29173.0,109600.0,2.33,50482,27443,1.8,495.47,2.9,89.0,712203.0,24.7,50.3,3271.0,53324,55531,112.1,56107.0,675261.0,3292,1291,1591,60,3057,264,2831,Fulton
Fulton County,OH,18.4,23.4,6.0,17.6,91.3,2937.0,0.4,0.4,0.9,8.8,0.1,1.4,96.9,88.8,79.1,16506,17610.0,138200.0,2.53,63092,29600,1.7,405.44,4.3,89.9,3394467.0,23.1,50.3,2783.0,42713,42698,105.3,35344.0,433661.0,3674,1132,2149,140,3421,477,2989,Fulton
Fulton County,PA,22.0,19.8,5.1,13.6,87.8,904.0,0.3,0.2,1.3,1.3,0.0,1.3,96.9,95.8,77.4,5989,7286.0,161000.0,2.42,53476,27396,0.9,437.55,1.3,92.0,1779025.0,32.8,49.7,1070.0,14556,14845,33.9,10475.0,102928.0,1246,308,822,36,1174,143,1071,Fulton
Furnas County,NE,25.3,22.2,5.8,17.4,88.8,441.0,0.7,0.4,0.5,4.9,0.0,1.2,97.0,92.6,74.6,2128,2707.0,73000.0,2.19,48838,27021,1.9,719.13,3.3,89.9,231681.5,13.3,50.4,342.0,4636,4959,6.9,4370.0,52924.0,533,131,226,0,479,51,407,Furnas
Gadsden County,FL,18.7,21.6,6.0,16.2,79.8,3101.0,0.6,0.6,55.5,10.9,0.1,1.2,41.9,32.5,72.9,17149,21728.0,96800.0,2.46,41401,20734,4.9,516.33,10.9,89.8,178597.0,31.3,52.5,3326.0,43826,46389,89.8,28792.0,347266.0,3072,1209,1478,1598,1359,332,2535,Gadsden
Gage County,NE,21.1,22.7,5.7,20.8,90.0,1539.0,0.6,0.7,0.8,2.9,0.0,1.5,96.3,94.0,69.6,8979,10525.0,116200.0,2.34,53110,29565,1.7,851.49,2.6,89.3,727000.0,21.0,50.1,1184.0,21704,22311,26.2,27413.0,262350.0,1857,509,1050,49,1707,275,1459,Gage
Gaines County,TX,8.9,36.1,10.5,11.4,61.8,2336.0,1.1,0.4,2.3,42.5,0.0,1.3,94.9,54.4,77.3,5812,6549.0,150900.0,3.54,63054,23533,26.1,1502.38,57.7,88.1,31899.0,21.1,49.4,489.0,21598,17526,11.7,33330.5,108877.0,1480,365,900,270,1145,99,1345,Gaines
Galax city,VA,22.4,21.7,5.1,14.8,75.7,1479.0,0.0,0.6,7.5,14.5,0.2,0.3,89.6,79.1,68.1,2663,11797.5,96600.0,2.31,33575,23025,6.5,8.24,12.7,88.9,157893.0,19.4,52.6,532.0,6720,7042,854.7,22701.0,259619.0,780,298,343,48,680,124,599,Galax
Gallatin County,IL,24.4,19.9,5.0,10.9,86.9,303.0,0.5,0.2,0.7,1.6,-1.0,1.8,96.8,95.3,77.1,2293,2743.0,73900.0,2.2,44076,33377,0.5,323.07,1.1,91.0,972.0,27.2,51.0,354.0,4946,5589,17.3,1416.0,16073.0,494,151,301,0,455,110,343,Gallatin
Gallatin County,KY,14.2,23.9,6.3,11.6,81.2,421.0,0.3,0.5,1.7,5.2,0.1,2.0,95.4,91.0,72.0,3105,3961.0,128100.0,2.77,52167,23638,2.4,101.23,4.1,84.9,559741.0,26.9,49.3,482.0,8690,8589,84.8,35974.5,128033.0,446,84,167,0,419,0,382,Gallatin
Gallatin County,MT,13.1,19.7,5.5,50.1,96.8,13841.0,1.1,1.6,0.5,4.0,0.1,2.1,94.7,91.3,61.2,43777,52554.0,357100.0,2.37,66397,36924,3.3,2602.69,4.3,78.7,491046.0,18.3,48.1,6324.0,118960,89513,34.4,348072.0,1710262.0,14905,4320,7897,515,13729,1455,12429,Gallatin
Gallia County,OH,19.3,22.8,6.0,15.9,84.0,1726.0,0.5,0.7,2.3,1.4,0.3,1.9,94.3,93.1,74.5,11588,13916.0,110200.0,2.52,44858,24130,1.2,466.53,3.6,87.3,2276097.0,29.1,50.6,1625.0,29220,30934,66.3,43414.0,336256.0,2437,687,1438,46,2291,289,1952,Gallia
Galveston County,TX,14.9,24.1,6.2,31.1,89.0,27099.0,0.8,3.5,13.2,25.4,0.1,2.1,80.3,56.7,67.5,121438,150366.0,199200.0,2.69,73330,36819,9.9,378.36,20.1,83.4,41294889.0,28.0,50.9,21542.0,350682,291309,769.9,763272.0,3522997.0,24613,9326,12369,7874,15972,2336,21229,Galveston
Garden County,NE,29.0,19.2,4.9,22.5,94.1,182.0,1.3,-1.0,0.3,5.5,0.1,1.6,96.7,91.7,73.7,868,1303.0,81800.0,2.1,43750,35050,2.7,1704.28,4.9,87.1,231681.5,17.9,47.7,192.0,1874,2057,1.2,978.0,11883.0,155,41,79,0,128,27,105,Garden
Garfield County,CO,13.8,24.9,6.8,31.0,88.1,6458.0,1.7,0.9,1.3,29.3,0.2,2.0,94.0,67.4,66.9,21498,24363.0,360600.0,2.7,75937,33393,14.8,2947.56,26.6,85.6,41145.0,32.3,48.9,2748.0,61685,56389,19.1,161341.0,950048.0,8334,2513,4463,1052,6951,671,7244,Garfield
Garfield County,MT,24.1,23.2,6.2,14.3,97.3,129.0,0.6,0.1,0.4,0.7,-1.0,0.6,98.3,97.5,73.1,438,864.0,124100.0,2.37,42000,28541,0.0,4675.36,0.2,96.8,16801.0,10.7,49.8,74.0,1173,1206,0.3,1075.0,13056.0,140,35,48,0,135,0,135,Garfield
Garfield County,NE,29.2,18.2,5.3,25.5,96.3,216.0,0.2,0.1,0.3,1.8,0.1,0.4,99.0,97.3,77.8,884,1217.0,105100.0,2.2,53000,29146,1.0,569.79,1.2,91.1,231681.5,12.3,50.0,171.0,1813,2049,3.6,1803.0,29644.0,227,61,103,0,203,25,184,Garfield
Garfield County,OK,16.5,25.7,7.2,22.9,87.9,4445.0,3.3,1.3,3.2,13.2,3.8,4.1,84.3,73.1,65.8,23541,26775.0,112600.0,2.56,54006,28333,8.2,1058.47,12.8,84.6,1668737.0,18.0,49.8,4056.0,62846,60580,57.2,112651.0,926777.0,5447,1564,3090,595,4599,624,4376,Garfield
Garfield County,UT,24.0,23.0,5.8,25.9,92.7,499.0,3.0,1.1,0.6,6.5,0.3,1.7,93.4,88.2,79.5,1760,3921.0,188900.0,2.69,54565,25247,3.0,5175.12,11.2,91.3,2142.0,15.8,47.7,392.0,5083,5172,1.0,62859.0,29909.0,575,171,235,42,521,26,514,Garfield
Garfield County,WA,25.3,21.0,7.5,24.5,94.4,141.0,0.7,3.2,0.1,5.6,-1.0,3.2,92.8,88.1,71.5,984,1250.0,149400.0,2.24,55900,26742,2.4,710.69,4.7,82.7,874205.0,20.5,51.2,252.0,2286,2266,3.2,281.0,10440.0,142,0,122,0,133,38,98,Garfield
Garland County,AR,24.3,19.9,5.4,21.6,89.1,8116.0,0.8,0.9,8.8,5.9,0.1,2.6,87.0,81.7,67.8,40209,51015.0,139900.0,2.4,44777,27171,3.8,677.78,6.3,84.6,476884.0,22.0,51.9,8242.0,100180,96024,141.7,217973.0,1563962.0,9944,3336,5148,951,8568,1003,8242,Garland
Garrard County,KY,18.4,22.1,5.7,17.6,81.0,1314.0,0.3,0.3,2.1,2.2,0.0,1.4,95.8,94.0,82.4,6706,7501.0,140500.0,2.58,52631,26272,2.0,230.08,3.1,88.8,39216.0,35.1,50.7,1121.0,16953,16912,73.5,35974.5,59069.0,1602,421,924,39,1528,146,1378,Garrard
Garrett County,MD,23.1,18.4,4.8,20.9,89.8,2339.0,0.2,0.4,1.1,1.2,0.0,1.0,97.3,96.2,78.6,12425,19458.0,173900.0,2.3,52617,30617,1.1,647.1,3.1,91.4,1377488.5,24.8,50.6,2028.0,28806,30097,46.5,390891.0,517936.0,3042,737,1677,26,2905,210,2686,Garrett
Garvin County,OK,18.2,24.6,6.6,14.7,86.3,2170.0,9.0,0.6,2.4,9.5,0.1,5.8,82.2,74.6,69.3,10447,12869.0,98500.0,2.63,47125,24880,2.9,802.12,6.0,93.4,2819816.0,23.3,50.6,1843.0,25656,27576,34.4,33116.0,433658.0,2556,867,1336,294,2173,206,2187,Garvin
Garza County,TX,11.5,16.7,4.3,13.9,61.6,365.0,1.0,0.8,7.4,52.0,0.1,1.7,89.0,39.7,70.5,1543,2225.0,78800.0,2.72,49627,19997,34.8,893.41,45.5,64.9,575658.0,21.5,35.0,126.0,5816,6461,7.2,33330.5,58489.0,614,168,279,85,462,33,511,Garza
Gasconade County,MO,23.1,20.6,5.4,19.2,87.8,1225.0,0.4,0.4,0.6,1.6,0.0,1.4,97.1,95.8,78.4,6076,8170.0,134200.0,2.38,54885,28617,1.0,517.8,1.7,86.5,193214.0,27.4,50.0,1073.0,14794,15222,29.4,19364.0,171382.0,1479,454,864,31,1404,149,1219,Gasconade
Gaston County,NC,16.3,22.4,5.9,21.2,84.8,14291.0,0.6,1.6,17.9,7.6,0.1,2.2,77.6,71.1,65.3,83735,94975.0,144200.0,2.58,52835,27352,5.4,356.03,8.2,86.1,5021369.0,26.5,51.7,13243.0,227943,206086,578.8,297365.0,2329466.0,15375,5202,8619,2336,12514,1644,12963,Gaston
Gates County,NC,20.9,20.2,4.6,14.3,89.1,549.0,0.6,0.3,31.2,2.4,0.1,2.4,65.3,63.6,77.5,4638,5492.0,147700.0,2.48,50750,25846,0.7,340.45,1.8,91.1,1006562.0,36.6,50.5,912.0,10478,12197,35.8,75439.0,43630.0,471,105,307,160,279,50,389,Gates
Geary County,KS,9.0,30.8,11.7,23.2,93.8,1409.0,1.5,3.3,18.1,16.3,1.4,6.2,69.5,56.6,37.9,12684,15346.0,148800.0,2.61,53133,23897,7.0,384.62,15.9,71.5,189312.0,17.0,47.6,4822.0,36739,34362,89.3,64730.0,345909.0,1722,569,884,499,1137,280,1259,Geary
Geauga County,OH,21.1,22.5,5.3,38.0,90.2,11169.0,0.1,0.7,1.2,1.6,0.0,1.0,96.9,95.4,86.3,35298,37417.0,240900.0,2.63,82303,42958,2.5,400.16,13.5,92.2,2787254.0,28.1,50.3,5097.0,95397,93389,233.4,98710.0,1007769.0,11901,3137,7428,211,11424,1228,9971,Geauga
Gem County,ID,22.0,22.8,5.8,17.5,87.8,1353.0,1.2,1.0,0.3,8.6,0.2,2.3,95.0,87.3,74.8,6683,7507.0,168700.0,2.57,45492,22661,3.2,560.9,8.1,86.5,172944.0,29.1,49.7,1947.0,19123,16719,29.8,11378.5,93569.0,1274,443,588,67,1119,149,995,Gem
Genesee County,MI,18.0,22.3,5.9,21.2,90.6,27859.0,0.6,1.0,20.3,3.6,0.0,2.8,75.3,72.4,70.0,167902,192902.0,111100.0,2.4,48588,27295,2.5,636.98,3.6,86.6,9418120.0,26.2,51.8,23413.0,406211,425790,668.5,563900.0,5307932.0,34880,15262,16600,8721,25103,3141,30551,Genesee
Genesee County,NY,19.3,20.3,5.1,22.3,92.2,2958.0,1.2,0.7,3.2,3.5,0.0,2.0,92.9,90.2,72.3,23759,25902.0,119800.0,2.4,60524,30511,1.9,492.94,3.7,89.9,982987.0,22.3,50.2,3873.0,58388,60079,121.9,89947.0,785765.0,4097,1238,2432,128,3777,361,3399,Genesee
Geneva County,AL,20.6,22.0,5.4,12.5,80.3,1633.0,1.1,0.4,9.3,4.2,0.1,2.0,87.1,83.6,72.0,10383,12955.0,100900.0,2.52,41732,21711,1.5,574.41,3.7,88.1,778187.0,27.8,51.2,2382.0,26659,26790,46.6,51801.0,160796.0,1429,375,898,109,1268,287,1058,Geneva
Gentry County,MO,19.9,25.1,7.2,19.1,89.2,548.0,0.4,0.4,0.6,1.9,-1.0,1.5,97.0,95.5,73.6,2555,3208.0,88200.0,2.5,47790,24269,1.1,491.42,3.9,89.2,468824.0,23.5,51.8,442.0,6162,6738,13.7,2179.0,78123.0,696,163,342,0,654,58,603,Gentry
George County,MS,14.6,26.4,7.5,13.8,84.3,1467.0,0.5,0.8,7.7,3.0,0.0,1.2,89.7,87.0,81.8,7592,9590.0,110800.0,3.08,47292,22732,1.1,478.71,3.7,91.5,483799.0,33.1,49.5,1559.0,24350,22578,47.2,15413.0,229453.0,1565,668,704,158,1341,77,1393,George
Georgetown County,SC,28.6,17.9,4.3,27.3,87.2,5516.0,0.3,0.5,30.4,3.2,0.1,1.1,67.6,65.0,78.8,25498,36133.0,188800.0,2.41,48456,31382,2.8,813.55,3.3,88.7,1032583.0,25.8,52.7,4977.0,63404,60158,73.9,151988.0,703301.0,6266,2216,3370,1158,4916,692,5256,Georgetown
Gibson County,IN,17.8,23.7,6.2,18.0,91.9,1637.0,0.4,0.6,2.7,1.8,0.0,2.0,94.4,92.9,75.5,13340,15483.0,116100.0,2.46,55462,28076,1.8,487.49,2.5,88.2,6041405.0,21.5,49.8,2240.0,33011,33503,68.7,45901.0,557570.0,2415,569,1279,47,2249,149,2020,Gibson
Gibson County,TN,18.3,24.0,6.2,18.4,85.3,2913.0,0.3,0.4,18.1,2.8,0.0,1.8,79.4,77.1,68.3,19320,22702.0,98600.0,2.49,43171,23211,1.4,602.74,2.7,87.2,737794.0,24.3,51.9,2966.0,50429,49683,82.4,44986.0,505780.0,3501,1185,1882,411,2971,466,2767,Gibson
Gila County,AZ,29.4,19.7,5.2,18.7,86.3,3315.0,18.2,0.9,0.8,18.9,0.1,1.7,78.2,61.6,75.6,21945,33892.0,165800.0,2.4,43524,24251,3.5,4757.93,17.1,83.1,884322.0,20.4,50.4,5498.0,53272,53597,11.3,94571.0,485998.0,4016,1495,1818,851,2908,406,3278,Gila
Gilchrist County,FL,20.7,19.9,5.3,13.4,85.4,1052.0,0.7,0.6,5.7,6.0,0.1,1.7,91.2,85.9,83.0,6464,7675.0,104800.0,2.57,43640,21578,3.7,349.68,5.0,86.5,778359.5,32.1,48.4,1487.0,17864,16939,48.4,222146.0,52543.0,742,312,286,82,634,34,599,Gilchrist
Giles County,TN,20.5,20.8,5.7,16.5,85.8,1821.0,0.5,0.6,10.3,3.0,0.1,2.2,86.4,83.8,69.6,11904,14229.0,129700.0,2.39,49614,25690,2.1,610.93,2.3,87.1,1040182.0,26.6,51.4,1941.0,30346,29485,48.3,24825.0,317126.0,2102,708,1168,221,1798,331,1687,Giles
Giles County,VA,22.4,20.4,5.3,18.1,88.9,885.0,0.3,0.6,1.6,1.8,0.0,1.3,96.3,94.7,75.1,6910,8368.0,123200.0,2.41,54520,27137,1.0,355.78,1.9,90.5,476138.5,25.3,50.6,983.0,16787,17286,48.6,18339.0,184035.0,1177,389,666,31,1097,229,898,Giles
Gillespie County,TX,30.1,19.7,4.9,32.2,89.0,3918.0,1.2,0.5,0.7,23.8,0.1,1.0,96.5,74.1,72.4,10694,13323.0,286900.0,2.44,59155,34077,10.4,1058.21,19.2,86.4,114726.0,20.9,51.3,1912.0,26725,24837,23.5,72718.0,327797.0,3720,1140,1945,396,3236,386,3155,Gillespie
Gilliam County,OR,27.6,19.1,4.4,17.4,90.0,119.0,2.1,0.9,0.3,7.4,0.5,2.6,93.5,87.4,67.3,842,1186.0,115900.0,2.2,47500,26482,2.9,1204.81,4.0,88.6,579399.0,15.9,49.5,189.0,1995,1871,1.6,1534.0,10465.0,102,26,0,0,78,0,53,Gilliam
Gilmer County,GA,25.5,18.9,5.2,20.4,81.7,2917.0,0.7,0.7,1.4,11.8,0.5,1.2,95.5,85.5,74.5,12021,17440.0,177500.0,2.51,52625,27282,7.0,426.54,10.3,85.1,369431.0,31.8,50.0,2578.0,31353,28292,66.3,33465.0,291776.0,2712,746,1523,118,2530,361,2240,Gilmer
Gilmer County,WV,17.7,14.3,3.5,17.0,85.0,349.0,0.9,0.8,10.8,5.5,0.1,1.7,85.7,81.6,68.9,2587,3604.0,93300.0,2.52,42636,18067,2.6,338.5,4.0,81.4,258272.0,29.2,40.8,489.0,7408,8693,25.7,48291.0,38293.0,346,99,212,0,312,25,293,Gilmer
Gilpin County,CO,17.8,14.6,3.4,39.6,98.5,622.0,1.3,1.5,1.3,7.1,0.2,2.1,93.5,87.6,79.6,2802,3765.0,353400.0,2.11,76429,49641,4.6,149.9,6.7,82.5,80356.5,37.6,47.4,732.0,5808,5441,36.3,404699.0,6398.0,395,108,270,74,306,45,336,Gilpin
Glacier County,MT,12.6,31.4,9.0,21.4,89.6,745.0,64.7,0.4,0.3,3.6,0.0,3.1,31.5,30.2,58.8,4163,5395.0,107700.0,3.11,36045,18043,1.2,2995.94,3.8,88.9,2307.0,16.0,51.5,788.0,13778,13399,4.5,38285.0,128727.0,1162,373,536,460,649,95,999,Glacier
Glades County,FL,27.6,14.4,2.9,11.2,74.5,600.0,5.2,0.7,13.7,21.8,0.1,1.5,78.8,59.5,79.6,4700,7133.0,76700.0,2.57,40977,21953,11.6,806.01,22.0,88.0,778359.5,33.8,44.2,1500.0,12126,12884,16.0,4699.0,11717.0,536,202,216,131,380,42,419,Glades
Gladwin County,MI,27.1,18.6,5.3,13.5,87.0,1589.0,0.6,0.5,0.5,2.0,0.0,1.2,97.1,95.3,84.9,11047,17984.0,110000.0,2.27,44619,25657,1.0,501.78,3.6,91.2,185018.0,29.3,49.5,2160.0,25386,25692,51.2,17794.0,141009.0,1807,633,649,33,1702,120,1557,Gladwin
Glascock County,GA,18.3,21.6,4.3,11.6,78.2,192.0,0.5,0.1,8.5,1.9,0.1,1.6,89.1,87.5,74.7,1108,1541.0,81700.0,2.63,45000,23541,0.1,143.74,0.4,95.0,554410.0,32.7,50.5,166.0,2884,3082,21.4,33983.0,5662.0,240,118,110,0,220,0,217,Glascock
Glasscock County,TX,14.9,25.4,6.4,27.2,69.4,145.0,0.5,0.1,1.6,39.3,0.1,0.6,97.1,58.3,65.8,403,586.0,229200.0,3.75,78456,31830,23.3,900.22,34.2,82.5,575658.0,19.2,44.9,24.0,1116,1226,1.4,33330.5,209517.0,74,34,32,0,54,0,66,Glasscock
Glenn County,CA,15.8,26.6,7.0,14.2,74.8,1437.0,3.2,3.1,1.3,42.5,0.2,3.0,89.1,50.5,59.4,10085,11098.0,233200.0,2.74,49633,22668,18.2,1313.95,38.0,90.2,2696230.0,22.2,49.1,1411.0,28917,28122,21.4,33163.0,191222.0,1880,705,961,593,1238,89,1587,Glenn
Gloucester County,NJ,16.3,21.6,5.2,33.0,92.9,17422.0,0.3,3.1,11.2,6.7,0.1,2.3,83.0,77.8,80.1,104908,114447.0,219700.0,2.73,87283,39337,5.5,322.01,9.0,90.2,12683585.0,30.7,51.4,15247.0,302294,288288,895.3,406593.0,4452888.0,18125,5663,10561,2569,14835,1776,15556,Gloucester
Gloucester County,VA,19.6,19.9,5.0,23.3,89.6,2443.0,0.6,0.9,8.0,3.8,0.1,2.7,87.8,84.7,78.2,14786,16857.0,230000.0,2.5,70537,33692,1.7,217.81,2.9,90.4,22059.0,33.8,50.8,4341.0,38711,36858,169.2,40449.0,496201.0,3133,841,1851,203,2811,455,2517,Gloucester
Glynn County,GA,21.1,21.4,5.5,29.9,88.1,7136.0,0.5,1.6,26.6,6.8,0.2,1.9,69.2,63.6,62.5,34119,44004.0,179000.0,2.43,52977,33848,5.1,419.75,7.2,84.4,975615.0,19.9,53.0,6684.0,84499,79626,189.7,387505.0,1407070.0,8525,2964,4446,1517,6675,1012,6927,Glynn
Gogebic County,MI,28.6,16.8,4.4,19.4,93.7,892.0,3.4,0.5,0.6,1.8,0.1,1.9,93.6,92.2,77.5,6744,10788.0,67100.0,2.05,38839,25555,1.2,1101.85,2.6,91.5,90846.0,18.2,49.3,1545.0,14380,16427,14.9,42132.0,159593.0,1029,229,635,0,982,172,760,Gogebic
Golden Valley County,MT,27.8,21.4,6.1,22.7,92.0,79.0,2.2,0.6,0.9,4.9,-1.0,3.8,92.6,88.9,76.9,351,486.0,106100.0,2.07,43875,30790,2.1,1175.34,4.7,89.7,16801.0,26.0,49.2,90.0,823,884,0.8,459.0,72429.0,118,40,70,0,111,29,85,Golden Valley
Golden Valley County,ND,25.6,21.7,5.2,26.9,92.9,189.0,1.6,0.2,0.7,3.4,0.1,1.3,96.1,93.2,70.0,842,1054.0,116200.0,2.06,58690,33111,0.7,1000.79,0.9,84.8,118152.0,18.3,50.3,126.0,1736,1680,1.7,8750.0,72731.0,191,88,81,0,180,0,170,Golden Valley
Goliad County,TX,23.9,20.7,5.5,17.3,83.0,669.0,1.1,0.5,5.0,35.8,0.0,1.4,92.0,58.1,80.0,2727,3792.0,137800.0,2.74,60690,29855,4.5,852.01,19.2,92.7,575658.0,32.0,50.8,515.0,7012,7210,8.5,5749.0,40976.0,673,244,382,144,487,66,560,Goliad
Gonzales County,TX,17.1,26.7,7.2,13.1,76.7,1424.0,1.7,0.5,7.5,51.3,0.1,1.3,88.8,41.1,67.3,7364,9079.0,121300.0,2.77,53577,27407,11.6,1066.69,33.5,88.9,554506.0,24.8,49.3,1045.0,19653,19807,18.6,24589.0,238574.0,1431,406,717,469,911,194,1049,Gonzales
Goochland County,VA,22.9,17.2,3.7,41.8,91.4,2294.0,0.4,1.7,15.8,3.1,0.0,1.7,80.4,77.8,84.9,8506,9613.0,375200.0,2.55,93994,51720,4.1,281.42,5.0,89.2,27105.0,30.8,50.9,1530.0,24727,21717,77.2,25635.0,215509.0,2812,707,1640,380,2356,327,2265,Goochland
Goodhue County,MN,20.1,22.1,5.7,26.0,94.4,3097.0,1.5,0.8,1.5,3.4,0.1,1.7,94.4,91.7,75.3,19452,20783.0,204100.0,2.33,66800,34803,2.8,756.84,4.2,86.6,1869416.0,24.4,50.4,3413.0,47582,46183,61.0,246153.0,737943.0,4120,1401,2067,139,3773,290,3440,Goodhue
Gooding County,ID,17.9,26.9,6.9,17.2,79.1,903.0,2.0,0.8,0.6,29.2,0.3,2.0,94.3,67.6,70.5,5469,6290.0,157800.0,2.75,47204,23607,12.9,728.97,24.6,87.4,172944.0,22.2,49.1,1002.0,15598,15464,21.2,7278.0,91505.0,1180,399,495,99,999,48,984,Gooding
Gordon County,GA,15.3,23.9,5.9,14.7,77.9,3543.0,0.6,1.4,4.4,16.5,0.4,1.7,91.5,76.7,65.1,20561,22886.0,136000.0,2.75,45865,24092,8.5,355.81,15.5,88.4,2499053.0,24.1,50.7,2665.0,57544,55186,155.1,70869.0,627527.0,3865,1340,2072,584,3118,336,3282,Gordon
Goshen County,WY,22.3,19.6,5.3,25.9,92.1,1004.0,1.5,1.1,1.1,10.8,0.1,1.5,94.7,85.2,73.7,5207,6030.0,174000.0,2.42,54289,28554,1.3,2225.39,5.4,81.1,102299.0,17.3,47.4,949.0,12498,13249,6.0,15904.0,107378.0,1487,520,728,71,1322,225,1151,Goshen
Gosper County,NE,24.5,21.5,5.4,29.5,93.0,218.0,0.8,0.4,0.8,5.9,-1.0,1.4,96.6,90.9,70.5,942,1308.0,127000.0,2.1,64053,37565,3.5,458.16,3.5,86.2,231681.5,18.8,49.2,166.0,1893,2044,4.5,4370.0,3723.0,254,68,117,0,245,25,218,Gosper
Gove County,KS,24.2,24.2,5.8,19.7,92.1,312.0,0.1,0.9,0.6,3.1,0.0,1.3,97.1,94.3,75.8,1217,1492.0,89600.0,2.13,48317,28859,2.0,1071.67,2.6,91.8,22835.0,14.1,50.0,150.0,2718,2695,2.5,13223.0,91529.0,438,132,259,0,401,0,392,Gove
Grady County,GA,18.5,24.8,6.4,13.9,80.1,1557.0,1.3,0.7,29.8,12.1,0.3,1.5,66.5,57.4,64.3,9136,10947.0,119800.0,2.7,43531,22543,5.2,454.53,10.8,85.6,141237.0,25.1,51.7,1528.0,26236,25011,55.0,14202.0,184655.0,2083,660,1301,505,1532,350,1636,Grady
Grady County,OK,16.7,23.7,5.6,19.9,90.1,3869.0,6.2,0.5,2.3,6.0,0.1,5.1,85.8,81.1,77.1,19857,23027.0,134300.0,2.74,60875,30242,2.1,1100.5,3.7,88.0,564055.0,26.2,50.0,4145.0,54795,52431,47.6,53219.0,491670.0,4973,1474,2638,494,4230,384,4289,Grady
Grafton County,NH,21.3,16.0,4.0,40.6,92.8,8120.0,0.4,3.9,1.3,2.5,0.0,1.9,92.5,90.4,69.3,34727,53421.0,220300.0,2.39,63389,37750,6.0,1708.75,7.0,83.5,1593858.0,23.6,50.6,6259.0,91118,89118,52.2,296712.0,2034240.0,10577,2762,6130,364,9763,1191,8650,Grafton
Graham County,AZ,14.0,26.7,7.0,15.2,85.3,1563.0,13.5,0.7,1.9,33.2,0.2,2.0,81.7,51.0,70.3,11017,13770.0,138700.0,3.1,51353,18683,3.0,4622.6,20.2,82.9,884322.0,21.7,46.4,1944.0,38533,37220,8.1,36246.0,381772.0,1867,528,897,461,1281,154,1519,Graham
Graham County,KS,28.0,20.7,3.7,24.7,92.6,292.0,0.8,1.7,3.9,3.9,-1.0,2.9,90.7,87.8,82.3,1196,1481.0,72500.0,2.07,46375,27236,1.7,898.52,2.4,93.2,328053.5,15.0,51.0,184.0,2415,2597,2.9,13223.0,35542.0,537,244,201,0,459,105,348,Graham
Graham County,NC,24.5,19.8,4.8,12.9,81.9,715.0,7.9,0.5,0.5,3.7,0.1,2.2,88.6,86.1,83.0,3393,6079.0,122300.0,2.47,39571,20323,1.3,292.08,2.4,92.4,1006562.0,28.0,50.0,461.0,8030,8861,30.3,14611.0,44505.0,719,234,326,90,610,0,657,Graham
Grainger County,TN,20.9,20.0,4.8,10.7,78.6,1477.0,0.5,0.3,1.0,3.4,0.1,1.2,97.0,94.1,79.1,8959,11214.0,119100.0,2.56,44064,23595,2.5,280.6,4.2,89.6,138824.0,32.3,49.7,1624.0,23527,22657,80.7,40960.0,89912.0,1544,469,931,30,1484,213,1301,Grainger
Grand County,CO,18.5,16.7,3.8,38.0,94.6,2056.0,0.9,0.9,1.0,9.6,0.2,1.9,95.2,86.7,68.5,5884,17146.0,308200.0,2.55,71198,37876,5.4,1846.33,6.0,83.9,18621.0,24.5,46.5,1181.0,15717,14843,8.0,84264.0,156063.0,2342,760,1159,128,2139,194,2035,Grand
Grand County,UT,19.4,21.5,5.8,28.6,93.3,1109.0,4.8,1.5,0.9,10.6,0.1,2.1,90.5,81.9,65.1,4191,5725.0,247800.0,2.28,51557,27431,7.0,3671.54,11.7,91.4,294994.0,13.9,49.7,559.0,9669,9225,2.5,86739.0,170091.0,1515,526,793,95,1366,89,1340,Grand
Grand Forks County,ND,13.3,21.2,6.9,35.6,95.1,4294.0,2.9,2.9,4.4,4.7,0.1,2.9,86.8,83.1,48.5,30502,33501.0,206500.0,2.16,54051,32153,5.6,1436.38,6.9,76.4,590735.0,14.8,48.7,4229.0,73170,66861,46.5,177637.0,1562238.0,5614,1578,3002,256,5007,533,4667,Grand Forks
Grand Isle County,VT,21.5,18.0,4.6,39.8,92.9,741.0,1.5,0.6,0.9,2.1,0.1,3.0,94.0,92.3,84.0,2956,5383.0,274800.0,2.38,71587,39770,4.4,81.81,5.3,91.9,442582.0,33.4,49.4,474.0,7293,6970,85.2,9390.0,49958.0,752,218,441,0,713,88,640,Grand Isle
Grand Traverse County,MI,20.8,19.9,5.1,36.0,95.2,9954.0,1.3,0.8,0.8,3.0,0.1,2.0,95.1,92.7,76.3,37319,45119.0,212500.0,2.41,63575,35405,2.6,464.33,3.9,86.4,1153881.0,20.9,51.1,6293.0,95238,86986,187.3,343057.0,1767778.0,11496,3267,6730,418,10660,828,10151,Grand Traverse
Granite County,MT,31.6,14.6,3.5,28.9,92.2,346.0,0.9,0.4,0.5,2.4,0.0,2.0,96.1,94.0,79.1,1308,2836.0,224000.0,2.47,49881,30752,0.5,1727.42,1.3,90.2,2170.0,22.3,48.8,381.0,3309,3079,1.8,8262.0,24301.0,441,101,278,0,429,147,276,Granite
Grant County,AR,18.5,22.0,5.4,18.7,90.8,1178.0,0.5,0.4,2.7,3.0,0.1,1.7,94.7,92.3,80.1,6863,8079.0,124600.0,2.62,55388,28153,1.6,631.81,2.5,86.3,603243.0,30.1,50.6,1367.0,17958,17853,28.3,17679.0,128922.0,1204,287,761,60,1108,172,952,Grant
Grant County,IN,19.4,20.7,5.7,17.9,87.2,3224.0,0.4,1.0,7.4,4.4,0.0,2.7,88.4,84.7,68.4,26372,30527.0,92700.0,2.31,44356,23046,1.6,414.07,2.6,86.7,2013036.0,19.0,52.1,4489.0,66674,70061,169.2,89847.0,793336.0,3695,1302,1906,409,3078,566,2784,Grant
Grant County,KS,14.6,29.8,7.3,14.9,77.0,504.0,3.0,0.6,1.0,48.5,-1.0,1.7,93.6,49.0,74.5,2551,2969.0,116100.0,2.9,53413,25411,15.5,574.8,36.7,92.8,131581.0,15.2,49.7,259.0,7352,7829,13.6,9680.0,52824.0,588,181,300,159,394,32,520,Grant
Grant County,KY,14.0,26.2,7.3,12.9,86.6,1351.0,0.3,0.5,1.0,2.9,0.2,1.2,96.8,94.3,68.5,9141,10318.0,130200.0,2.69,48714,23721,1.3,257.97,2.8,88.4,860227.0,31.3,50.0,1700.0,24941,24662,95.6,35974.5,284408.0,1766,450,1075,58,1642,211,1484,Grant
Grant County,MN,24.0,22.6,5.7,18.8,92.9,547.0,0.6,0.4,0.6,2.3,0.1,1.6,96.6,94.8,77.4,2612,3302.0,118700.0,2.24,55466,32871,0.9,548.16,1.7,88.5,16743.0,22.6,49.5,394.0,6074,6018,11.0,38159.0,60883.0,456,82,284,0,436,58,376,Grant
Grant County,ND,30.6,20.4,5.9,18.1,90.1,210.0,2.1,0.3,0.1,1.5,-1.0,2.0,95.6,94.7,86.7,1074,1750.0,81800.0,2.14,50938,34786,1.4,1659.14,4.6,87.8,118152.0,21.5,49.6,189.0,2301,2394,1.4,8750.0,7182.0,216,72,118,0,198,0,185,Grant
Grant County,NE,22.8,24.7,8.5,26.8,97.0,93.0,0.2,0.2,0.5,1.4,-1.0,1.1,98.1,96.6,70.5,288,390.0,58300.0,2.35,46500,23264,0.4,776.22,0.3,89.4,231681.5,18.4,47.7,29.0,611,614,0.8,84.0,3333.0,139,35,66,0,136,0,106,Grant
Grant County,NM,28.6,19.4,5.0,28.8,87.5,1542.0,2.5,0.9,1.4,50.4,0.2,2.3,92.8,45.8,68.1,11851,15162.0,125100.0,2.27,37843,25590,3.6,3961.63,29.7,88.1,268581.0,17.1,50.8,2555.0,28185,29514,7.4,33092.0,257122.0,1930,632,857,559,1270,147,1507,Grant
Grant County,OK,22.3,24.0,6.1,24.6,90.7,350.0,3.0,0.3,1.5,5.8,0.0,3.3,91.9,86.9,76.6,1736,2467.0,81000.0,2.47,57727,28815,0.9,1000.87,2.8,89.7,2079.0,18.3,50.4,391.0,4169,4527,4.5,40216.0,233466.0,364,124,202,0,328,0,317,Grant
Grant County,OR,31.4,17.6,4.7,18.9,88.8,543.0,1.7,0.7,0.3,3.9,0.1,2.9,94.3,91.3,71.1,3381,4451.0,144800.0,2.07,44712,27367,2.9,4528.54,4.8,88.8,579399.0,15.1,49.7,744.0,7233,7445,1.6,5995.0,67440.0,595,172,217,0,553,40,496,Grant
Grant County,SD,21.4,22.5,6.4,21.9,90.7,624.0,1.4,0.4,0.5,5.0,0.1,1.4,96.3,92.1,81.2,3218,3637.0,133700.0,2.17,58158,31479,4.0,681.46,7.8,91.3,844630.0,13.8,47.6,461.0,7556,7356,10.8,10531.0,127515.0,845,293,413,0,789,78,709,Grant
Grant County,WA,14.0,29.3,7.7,17.7,76.7,3991.0,2.3,1.2,1.8,42.2,0.2,2.4,92.1,53.3,62.5,30818,38512.0,177500.0,3.07,55556,24280,18.5,2679.51,36.9,83.6,1458503.0,19.0,49.2,5485.0,99123,89120,33.3,117249.0,825599.0,4728,1245,2196,903,3489,340,3921,Grant
Grant County,WI,17.7,20.7,5.6,23.8,92.3,3332.0,0.3,0.9,1.5,1.8,0.0,0.8,96.4,94.9,70.4,19583,22237.0,147700.0,2.45,54800,25892,1.7,1146.85,4.8,82.6,965178.0,21.0,48.1,2673.0,51938,51208,44.7,47140.0,656999.0,4359,1140,2338,47,4188,456,3637,Grant
Grant County,WV,25.1,19.4,5.6,13.8,82.1,694.0,0.2,0.2,1.2,1.4,0.0,1.0,97.3,96.2,81.5,4607,6775.0,140000.0,2.49,42216,23351,0.3,477.37,2.3,93.1,68902.0,24.5,50.1,904.0,10976,11937,25.0,48291.0,115161.0,771,216,478,27,720,48,696,Grant
Grant Parish,LA,15.5,20.9,5.7,8.5,82.5,1066.0,1.2,0.5,15.4,5.1,0.1,1.9,81.0,76.7,68.7,6989,9487.0,103400.0,2.74,42505,18801,2.9,643.03,6.5,90.2,1901186.0,31.6,43.9,1559.0,22169,22309,34.7,2557.0,83223.0,1200,327,663,123,1057,121,963,Grant
Granville County,NC,17.7,20.5,5.1,22.5,84.3,3480.0,0.9,0.7,31.9,8.5,0.1,1.9,64.5,57.8,72.1,21400,24856.0,156000.0,2.6,55856,27131,4.4,531.57,7.7,87.5,3020569.0,28.9,49.2,3556.0,60992,59916,112.7,52427.0,349961.0,3178,1247,1679,927,2156,338,2543,Granville
Gratiot County,MI,17.8,19.3,4.9,15.4,91.1,2206.0,0.7,0.5,6.2,6.3,0.0,1.4,91.1,85.5,74.3,15035,16370.0,95400.0,2.33,47848,23616,1.1,568.46,3.7,86.9,809686.0,23.9,46.1,2428.0,41761,42476,74.7,42504.0,344209.0,2397,645,1353,106,2161,266,1984,Gratiot
Graves County,KY,18.8,24.1,6.8,17.4,87.4,2630.0,0.5,0.5,4.2,7.2,0.1,2.2,92.4,86.0,75.5,14316,16893.0,104300.0,2.56,44043,24750,2.8,551.74,6.3,91.1,480820.0,22.9,51.1,1858.0,36649,37121,67.3,29562.0,403699.0,3366,690,1991,243,3020,213,2862,Graves
Gray County,KS,15.5,28.8,7.8,20.2,77.4,625.0,0.6,0.6,1.9,16.1,0.0,1.1,95.8,81.4,78.1,2151,2449.0,135500.0,2.77,64930,29421,11.5,868.87,20.3,87.7,328053.5,16.3,49.4,263.0,5653,6006,6.9,13223.0,50134.0,868,275,467,78,760,49,790,Gray
Gray County,TX,16.1,25.3,6.6,13.9,80.2,1361.0,1.6,0.7,5.6,29.8,0.0,2.2,89.8,62.0,73.5,7884,9983.0,77600.0,2.64,47952,24686,9.9,925.97,20.0,83.8,452993.0,18.9,46.2,1156.0,21227,22535,24.3,34953.0,314823.0,1831,350,1094,247,1455,176,1531,Gray
Grays Harbor County,WA,22.3,20.3,5.2,16.5,89.7,3293.0,5.6,1.5,1.4,10.3,0.3,4.1,87.1,79.0,67.0,28722,36907.0,178800.0,2.43,51240,27210,4.8,1902.03,8.7,84.4,874205.0,27.1,48.9,7118.0,75636,72797,38.3,104196.0,761545.0,4899,1483,2395,582,4041,593,3807,Grays Harbor
Grayson County,KY,18.1,23.2,6.3,10.5,81.5,1908.0,0.3,0.3,1.2,1.4,0.0,1.3,97.0,95.8,72.6,9758,13739.0,113900.0,2.66,38612,21231,1.2,496.7,1.6,90.3,441034.0,27.1,49.8,1731.0,26420,25746,51.8,35974.5,258606.0,2306,574,1507,34,2167,358,1835,Grayson
Grayson County,TX,17.8,23.7,6.3,20.4,88.7,10926.0,1.8,1.6,6.2,14.2,0.1,2.8,87.5,74.6,67.6,48454,57446.0,137400.0,2.65,54815,28011,6.3,932.8,10.9,83.1,2574937.0,25.1,51.1,10021.0,135543,120877,129.6,200244.0,1620212.0,9187,2902,5057,1466,7272,900,7614,Grayson
Grayson County,VA,25.3,16.5,4.0,13.7,81.3,989.0,0.3,0.2,5.7,3.8,0.0,1.2,92.5,89.1,81.3,6498,9256.0,102900.0,2.25,36544,21663,2.2,442.18,5.1,90.0,476138.5,26.1,48.6,981.0,15333,15533,35.1,4419.0,40503.0,1476,387,861,0,1416,113,1269,Grayson
Greeley County,KS,19.7,27.0,7.7,27.2,87.0,145.0,0.8,0.4,0.6,19.6,-1.0,0.8,97.3,78.6,63.0,519,637.0,111200.0,2.22,54112,28982,10.8,778.45,23.0,86.8,328053.5,9.4,51.1,64.0,1284,1247,1.6,13223.0,11755.0,162,38,40,0,155,30,125,Greeley
Greeley County,NE,25.3,23.0,6.5,16.3,93.9,270.0,0.1,0.1,0.7,2.3,-1.0,0.7,98.4,96.3,81.0,1019,1311.0,72700.0,2.31,47869,26553,1.3,569.81,3.0,91.8,231681.5,18.6,50.6,178.0,2188,2538,4.5,589.0,41643.0,351,73,196,0,344,38,258,Greeley
Green County,KY,21.1,20.5,5.4,13.2,75.5,925.0,0.5,0.2,2.0,1.9,0.0,1.6,95.7,94.1,73.8,4413,5318.0,79500.0,2.46,35899,22506,1.0,286.03,1.4,86.5,559741.0,29.0,50.9,637.0,11107,11258,39.4,6368.0,62056.0,1077,268,489,0,1040,111,871,Green
Green County,WI,19.3,22.1,5.3,23.6,92.4,2492.0,0.4,0.7,0.8,3.1,0.1,1.2,96.8,94.1,75.1,15047,16145.0,171400.0,2.42,64502,33459,2.3,583.96,4.0,90.4,1420674.0,23.5,50.3,2100.0,37093,36842,63.1,37915.0,1003234.0,3379,974,1646,52,3184,205,2916,Green
Green Lake County,WI,22.8,21.9,5.7,20.2,89.8,1425.0,0.6,0.7,1.1,5.2,0.0,1.1,96.4,91.7,76.1,7979,10784.0,146600.0,2.32,55075,29207,2.9,349.44,10.2,90.3,390125.0,26.1,49.7,1228.0,19018,19051,54.5,21916.0,253142.0,1810,517,1034,31,1725,133,1596,Green Lake
Greenbrier County,WV,23.5,19.5,5.1,19.9,86.0,2141.0,0.4,0.6,2.7,2.1,0.0,1.9,94.3,92.5,72.5,15188,19366.0,124000.0,2.27,40200,24581,1.2,1019.57,2.8,87.2,258272.0,23.7,51.0,2736.0,32977,35480,34.8,190747.0,543420.0,2530,1057,1090,133,2246,208,2120,Greenbrier
Greene County,AL,23.3,21.8,5.7,10.1,79.2,441.0,0.4,0.3,79.9,1.7,-1.0,0.9,18.5,17.5,67.1,2951,5177.0,80400.0,2.8,24145,14884,0.3,647.11,0.3,98.0,102204.0,35.2,52.8,457.0,7730,9045,14.0,51801.0,40292.0,637,360,234,455,152,60,535,Greene
Greene County,AR,16.3,24.3,6.6,16.2,88.2,2929.0,0.6,0.4,1.8,3.0,0.4,1.6,95.2,92.6,67.0,17254,19328.0,118800.0,2.56,47056,23494,0.7,577.7,1.6,77.7,1840727.0,20.9,50.7,2880.0,45736,42090,72.9,49084.0,503474.0,3105,963,1698,67,2924,313,2542,Greene
Greene County,GA,29.3,18.8,5.0,26.9,85.3,1693.0,1.2,1.2,32.9,6.4,0.1,1.4,63.2,58.4,74.6,7132,10468.0,210300.0,2.4,52129,37818,4.4,387.44,6.2,87.6,557639.0,27.8,51.1,1257.0,18915,15994,41.3,56746.0,205956.0,1673,588,904,426,1162,229,1301,Greene
Greene County,IA,22.5,22.9,6.1,18.7,93.4,694.0,0.6,0.6,0.5,3.2,0.0,1.2,97.0,94.1,73.4,3971,4542.0,94700.0,2.22,53050,28451,1.9,569.57,4.0,83.8,85960.0,19.1,50.5,667.0,8771,9336,16.4,20428.0,94144.0,1014,316,545,0,974,0,919,Greene
Greene County,IL,20.0,21.4,5.4,12.8,90.6,767.0,0.3,0.2,1.3,1.3,0.0,0.8,97.3,96.1,77.6,4949,6425.0,81000.0,2.6,49885,25414,0.5,543.02,1.1,89.4,741144.5,29.0,49.4,1162.0,11985,13886,25.6,38907.0,125553.0,974,251,597,30,919,102,836,Greene
Greene County,IN,19.8,21.6,5.4,14.9,87.9,1760.0,0.4,0.4,0.3,1.6,0.0,1.1,97.8,96.4,79.6,12781,15306.0,97600.0,2.49,51613,25453,0.8,542.5,1.7,87.7,118709.0,28.3,50.0,2090.0,30803,33165,61.1,22053.0,252401.0,2468,624,1487,82,2294,160,2136,Greene
Greene County,MO,16.8,20.7,5.8,30.5,91.8,21787.0,0.8,2.3,3.5,3.9,0.1,3.0,90.3,87.0,56.0,125201,135642.0,146000.0,2.22,46086,27525,3.0,675.3,5.1,81.2,4623752.0,20.0,51.4,17503.0,298915,275174,407.5,628061.0,4984215.0,25275,8102,12838,1740,22251,2405,20973,Greene
Greene County,MS,15.3,19.3,5.1,9.7,76.2,690.0,0.4,0.2,25.4,1.2,0.0,0.8,73.2,72.2,82.8,3925,5192.0,77700.0,2.5,49677,16006,1.8,712.76,1.5,84.5,483799.0,31.1,42.2,790.0,13530,14400,20.2,26152.0,48337.0,679,241,374,162,502,53,594,Greene
Greene County,NC,17.0,19.9,5.0,11.0,75.0,1075.0,2.2,0.6,36.8,15.7,0.3,1.4,58.7,46.6,70.7,7164,8372.0,88600.0,2.59,39837,19168,7.7,265.93,15.8,82.2,1006562.0,27.0,45.2,1022.0,20451,21362,80.3,75439.0,83534.0,1105,355,620,347,734,165,909,Greene
Greene County,NY,22.7,16.2,4.1,22.1,86.7,3681.0,0.5,1.3,6.1,6.3,0.0,2.2,89.8,84.8,74.8,17100,29792.0,176300.0,2.58,53601,28433,6.3,647.16,7.8,93.8,339770.0,28.9,47.9,3325.0,47931,49221,76.1,99229.0,610423.0,4428,1170,2564,243,4063,423,3729,Greene
Greene County,OH,17.5,20.6,5.6,39.2,93.8,10544.0,0.3,3.1,7.3,3.0,0.1,3.1,86.1,83.7,66.1,65604,71313.0,173000.0,2.4,68720,35833,4.9,413.73,6.2,82.3,877946.0,21.3,50.8,15780.0,167966,161573,390.5,319929.0,2121290.0,11484,3521,6546,965,9980,1381,9161,Greene
Greene County,PA,19.4,19.4,5.2,17.6,87.5,1491.0,0.3,0.4,3.7,1.6,0.0,1.3,94.3,93.1,74.8,14230,16795.0,122900.0,2.34,54776,27783,0.9,575.95,3.0,88.9,101467.0,28.4,47.9,2642.0,35954,38686,67.2,53343.0,883684.0,2095,521,1265,0,1969,293,1666,Greene
Greene County,TN,22.1,19.3,4.9,16.7,84.7,4114.0,0.4,0.6,2.2,3.0,0.1,1.3,95.4,92.8,74.0,27396,32775.0,122400.0,2.44,42595,25190,1.5,622.17,2.6,88.1,1771052.0,23.0,50.8,5470.0,70152,68831,110.6,77805.0,686211.0,4726,1529,2708,193,4325,503,4007,Greene
Greene County,VA,17.8,23.8,6.2,29.0,86.1,1430.0,0.4,2.0,7.3,6.0,0.1,2.6,87.6,82.2,77.6,7548,8488.0,236400.0,2.57,67398,32508,4.6,156.25,7.6,88.4,476138.5,29.8,51.3,1464.0,20552,18403,117.8,14944.0,183922.0,1440,422,791,69,1291,307,1066,Greene
Greenlee County,AZ,13.7,27.0,7.9,13.5,88.1,267.0,4.1,0.8,2.1,47.7,0.1,2.7,90.1,45.5,48.6,3132,4478.0,83800.0,3.01,63473,25780,2.3,1843.13,21.4,83.2,884322.0,17.7,48.2,643.0,9563,8437,4.6,256723.0,44188.0,314,41,179,105,162,49,240,Greenlee
Greensville County,VA,15.3,16.4,4.1,9.2,77.8,388.0,0.3,0.7,60.2,2.8,0.0,1.1,37.8,35.7,73.3,3647,4205.0,117700.0,2.26,50300,19550,1.7,295.23,3.9,80.9,261515.0,23.7,37.2,868.0,11391,12243,41.5,11448.0,130752.0,345,119,212,209,124,47,285,Greensville
Greenup County,KY,21.3,21.4,5.4,17.1,89.0,1839.0,0.4,0.6,0.9,1.1,0.0,1.2,97.0,96.1,77.6,14056,16309.0,116700.0,2.5,51655,27722,0.8,344.4,1.1,88.2,559741.0,23.7,51.3,2325.0,35962,36910,107.2,30400.0,211710.0,2143,687,1233,33,2018,244,1798,Greenup
Greenville County,SC,16.1,22.9,6.2,35.1,88.0,41965.0,0.5,2.7,18.4,9.5,0.1,2.0,76.3,68.0,67.5,192975,218206.0,183800.0,2.57,60351,32679,8.6,785.12,12.0,84.2,9628087.0,23.1,51.5,29534.0,525534,451225,574.7,999853.0,6380518.0,41898,13867,23209,7683,32566,4767,34638,Greenville
Greenwood County,KS,25.4,21.7,5.4,19.9,92.4,544.0,1.7,0.4,0.6,4.1,-1.0,2.7,94.6,91.2,73.8,2769,4032.0,66700.0,2.17,41982,27500,1.1,1143.3,1.4,90.8,328053.5,23.2,50.2,522.0,6016,6689,5.9,3404.0,49527.0,738,206,366,28,648,0,611,Greenwood
Greenwood County,SC,18.9,22.6,6.0,24.6,85.2,3821.0,0.5,1.3,32.3,6.2,0.1,1.5,64.3,59.4,64.0,27612,31585.0,122800.0,2.46,42336,24752,4.2,454.73,4.7,89.2,2478939.0,21.4,53.4,4162.0,69351,69661,153.2,102500.0,758896.0,5227,1720,2914,1229,3728,980,3729,Greenwood
Greer County,OK,17.8,19.8,5.0,12.3,83.9,295.0,4.0,0.3,8.7,12.0,0.1,3.7,83.2,73.7,69.7,2054,2697.0,76500.0,2.34,41488,18907,1.1,639.32,7.9,70.2,460737.5,21.8,42.3,460.0,5491,6239,9.8,1807.0,30233.0,334,90,193,54,263,57,266,Greer
Gregg County,TX,15.7,25.7,6.9,21.3,84.1,10245.0,1.0,1.4,20.9,19.2,0.1,2.2,74.4,57.0,59.1,45460,52438.0,136700.0,2.61,50180,26535,9.0,273.3,16.6,81.3,3582693.0,20.2,51.4,7449.0,124239,121730,445.4,307384.0,2639793.0,11663,3185,6732,2527,8405,1089,9515,Gregg
Gregory County,SD,25.8,23.8,6.2,20.2,89.4,505.0,7.6,0.5,0.4,1.7,0.1,2.8,88.6,87.7,71.6,1840,2545.0,83400.0,2.25,43438,26546,1.3,1014.96,3.8,89.4,109693.0,15.6,48.5,226.0,3994,4271,4.2,3817.0,66969.0,701,141,396,26,653,94,577,Gregory
Grenada County,MS,18.1,23.7,6.2,21.3,80.8,1435.0,0.3,0.5,42.9,1.6,0.0,1.1,55.3,54.2,64.0,8391,10262.0,105000.0,2.47,40122,23135,0.3,422.11,0.8,88.9,717889.0,18.7,52.5,1052.0,21629,21906,51.9,41965.0,415123.0,1859,650,1002,353,1401,130,1605,Grenada
Griggs County,ND,30.3,21.1,5.2,25.8,89.3,220.0,0.7,0.2,0.4,1.3,-1.0,0.4,98.3,97.1,76.1,1089,1460.0,97600.0,2.12,53565,34882,1.3,708.82,1.9,87.8,21355.0,16.8,48.9,137.0,2306,2420,3.4,8750.0,18142.0,336,63,212,0,310,0,287,Griggs
Grimes County,TX,17.8,22.1,5.7,15.7,80.6,2295.0,1.0,0.4,15.5,24.7,0.1,1.9,81.1,58.2,76.5,9011,11546.0,148500.0,2.72,52913,25638,6.8,787.46,19.0,86.7,1501440.0,28.5,45.6,1901.0,29268,26604,33.8,20260.0,213140.0,2333,792,981,487,1710,169,1972,Grimes
Grundy County,IA,21.2,22.7,5.4,27.9,94.6,918.0,0.2,0.4,0.6,1.4,0.1,0.9,97.9,96.7,81.6,5155,5587.0,130200.0,2.35,68038,36231,1.0,501.86,2.4,89.5,153945.0,22.4,50.5,635.0,12329,12453,24.8,4434.0,83443.0,1150,141,642,33,1027,140,884,Grundy
Grundy County,IL,14.6,25.0,6.1,22.9,93.2,3007.0,0.4,0.8,1.8,10.5,0.1,1.3,95.6,85.8,71.3,19676,21330.0,199300.0,2.56,77350,35208,3.9,418.04,7.7,89.8,2113832.0,29.2,50.2,2990.0,52533,50063,119.8,59698.0,524667.0,3683,1327,1784,291,3207,247,3151,Grundy
Grundy County,MO,22.4,24.1,7.2,17.1,86.5,711.0,0.5,1.1,1.0,2.4,0.0,1.4,95.9,93.8,68.2,3936,5002.0,98400.0,2.46,45594,23497,2.7,435.28,7.9,86.6,468824.0,16.5,51.4,637.0,9808,10261,23.6,6910.0,89635.0,679,213,335,32,603,91,543,Grundy
Grundy County,TN,21.0,21.3,5.7,13.2,74.4,1164.0,0.7,0.4,0.7,1.3,0.0,1.3,97.0,95.8,78.0,4820,6480.0,87200.0,2.73,40516,20592,0.5,360.53,1.0,94.8,674991.0,28.8,50.4,658.0,13529,13703,38.0,7239.0,72139.0,1564,617,808,64,1480,134,1342,Grundy
Guadalupe County,NM,19.8,20.4,4.8,7.6,82.7,179.0,3.5,1.3,2.4,78.7,-1.0,2.4,90.4,16.3,62.6,1384,2474.0,85000.0,2.58,24798,17420,2.0,3030.48,48.1,89.4,268581.0,14.0,43.1,280.0,4452,4687,1.5,15383.0,126637.0,247,74,110,101,102,33,194,Guadalupe
Guadalupe County,TX,14.2,24.7,6.1,28.2,88.7,12239.0,1.0,2.0,8.8,38.5,0.2,2.8,85.1,49.3,76.7,54110,61312.0,196000.0,2.9,74496,31842,7.2,711.3,22.2,86.9,2542722.0,27.3,50.5,17758.0,172706,131533,184.9,153747.0,1166806.0,9841,3336,5317,3251,6229,1273,8024,Guadalupe
Guernsey County,OH,20.1,22.0,5.9,14.6,85.5,2223.0,0.4,0.5,1.6,1.1,0.0,2.1,95.5,94.6,71.5,16220,19384.0,114700.0,2.38,45917,24742,0.9,522.25,4.1,87.3,1562734.0,24.3,50.0,3037.0,38438,40087,76.8,71019.0,547037.0,2888,668,1800,75,2671,203,2473,Guernsey
Guilford County,NC,15.5,22.1,5.8,36.0,89.1,42996.0,0.8,5.3,35.4,8.4,0.1,2.5,56.0,49.4,58.8,203987,231640.0,167000.0,2.49,53261,30767,10.3,645.7,13.3,84.1,26932176.0,21.9,52.7,27868.0,541299,488406,756.4,1158488.0,6979731.0,45746,17884,22594,14168,29574,4438,38576,Guilford
Gulf County,FL,26.5,18.3,4.7,19.2,85.5,1211.0,0.7,0.5,11.3,3.0,0.0,2.3,85.1,82.5,74.2,5757,9736.0,160700.0,2.28,47712,23252,3.4,564.01,6.8,76.6,8634.0,25.4,49.5,1526.0,14192,15863,28.1,16470.0,76880.0,956,271,543,126,794,115,765,Gulf
Gunnison County,CO,13.7,16.7,4.1,56.2,97.4,2593.0,2.7,0.9,0.6,9.6,0.0,2.0,93.9,86.8,61.4,6616,12228.0,367300.0,2.41,56577,32191,3.8,3239.1,10.7,76.3,9506.0,15.6,45.9,793.0,16918,15324,4.7,87010.0,189989.0,3086,899,1537,124,2803,262,2696,Gunnison
Guthrie County,IA,22.8,21.9,5.5,19.8,93.1,1037.0,0.4,0.3,0.7,2.8,0.1,1.2,97.3,94.6,79.6,4452,5828.0,117900.0,2.36,61161,31128,1.8,590.62,2.7,87.9,528536.5,27.5,50.0,776.0,10623,10954,18.5,20428.0,105698.0,1383,458,708,0,1323,88,1253,Guthrie
Gwinnett County,GA,10.5,26.6,6.5,36.9,87.7,116146.0,0.8,12.5,29.8,21.7,0.1,2.9,53.8,35.4,66.3,293330,316334.0,217900.0,3.1,71026,30636,25.8,430.38,35.4,87.2,6847724.0,34.1,51.2,38539.0,957062,805321,1871.2,1355547.0,12673392.0,101039,40321,53115,54158,44506,8639,89005,Gwinnett
Haakon County,SD,25.3,23.3,6.2,15.6,93.9,239.0,2.7,0.3,0.3,1.7,0.1,3.6,93.0,91.6,77.1,822,1033.0,105400.0,2.41,42250,24333,0.4,1810.53,0.7,95.7,109693.0,15.1,50.3,97.0,1872,1937,1.1,1601.0,29044.0,252,115,111,0,228,0,243,Haakon
Habersham County,GA,18.8,22.3,5.8,19.3,79.6,3281.0,1.1,2.3,3.9,15.5,0.3,1.8,90.6,76.9,78.3,15139,18750.0,150500.0,2.8,50563,23046,9.0,276.74,16.0,89.2,1219044.0,27.5,52.2,2824.0,46031,43041,155.5,53503.0,462142.0,3528,1314,1934,384,3047,497,2915,Habersham
Haines Borough,AK,21.7,18.0,4.5,33.8,97.5,390.0,10.8,0.9,0.6,3.6,-1.0,7.9,79.8,77.1,66.4,1007,1687.0,254000.0,2.46,58059,31731,5.1,2318.6,8.4,86.9,26314.0,8.6,50.2,170.0,2080,2508,1.1,5676.0,21616.0,541,240,231,66,438,27,491,Haines
Hale County,AL,19.7,23.0,6.8,14.2,84.0,896.0,0.3,0.3,58.0,1.4,0.0,0.7,40.7,39.7,75.8,5650,7880.0,89300.0,2.59,34046,21191,0.2,643.94,1.1,93.4,778187.0,31.6,52.6,809.0,14785,15760,24.5,51801.0,76502.0,1067,385,633,468,576,141,890,Hale
Hale County,TX,13.8,26.8,6.5,17.1,76.6,2150.0,1.7,0.7,5.8,60.4,0.1,1.5,90.2,32.9,62.3,10933,13381.0,82700.0,2.89,48384,20986,10.1,1004.68,37.0,84.1,2414649.0,17.1,47.9,1202.0,32522,36273,36.1,44464.0,346872.0,2582,743,1495,808,1615,253,2173,Hale
Halifax County,NC,21.4,21.2,5.5,14.4,78.6,2582.0,4.1,0.9,53.8,3.1,0.1,1.3,39.9,38.0,62.6,21017,26035.0,86300.0,2.37,35502,21848,1.9,724.09,3.4,90.6,486339.0,23.8,51.8,2701.0,48622,54691,75.5,86565.0,607036.0,3268,1168,1719,1523,1585,377,2658,Halifax
Halifax County,VA,24.8,20.2,5.3,15.4,81.5,1812.0,0.4,0.7,36.3,2.2,0.0,1.5,61.2,59.7,74.1,14158,18207.0,116100.0,2.38,42669,23909,2.1,817.84,4.5,93.9,573433.0,25.2,52.1,2476.0,34022,36241,44.3,35956.0,358082.0,2257,745,1271,433,1726,241,1922,Halifax
Hall County,GA,15.4,24.8,6.5,24.5,79.1,16827.0,0.8,2.1,8.1,29.1,0.2,1.7,87.0,60.1,69.5,64352,76167.0,201300.0,3.06,62984,29680,16.3,392.78,28.7,86.8,7629172.0,27.3,50.3,10459.0,203136,179684,457.5,298330.0,2231905.0,15712,5383,8921,3640,11466,1502,13327,Hall
Hall County,NE,15.1,27.6,7.8,21.5,84.6,3908.0,2.1,1.4,3.8,29.0,0.5,1.6,90.7,65.1,62.3,23096,25161.0,146000.0,2.61,57104,28359,13.9,546.29,22.5,83.6,6021909.0,17.6,49.4,3159.0,62895,58607,107.3,114878.0,1256329.0,5102,1344,2860,550,4279,394,4314,Hall
Hall County,TX,24.0,22.1,4.0,15.9,79.6,203.0,1.6,0.5,9.1,35.1,0.1,1.7,87.1,55.0,65.3,1267,1910.0,52800.0,2.35,34673,21907,11.5,883.49,29.6,85.2,575658.0,17.4,51.1,144.0,2825,3353,3.8,33330.5,48301.0,252,0,142,42,193,61,146,Hall
Hamblen County,TN,18.5,23.0,6.0,16.8,81.3,3617.0,0.9,1.0,4.5,12.1,0.3,2.0,91.3,81.0,66.9,24456,27329.0,137900.0,2.58,43619,23517,6.0,161.18,9.7,89.8,3235813.0,21.6,51.1,3946.0,64499,62544,388.0,99185.0,978743.0,4337,1432,2302,390,3661,295,3736,Hamblen
Hamilton County,FL,18.5,19.0,5.4,7.9,73.0,626.0,1.1,0.8,33.2,9.8,0.0,2.1,62.8,54.7,67.9,4381,5845.0,80100.0,2.51,38569,16136,4.2,513.79,10.1,83.7,778359.5,22.3,42.1,962.0,14004,14799,28.8,6056.0,78296.0,521,255,229,144,354,41,457,Hamilton
Hamilton County,IA,21.0,22.8,6.3,24.3,93.3,1039.0,0.5,2.4,1.4,6.2,0.0,1.6,94.1,88.6,72.4,6259,7225.0,106100.0,2.36,60910,30127,4.4,576.75,8.0,91.3,275266.0,19.8,50.4,895.0,15039,15673,27.2,10112.0,158638.0,1376,424,734,41,1277,164,1150,Hamilton
Hamilton County,IL,22.4,21.8,5.4,17.0,87.1,567.0,0.4,0.4,0.6,1.9,0.0,1.0,97.5,95.9,80.0,3400,4102.0,93500.0,2.37,54046,27702,0.8,434.67,1.6,91.8,741144.5,26.1,51.0,547.0,7993,8457,19.5,4632.0,45360.0,771,120,523,0,732,135,588,Hamilton
Hamilton County,IN,12.8,26.6,6.4,59.3,96.8,30975.0,0.2,6.5,4.5,4.3,0.0,2.1,86.6,82.8,76.9,119789,132345.0,263300.0,2.68,98173,49287,8.1,394.27,9.6,85.6,1641684.0,25.4,51.2,14009.0,347467,274569,696.4,588235.0,4338371.0,30741,9487,17067,2954,26615,2804,25926,Hamilton
Hamilton County,KS,14.5,28.8,6.6,18.7,80.8,189.0,2.1,0.2,3.1,37.0,0.2,2.1,92.2,59.8,71.7,890,1227.0,81800.0,2.91,46944,22003,15.7,996.51,26.6,91.4,328053.5,16.6,47.8,123.0,2518,2690,2.7,13223.0,19134.0,209,72,121,29,172,25,176,Hamilton
Hamilton County,NE,20.4,24.1,6.6,25.0,95.1,818.0,0.3,0.4,0.5,3.9,0.0,1.2,97.7,94.1,77.0,3713,4177.0,154300.0,2.45,64210,32131,1.2,542.88,2.6,89.4,231681.5,18.6,49.5,676.0,9429,9124,16.8,6792.0,116504.0,1161,299,572,45,1076,132,944,Hamilton
Hamilton County,NY,31.9,13.7,3.3,16.8,77.5,506.0,0.3,0.8,1.1,2.0,0.1,1.5,96.2,94.5,86.7,1157,8987.0,166000.0,3.79,58675,24851,1.7,1717.37,4.4,89.6,1246970.0,22.9,50.0,443.0,5107,4836,2.8,22752.0,41602.0,544,227,191,0,520,0,441,Hamilton
Hamilton County,OH,15.7,22.9,6.5,37.9,91.4,61203.0,0.3,2.9,26.6,3.6,0.1,2.6,67.6,64.8,57.9,341873,380769.0,155400.0,2.33,57212,35570,5.7,405.91,7.6,82.9,23167274.0,23.6,51.7,39742.0,830639,802374,1976.7,2004370.0,11558545.0,69573,25296,38096,14690,52024,6504,59825,Hamilton
Hamilton County,TN,17.9,20.7,5.8,32.2,89.5,28380.0,0.5,2.2,19.3,6.0,0.1,1.9,75.9,70.9,64.0,145213,165494.0,180900.0,2.41,55070,32839,5.3,542.43,7.1,85.9,12127517.0,21.8,51.7,21821.0,366207,336463,620.3,903255.0,5236523.0,30007,9332,16943,4801,24045,3346,24741,Hamilton
Hamilton County,TX,25.4,21.7,5.8,22.4,84.0,746.0,2.0,0.9,1.0,13.4,0.1,1.4,94.7,83.4,81.9,2989,4553.0,130800.0,2.7,50825,26930,4.6,835.91,9.5,91.0,38174.0,21.4,50.0,633.0,8222,8517,10.2,8715.0,87091.0,779,223,450,97,668,89,590,Hamilton
Hamlin County,SD,15.5,32.6,9.5,21.0,91.8,461.0,1.0,0.4,0.6,4.5,0.0,1.1,96.9,92.9,80.5,2256,2995.0,157100.0,2.59,67105,28822,3.4,507.23,5.0,86.4,109693.0,20.8,48.8,350.0,6164,5903,11.6,1428.0,38453.0,638,246,289,0,619,0,593,Hamlin
Hampden County,MA,17.3,21.3,5.4,27.1,85.8,26567.0,0.8,2.7,10.9,26.3,0.2,2.8,82.6,61.4,61.1,179423,193890.0,207800.0,2.53,55429,30346,8.5,617.14,25.7,88.3,6259393.0,22.9,51.7,24504.0,465825,463490,751.0,714206.0,5752962.0,30995,9576,18532,5415,24327,3578,26029,Hampden
Hampshire County,MA,17.9,14.4,3.3,48.3,94.7,13605.0,0.3,5.7,3.4,5.9,0.1,2.5,88.0,83.3,66.9,58838,64383.0,283100.0,2.35,70876,34838,8.8,527.26,12.7,78.7,1096283.0,23.6,53.4,8207.0,162308,158080,299.8,264441.0,1749972.0,16416,5666,9143,1011,14937,1569,14216,Hampshire
Hampshire County,WV,23.4,18.1,4.5,12.4,84.3,1324.0,0.2,0.3,1.4,1.5,0.1,1.2,96.8,95.6,76.3,9288,14107.0,153100.0,2.45,47857,24259,1.0,640.25,0.9,92.0,65952.0,38.2,49.1,2265.0,23093,23964,37.4,18664.0,123550.0,1950,551,1172,30,1868,360,1486,Hampshire
Hampton County,SC,18.8,21.2,5.3,11.9,81.0,1189.0,0.5,0.6,53.1,4.2,0.1,1.5,44.2,41.4,76.0,6993,9216.0,72300.0,2.61,33429,18424,3.1,559.9,5.1,92.0,156598.0,31.7,48.9,1240.0,18561,21090,37.7,16608.0,164812.0,1265,468,731,511,710,115,1084,Hampton
Hampton city,VA,15.0,21.1,6.1,26.9,91.4,1479.0,0.5,2.5,49.9,5.8,0.2,4.2,41.1,38.2,55.7,54050,11797.5,186700.0,2.41,56287,30135,4.7,51.41,6.5,81.2,508321.0,22.6,51.8,18797.0,137148,137436,2673.2,249039.0,1512476.0,8058,3473,3626,3865,3694,1181,6139,Hampton
Hancock County,GA,23.8,15.2,3.5,8.6,74.2,622.0,0.6,1.0,71.0,2.7,0.0,0.9,26.5,24.4,70.6,2974,5436.0,85000.0,2.03,31860,16704,1.7,471.84,2.6,88.1,554410.0,27.7,44.0,473.0,8735,9429,20.0,33983.0,24753.0,709,281,382,522,162,87,593,Hancock
Hancock County,IA,22.8,22.0,5.7,23.8,93.3,932.0,0.3,0.5,1.0,4.9,0.1,1.1,97.0,92.5,77.1,4790,5347.0,102200.0,2.21,61761,30309,1.7,571.01,3.5,91.0,348459.0,19.2,49.7,635.0,10795,11341,19.9,20428.0,216088.0,931,173,623,0,860,148,706,Hancock
Hancock County,IL,23.5,20.9,5.3,21.0,93.4,1235.0,0.4,0.4,0.6,1.6,0.1,1.1,97.4,96.1,81.4,7409,9232.0,85600.0,2.39,52561,28576,1.3,793.73,1.7,92.4,741144.5,25.0,50.5,1277.0,17620,19104,24.1,10487.0,97042.0,1669,542,891,37,1551,201,1368,Hancock
Hancock County,IN,16.5,23.3,5.9,30.8,92.9,5385.0,0.3,0.9,3.2,2.6,0.0,1.7,93.9,91.7,79.2,28740,31171.0,169300.0,2.59,74072,34119,2.0,306.02,3.2,87.8,1183893.0,26.7,50.7,5552.0,79840,70002,228.8,80724.0,600818.0,5239,1647,2808,267,4803,650,4345,Hancock
Hancock County,KY,17.7,24.8,6.6,11.4,85.4,468.0,0.4,0.3,1.5,1.7,0.0,1.1,96.7,95.2,79.2,3311,3753.0,112300.0,2.6,57217,24830,1.0,187.65,2.7,91.0,559741.0,24.1,48.6,547.0,9095,8565,45.6,35974.5,43500.0,500,99,308,0,459,59,353,Hancock
Hancock County,ME,25.3,17.0,4.3,34.1,94.1,7799.0,0.5,1.2,1.0,1.6,0.0,1.4,95.8,94.5,76.3,23661,41683.0,212700.0,2.24,57178,34361,3.1,1586.89,3.4,89.6,520202.0,23.7,51.5,4565.0,55478,54418,34.3,211120.0,852618.0,9768,2536,6116,175,9325,1106,8097,Hancock
Hancock County,MS,20.7,19.9,4.9,22.0,87.5,3603.0,0.7,0.9,8.4,3.9,0.1,2.2,87.7,84.5,75.5,20036,26385.0,147500.0,2.33,48119,27462,2.0,473.75,3.6,87.9,483799.0,30.1,51.2,4152.0,46053,43929,92.7,26152.0,346183.0,3586,1345,1865,405,3075,362,3025,Hancock
Hancock County,OH,17.7,22.1,5.9,27.1,92.5,4438.0,0.4,2.0,2.1,5.8,0.0,1.9,93.7,88.6,68.8,31937,34559.0,147600.0,2.31,58450,32797,3.7,531.36,5.2,83.2,4821253.0,17.3,50.5,4676.0,74920,74782,140.7,169812.0,1103675.0,5398,1473,3003,198,4855,603,4436,Hancock
Hancock County,TN,21.7,20.9,5.5,11.2,77.1,427.0,0.4,0.2,0.6,0.7,0.0,1.6,97.1,96.6,79.6,2742,3613.0,102600.0,2.34,30136,23728,1.0,222.34,2.1,89.1,674991.0,28.7,50.8,387.0,6662,6819,30.7,1784.0,24675.0,561,182,221,0,520,69,462,Hancock
Hancock County,WV,23.7,19.0,4.4,17.4,90.4,1244.0,0.2,0.5,2.7,1.6,0.0,1.6,94.9,93.6,72.7,12678,14304.0,93000.0,2.3,45763,26435,1.0,82.61,1.7,88.2,258272.0,23.9,51.3,2412.0,29095,30676,371.3,48291.0,235273.0,1712,544,971,54,1543,206,1386,Hancock
Hand County,SD,25.7,21.6,5.6,22.1,93.9,342.0,0.5,0.4,0.2,1.3,0.0,1.0,97.9,96.6,68.3,1508,1856.0,128400.0,2.12,54155,33200,0.6,1436.61,2.0,92.7,109693.0,12.2,50.2,177.0,3145,3431,2.4,2980.0,36193.0,359,77,243,0,337,39,285,Hand
Hanover County,VA,18.4,21.7,5.0,39.8,93.1,8551.0,0.5,1.9,9.5,3.1,0.1,2.0,86.0,83.5,82.5,38987,42264.0,282900.0,2.66,89390,41200,3.5,468.54,4.4,89.6,917184.0,25.9,51.0,7272.0,109979,99863,213.1,164727.0,1752104.0,10101,3060,5966,761,8982,1215,8315,Hanover
Hansford County,TX,15.0,29.7,7.7,15.1,67.8,530.0,1.8,0.4,1.0,49.3,0.1,1.4,95.3,48.5,70.5,1838,2345.0,95300.0,2.96,38000,20410,27.8,919.81,43.1,91.0,2140.0,18.1,49.6,211.0,5285,5613,6.1,33330.5,74244.0,626,186,255,67,480,0,569,Hansford
Hanson County,SD,15.5,30.2,7.5,18.5,92.2,328.0,0.8,0.5,0.8,1.5,0.0,1.4,96.5,95.3,87.9,1045,1219.0,130800.0,3.25,64696,24948,0.1,434.51,6.6,93.4,109693.0,21.9,49.8,234.0,3461,3331,7.7,726.0,6244.0,398,0,246,0,342,83,298,Hanson
Haralson County,GA,16.2,24.0,6.3,14.8,81.2,2201.0,0.4,0.8,4.5,2.0,0.0,1.7,92.5,90.8,68.4,11259,12605.0,124200.0,2.56,48550,25074,0.8,282.17,1.4,87.6,834127.0,30.3,51.4,1341.0,29919,28780,102.0,33983.0,321245.0,2249,626,1512,84,2110,360,1824,Haralson
Hardee County,FL,17.4,25.5,6.7,10.2,77.2,1411.0,1.2,1.1,7.6,43.6,0.1,1.7,88.3,47.0,64.9,7863,9816.0,83400.0,3.17,38682,17754,10.1,637.78,37.7,93.3,778359.5,24.3,47.2,1194.0,25327,27731,43.5,17225.0,172130.0,1631,557,779,770,773,72,1436,Hardee
Hardeman County,TN,18.6,19.0,5.0,11.2,79.6,1507.0,0.3,0.8,42.2,1.8,0.0,1.5,55.2,53.9,71.2,8891,11052.0,90200.0,2.41,40304,18172,1.1,667.77,2.9,92.9,674991.0,30.1,44.9,1507.0,25462,27253,40.8,13088.0,147929.0,1697,623,886,518,1121,77,1495,Hardeman
Hardeman County,TX,23.2,21.5,4.9,13.7,78.9,258.0,1.2,0.6,5.7,24.2,-1.0,2.5,90.0,67.9,67.9,1596,2394.0,43100.0,2.45,41859,24078,7.4,695.11,15.1,84.1,575658.0,15.1,49.5,196.0,3549,4139,6.0,33330.5,33378.0,347,45,282,75,254,0,316,Hardeman
Hardin County,IA,22.6,19.5,5.0,20.8,92.4,1233.0,0.4,1.1,1.5,4.5,0.1,1.3,95.6,91.6,74.9,7148,8168.0,94300.0,2.27,54196,28770,2.5,569.31,3.8,88.1,1272668.0,18.6,49.8,1216.0,16878,17534,30.8,14619.0,175878.0,2061,599,1108,51,1883,239,1638,Hardin
Hardin County,IL,26.7,17.5,3.8,10.8,79.6,166.0,0.7,0.5,0.4,2.4,0.1,1.4,96.8,94.5,82.0,1363,2484.0,80500.0,2.8,51250,28932,0.4,177.53,0.6,88.1,741144.5,28.7,49.4,353.0,3649,4320,24.3,38907.0,14525.0,399,33,351,0,386,0,377,Hardin
Hardin County,KY,14.4,24.5,6.7,22.0,90.5,5789.0,0.5,2.3,12.7,5.8,0.3,3.8,80.5,75.8,61.5,41646,47248.0,156600.0,2.54,54367,28606,3.8,623.28,6.6,80.6,2078065.0,22.0,50.1,14165.0,110702,105543,169.3,192014.0,1639060.0,7146,2051,3732,899,5918,1127,5392,Hardin
Hardin County,OH,16.3,23.2,6.0,16.2,89.5,1486.0,0.3,0.7,1.0,1.9,0.1,1.7,96.3,94.6,71.0,11678,13252.0,105300.0,2.49,50506,23383,1.8,470.41,6.0,85.2,475343.0,24.6,50.1,1719.0,30696,32058,68.1,37199.0,199989.0,2053,593,1158,55,1919,352,1580,Hardin
Hardin County,TN,23.3,20.4,5.0,15.0,81.5,1750.0,0.6,0.6,3.3,2.7,0.0,1.5,93.9,91.6,72.5,10137,14134.0,124300.0,2.49,40682,24243,1.5,577.32,2.4,92.3,743875.0,24.2,51.4,1844.0,26831,26026,45.1,31714.0,396748.0,2265,690,1339,84,2107,308,1834,Hardin
Hardin County,TX,16.9,24.4,6.2,16.8,88.0,3947.0,0.6,0.7,5.6,6.0,0.0,1.5,91.5,86.1,81.2,20626,25433.0,124100.0,2.73,60339,30399,2.0,890.57,5.3,90.1,575658.0,28.8,50.8,3857.0,56231,54635,61.3,50668.0,712643.0,3199,1335,1357,439,2622,319,2607,Hardin
Harding County,NM,39.2,11.2,2.7,21.7,85.4,50.0,2.9,0.3,0.6,46.9,-1.0,1.3,94.9,52.2,65.4,211,543.0,102400.0,2.09,29375,34721,6.6,2125.44,32.9,88.2,268581.0,28.3,49.0,50.0,657,695,0.3,63779.5,257122.0,30,0,0,0,0,0,0,Harding
Harding County,SD,18.2,23.9,7.5,26.0,90.7,168.0,2.5,0.2,1.3,2.6,-1.0,1.9,94.0,91.8,67.1,532,759.0,101100.0,2.31,59655,31819,1.6,2671.38,3.5,88.9,109693.0,22.6,47.0,77.0,1311,1255,0.5,975.0,11442.0,248,112,121,0,239,0,236,Harding
Hardy County,WV,22.5,20.5,5.3,14.5,80.3,878.0,0.3,0.7,3.2,4.9,0.1,1.7,94.1,89.9,73.8,5674,8404.0,137700.0,2.42,47438,27004,3.3,582.31,4.7,91.7,258272.0,24.2,49.5,1213.0,14299,14025,24.1,13921.0,133260.0,962,286,517,0,903,93,832,Hardy
Harford County,MD,16.6,22.2,5.6,36.7,92.7,17530.0,0.3,3.1,14.8,4.8,0.1,2.8,78.8,75.1,78.7,93955,101600.0,293400.0,2.67,89147,41147,5.3,437.09,7.4,89.0,1866801.0,32.0,51.0,19168.0,260924,244826,560.1,390891.0,3792912.0,20330,7328,10727,3134,16495,2473,16889,Harford
Harlan County,KY,19.2,23.0,6.3,10.8,72.8,1286.0,0.2,0.4,2.1,1.1,0.1,1.2,95.9,95.0,68.8,11134,13606.0,60300.0,2.34,26478,16468,0.6,465.83,1.7,88.9,559741.0,23.5,52.2,1421.0,26831,29278,62.9,35974.5,205394.0,1509,554,779,52,1362,174,1222,Harlan
Harlan County,NE,27.3,20.9,4.9,22.4,93.0,320.0,0.6,0.2,0.2,2.2,-1.0,0.9,98.0,95.9,79.4,1521,2417.0,102700.0,2.21,49835,28919,1.2,553.47,3.0,91.8,231681.5,18.4,48.3,285.0,3073,3423,6.2,3623.0,34390.0,523,109,298,0,497,0,472,Harlan
Harmon County,OK,20.1,25.0,6.3,20.7,79.7,145.0,3.2,1.7,8.5,30.0,-1.0,5.2,81.5,54.8,73.1,1113,1525.0,66500.0,2.35,48344,26045,7.0,537.19,20.0,87.6,460737.5,18.4,51.5,73.0,2488,2922,5.4,40216.0,233466.0,255,91,129,74,171,45,196,Harmon
Harnett County,NC,12.8,25.7,7.3,21.9,87.5,7511.0,1.7,1.3,21.9,13.4,0.2,3.5,71.3,60.7,65.4,45416,53035.0,154000.0,2.84,53554,23767,6.2,594.99,10.8,84.4,358362.0,30.4,50.5,13119.0,133568,114678,192.7,99085.0,869419.0,7675,2480,4231,1783,5632,1103,6086,Harnett
Harney County,OR,24.9,20.1,5.5,18.4,91.6,543.0,4.4,0.6,1.0,5.1,0.0,3.3,90.6,86.4,72.2,3244,3928.0,121300.0,2.19,40735,26370,1.3,10133.17,4.7,80.0,579399.0,14.6,49.1,769.0,7495,7422,0.7,11517.0,107251.0,848,307,336,50,773,38,743,Harney
Harper County,KS,23.5,24.7,6.4,16.2,89.6,500.0,1.5,0.5,0.7,6.2,0.2,2.2,94.9,89.7,69.6,2265,3160.0,74300.0,2.4,49865,24800,1.6,801.27,5.5,89.1,154092.0,16.7,50.0,403.0,5485,6034,7.5,10731.0,62729.0,905,149,559,0,868,210,661,Harper
Harper County,OK,19.6,25.6,5.9,19.3,81.8,295.0,2.3,0.2,0.5,22.6,0.2,2.1,94.6,73.8,78.4,1258,1881.0,77200.0,2.95,46154,24130,11.4,1039.02,19.4,86.0,460737.5,20.3,49.4,297.0,3272,3685,3.5,40216.0,26542.0,406,98,202,39,352,48,336,Harper
Harris County,GA,19.3,21.3,4.9,31.4,92.2,2631.0,0.5,1.2,16.7,3.9,0.1,1.9,79.6,76.5,87.6,12156,14529.0,217000.0,2.76,76319,36273,2.2,463.87,5.0,88.1,554410.0,27.1,49.9,3382.0,34668,32024,69.0,25030.0,70154.0,1981,627,1193,457,1474,315,1570,Harris
Harris County,TX,10.9,26.4,7.4,31.5,81.4,456877.0,1.1,7.3,20.0,43.7,0.1,2.0,69.6,28.7,54.6,1605368,1818111.0,175700.0,2.87,61705,32765,26.1,1703.48,44.4,84.1,200035355.0,29.5,50.4,159618.0,4731145,4092459,2402.4,10106128.0,61669356.0,438793,172009,227062,252358,174023,35938,387665,Harris
Harrison County,IA,19.9,22.9,5.9,19.5,91.5,1037.0,0.4,0.4,0.4,1.9,0.0,1.3,97.5,95.9,75.7,6019,6875.0,120600.0,2.29,63854,32443,0.7,696.85,1.3,89.2,107627.0,27.7,49.7,1026.0,14582,14928,21.4,10301.0,197222.0,1311,316,724,0,1269,202,908,Harrison
Harrison County,IN,18.1,22.3,5.8,18.7,88.4,2607.0,0.3,0.4,0.7,2.1,0.1,1.3,97.1,95.3,83.0,14403,17298.0,151900.0,2.75,57712,28119,1.3,484.52,2.3,91.5,472997.0,31.3,50.0,2871.0,39654,39364,81.2,349761.0,470223.0,3399,937,1953,121,3159,231,2999,Harrison
Harrison County,KY,18.1,22.7,6.2,14.6,82.1,1071.0,0.3,0.3,2.3,2.5,0.1,1.6,95.4,93.4,69.0,7283,8362.0,140000.0,2.52,48438,24154,0.9,306.36,2.8,86.0,559741.0,26.9,50.9,954.0,18692,18846,61.5,13102.0,134519.0,1329,458,587,26,1264,113,1073,Harrison
Harrison County,MO,22.8,24.2,6.0,16.5,88.2,623.0,0.6,0.4,0.6,2.6,0.1,1.5,96.8,94.6,72.7,3429,4378.0,76000.0,2.41,42917,22032,1.5,722.5,6.4,86.4,468824.0,23.3,50.4,604.0,8157,8957,12.4,11446.0,165994.0,995,263,542,37,930,111,851,Harrison
Harrison County,MS,15.4,23.8,6.5,23.1,88.3,15364.0,0.5,2.9,25.9,5.6,0.1,2.8,67.8,63.2,56.6,78104,94603.0,150500.0,2.56,47894,25415,4.5,573.99,6.8,78.9,1989834.0,23.6,51.1,21641.0,208621,187105,326.0,1537711.0,2859097.0,16566,6296,8573,5041,10849,1962,13505,Harrison
Harrison County,OH,21.8,20.7,5.1,11.6,86.8,860.0,0.2,0.2,2.1,1.2,0.0,1.7,95.8,94.8,78.9,6223,8081.0,92700.0,2.4,49689,24940,0.7,402.34,4.6,91.8,92302.0,30.3,50.4,1093.0,14483,15864,39.4,7896.0,70915.0,891,235,523,0,851,228,632,Harrison
Harrison County,TX,17.4,24.9,6.1,19.1,85.3,4917.0,1.2,0.8,21.1,13.6,0.1,1.8,75.0,63.0,72.3,23292,28986.0,130900.0,2.8,52220,27086,5.4,899.95,8.2,88.5,2856878.0,22.5,51.0,4282.0,68839,65631,72.9,78243.0,647642.0,4842,1470,2679,1045,3557,494,4051,Harrison
Harrison County,WV,19.8,21.2,5.4,23.3,88.8,3825.0,0.2,0.6,1.9,1.7,0.0,1.7,95.5,94.0,73.9,27098,31812.0,117900.0,2.47,53022,28879,0.9,416.01,1.5,86.0,258272.0,22.9,50.8,4977.0,65921,69099,166.1,155321.0,1314734.0,5633,1702,3051,226,5080,602,4602,Harrison
Harrisonburg city,VA,9.0,16.3,5.1,36.3,83.9,1479.0,0.1,3.9,7.4,19.7,0.0,6.7,80.4,66.1,39.6,16723,11797.5,203600.0,2.75,46679,23202,17.1,17.42,25.5,69.9,832608.0,16.6,52.0,1236.0,51814,48914,2808.2,215994.0,1519791.0,3745,1018,1964,684,2771,423,2991,Harrisonburg
Hart County,GA,22.1,20.7,5.3,15.7,81.5,1891.0,0.2,1.2,19.1,3.8,0.0,1.7,77.8,74.6,74.8,9853,13331.0,137700.0,2.52,43204,23181,1.9,232.39,5.2,89.7,602109.0,21.6,50.5,1553.0,25828,25213,108.5,33983.0,173627.0,2054,739,1115,290,1685,266,1682,Hart
Hart County,KY,16.7,24.6,7.4,11.4,76.2,1704.0,0.3,0.5,4.5,1.9,0.0,1.8,92.9,91.3,74.1,7351,9298.0,94400.0,2.51,38396,20742,0.9,412.09,6.7,90.5,559741.0,29.1,50.8,1222.0,19288,18199,44.2,35974.5,157919.0,1720,560,977,71,1619,81,1593,Hart
Hartford County,CT,17.4,20.9,5.4,38.1,89.7,60999.0,0.6,6.1,15.8,18.8,0.1,2.6,74.8,59.9,64.1,350408,381401.0,240600.0,2.48,75148,40540,15.4,735.1,25.0,88.0,16965486.0,23.5,51.4,38427.0,899498,894014,1216.2,1905317.0,13762363.0,73386,24353,41848,14844,55488,7061,62045,Hartford
Hartley County,TX,15.4,20.9,5.7,17.8,82.6,346.0,0.8,0.8,7.0,27.9,0.0,1.2,90.1,63.2,62.7,1678,2060.0,167200.0,2.46,58298,20563,10.1,1462.03,19.9,84.1,575658.0,13.5,39.8,249.0,5382,6062,4.1,882.0,209517.0,558,242,171,34,509,62,425,Hartley
Harvey County,KS,19.8,24.0,5.7,33.2,90.5,2382.0,1.0,1.1,1.8,12.1,0.1,2.5,93.5,82.4,71.6,13290,14872.0,126100.0,2.49,57982,28226,3.6,539.75,6.0,86.6,1286686.0,19.3,50.7,1897.0,34024,34684,64.3,32719.0,335127.0,2848,815,1478,186,2523,283,2438,Harvey
Haskell County,KS,15.6,27.9,6.6,17.1,72.4,413.0,1.5,0.8,0.6,31.4,0.3,1.6,95.2,65.9,76.2,1320,1687.0,107000.0,3.01,55064,26814,18.4,577.52,38.3,90.6,328053.5,16.6,49.7,96.0,3780,4256,7.4,13223.0,21113.0,506,95,290,69,419,46,442,Haskell
Haskell County,OK,20.4,23.4,5.7,16.2,84.7,976.0,17.7,0.9,0.9,4.7,0.1,7.4,73.1,69.8,74.7,4931,6205.0,96100.0,2.56,42348,22074,1.6,576.52,3.3,86.1,460737.5,25.9,50.1,972.0,11561,12769,22.1,40216.0,142921.0,1467,467,705,116,1271,139,1296,Haskell
Haskell County,TX,22.4,16.9,3.9,11.9,70.3,398.0,1.1,0.9,4.8,28.6,-1.0,2.4,90.8,64.6,75.6,2146,3483.0,53900.0,2.45,40313,20394,10.0,903.13,20.4,80.2,575658.0,17.3,47.0,273.0,5416,5899,6.5,5565.0,89766.0,498,197,235,95,385,41,431,Haskell
Hawaii County,HI,21.9,21.4,5.7,29.4,92.3,18139.0,0.6,21.2,0.8,12.9,12.8,30.5,34.0,30.2,67.7,69453,89346.0,350000.0,2.82,62409,30542,12.7,4028.42,25.5,87.9,283326.0,26.1,50.6,14882.0,200629,185079,45.9,1124494.0,2390830.0,18200,6260,9502,9039,8084,1836,15418,Hawaii
Hawkins County,TN,21.7,19.5,4.7,13.7,84.4,2994.0,0.4,0.6,1.5,1.7,0.0,1.2,96.3,94.9,73.5,23135,27499.0,124100.0,2.42,41924,24695,1.0,486.98,1.7,88.9,1328331.0,26.0,50.8,4024.0,56721,56833,116.7,38109.0,303127.0,3331,1159,1810,127,3054,334,2772,Hawkins
Hayes County,NE,28.0,23.4,8.1,18.3,90.2,84.0,0.5,0.4,0.4,5.4,0.1,1.1,97.4,92.1,75.2,403,511.0,80900.0,2.22,51726,31286,6.0,713.06,8.8,95.8,231681.5,20.9,49.1,62.0,856,967,1.4,4370.0,73832.0,39,0,25,0,37,0,29,Hayes
Hays County,TX,11.4,22.9,6.1,37.2,90.1,19461.0,1.2,1.7,4.6,40.1,0.1,2.3,90.0,52.5,62.3,73437,84560.0,238700.0,2.81,68717,32118,8.8,677.98,25.8,81.8,1178979.0,30.4,50.3,11990.0,241067,157107,231.7,348261.0,2471345.0,16223,5246,8947,4177,11316,1703,13688,Hays
Haywood County,NC,25.0,18.2,4.9,26.0,88.0,5045.0,0.7,0.6,1.4,4.3,0.0,1.4,95.9,92.2,73.0,26653,35742.0,179700.0,2.27,51659,30490,2.4,553.69,3.7,86.2,1006562.0,22.7,51.7,5296.0,62089,59036,106.6,102702.0,811033.0,5030,1619,2869,162,4732,444,4227,Haywood
Haywood County,TN,19.7,22.2,5.5,11.0,82.0,1238.0,0.4,0.3,50.6,4.3,0.1,1.3,47.3,44.0,58.2,7181,8407.0,100700.0,2.42,37905,21839,3.4,533.11,4.7,91.4,597821.0,23.5,53.2,935.0,17864,18787,35.2,14532.0,207609.0,1090,478,525,464,573,60,957,Haywood
Heard County,GA,18.3,22.1,5.4,8.7,79.7,791.0,0.5,0.5,9.8,2.9,0.0,2.3,86.9,84.6,71.1,4502,5253.0,109000.0,2.57,51358,22714,1.8,296.03,2.4,88.1,554410.0,35.4,50.0,855.0,11412,11834,40.0,33983.0,22774.0,811,301,467,145,632,86,692,Heard
Hemphill County,TX,15.9,30.2,6.7,21.2,82.1,420.0,1.6,1.3,0.8,34.2,0.1,1.2,95.0,62.6,71.3,1298,1711.0,151700.0,3.05,70625,31530,16.5,906.29,32.5,88.0,575658.0,16.3,50.1,188.0,3382,3807,4.2,7991.0,64763.0,655,113,360,0,614,56,549,Hemphill
Hempstead County,AR,18.5,25.7,7.0,15.1,82.6,1037.0,0.7,0.5,30.5,13.3,0.2,2.4,65.7,53.9,69.3,8094,10547.0,81100.0,2.65,42860,21521,4.7,727.52,11.0,89.2,786885.0,20.6,51.6,1176.0,20065,22609,31.1,22697.0,197584.0,1469,486,786,263,1137,116,1266,Hempstead
Henderson County,IL,25.4,18.3,5.1,18.3,91.2,347.0,0.3,0.5,0.6,1.9,0.1,1.3,97.2,95.6,82.2,2977,3863.0,92000.0,2.27,53676,28950,1.3,378.87,2.0,91.0,741144.5,26.6,51.4,541.0,6387,7331,19.3,38907.0,39350.0,517,110,361,0,471,56,430,Henderson
Henderson County,KY,18.3,22.8,5.8,18.2,86.9,2382.0,0.4,0.6,8.4,2.8,0.1,2.1,88.4,86.1,61.3,18643,20556.0,128400.0,2.38,48926,26212,1.5,436.67,2.5,86.3,2857578.0,22.0,51.7,2792.0,44793,46250,105.9,65366.0,729902.0,3569,891,2047,106,3295,372,2971,Henderson
Henderson County,NC,26.4,18.7,4.8,31.8,89.9,9657.0,0.7,1.3,3.4,10.3,0.2,1.9,92.5,83.1,73.3,49221,58811.0,214000.0,2.31,55945,31564,7.3,373.07,10.1,88.8,2625038.0,21.8,52.0,9098.0,116281,106740,286.1,170035.0,1330773.0,10032,3037,5537,947,8801,1160,8194,Henderson
Henderson County,TN,18.9,22.6,5.8,14.4,82.7,1839.0,0.4,0.4,7.8,2.5,0.0,2.0,89.5,87.4,72.8,10711,13049.0,102000.0,2.58,43305,22695,1.1,520.07,1.7,91.7,362353.0,26.8,51.0,1527.0,27842,27769,53.4,26177.0,296926.0,2114,762,1215,225,1824,261,1758,Henderson
Henderson County,TX,22.4,21.3,5.4,17.3,83.5,6356.0,0.9,0.7,6.4,13.6,0.1,2.0,89.8,77.4,75.2,30757,41902.0,108500.0,2.59,47355,26121,4.8,873.75,10.7,86.3,265105.0,32.1,51.0,6685.0,82150,78532,89.9,77915.0,671799.0,6341,1927,3579,699,5431,842,5099,Henderson
Hendricks County,IN,14.2,24.7,5.7,37.0,94.0,12097.0,0.3,3.1,7.8,4.3,0.1,2.1,86.6,82.9,78.5,59015,63952.0,191700.0,2.73,81933,36569,5.0,406.91,6.2,85.1,2660149.0,26.8,50.0,9501.0,174788,145448,357.4,292774.0,2561373.0,11685,3878,6083,1010,10207,763,10416,Hendricks
Hendry County,FL,13.8,26.7,7.3,8.3,66.3,3150.0,2.0,1.0,11.8,55.3,0.2,1.7,83.3,31.3,65.3,12527,14977.0,94500.0,3.09,40820,19167,27.6,1152.75,48.8,85.0,778359.5,28.4,47.0,1537.0,39619,39140,34.0,37392.0,258055.0,3103,1339,1280,1761,1185,219,2781,Hendry
Hennepin County,MN,14.5,21.8,6.3,50.1,93.3,110717.0,1.1,7.5,13.8,7.0,0.1,3.3,74.2,68.4,62.4,508030,543729.0,276900.0,2.4,78167,45768,14.1,553.59,18.3,83.3,22020690.0,23.7,50.5,52951.0,1281565,1152425,2081.7,3791160.0,23926878.0,127120,43728,70122,19399,102744,10590,109898,Hennepin
Henrico County,VA,15.9,22.4,6.0,43.7,91.7,25896.0,0.4,9.1,30.9,6.0,0.1,2.6,57.0,52.2,62.7,128464,139274.0,242600.0,2.53,70307,39516,12.9,233.7,15.4,84.4,1808163.0,22.6,52.6,17967.0,334389,306935,1313.4,832839.0,5519851.0,27519,9261,14973,8667,17408,3061,22774,Henrico
Henry County,AL,23.4,20.4,5.2,17.1,79.4,1090.0,0.5,0.4,25.9,2.7,0.0,1.6,71.6,69.5,83.3,6630,9255.0,118800.0,2.53,50017,25276,0.9,561.75,2.1,92.8,778187.0,28.0,51.7,1247.0,17146,17302,30.8,51801.0,100338.0,1031,280,509,166,817,62,830,Henry
Henry County,GA,11.9,25.3,5.8,28.5,91.2,22449.0,0.4,3.4,48.4,7.2,0.1,2.6,45.1,40.0,70.4,75984,84536.0,175300.0,2.95,71288,29889,7.9,322.13,10.3,86.7,2035075.0,33.9,52.4,16374.0,240712,203922,633.0,281493.0,2402457.0,18418,7738,9225,9516,8366,1951,15777,Henry
Henry County,IA,19.5,21.5,5.6,19.6,92.6,1271.0,0.4,2.6,2.8,5.1,0.2,1.7,92.4,87.7,71.2,7743,8459.0,115500.0,2.39,53501,26408,4.1,434.33,5.8,85.6,815898.0,18.2,48.4,1489.0,20482,20145,46.4,24106.0,229120.0,1918,657,901,90,1725,334,1429,Henry
Henry County,IL,20.9,22.1,5.5,23.3,91.2,2801.0,0.3,0.5,2.0,6.0,0.0,1.6,95.6,90.2,78.6,19856,22147.0,119200.0,2.45,59933,30345,2.0,822.99,4.6,93.2,741144.5,22.4,50.1,3422.0,49284,50486,61.3,38907.0,500077.0,3038,894,1723,169,2749,275,2569,Henry
Henry County,IN,19.3,20.3,4.8,16.4,89.3,2371.0,0.2,0.5,2.7,2.0,0.0,1.4,95.1,93.3,73.5,18304,21250.0,100400.0,2.45,49832,24687,0.9,391.88,1.9,86.8,579889.0,27.3,47.8,3450.0,48914,49462,126.2,42848.0,466222.0,2771,834,1288,106,2530,304,2166,Henry
Henry County,KY,18.0,23.2,6.0,13.1,85.1,1031.0,0.4,0.4,3.0,3.4,0.1,2.0,94.1,91.1,72.1,6044,6827.0,128700.0,2.62,53926,25202,1.8,286.28,3.6,85.5,559741.0,28.1,50.5,1142.0,15678,15416,53.9,35974.5,171391.0,1211,389,593,31,1163,104,1066,Henry
Henry County,MO,22.1,21.8,5.7,15.9,87.8,1459.0,0.8,0.4,1.2,2.6,0.1,2.0,95.5,93.3,72.2,9328,10983.0,110500.0,2.3,45795,26944,1.7,696.95,3.4,83.9,694770.0,25.8,50.8,2293.0,21946,22272,32.0,29727.0,275032.0,2213,635,1200,73,2025,149,1811,Henry
Henry County,OH,19.1,23.1,5.9,17.2,93.5,1638.0,0.5,0.5,0.8,7.8,0.0,1.2,97.0,89.9,77.4,10992,12142.0,125200.0,2.43,59695,28830,1.5,416.01,4.8,88.8,2313553.0,22.1,50.5,1680.0,27662,28215,67.8,75153.0,290666.0,1944,523,1073,80,1766,190,1605,Henry
Henry County,TN,23.8,20.4,5.2,16.5,85.9,2266.0,0.4,0.6,7.6,2.9,0.0,1.9,89.4,87.0,76.2,13394,17305.0,103300.0,2.37,40502,24124,1.1,562.1,2.6,88.4,277761.0,21.3,51.5,2817.0,32199,32330,57.5,33072.0,489476.0,2982,868,1832,241,2630,463,2367,Henry
Henry County,VA,24.5,19.2,4.5,13.9,80.1,2384.0,0.4,0.5,22.6,5.8,0.1,2.0,74.4,69.5,71.9,21218,26170.0,93900.0,2.38,37952,22372,2.7,382.33,6.7,90.6,834700.0,23.3,51.9,3804.0,50948,54151,141.6,41307.0,581502.0,3211,1049,1839,435,2631,324,2726,Henry
Herkimer County,NY,21.2,20.4,5.0,21.5,89.8,3263.0,0.3,0.6,1.5,2.3,0.0,1.5,96.0,94.2,73.6,24524,33909.0,100000.0,2.48,54646,27850,2.6,1411.47,5.3,90.9,666152.0,23.4,50.4,4585.0,60139,64519,45.7,71284.0,543919.0,4086,1070,2680,66,3903,558,3334,Herkimer
Hernando County,FL,27.5,18.2,4.5,18.4,87.9,12819.0,0.5,1.4,6.1,14.8,0.1,2.3,89.6,76.5,78.1,75348,88708.0,142500.0,2.44,48812,25860,6.8,472.54,11.2,86.3,326437.0,30.5,51.8,19016.0,194515,172778,365.6,193057.0,1749408.0,11992,4399,6087,2603,8876,1607,9874,Hernando
Hertford County,NC,20.4,18.5,4.5,14.9,80.8,1067.0,1.3,0.8,61.0,4.1,0.1,1.4,35.5,32.7,65.8,8845,10651.0,88600.0,2.46,41028,20119,3.4,353.06,5.2,86.3,1006562.0,26.6,50.2,1268.0,21552,24669,69.9,29002.0,254917.0,1120,379,590,549,488,89,943,Hertford
Hettinger County,ND,22.0,25.1,8.1,13.0,87.1,211.0,3.6,0.4,0.6,2.8,0.2,2.4,92.9,90.7,80.7,1073,1434.0,111200.0,2.21,60164,34181,1.3,1132.22,3.9,84.4,118152.0,19.6,51.8,188.0,2489,2477,2.2,1313.0,128558.0,249,71,120,0,214,29,196,Hettinger
Hickman County,KY,26.4,18.3,4.4,15.8,80.1,367.0,0.3,0.4,9.4,2.0,0.0,2.2,87.6,85.8,82.8,1798,2360.0,80600.0,2.43,42929,28114,1.2,242.27,2.1,94.2,559741.0,18.3,52.8,417.0,4521,4902,20.2,35974.5,76139.0,283,39,145,0,262,51,213,Hickman
Hickman County,TN,17.9,20.6,5.4,10.9,78.6,1746.0,0.7,0.4,5.0,2.6,0.0,1.6,92.3,90.0,80.3,8636,10616.0,116200.0,2.67,43596,22856,1.0,612.5,2.0,91.7,124356.0,37.1,47.5,1950.0,24925,24690,40.3,40960.0,71366.0,1931,620,1024,106,1794,144,1683,Hickman
Hickory County,MO,33.3,16.7,4.4,9.0,84.3,747.0,1.1,0.3,0.6,2.0,0.1,1.9,96.0,94.2,82.2,3976,6885.0,83400.0,2.34,34182,20736,0.7,399.09,4.3,88.5,468824.0,31.4,50.5,913.0,8279,9627,24.1,3063.0,59883.0,675,205,340,0,638,25,632,Hickory
Hidalgo County,NM,22.5,22.6,6.3,14.6,82.3,205.0,1.5,0.6,1.8,58.0,0.2,1.4,94.5,38.9,70.6,1679,2480.0,86000.0,2.49,42526,22009,7.9,3436.86,38.5,88.4,268581.0,19.6,50.3,351.0,4178,4894,1.4,9562.0,157708.0,250,87,103,85,135,29,191,Hidalgo
Hidalgo County,TX,11.3,32.1,8.6,18.7,65.7,76358.0,0.5,1.0,0.9,92.5,0.0,0.5,97.0,5.9,68.0,238345,285975.0,87100.0,3.55,40014,17175,26.8,1570.87,83.4,90.6,1675380.0,22.5,51.0,18220.0,870781,774769,493.2,985948.0,9296823.0,82291,36097,39998,72857,7619,5026,75189,Hidalgo
Highland County,OH,18.9,23.6,6.3,13.4,85.1,2935.0,0.4,0.4,1.5,1.3,0.0,1.8,95.8,94.9,68.4,16772,19333.0,117400.0,2.53,44169,23543,1.0,553.08,2.6,86.9,585885.0,28.9,50.8,3306.0,43317,43589,78.8,36449.0,392985.0,3766,1298,2193,111,3542,560,3065,Highland
Highland County,VA,35.5,13.3,4.4,22.5,88.5,249.0,0.3,0.6,1.1,1.1,-1.0,0.3,97.6,96.7,82.9,1078,1890.0,173900.0,2.04,48587,31485,0.3,415.16,0.8,95.7,476138.5,27.4,50.4,297.0,2232,2321,5.6,44317.0,8555.0,349,120,163,0,332,0,292,Highland
Highlands County,FL,36.0,16.8,4.3,17.2,85.7,6295.0,0.7,1.5,10.5,21.1,0.1,1.8,85.4,66.1,75.3,41740,56107.0,108100.0,2.43,40942,25752,11.0,1016.62,19.0,84.7,213986.0,20.6,51.2,10572.0,101235,98786,97.2,110569.0,1112507.0,6730,2449,3426,2033,4423,739,5574,Highlands
Hill County,MT,15.3,27.9,9.1,25.4,90.7,927.0,24.9,0.5,0.6,4.0,0.1,3.4,70.5,68.3,61.8,6369,7352.0,143600.0,2.51,49321,23589,1.1,2898.96,2.4,86.7,2905.0,12.3,49.4,1003.0,16309,16096,5.6,35012.0,286447.0,1280,275,721,208,993,126,1044,Hill
Hill County,TX,21.0,23.1,5.9,17.4,83.5,2577.0,1.0,0.7,6.7,21.2,0.1,1.9,89.6,70.0,72.6,12992,16458.0,103800.0,2.67,53307,26370,7.2,958.86,16.1,84.3,265271.0,28.6,50.3,2662.0,35874,35089,36.6,43914.0,409701.0,2361,564,1429,490,1773,372,1824,Hill
Hillsborough County,FL,14.5,22.1,6.0,33.5,88.7,140515.0,0.5,4.4,18.0,29.7,0.1,2.9,74.1,47.7,58.6,526175,599456.0,216300.0,2.66,58884,32343,17.6,1020.21,29.6,82.0,9341785.0,28.1,51.1,92106.0,1459762,1229226,1204.9,3410938.0,18274232.0,124188,47366,64827,54620,65665,11693,107422,Hillsborough
Hillsborough County,NH,16.2,20.2,5.2,38.1,92.1,29810.0,0.3,4.5,3.2,7.3,0.1,2.1,89.9,83.8,66.0,161086,173309.0,274800.0,2.51,81460,40955,9.7,876.14,13.3,84.9,7450822.0,28.3,50.3,26449.0,422937,400721,457.4,762192.0,7724727.0,35638,11124,20353,2817,31231,4101,29338,Hillsborough
Hillsdale County,MI,20.2,21.5,5.7,17.3,88.2,2810.0,0.6,0.5,0.7,2.4,0.0,1.5,96.7,94.5,76.5,18107,22122.0,120100.0,2.44,49622,25621,1.1,598.13,4.3,87.7,1445696.0,25.3,50.1,3131.0,45746,46688,78.1,31755.0,370196.0,3017,767,1717,90,2831,248,2625,Hillsdale
Hinds County,MS,14.8,23.9,6.3,29.0,87.5,20626.0,0.1,0.7,73.1,1.6,0.0,0.9,25.1,23.9,58.0,88611,104284.0,118600.0,2.59,44625,23734,1.7,869.74,2.8,83.6,1374377.0,23.3,53.3,11010.0,227742,245285,282.0,475608.0,3072334.0,24277,9790,12575,13396,9920,3128,19895,Hinds
Hinsdale County,CO,31.5,15.0,3.3,45.7,93.7,148.0,1.3,1.0,1.5,5.7,-1.0,3.0,93.2,88.4,71.6,377,1438.0,350000.0,2.27,56339,33570,1.4,1117.25,3.3,88.7,80356.5,7.1,48.5,68.0,788,843,0.8,4088.0,9036.0,188,91,71,0,169,0,158,Hinsdale
Hitchcock County,NE,26.5,22.7,5.4,17.6,92.1,221.0,0.7,0.2,0.3,3.4,-1.0,1.1,97.8,94.7,73.9,1243,1741.0,66700.0,2.23,49962,30037,0.3,709.94,0.9,87.5,187971.0,21.1,50.1,211.0,2616,2908,4.1,570.0,15808.0,389,112,129,0,383,62,301,Hitchcock
Hocking County,OH,19.5,21.7,5.4,14.4,89.1,1940.0,0.4,0.4,0.7,1.1,0.0,1.5,97.0,96.1,75.1,11286,13419.0,132800.0,2.46,52363,25588,0.6,421.32,1.3,88.1,287098.0,30.4,50.4,2107.0,28050,29380,69.7,45751.0,213182.0,2364,648,1209,0,2285,166,2042,Hocking
Hockley County,TX,15.0,25.7,6.8,15.8,76.2,1496.0,1.3,0.5,4.0,48.7,0.1,1.3,92.8,46.2,70.5,7997,9434.0,93600.0,2.79,48248,23604,8.4,908.39,31.4,83.2,575658.0,21.8,50.1,935.0,21537,22935,25.2,25750.0,220951.0,1627,553,806,397,1158,121,1431,Hockley
Hodgeman County,KS,24.4,22.9,6.4,30.8,91.1,169.0,0.6,4.3,1.3,6.9,-1.0,1.5,92.3,85.6,81.5,767,970.0,84800.0,2.4,61211,30044,4.7,859.99,8.5,88.1,328053.5,15.0,48.8,120.0,1723,1916,2.2,449.0,69237.0,311,56,182,0,300,0,281,Hodgeman
Hoke County,NC,10.6,27.1,8.3,17.7,87.1,2706.0,9.1,1.5,35.5,13.9,0.4,4.5,49.0,38.7,67.1,17799,21344.0,139300.0,2.95,48072,20991,5.8,390.74,11.8,84.9,1654104.0,28.6,50.7,5903.0,52082,46952,120.2,16467.0,257678.0,2417,1058,1172,1199,1154,234,2056,Hoke
Holmes County,FL,20.0,20.4,5.6,10.7,78.7,1214.0,1.1,0.7,6.7,2.9,0.2,2.4,88.9,86.4,76.4,7092,8725.0,92700.0,2.48,39102,19201,1.9,478.78,4.1,81.4,14598.0,27.0,46.9,1663.0,19653,19927,41.6,9377.0,104098.0,1055,260,631,75,955,164,807,Holmes
Holmes County,MS,15.7,25.0,6.5,10.2,76.8,1225.0,0.2,0.3,83.1,1.2,0.0,0.8,15.7,15.2,61.3,6188,8643.0,60400.0,2.76,21504,15291,0.1,756.7,0.9,94.3,483799.0,28.2,52.4,433.0,17000,19198,25.4,5511.0,98105.0,1306,575,636,917,318,150,1082,Holmes
Holmes County,OH,14.0,30.7,8.2,9.7,56.9,5715.0,0.1,0.2,0.4,1.0,0.0,0.7,98.6,97.7,75.5,12342,13583.0,208700.0,3.48,63753,23404,0.4,422.53,47.4,92.6,1483425.0,21.6,50.0,1536.0,44223,42366,100.3,61038.0,456693.0,6265,1405,3878,59,6143,237,5820,Holmes
Holt County,MO,26.2,20.2,5.1,19.7,91.1,441.0,1.3,0.4,0.5,1.6,0.0,1.3,96.5,95.1,76.2,2022,2791.0,88600.0,2.14,49524,27520,0.6,462.69,1.2,90.8,468824.0,23.0,51.0,401.0,4223,4912,10.6,4148.0,46418.0,492,110,300,28,447,91,333,Holt
Holt County,NE,22.0,25.3,6.8,22.4,93.5,1297.0,0.8,0.5,0.4,5.5,0.1,0.9,97.2,92.5,72.2,4487,5267.0,114100.0,2.22,60387,31785,2.6,2412.4,4.3,88.8,231681.5,13.3,50.0,614.0,10127,10435,4.3,12790.0,159915.0,1492,381,661,0,1380,59,1297,Holt
Honolulu County,HI,18.2,21.0,6.1,35.0,91.9,69723.0,0.3,42.9,2.8,10.0,9.6,22.8,21.6,17.9,56.2,312795,354677.0,678200.0,3.03,85857,36816,19.7,600.74,27.9,85.8,283326.0,29.1,49.8,74480.0,1016508,953207,1586.7,5273221.0,13036448.0,76176,28490,39248,54725,17672,6943,65269,Honolulu
Hood County,TX,25.0,21.1,5.4,26.4,89.4,6070.0,1.0,0.9,1.2,12.8,0.1,1.5,95.4,83.5,77.3,22152,26920.0,193500.0,2.6,64041,35606,2.7,420.64,9.4,88.6,575658.0,33.6,51.3,4927.0,61598,51182,121.7,66099.0,747575.0,4637,1552,2549,538,3982,403,3941,Hood
Hood River County,OR,16.3,23.6,6.1,32.0,81.3,2233.0,1.3,1.8,0.8,31.9,0.2,2.6,93.3,63.0,67.2,8600,10157.0,373600.0,2.58,65679,34926,16.0,521.95,29.2,90.5,304290.0,18.8,50.0,1149.0,23977,22346,42.8,62118.0,315357.0,2839,842,1335,260,2454,153,2464,Hood River
Hooker County,NE,30.9,21.0,5.6,26.4,93.5,107.0,0.4,0.3,-1.0,2.9,-1.0,1.8,97.5,95.0,62.6,318,445.0,92200.0,1.97,41125,27714,0.3,721.12,2.2,85.1,231681.5,10.8,51.9,85.0,711,736,1.0,347.0,7239.0,158,72,57,0,154,0,128,Hooker
Hoonah-Angoon Census Area,AK,24.0,17.8,4.6,21.3,93.7,289.0,38.1,1.0,2.2,6.0,0.2,9.7,48.8,46.6,75.5,791,1768.0,223600.0,2.51,59803,36091,5.6,7524.92,12.0,87.5,104944.0,11.8,46.8,198.0,2365,2150,0.3,8414.0,11379.0,256,59,157,56,181,60,172,Hoonah-Angoon
Hopewell city,VA,15.5,25.7,7.4,14.8,81.3,1479.0,0.1,1.4,43.5,7.9,0.0,2.4,50.9,46.5,46.7,9224,11797.5,122900.0,2.41,39030,21927,3.7,10.28,8.5,81.9,1930839.0,24.5,53.2,2073.0,23033,22591,2197.9,33506.0,164780.0,1238,511,616,452,715,141,1018,Hopewell
Hopkins County,KY,19.0,22.7,6.0,16.5,86.7,2370.0,0.3,0.6,6.8,2.2,0.1,2.2,90.0,88.2,69.5,18588,21505.0,108700.0,2.38,47170,25042,1.2,542.0,1.6,86.6,964524.0,21.8,51.2,2769.0,45423,46920,86.6,54300.0,692373.0,3185,938,1640,136,2852,152,2695,Hopkins
Hopkins County,TX,18.6,24.2,6.3,20.1,84.9,2975.0,1.0,0.7,7.4,17.4,0.1,2.0,88.7,72.8,69.6,13424,15496.0,114900.0,2.68,52078,26821,7.4,767.17,13.7,84.8,910745.0,23.6,50.8,2359.0,36787,35161,45.8,39200.0,496686.0,2935,828,1773,300,2534,333,2378,Hopkins
Horry County,SC,25.1,17.6,4.5,23.6,89.6,27310.0,0.6,1.4,12.9,6.1,0.1,2.1,82.9,77.7,71.8,131143,214832.0,181500.0,2.5,50704,28202,6.2,1133.9,7.3,86.0,759758.0,22.4,51.9,28418.0,351029,269291,237.5,1716688.0,5240156.0,28464,9050,16067,3804,23825,3520,23232,Horry
Hot Spring County,AR,19.3,20.6,5.1,13.3,85.8,1946.0,0.6,0.4,11.3,3.7,0.1,2.1,85.4,82.3,77.9,12599,14544.0,96700.0,2.5,43889,21866,1.1,615.2,2.6,85.2,727979.0,26.6,47.7,2374.0,33040,32923,53.5,21538.0,254197.0,2128,598,1286,186,1835,341,1625,Hot Spring
Hot Springs County,WY,27.7,20.6,4.9,23.7,94.7,384.0,1.9,0.6,0.7,4.5,0.1,1.9,94.8,90.9,75.2,2118,2584.0,147300.0,2.13,51413,30643,0.2,2004.09,3.8,83.9,8020.0,19.1,49.5,423.0,4621,4812,2.4,41590.5,48213.0,510,128,191,0,470,0,429,Hot Springs
Houghton County,MI,17.9,20.3,5.3,32.6,92.8,2001.0,0.8,3.0,0.9,1.8,0.0,1.7,93.5,92.1,66.9,13386,18946.0,108700.0,2.5,43183,23421,4.5,1009.1,6.3,82.1,729708.0,16.1,45.9,2237.0,37361,36628,36.3,50995.0,329393.0,2389,821,1284,122,2172,236,2037,Houghton
Houston County,AL,18.1,22.9,6.3,21.7,86.0,7419.0,0.5,1.1,27.4,3.4,0.1,2.1,68.8,66.1,65.7,39311,48134.0,137600.0,2.64,47580,27097,2.4,579.82,3.8,88.5,1390781.0,21.2,52.2,7889.0,107202,101547,175.1,212977.0,2164855.0,8810,3266,4444,1960,6409,1086,7178,Houston
Houston County,GA,13.0,25.5,6.6,28.3,91.6,10494.0,0.4,3.3,32.9,6.6,0.2,3.0,60.2,54.9,63.6,57056,65050.0,142600.0,2.66,61723,29462,5.8,375.54,9.4,83.3,2051018.0,22.6,51.6,17354.0,163633,139900,372.5,258957.0,1762808.0,10037,4047,4857,4186,5508,1285,8013,Houston
Houston County,MN,22.0,21.9,5.6,24.8,95.1,1384.0,0.3,0.7,0.7,1.2,0.0,1.5,96.7,95.7,80.1,8253,8812.0,173700.0,2.23,60382,33032,0.7,552.06,2.2,89.5,54896.0,22.3,49.8,1235.0,18843,19027,34.5,8344.0,136169.0,2034,497,1275,0,1969,302,1629,Houston
Houston County,TN,20.8,21.1,5.2,13.0,77.2,526.0,0.5,0.5,3.0,2.5,0.1,2.2,93.8,91.7,76.5,2878,4239.0,103700.0,2.76,42711,22360,0.6,200.29,0.9,88.3,23168.0,33.5,50.7,739.0,8283,8426,42.1,40960.0,35258.0,606,105,456,30,561,68,501,Houston
Houston County,TX,22.5,19.8,4.9,15.2,81.2,1378.0,0.7,0.8,25.2,11.6,0.0,1.4,71.9,61.5,70.0,8252,11859.0,100700.0,2.4,37904,19129,3.2,1230.91,8.8,92.3,159990.0,27.6,46.5,1734.0,22066,23732,19.3,16867.0,160651.0,1218,431,592,283,871,80,1031,Houston
Howard County,AR,18.1,26.2,7.1,13.6,85.2,784.0,1.4,0.6,21.1,13.2,0.1,1.8,75.0,63.3,68.9,5142,6260.0,95900.0,2.55,36059,24481,6.5,588.55,13.0,92.2,1022929.0,20.6,51.7,751.0,12785,13789,23.4,17679.0,162503.0,1032,186,637,97,848,150,809,Howard
Howard County,IA,20.9,24.9,6.7,15.8,90.9,792.0,0.3,0.4,0.7,1.7,0.1,1.1,97.5,96.1,79.7,3810,4369.0,107100.0,2.36,55060,29032,0.8,473.25,4.1,90.4,260476.0,19.2,50.1,626.0,9469,9566,20.2,20428.0,100697.0,1244,149,780,0,1166,77,1066,Howard
Howard County,IN,19.9,22.7,6.0,21.6,89.5,4225.0,0.4,1.3,7.9,3.5,0.0,2.8,87.5,84.6,70.2,34701,39847.0,109500.0,2.34,52373,28129,1.8,293.06,3.5,84.5,1482367.0,19.8,51.4,5874.0,83658,82752,282.4,159873.0,1193331.0,5401,1610,2778,350,4765,491,4587,Howard
Howard County,MD,14.3,24.2,5.9,62.6,95.5,29187.0,0.4,19.3,20.4,7.3,0.1,3.9,55.9,50.3,73.2,114170,122593.0,455700.0,2.77,121160,54628,21.1,250.74,25.4,87.1,1538172.0,31.2,51.1,17628.0,332317,287085,1144.9,610885.0,4867692.0,30457,10839,15977,10464,18522,2596,26031,Howard
Howard County,MO,19.7,21.8,5.7,25.2,87.9,676.0,0.8,0.3,5.2,1.7,0.1,2.2,91.4,90.2,78.2,3471,4591.0,130100.0,2.68,52700,23753,0.7,463.85,1.4,92.2,57468.0,26.0,49.9,666.0,10151,10144,21.9,5151.0,53407.0,918,316,547,0,892,84,762,Howard
Howard County,NE,21.6,24.1,6.3,21.1,94.9,486.0,0.6,0.5,0.5,2.3,0.1,0.9,97.3,95.6,76.5,2720,3132.0,148800.0,2.36,59348,27489,1.7,569.34,2.5,93.8,2086.0,23.9,49.0,380.0,6475,6274,11.0,2516.0,52860.0,513,107,355,0,499,57,439,Howard
Howard County,TX,13.1,21.9,6.4,12.6,80.0,1881.0,1.6,1.2,7.0,43.4,0.1,1.9,88.2,47.9,65.4,11064,13203.0,99000.0,2.84,54208,24547,11.8,900.79,29.9,82.9,575658.0,18.8,42.9,2502.0,34860,35012,38.9,33330.5,209517.0,2214,550,1274,540,1534,443,1635,Howard
Howell County,MO,20.1,23.9,6.4,18.0,87.0,3119.0,0.8,0.7,0.6,2.2,0.1,1.8,96.0,94.1,68.4,15878,18341.0,112200.0,2.49,38357,21048,1.2,927.25,2.1,88.3,671998.0,19.0,51.3,3184.0,39750,40400,43.6,54054.0,561347.0,3645,909,1808,159,3286,362,2983,Howell
Hubbard County,MN,25.2,21.2,5.3,27.4,93.0,1676.0,2.9,0.6,0.5,2.4,0.1,2.1,93.8,92.3,81.2,8688,14922.0,193600.0,2.39,56709,29896,1.7,925.68,3.1,87.2,325784.0,23.2,49.3,1982.0,21344,20428,22.1,30278.0,216089.0,2178,762,1045,46,2075,88,1991,Hubbard
Hudson County,NJ,12.2,20.3,6.9,42.3,84.8,61548.0,1.1,16.4,14.8,42.7,0.2,2.7,64.7,29.0,31.7,258591,286918.0,378000.0,2.56,71189,40740,43.2,46.19,59.0,87.1,2682881.0,36.4,50.2,11856.0,724854,634266,13731.4,1214543.0,6647592.0,61484,22648,33388,33607,25747,3090,56449,Hudson
Hudspeth County,TX,15.9,20.8,5.4,10.7,55.5,270.0,2.0,1.6,3.8,76.9,0.2,2.3,90.2,17.2,71.9,978,1596.0,50900.0,3.71,31677,14239,38.8,4570.98,74.6,75.6,575658.0,29.7,46.9,156.0,3202,3476,0.8,1087.0,11343.0,235,105,115,182,46,0,223,Hudspeth
Huerfano County,CO,32.1,16.1,3.8,21.1,92.4,586.0,5.3,0.9,1.4,33.9,0.3,3.3,88.7,61.6,71.8,3225,5333.0,161600.0,2.02,38137,25140,2.3,1591.0,9.5,88.4,80356.5,21.2,48.9,867.0,6820,6711,4.2,8985.0,62918.0,617,204,246,63,520,66,410,Huerfano
Hughes County,OK,19.0,21.8,6.0,12.9,82.2,710.0,20.4,0.3,5.8,5.9,0.1,7.7,65.7,61.9,72.8,4132,6272.0,73100.0,2.86,39365,20572,1.4,804.65,5.5,91.4,460737.5,23.4,45.9,881.0,13367,14003,17.4,7176.0,111452.0,930,414,424,195,701,77,817,Hughes
Hughes County,SD,18.0,24.2,6.7,34.7,92.2,1533.0,12.1,0.8,0.7,3.2,0.0,2.8,83.6,81.6,68.8,7460,8081.0,177500.0,2.2,64783,33677,1.2,741.56,3.8,81.1,109693.0,11.4,50.7,1091.0,17765,17022,23.0,40874.0,347209.0,1820,393,1081,112,1578,265,1416,Hughes
Humboldt County,CA,18.6,18.9,5.1,30.4,90.5,11275.0,6.4,2.9,1.5,12.1,0.3,5.7,83.2,73.8,56.8,54679,63727.0,313200.0,2.41,48041,28769,5.3,3567.99,11.7,80.8,2696230.0,18.7,50.4,8079.0,136463,134623,37.7,257506.0,1759201.0,12821,4162,6709,1853,10333,1132,11005,Humboldt
Humboldt County,IA,22.1,23.4,6.1,21.2,92.8,767.0,0.4,0.5,0.9,4.5,0.0,1.3,96.9,93.1,74.2,4174,4748.0,103800.0,2.26,54575,30480,2.3,434.35,4.8,89.8,228726.0,18.3,50.7,668.0,9597,9815,22.6,8832.0,108929.0,981,320,563,0,933,117,819,Humboldt
Humboldt County,NV,14.4,26.9,7.0,16.8,82.4,880.0,4.9,0.9,1.1,27.5,0.3,3.0,89.7,64.7,71.4,6500,7617.0,180600.0,2.56,67756,33362,11.5,9640.76,21.1,81.6,120040.0,28.6,48.0,1039.0,17285,16528,1.7,84086.0,325348.0,1292,427,605,223,961,100,1066,Humboldt
Humphreys County,MS,17.7,26.0,5.6,12.8,69.9,618.0,0.2,0.4,75.8,3.8,0.1,1.2,22.3,20.0,61.9,3186,3810.0,69100.0,2.6,28962,18513,2.2,418.49,2.1,92.8,483799.0,23.8,52.8,238.0,7785,9375,22.4,4338.0,100431.0,742,282,405,441,265,156,548,Humphreys
Humphreys County,TN,20.2,21.5,5.6,14.3,84.9,1166.0,0.6,0.5,2.8,2.6,0.0,1.7,94.4,92.3,77.8,6763,8990.0,113800.0,2.69,45667,25428,1.3,530.98,2.1,86.0,2099118.0,33.6,50.1,1468.0,18990,18538,34.9,18073.0,185723.0,1401,495,678,81,1209,163,1095,Humphreys
Hunt County,TX,16.0,23.8,6.3,19.9,84.5,7434.0,1.3,1.5,8.2,17.6,0.2,2.2,86.5,70.4,68.9,33189,38399.0,123300.0,2.75,54959,25926,6.8,840.32,14.2,83.7,3089656.0,31.3,50.8,6517.0,99956,86129,102.5,98568.0,966345.0,6271,2140,3291,1256,4708,587,5218,Hunt
Hunterdon County,NJ,19.4,19.1,4.3,52.7,95.0,12208.0,0.2,4.4,2.7,7.0,0.2,1.5,91.0,84.8,82.8,47175,50563.0,415100.0,2.56,115379,57098,9.7,427.82,11.2,91.4,1400241.0,35.0,50.7,5439.0,128947,128349,300.0,206253.0,2349986.0,13804,3857,8340,1418,12013,1248,11980,Hunterdon
Huntingdon County,PA,21.4,17.6,4.3,17.4,89.5,2436.0,0.2,0.8,6.0,2.1,0.0,1.3,91.8,90.2,75.7,16779,22781.0,136400.0,2.37,51678,25746,1.5,874.64,4.0,89.1,667420.0,31.1,46.7,3491.0,44092,45913,52.5,50286.0,354345.0,2984,904,1843,87,2791,347,2531,Huntingdon
Huntington County,IN,17.5,21.6,5.6,20.1,91.8,1913.0,0.6,0.6,0.8,2.8,0.0,1.3,96.7,94.3,75.5,14742,16168.0,107200.0,2.37,53632,26502,1.5,382.65,3.6,87.0,1740640.0,21.5,50.5,2422.0,36662,37124,97.0,47324.0,318076.0,2383,743,1253,58,2182,175,2075,Huntington
Huron County,MI,25.9,19.2,5.1,16.0,89.1,2244.0,0.4,0.7,0.7,2.6,0.0,0.9,97.3,94.9,80.9,13847,21332.0,103900.0,2.22,48289,27852,1.6,835.71,3.7,90.9,891718.0,21.3,50.4,2234.0,31407,33118,39.6,38030.0,361915.0,2746,785,1576,46,2615,256,2293,Huron
Huron County,OH,17.6,24.0,6.4,14.4,88.5,3118.0,0.3,0.4,1.4,6.9,0.0,1.7,96.1,89.9,70.9,22935,25314.0,124600.0,2.5,52560,26133,1.6,491.5,5.1,88.6,2336805.0,22.7,50.5,3546.0,58565,59626,121.3,60932.0,538447.0,3624,1096,2055,236,3184,332,3024,Huron
Hutchinson County,SD,22.9,25.3,8.5,25.2,87.7,583.0,1.4,0.2,1.1,2.3,0.0,1.1,96.2,94.3,77.2,2903,3389.0,94100.0,2.42,57089,28872,0.8,812.9,5.5,89.0,76762.0,18.9,50.7,463.0,7427,7343,9.0,4783.0,81052.0,821,244,453,0,776,28,737,Hutchinson
Hutchinson County,TX,17.1,25.3,6.6,14.0,86.0,1011.0,2.1,0.8,3.0,24.1,0.1,2.3,91.7,69.5,80.3,6929,10656.0,78800.0,3.06,52524,24434,4.6,887.42,11.9,87.8,575658.0,16.2,49.5,1128.0,20617,22150,25.0,31274.0,205177.0,1551,455,814,220,1213,73,1373,Hutchinson
Hyde County,NC,22.6,17.0,3.7,9.2,80.8,593.0,0.8,0.7,26.7,9.8,0.0,1.7,70.1,61.8,67.8,1947,3406.0,141500.0,2.36,39663,18245,4.6,612.7,12.2,90.1,1006562.0,23.6,46.6,211.0,4589,5810,9.5,75439.0,30415.0,581,87,326,46,502,0,522,Hyde
Hyde County,SD,25.1,21.5,6.3,24.5,92.6,129.0,9.0,0.2,0.8,1.5,0.1,2.5,87.5,86.7,75.0,597,701.0,88800.0,2.14,57788,34034,0.6,860.52,0.5,93.1,109693.0,12.4,48.1,58.0,1262,1420,1.7,4783.0,21296.0,221,89,80,0,210,0,190,Hyde
Iberia Parish,LA,15.7,25.6,7.0,13.6,79.9,6071.0,0.6,2.7,32.8,4.3,0.1,1.9,61.9,58.6,67.9,26184,30819.0,115600.0,2.71,46861,23290,3.8,574.11,10.3,86.4,1901186.0,24.7,51.1,2748.0,69929,73240,127.6,78923.0,970704.0,7275,2857,3606,2698,4302,745,6141,Iberia
Iberville Parish,LA,16.4,20.3,5.5,13.9,79.6,2297.0,0.3,0.5,48.4,2.8,0.0,1.1,49.7,47.7,73.4,10903,13637.0,143700.0,2.7,50161,23751,0.8,618.63,3.6,87.1,8877093.0,26.3,49.6,1221.0,30241,33387,54.0,22461.0,279272.0,2697,1121,1337,1339,1256,311,2245,Iberville
Ida County,IA,22.0,24.6,5.9,18.6,93.2,538.0,0.3,0.7,0.5,3.2,0.1,1.1,97.4,94.4,75.6,3011,3449.0,100900.0,2.25,58427,33789,1.2,431.51,1.8,88.8,679505.0,19.7,50.3,442.0,7005,7089,16.4,20428.0,64050.0,645,82,419,0,600,76,526,Ida
Idaho County,ID,28.6,19.3,4.7,19.8,90.5,1306.0,3.3,0.6,0.5,3.6,0.1,2.2,93.4,90.6,76.7,6407,8783.0,173200.0,2.45,41516,22672,1.3,8477.35,4.7,85.2,161250.0,17.5,47.6,1704.0,16541,16267,1.9,12008.0,94767.0,1574,307,707,40,1467,222,1174,Idaho
Imperial County,CA,13.3,28.5,8.0,15.2,69.7,10098.0,2.5,2.1,3.3,85.0,0.2,1.7,90.2,10.0,58.3,44829,58280.0,195800.0,3.81,47622,18018,30.7,4176.6,76.5,88.0,1465960.0,22.1,48.7,5528.0,179702,174528,41.8,182646.0,1676853.0,11202,4765,5340,8501,2330,608,10000,Imperial
Independence County,AR,18.0,24.5,6.6,17.5,86.0,2481.0,0.8,0.9,2.5,6.6,0.2,1.8,93.8,88.0,71.6,14322,16644.0,98900.0,2.54,44319,23733,2.8,763.95,4.7,84.6,1211422.0,18.2,51.1,2498.0,37938,36647,48.0,48817.0,441118.0,2898,729,1709,186,2580,404,2233,Independence
Indian River County,FL,33.8,15.6,4.0,29.1,89.4,14992.0,0.4,1.6,9.6,12.7,0.0,1.6,86.7,75.0,79.2,58612,82252.0,202300.0,2.6,54740,36516,9.9,502.87,13.3,87.4,778359.5,22.9,52.0,15274.0,159788,138028,274.5,225141.0,1881271.0,15044,5280,7832,2960,11448,1740,12401,Indian River
Indiana County,PA,20.0,17.9,4.6,23.0,90.0,4851.0,0.2,1.1,2.8,1.4,0.0,1.1,94.8,93.8,71.2,33246,39031.0,121100.0,2.38,49320,26509,1.6,827.03,6.4,83.3,509632.0,24.0,50.0,5215.0,83246,88880,107.5,117556.0,1318836.0,7036,2041,4126,229,6507,864,5847,Indiana
Ingham County,MI,13.9,19.7,5.5,38.9,92.9,19711.0,0.6,7.0,12.4,8.0,0.1,4.2,75.6,69.2,58.5,112840,124349.0,135600.0,2.41,52872,29380,9.9,556.12,12.7,75.9,4972867.0,20.6,51.3,13242.0,284900,280895,505.1,483018.0,3260486.0,22783,8332,12120,4017,17736,1939,19547,Ingham
Inyo County,CA,23.4,20.7,5.5,27.2,88.6,1299.0,13.5,1.7,1.2,23.4,0.2,3.6,79.8,60.8,65.5,7950,9609.0,269100.0,2.18,57316,32590,9.3,10180.88,17.2,88.5,2696230.0,16.5,49.9,1526.0,19016,18546,1.8,99615.0,229032.0,1717,591,732,362,1256,98,1552,Inyo
Ionia County,MI,15.2,22.0,5.7,16.4,90.5,3273.0,0.7,0.5,4.8,4.8,0.0,1.7,92.3,88.2,76.6,22964,25172.0,131800.0,2.63,57043,24864,1.6,571.3,2.9,87.9,1362984.0,26.7,46.0,3595.0,66804,63905,111.9,35460.0,430395.0,4163,1383,2252,142,3872,178,3781,Ionia
Iosco County,MI,30.1,16.6,4.7,15.9,88.9,1530.0,1.0,0.8,0.8,2.6,0.1,2.1,95.3,93.2,79.9,11669,20573.0,92600.0,2.13,43678,25264,2.5,549.1,3.8,86.9,226666.0,20.6,50.4,3099.0,25237,25887,47.1,33963.0,327152.0,1857,711,932,63,1730,194,1581,Iosco
Iowa County,IA,19.3,23.3,6.0,18.8,93.8,1196.0,0.3,0.6,0.8,3.2,0.0,1.3,97.0,94.2,80.4,6780,7358.0,152500.0,2.34,61443,33755,1.1,586.46,3.1,90.4,1475903.0,23.4,49.9,959.0,16662,16355,27.9,21598.0,234061.0,1516,544,736,39,1366,104,1283,Iowa
Iowa County,WI,19.5,22.3,5.4,24.6,95.2,1976.0,0.3,0.8,0.8,2.0,0.1,1.3,96.8,95.1,73.8,9850,10997.0,183200.0,2.38,64124,34114,1.7,762.58,3.0,89.2,1335121.0,26.2,49.7,1421.0,23709,23687,31.1,23325.0,1426081.0,2343,472,1495,40,2249,281,1975,Iowa
Iredell County,NC,16.2,22.7,5.5,28.4,89.3,14434.0,0.5,2.8,12.3,8.0,0.1,2.1,82.3,75.4,72.3,66369,77436.0,190300.0,2.63,60955,33194,6.5,573.83,9.4,85.4,3628934.0,25.8,50.8,9236.0,186693,159437,277.8,289578.0,2249922.0,15864,4597,9105,1609,13720,1788,13141,Iredell
Irion County,TX,21.4,22.5,5.5,15.0,93.2,197.0,1.2,0.5,1.2,25.6,-1.0,1.9,95.2,70.8,77.6,682,858.0,118300.0,2.38,47500,28487,3.4,1051.56,19.3,84.1,575658.0,22.6,49.2,97.0,1513,1599,1.5,33330.5,1620.0,192,61,46,0,177,0,148,Irion
Iron County,MI,31.2,16.8,4.3,18.5,91.1,756.0,1.6,0.5,0.4,2.4,0.0,1.7,95.8,93.9,80.8,5225,9344.0,77700.0,2.06,41599,25944,1.3,1166.15,2.4,92.4,729708.0,20.9,50.1,1094.0,11631,11817,10.1,12454.0,101627.0,1060,230,635,38,991,46,980,Iron
Iron County,MO,21.9,20.8,5.3,10.8,81.5,498.0,0.9,0.1,1.5,1.9,-1.0,1.8,95.7,94.1,70.8,4074,5307.0,83600.0,2.4,37435,21499,1.1,550.26,2.1,83.7,468824.0,29.7,50.1,810.0,9537,10630,19.3,4741.0,70838.0,881,195,504,0,826,73,707,Iron
Iron County,UT,12.9,28.4,7.4,29.8,92.9,4078.0,2.4,1.0,0.7,8.9,0.4,2.1,93.4,85.8,64.0,17015,22383.0,213600.0,2.97,51807,22909,4.0,3296.68,7.7,83.1,656449.0,17.0,50.1,2756.0,57289,46163,14.0,64345.0,567804.0,4260,1035,2070,250,3791,460,3427,Iron
Iron County,WI,32.1,15.1,3.1,20.0,94.5,507.0,1.6,0.4,0.3,1.4,-1.0,1.8,96.0,95.0,77.5,2898,6131.0,119000.0,1.92,43798,28857,1.2,758.17,2.8,85.8,1420674.0,22.0,49.6,581.0,6137,5916,7.8,60591.5,54263.0,678,181,448,0,649,153,508,Iron
Iroquois County,IL,22.0,21.6,5.6,15.9,89.5,1847.0,0.4,0.6,1.2,7.3,0.0,1.4,96.4,89.6,76.1,11741,13502.0,102800.0,2.33,52700,27574,3.2,1117.32,6.1,89.2,515157.0,23.8,50.8,1753.0,27077,29718,26.6,22533.0,287375.0,2174,702,1113,116,1990,149,1940,Iroquois
Irwin County,GA,18.0,20.8,5.3,15.1,81.5,636.0,0.2,0.9,27.8,3.9,0.0,1.2,69.9,66.8,73.6,3329,4104.0,79800.0,2.75,37736,19878,1.2,354.34,3.3,92.6,554410.0,23.0,47.2,553.0,9666,9538,26.9,2089.0,32344.0,630,276,303,105,507,70,519,Irwin
Isabella County,MI,13.2,17.4,4.7,29.1,91.5,3691.0,4.1,1.8,2.7,4.1,0.0,3.2,88.1,85.2,62.1,24739,29308.0,134900.0,2.59,45116,23888,3.2,572.68,5.9,72.8,616704.0,18.2,51.4,2998.0,64394,70311,122.8,447444.0,769882.0,5151,1348,3134,212,4754,633,4194,Isabella
Isanti County,MN,16.6,23.5,6.0,18.5,92.5,2639.0,0.6,1.2,1.0,2.2,0.1,1.9,95.2,93.3,82.5,14903,16482.0,196800.0,2.61,74616,34054,1.6,435.79,3.0,85.7,394828.0,35.6,49.5,2560.0,41135,37816,86.8,38159.0,482766.0,3476,893,1995,60,3302,255,2987,Isanti
Island County,WA,25.2,18.1,5.6,33.6,95.3,6157.0,1.1,5.1,3.2,8.2,0.5,4.9,85.2,78.5,71.5,34768,42650.0,358800.0,2.31,68604,37087,7.7,208.45,9.0,83.5,125716.0,28.4,50.2,11962.0,86857,78506,376.6,97825.5,456279.0,7083,2788,2966,520,6128,905,5639,Island
Isle of Wight County,VA,19.8,20.8,5.3,27.0,87.9,2375.0,0.5,1.0,23.2,3.4,0.1,2.5,72.7,70.2,75.8,14587,16025.0,266800.0,2.49,73991,37126,3.0,315.61,4.8,89.4,476138.5,30.2,51.0,3806.0,38606,35270,111.8,34065.0,246871.0,2621,792,1488,444,2030,520,1849,Isle of Wight
Issaquena County,MS,16.7,10.7,2.7,3.2,60.5,66.0,0.4,0.5,63.8,1.7,0.2,0.4,34.9,33.8,43.7,483,573.0,79200.0,2.19,24208,16388,0.0,413.05,0.6,81.6,483799.0,21.5,40.2,39.0,1338,1406,3.4,26152.0,188345.0,64,0,33,48,0,25,27,Issaquena
Itasca County,MN,24.1,20.7,5.3,23.1,94.0,2921.0,3.9,0.4,0.5,1.6,0.2,2.5,92.6,91.5,81.3,19506,27855.0,164100.0,2.25,55139,30286,1.1,2667.72,2.4,90.0,471870.0,23.3,49.4,3825.0,45014,45058,16.9,58876.0,568619.0,3873,937,2232,85,3589,460,3041,Itasca
Itawamba County,MS,18.0,21.5,5.6,13.2,79.1,1299.0,0.3,0.5,7.0,1.7,0.0,1.2,91.0,89.6,76.3,8653,10370.0,87600.0,2.59,44567,22806,0.3,532.79,1.4,89.3,930592.0,25.6,50.5,1300.0,23863,23401,43.9,17158.0,157061.0,1634,499,945,131,1445,191,1294,Itawamba
Izard County,AR,26.1,18.0,4.1,13.1,83.8,900.0,0.8,0.5,2.2,2.5,0.0,1.5,95.0,92.7,76.1,4851,7303.0,82700.0,2.6,42876,21164,1.1,580.58,3.0,85.4,602802.0,19.4,48.1,1392.0,13577,13696,23.6,17679.0,108729.0,988,166,542,25,928,153,694,Izard
Jack County,TX,17.0,21.7,5.3,13.5,82.0,781.0,1.1,0.6,4.1,17.4,0.1,1.2,92.9,76.6,81.3,3168,4184.0,86300.0,2.44,52045,24956,5.3,910.66,12.6,82.2,575658.0,30.8,43.5,407.0,8472,9044,9.9,33330.5,38678.0,878,197,543,74,783,65,766,Jack
Jackson County,AL,20.5,20.7,5.4,14.0,83.2,3215.0,1.7,0.6,3.5,3.1,0.1,2.8,91.4,89.0,75.5,20695,25194.0,104900.0,2.47,41769,22596,1.4,1077.87,1.5,94.3,1540386.0,26.4,50.9,2772.0,52579,53227,49.4,48995.0,454888.0,3637,1004,2202,283,3239,404,3016,Jackson
Jackson County,AR,18.3,20.1,5.7,10.1,80.2,811.0,0.7,0.5,17.4,3.0,0.2,1.9,79.2,76.8,69.4,6137,7602.0,66600.0,2.34,34109,20295,0.4,633.94,2.4,79.2,424960.0,19.6,50.4,1013.0,16755,17997,28.4,14919.0,177720.0,1045,393,456,77,906,102,796,Jackson
Jackson County,CO,23.3,16.7,4.6,20.0,87.4,183.0,2.9,0.7,0.1,12.6,0.1,1.6,94.7,84.4,79.9,558,1338.0,196700.0,2.24,53300,28199,5.7,1613.72,8.9,83.4,80356.5,29.2,48.5,153.0,1379,1394,0.9,2856.0,16503.0,313,87,153,0,286,0,270,Jackson
Jackson County,FL,20.6,18.9,5.2,12.6,80.5,2735.0,0.9,0.7,26.3,4.9,0.3,2.2,69.6,65.7,69.8,17149,21083.0,99000.0,2.35,39872,20019,3.0,917.76,6.0,82.5,778359.5,24.5,46.1,3962.0,47319,49746,54.2,52213.0,574038.0,2953,1001,1524,723,2043,313,2385,Jackson
Jackson County,GA,14.7,25.3,6.5,22.7,84.1,5949.0,0.4,2.1,7.4,8.4,0.1,1.8,88.2,80.7,77.9,23166,26778.0,189700.0,2.89,65385,28915,5.3,339.66,8.4,90.5,1924144.0,30.9,50.6,4264.0,75907,60485,178.1,46934.0,1482538.0,5551,1888,3043,717,4655,529,4767,Jackson
Jackson County,IA,21.3,22.1,5.8,19.2,92.6,1480.0,0.3,0.5,0.7,1.6,0.6,1.3,96.6,95.2,79.0,8239,9613.0,128200.0,2.32,55967,29660,1.4,636.04,1.3,88.7,255179.0,24.4,50.0,1332.0,19485,19848,31.2,16582.0,258043.0,2103,573,1127,0,2015,410,1546,Jackson
Jackson County,IL,16.3,18.4,5.4,34.1,91.9,3125.0,0.6,3.5,15.2,4.7,0.1,2.9,77.7,74.0,51.5,23883,28941.0,108600.0,2.26,37241,24804,5.8,584.08,8.9,74.0,178271.0,20.3,50.4,3487.0,52974,60218,103.1,111543.0,1008326.0,4791,1123,2953,660,3845,446,3915,Jackson
Jackson County,IN,16.6,24.4,6.8,16.7,87.3,2182.0,0.6,2.6,1.3,7.8,0.2,1.5,93.9,87.0,72.1,16753,19471.0,125300.0,2.58,51250,25840,4.7,509.31,7.3,86.2,2307473.0,21.0,50.0,2064.0,46428,42376,83.2,65357.0,592732.0,2642,653,1426,87,2368,288,2087,Jackson
Jackson County,KS,19.4,25.1,6.8,20.2,94.6,843.0,8.9,0.5,0.9,4.8,0.0,3.7,86.0,83.4,75.6,5465,5900.0,134700.0,2.4,57914,28127,1.3,656.22,3.1,86.8,328053.5,25.2,49.8,1140.0,13232,13462,20.5,13223.0,83205.0,930,253,537,52,846,112,782,Jackson
Jackson County,KY,18.1,22.4,6.2,13.8,74.6,891.0,0.2,0.1,0.3,0.9,0.0,0.7,98.6,97.8,75.2,5484,6643.0,87200.0,2.42,32138,18560,0.0,345.2,1.2,93.3,559741.0,35.0,50.2,436.0,12955,13494,39.1,2161.0,45718.0,945,334,547,0,912,71,854,Jackson
Jackson County,MI,18.3,21.3,5.7,22.2,90.8,9115.0,0.4,0.9,8.1,3.6,0.1,2.8,87.6,84.6,73.5,61805,69807.0,131600.0,2.41,53658,28364,1.9,701.67,3.1,85.8,2621283.0,23.0,48.9,10028.0,160366,160248,228.4,201541.0,1841695.0,10816,3973,5502,934,9459,1152,9200,Jackson
Jackson County,MN,23.1,21.4,5.5,22.6,92.7,806.0,0.5,1.7,0.8,4.2,0.1,1.7,95.2,91.7,81.0,4419,5077.0,124900.0,2.23,58727,34325,3.3,702.98,5.4,88.1,763107.0,16.8,48.6,703.0,9989,10266,14.6,8748.0,85167.0,1009,178,463,0,935,127,778,Jackson
Jackson County,MO,15.4,23.4,6.4,31.6,90.6,47652.0,0.6,2.0,23.7,9.2,0.3,3.2,70.2,62.2,58.2,286601,328271.0,147400.0,2.39,55134,31480,6.0,604.46,9.4,85.3,10193451.0,23.7,51.6,40748.0,717204,674158,1115.3,1648957.0,9164909.0,56661,19935,29247,11727,42499,5200,47872,Jackson
Jackson County,MS,16.3,23.1,5.7,21.1,88.7,9626.0,0.5,2.4,21.7,6.8,0.1,2.1,73.3,67.4,69.8,52423,62784.0,135900.0,2.69,51657,27141,3.8,722.75,6.7,87.5,483799.0,24.5,50.9,12384.0,143252,139668,193.2,26152.0,1220485.0,10223,4648,4796,2851,7085,1401,8433,Jackson
Jackson County,NC,19.9,16.4,4.4,30.4,89.4,3200.0,9.1,1.1,2.4,6.2,0.0,2.2,85.2,80.6,64.3,16773,27832.0,196100.0,2.33,47252,25347,3.6,490.76,6.1,82.2,64546.0,20.2,50.8,3112.0,43109,40271,82.1,548517.0,403657.0,3461,977,2050,286,3064,590,2592,Jackson
Jackson County,OH,17.6,23.9,6.6,14.5,83.5,1538.0,0.4,0.3,0.7,1.1,0.0,1.7,96.8,95.8,69.2,12780,14958.0,97400.0,2.51,47550,23254,0.8,420.3,3.7,89.9,2276097.0,26.3,50.9,1799.0,32653,33225,79.0,35780.0,339514.0,2101,804,980,54,1927,141,1803,Jackson
Jackson County,OK,15.2,24.9,7.3,23.3,85.1,1402.0,2.9,1.6,7.9,25.2,0.4,4.4,82.9,61.4,58.5,9762,12135.0,106500.0,2.5,49703,25555,5.5,802.65,15.7,76.9,225644.0,15.2,50.3,2522.0,24785,26446,32.9,41972.0,358312.0,1892,502,892,216,1530,207,1397,Jackson
Jackson County,OR,22.6,20.4,5.4,27.8,90.1,17655.0,1.6,1.6,1.0,13.5,0.4,3.6,91.8,80.1,63.2,88241,97266.0,280300.0,2.41,53412,30250,6.2,2783.55,10.3,82.5,1624646.0,18.9,51.1,18404.0,223259,203206,73.0,382194.0,3202715.0,20226,7335,9589,2185,17279,1970,16912,Jackson
Jackson County,SD,13.5,34.8,11.2,17.8,82.4,195.0,53.3,0.1,1.0,4.0,0.0,5.1,40.4,39.3,58.3,858,1212.0,52500.0,3.66,33295,13528,0.7,1863.91,12.8,92.9,109693.0,14.2,49.9,135.0,2806,3031,1.6,4464.0,33612.0,168,81,69,0,138,0,147,Jackson
Jackson County,TN,22.9,17.8,4.6,11.0,78.2,776.0,0.7,0.1,0.6,2.2,0.0,1.4,97.1,95.1,77.1,4566,5933.0,126100.0,2.51,35207,21037,1.1,308.32,2.4,91.6,674991.0,30.7,50.0,794.0,11617,11638,37.7,40960.0,30904.0,705,233,456,0,687,109,583,Jackson
Jackson County,TX,18.4,25.4,7.1,16.5,82.4,1128.0,0.9,1.1,6.7,33.5,0.0,1.9,89.3,57.9,69.6,4917,6794.0,114000.0,2.97,62806,27051,9.7,829.44,22.2,86.6,575658.0,27.8,50.2,690.0,14988,14075,17.0,11939.0,165640.0,846,210,354,174,603,56,669,Jackson
Jackson County,WI,19.3,21.8,5.8,14.6,89.9,1152.0,6.8,0.5,2.2,3.7,0.1,1.9,88.5,85.9,73.9,8199,9998.0,135900.0,2.36,53650,26481,2.2,987.72,6.9,87.7,499458.0,22.5,46.5,1553.0,21145,20449,20.7,27914.0,327506.0,1389,446,504,44,1297,97,1155,Jackson
Jackson County,WV,20.9,21.2,5.2,17.4,88.3,1405.0,0.3,0.3,0.6,1.0,0.0,1.1,97.7,96.8,76.7,11334,13411.0,130600.0,2.53,47837,25341,0.9,464.35,1.0,92.0,258272.0,28.6,50.3,1995.0,27791,29211,62.9,39050.0,348152.0,1817,682,779,0,1724,141,1532,Jackson
Jackson Parish,LA,20.6,21.6,5.3,14.0,80.6,878.0,0.4,0.4,28.3,1.8,0.0,1.7,69.2,67.7,71.0,5971,7957.0,89500.0,2.45,39139,21594,1.7,569.18,2.5,86.8,1901186.0,31.2,48.6,1032.0,15031,16274,28.6,61451.5,128115.0,892,325,372,130,724,142,675,Jackson
James City County,VA,25.8,19.7,4.9,50.4,95.1,5800.0,0.4,2.6,13.6,6.1,0.1,2.9,80.3,75.3,76.4,28920,34135.0,340500.0,2.55,87678,44495,6.7,142.44,8.0,86.1,1621349.0,25.8,51.7,9601.0,78254,67009,470.4,264102.0,630200.0,6439,2327,3246,827,5294,1070,4899,James City
Jasper County,GA,17.7,23.2,5.6,14.2,82.8,1177.0,0.5,0.3,19.5,4.1,0.0,1.8,77.9,74.7,76.8,5171,6578.0,139400.0,2.67,51250,22814,2.4,368.17,3.7,90.1,84046.0,31.9,50.9,871.0,14588,13900,37.8,5792.0,47648.0,989,335,602,177,781,104,857,Jasper
Jasper County,IA,19.5,22.1,5.7,18.8,93.9,2287.0,0.4,0.6,2.3,2.8,0.1,1.2,95.3,92.9,74.5,14574,16391.0,134200.0,2.42,58952,28604,1.6,730.42,3.2,86.0,306266.0,22.8,48.9,2387.0,37813,36842,50.4,33644.0,355361.0,2857,1047,1365,51,2673,305,2338,Jasper
Jasper County,IL,19.8,23.2,6.3,16.6,89.8,819.0,0.2,0.3,0.3,1.8,0.0,0.8,98.3,96.6,78.9,3711,4343.0,99500.0,2.57,54256,25849,0.9,494.51,2.8,91.8,101616.0,24.8,49.9,420.0,9287,9698,19.6,4427.0,73336.0,788,261,367,48,707,64,697,Jasper
Jasper County,IN,18.1,23.1,5.7,14.3,88.2,1890.0,0.4,0.5,0.9,6.2,0.0,1.2,97.0,91.3,76.6,12533,13713.0,159700.0,2.6,63892,28240,2.8,559.63,5.0,88.6,650409.0,28.1,50.3,2176.0,32918,33478,59.8,34465.0,572093.0,2629,685,1449,70,2482,253,2152,Jasper
Jasper County,MO,16.0,24.7,6.6,23.6,86.7,7000.0,1.9,1.3,2.3,8.5,0.5,3.3,90.7,83.6,63.6,45759,52262.0,118400.0,2.57,48357,24484,4.4,638.49,7.6,86.0,3558817.0,17.9,51.1,7048.0,122761,117404,183.9,214397.0,1987507.0,8715,2404,4287,495,7636,824,7068,Jasper
Jasper County,MS,20.7,22.3,5.9,15.1,84.2,1062.0,0.3,0.1,53.2,1.4,0.0,0.8,45.5,44.6,85.0,6629,8490.0,79000.0,2.48,35872,22523,0.3,676.24,0.4,93.7,327723.0,34.6,51.6,1077.0,16367,17062,25.2,26152.0,73006.0,1151,356,664,380,745,117,963,Jasper
Jasper County,SC,20.1,19.8,6.0,17.8,81.8,2000.0,0.8,0.9,40.8,13.9,0.1,1.6,55.8,43.8,71.7,10269,12525.0,166200.0,2.74,45601,24566,9.2,655.32,13.0,86.1,46243.0,31.1,49.7,2628.0,28791,24777,37.8,32320.0,574808.0,1929,699,1009,756,1075,174,1603,Jasper
Jasper County,TX,20.2,23.8,6.2,12.9,85.0,2501.0,0.8,0.6,16.0,6.8,0.1,1.6,81.0,74.9,77.6,12936,17426.0,100900.0,2.67,44370,25269,2.8,938.85,6.6,87.7,771198.0,31.5,50.5,2001.0,32980,35710,38.0,31709.0,425739.0,2304,944,1098,610,1591,185,1982,Jasper
Jay County,IN,18.5,25.2,7.0,11.4,88.0,1355.0,0.2,0.4,0.5,3.2,0.0,1.2,97.6,94.6,73.0,8174,9258.0,91400.0,2.52,47658,23443,1.4,383.91,4.1,87.4,1059206.0,20.6,50.0,1100.0,20478,21253,55.4,19902.0,136874.0,1532,427,833,71,1371,106,1288,Jay
Jeff Davis County,GA,16.1,26.1,6.6,10.3,79.3,938.0,0.8,0.8,15.3,12.8,0.1,1.3,81.7,70.4,65.1,5279,6543.0,79800.0,2.82,36669,17833,3.5,330.74,7.4,92.1,303990.0,23.0,50.6,707.0,14779,15068,45.6,10795.0,251915.0,1169,449,613,235,902,82,1033,Jeff Davis
Jeff Davis County,TX,35.7,6.8,1.3,30.5,78.9,280.0,1.5,1.5,1.3,32.3,0.1,2.1,93.5,62.9,81.6,1054,1653.0,111900.0,2.07,53088,26531,20.9,2264.56,43.0,90.7,575658.0,20.0,48.8,215.0,1996,2342,1.0,8870.0,7896.0,189,70,103,48,128,42,137,Jeff Davis
Jefferson County,AL,16.3,22.8,6.4,33.4,90.1,50156.0,0.3,1.8,43.5,4.1,0.1,1.3,53.1,49.5,62.7,261231,309697.0,159100.0,2.47,53901,32098,4.1,1111.28,5.8,84.1,10951810.0,24.3,52.7,36789.0,674721,658466,592.5,1461142.0,10154005.0,57590,21298,30937,19911,35268,6086,48182,Jefferson
Jefferson County,AR,18.0,21.7,5.9,18.0,86.1,3601.0,0.4,0.9,57.4,2.2,0.1,1.4,39.8,38.3,62.1,26801,33394.0,83500.0,2.36,40726,21472,1.6,870.75,4.0,85.7,2113636.0,20.1,50.6,4205.0,67260,77435,88.9,17679.0,843899.0,4655,1849,2299,2235,2204,674,3716,Jefferson
Jefferson County,CO,16.9,19.4,5.1,45.2,94.5,58970.0,1.2,3.1,1.5,15.6,0.1,2.6,91.5,77.7,70.7,232284,245087.0,397700.0,2.44,82986,44119,6.4,764.21,10.6,84.6,6119010.0,28.0,50.1,37469.0,582910,534543,699.5,1069215.0,7465012.0,61610,22451,32687,7211,52256,5904,53067,Jefferson
Jefferson County,FL,24.6,16.6,4.2,22.3,82.0,1101.0,0.5,0.7,33.5,4.2,0.0,1.5,63.7,60.4,77.0,5770,6856.0,133500.0,2.09,47240,24510,4.0,598.1,7.5,84.9,778359.5,29.4,47.5,1205.0,14510,14761,24.7,222146.0,67307.0,1097,433,530,299,731,200,809,Jefferson
Jefferson County,GA,18.9,23.2,6.3,9.9,76.4,1404.0,0.2,0.7,52.6,4.0,0.1,1.1,45.3,42.1,63.2,5664,7283.0,72500.0,2.66,33944,19259,2.2,526.49,4.4,87.6,251409.0,28.9,51.6,824.0,15709,16930,32.2,11425.0,142768.0,1448,506,833,560,794,158,1203,Jefferson
Jefferson County,IA,23.7,15.4,4.4,31.5,93.2,1689.0,0.3,11.5,2.6,3.2,0.0,2.0,83.6,80.9,66.3,6754,7717.0,118300.0,2.54,47708,28611,9.3,435.51,9.4,84.1,266241.0,14.7,45.2,1533.0,15663,16843,38.7,18953.0,171714.0,2806,699,1348,125,2558,131,2419,Jefferson
Jefferson County,ID,11.6,33.7,8.3,24.7,90.2,2488.0,1.4,0.6,0.5,10.6,0.1,1.7,95.6,86.5,80.7,8791,9768.0,203700.0,3.24,63048,24677,3.8,1093.5,9.2,89.6,214840.0,24.0,48.9,1443.0,30891,26140,23.9,11378.5,116388.0,1918,485,975,123,1739,87,1725,Jefferson
Jefferson County,IL,19.5,22.3,6.3,17.9,87.4,2246.0,0.4,1.2,8.9,2.9,0.0,2.1,87.4,85.3,73.2,14985,17039.0,96700.0,2.37,49896,26466,2.0,571.17,4.5,85.7,741144.5,19.6,48.5,2735.0,37113,38827,68.0,71129.0,709525.0,3307,749,2113,180,2958,478,2613,Jefferson
Jefferson County,IN,18.4,20.4,5.8,17.9,89.7,1818.0,0.4,0.9,2.2,3.0,0.0,1.6,95.0,92.4,71.9,12632,14535.0,132900.0,2.35,52718,27152,1.3,360.63,2.0,83.0,1548413.0,24.0,52.0,2152.0,33147,32428,89.9,50580.0,390891.0,2447,865,1193,29,2259,324,1932,Jefferson
Jefferson County,KS,18.9,22.7,5.1,23.2,93.5,1255.0,1.0,0.3,0.8,3.0,0.1,2.0,95.8,93.3,84.1,7575,8477.0,150600.0,2.46,64864,30655,0.5,532.57,1.6,91.5,328053.5,29.5,49.2,1475.0,18368,19126,35.9,13223.0,74016.0,1565,472,944,45,1485,132,1384,Jefferson
Jefferson County,KY,16.7,22.0,6.2,33.4,90.6,57630.0,0.2,3.0,22.4,5.9,0.1,2.5,71.8,66.6,61.8,312679,349321.0,170100.0,2.4,56586,33251,7.8,380.42,9.6,84.5,28642125.0,22.5,51.7,45715.0,782969,741096,1948.1,2006261.0,10964388.0,63912,21224,35205,11554,49585,6122,53720,Jefferson
Jefferson County,MO,15.5,22.9,5.8,20.4,89.1,13662.0,0.3,0.8,1.2,2.1,0.0,1.6,96.0,94.1,79.4,84444,92137.0,161800.0,2.63,65454,29999,1.9,656.63,3.0,87.5,1420483.0,31.2,50.3,15642.0,226739,218733,333.1,228364.0,1952583.0,16196,4886,9132,544,15312,1556,13858,Jefferson
Jefferson County,MS,17.4,22.2,6.2,15.9,78.0,514.0,0.3,0.2,85.4,0.9,0.0,0.8,13.3,12.9,67.4,2448,3811.0,63400.0,2.75,25019,14659,2.4,519.93,2.3,96.4,483799.0,25.3,50.8,250.0,7260,7726,14.9,942.0,21969.0,537,226,284,451,70,81,440,Jefferson
Jefferson County,MT,22.2,20.4,4.7,35.0,94.3,1121.0,1.8,0.5,0.4,2.9,0.1,2.3,94.8,92.3,84.3,4484,5119.0,282700.0,2.6,69646,32773,1.1,1656.26,1.3,87.0,16801.0,20.4,49.0,1268.0,12085,11406,6.9,7128.0,51728.0,1011,314,478,41,924,85,843,Jefferson
Jefferson County,NE,24.5,21.5,5.3,17.8,91.1,469.0,0.8,0.4,0.6,5.0,0.0,1.1,97.1,92.8,71.2,3302,3911.0,84000.0,2.13,44510,27461,2.3,570.19,3.2,90.4,178448.0,16.7,51.1,534.0,7240,7547,13.2,6657.0,176919.0,821,315,377,0,774,73,673,Jefferson
Jefferson County,NY,14.2,24.0,7.8,22.2,91.0,5293.0,0.7,1.7,6.8,7.8,0.3,3.0,87.5,81.3,56.5,42734,60170.0,149900.0,2.49,52685,26194,4.0,1268.59,8.3,80.1,770537.0,18.0,47.5,9895.0,116721,116229,91.6,198838.0,1937924.0,6304,2027,3663,247,5638,815,4905,Jefferson
Jefferson County,OH,22.1,19.2,5.0,15.8,91.0,3037.0,0.2,0.5,5.5,1.6,0.0,2.3,91.4,90.1,69.0,27428,32408.0,93000.0,2.33,46581,26391,1.5,408.33,2.4,88.2,2276097.0,24.1,51.4,5294.0,65249,69709,170.7,76209.0,723222.0,4075,1292,2148,324,3550,448,3336,Jefferson
Jefferson County,OK,21.5,24.2,5.8,14.7,83.2,447.0,7.2,0.5,1.5,11.3,0.0,4.9,85.8,76.6,72.1,2371,3398.0,66400.0,2.53,39895,24313,2.6,758.83,5.1,82.8,460737.5,27.3,50.0,380.0,5337,6472,8.5,3037.0,45983.0,677,208,306,126,520,0,619,Jefferson
Jefferson County,OR,19.8,23.3,6.3,19.4,87.0,1151.0,18.3,0.9,1.2,19.9,0.2,3.4,75.9,60.7,68.1,8094,10305.0,224600.0,2.78,53277,23987,6.2,1780.79,16.2,80.5,168255.0,25.7,48.3,1788.0,24502,21720,12.2,21335.0,133082.0,1251,425,614,166,1026,133,994,Jefferson
Jefferson County,PA,21.5,21.2,5.6,15.9,89.3,2977.0,0.3,0.3,0.5,0.9,0.0,1.0,97.8,97.1,74.3,18427,22755.0,103900.0,2.34,47603,25509,0.6,652.43,5.3,90.9,887565.0,23.9,50.2,2954.0,44492,45200,69.3,41628.0,556232.0,4402,1013,2949,78,4169,492,3753,Jefferson
Jefferson County,TN,20.4,19.2,4.8,16.8,85.3,3249.0,0.5,0.7,2.1,3.8,0.1,1.4,95.2,91.8,75.2,20154,24453.0,146300.0,2.57,49139,25159,2.6,274.08,4.6,87.3,988290.0,26.2,50.7,4238.0,54683,51407,187.6,53076.0,640357.0,3491,936,2152,90,3315,544,2746,Jefferson
Jefferson County,TX,14.9,24.1,6.9,19.7,84.2,16695.0,1.0,3.9,34.1,22.1,0.1,1.8,59.1,39.4,61.1,92988,109133.0,112800.0,2.56,51248,27094,12.0,876.3,22.6,85.4,80760488.0,20.4,48.9,14668.0,256526,252273,287.9,485461.0,3968309.0,18343,7523,8751,7958,9564,1676,15669,Jefferson
Jefferson County,WA,37.9,11.8,2.9,44.3,95.1,3332.0,2.2,2.0,1.1,3.8,0.2,3.3,91.1,88.2,74.3,14705,18965.0,338000.0,2.07,55127,36598,5.8,1803.7,4.8,83.8,874205.0,24.5,51.1,3776.0,32977,29872,16.6,44908.0,209854.0,4347,1608,1883,173,4041,444,3639,Jefferson
Jefferson County,WI,17.7,20.8,5.1,25.4,91.8,5130.0,0.5,1.0,1.2,7.3,0.0,1.4,96.0,89.3,70.2,32965,36162.0,190400.0,2.46,66291,31992,3.4,556.47,6.2,86.5,3842916.0,24.6,50.0,4980.0,84900,83686,150.4,88256.0,910983.0,6180,1936,3429,345,5605,531,5329,Jefferson
Jefferson County,WV,16.7,22.0,5.4,31.8,89.8,3641.0,0.4,1.6,6.4,6.3,0.1,2.8,88.8,83.2,76.4,20891,23569.0,252300.0,2.64,80430,36305,5.0,209.64,6.4,87.5,206707.0,38.0,50.4,5179.0,57701,53498,255.2,48291.0,451433.0,4367,1411,2312,478,3603,368,3540,Jefferson
Jefferson Davis County,MS,23.1,19.9,5.6,14.1,82.4,867.0,0.3,0.3,59.6,1.9,0.0,0.9,38.8,37.5,75.6,4713,6011.0,94600.0,2.38,32116,20638,0.6,408.44,0.8,92.1,483799.0,36.6,52.7,723.0,11321,12487,30.6,4708.0,61565.0,1016,421,504,587,407,151,817,Jefferson Davis
Jefferson Davis Parish,LA,16.7,25.5,6.7,16.9,81.3,1942.0,0.8,0.5,16.5,2.7,0.0,2.3,79.9,77.7,72.9,11726,14156.0,114000.0,2.64,42105,25474,0.9,651.33,7.4,89.0,1901186.0,31.1,51.0,1633.0,32250,31594,48.5,29413.0,402754.0,2220,695,1102,228,1871,236,1843,Jefferson Davis
Jefferson Parish,LA,17.7,22.0,6.5,26.8,85.7,45909.0,0.6,4.3,28.3,14.9,0.1,1.8,64.9,52.0,61.2,169452,188656.0,188200.0,2.54,54032,30374,13.0,295.63,17.8,88.8,2996915.0,24.5,51.7,20586.0,440781,432552,1463.1,1056508.0,8112339.0,48639,16887,26153,17590,29290,4607,41468,Jefferson
Jenkins County,GA,17.4,19.8,5.1,7.9,79.3,541.0,0.5,1.0,42.6,6.2,0.2,1.0,54.6,50.4,71.4,3443,4251.0,74500.0,2.53,27375,15531,5.3,347.28,8.8,90.3,554410.0,25.8,46.8,517.0,8674,8340,24.0,33983.0,40505.0,638,227,370,164,453,61,542,Jenkins
Jennings County,IN,16.9,23.2,6.1,12.0,87.8,1474.0,0.3,0.4,0.9,2.6,0.1,1.4,96.9,94.6,77.7,10792,12410.0,109800.0,2.53,54191,26017,1.3,376.58,2.3,87.1,425632.0,24.7,49.9,1969.0,27613,28525,75.7,17813.0,196912.0,1704,451,925,63,1535,144,1366,Jennings
Jerauld County,SD,27.2,23.5,6.0,22.5,89.4,181.0,0.8,0.2,0.3,4.7,0.1,1.3,97.1,92.9,72.6,921,1083.0,81900.0,2.14,49632,42660,2.3,526.23,3.8,92.9,109693.0,14.7,50.0,168.0,1663,2071,3.9,2566.0,21346.0,180,0,134,0,169,0,147,Jerauld
Jerome County,ID,13.2,30.5,8.2,16.1,77.2,1204.0,2.3,0.6,0.8,37.3,0.2,1.5,94.7,60.2,64.9,8022,8664.0,164600.0,2.94,52921,21461,16.4,597.19,30.0,82.1,172944.0,17.8,48.7,1134.0,24237,22374,37.5,16745.0,277014.0,1592,500,815,172,1355,193,1318,Jerome
Jersey County,IL,19.8,20.4,5.2,20.3,92.3,1328.0,0.4,1.0,0.8,1.4,0.0,1.3,96.5,95.4,81.9,8499,10173.0,147900.0,2.47,63028,30182,1.0,369.27,1.7,90.9,741144.5,27.4,51.3,1848.0,21512,22985,62.2,26280.0,230634.0,1358,415,697,0,1277,125,1144,Jersey
Jessamine County,KY,15.5,23.7,6.2,29.5,87.3,4454.0,0.3,1.3,4.6,3.7,0.1,2.1,91.6,88.3,64.6,18821,20797.0,172100.0,2.72,58245,31146,5.0,172.12,6.1,84.2,681361.0,23.8,51.4,3097.0,52991,48586,282.3,35974.5,920326.0,4643,1617,2574,307,4204,456,3950,Jessamine
Jewell County,KS,30.3,20.4,5.8,19.3,93.1,270.0,0.7,0.5,0.3,2.6,-1.0,1.1,97.4,94.9,81.3,1380,2015.0,56100.0,2.07,40676,27731,1.3,909.78,1.4,92.9,328053.5,15.9,48.8,230.0,2932,3077,3.4,13223.0,18252.0,286,30,189,0,276,0,218,Jewell
Jim Hogg County,TX,17.1,30.6,7.1,13.4,74.5,414.0,0.7,0.6,0.8,92.7,0.0,0.8,97.1,5.5,71.6,1626,2463.0,65000.0,3.2,33382,16864,3.8,1136.14,65.3,89.1,575658.0,30.5,48.7,123.0,4838,5300,4.7,3499.0,72829.0,461,110,290,391,42,30,403,Jim Hogg
Jim Wells County,TX,15.7,27.3,7.1,12.2,74.9,2950.0,1.0,0.6,1.1,80.1,0.1,0.9,96.3,18.0,70.6,12987,16408.0,76200.0,3.12,41505,21510,5.6,864.97,47.7,91.5,454745.0,28.4,50.4,1589.0,38891,40838,47.2,74160.0,641610.0,4022,1393,2184,2801,1077,345,3392,Jim Wells
Jo Daviess County,IL,28.8,18.7,4.3,25.0,92.3,1920.0,0.3,0.5,0.8,3.2,0.1,1.1,97.3,94.4,78.4,9970,13739.0,149100.0,2.15,57946,34437,2.3,601.09,3.3,89.0,480192.0,21.3,49.9,1687.0,22035,22678,37.7,73645.0,293688.0,2234,601,1226,33,2141,138,1819,Jo Daviess
Johnson County,AR,16.9,24.5,6.5,15.4,78.9,1334.0,1.2,2.7,2.2,14.3,0.1,2.1,91.6,78.7,70.4,9682,11569.0,103500.0,2.64,38511,21010,9.4,659.8,14.0,89.8,657258.0,18.9,50.5,1688.0,25749,25540,38.7,20403.0,237296.0,1826,496,1034,146,1630,266,1473,Johnson
Johnson County,GA,18.6,18.8,5.4,9.1,75.1,556.0,0.4,0.4,34.3,2.8,0.0,1.0,63.8,61.9,67.3,3393,4122.0,64100.0,2.68,42446,21087,0.8,303.01,2.6,88.1,14867.0,28.5,43.5,684.0,9189,9980,32.9,2652.0,37055.0,471,200,228,172,285,37,418,Johnson
Johnson County,IA,12.3,19.9,5.8,52.8,94.9,10302.0,0.4,6.5,7.5,5.8,0.1,2.5,83.0,78.0,58.5,59134,66257.0,227600.0,2.38,62542,35108,11.9,614.04,15.4,75.1,3400394.0,19.1,50.4,5055.0,152854,130882,213.1,20428.0,1861697.0,11533,3606,5929,1156,9758,1064,9620,Johnson
Johnson County,IL,21.9,18.3,4.7,16.0,82.2,751.0,0.4,0.3,7.1,3.1,0.0,1.2,91.0,88.4,84.2,4303,5639.0,109500.0,2.38,52774,23140,1.9,343.92,3.6,84.2,741144.5,25.5,45.5,958.0,13308,12582,36.6,38907.0,88589.0,954,154,585,33,893,249,583,Johnson
Johnson County,IN,14.8,24.6,6.2,32.7,92.1,11003.0,0.3,4.0,2.6,3.8,0.1,1.9,91.2,87.9,72.7,56628,62521.0,164600.0,2.67,72440,34408,4.6,320.43,6.6,84.6,2024112.0,26.9,50.7,9240.0,161765,139654,435.8,263619.0,2324605.0,10968,3108,6335,736,9767,1048,9229,Johnson
Johnson County,KS,15.0,24.0,6.2,56.0,96.0,51958.0,0.4,5.4,4.9,7.9,0.0,2.6,86.6,79.4,69.2,228592,248495.0,259600.0,2.57,89087,46517,8.9,473.38,11.9,84.3,7140752.0,21.0,50.9,28353.0,609863,544179,1149.6,1225340.0,10481372.0,56873,18518,31128,6058,48367,5224,48124,Johnson
Johnson County,KY,18.7,22.2,5.6,16.3,80.6,1341.0,0.2,0.5,0.4,0.9,0.0,1.1,97.7,97.0,71.9,8488,10666.0,101300.0,2.59,37055,21974,1.2,261.95,2.2,87.3,559741.0,30.2,50.9,1134.0,22680,23356,89.2,35974.5,383024.0,1763,539,1020,78,1619,252,1443,Johnson
Johnson County,MO,12.9,21.5,6.3,28.9,92.5,3068.0,0.7,1.8,5.0,4.8,0.3,2.8,89.4,85.4,61.0,19864,22397.0,156500.0,2.48,55273,25380,2.9,829.28,3.9,72.7,468824.0,21.5,48.9,5644.0,54013,52595,63.4,66284.0,508177.0,3451,1040,1786,176,3116,463,2780,Johnson
Johnson County,NE,19.0,18.8,4.8,17.5,86.3,295.0,1.6,1.4,6.6,10.3,-1.0,1.0,89.4,80.2,73.4,1809,2171.0,94400.0,2.28,54712,24072,4.0,376.05,9.5,87.6,231681.5,21.3,40.8,336.0,5290,5217,13.9,1971.0,44756.0,453,126,211,0,435,102,315,Johnson
Johnson County,TN,23.3,16.9,4.3,11.6,79.8,1050.0,0.4,0.3,2.2,2.1,0.0,1.2,95.9,93.9,75.6,6794,9019.0,133100.0,2.32,36004,22107,2.0,298.48,2.3,89.1,165435.0,24.2,46.3,1534.0,17948,18244,61.1,9262.0,108792.0,1330,364,796,0,1286,114,1115,Johnson
Johnson County,TX,14.3,25.9,6.6,18.7,85.7,14539.0,1.0,1.0,4.2,22.6,0.5,2.1,91.2,70.1,73.3,57310,63667.0,155400.0,2.87,64359,28579,4.2,724.69,15.8,90.3,1497975.0,31.4,50.0,7969.0,179927,150934,208.3,170869.0,1513434.0,11694,3813,6202,2266,8943,1195,9693,Johnson
Johnson County,WY,24.6,21.6,4.6,31.7,96.0,1476.0,1.7,0.7,0.8,5.0,0.0,1.7,95.2,91.0,69.9,3845,4650.0,252900.0,2.18,58132,36084,1.1,4154.15,2.9,85.8,102299.0,22.8,49.6,751.0,8447,8569,2.1,23275.0,91389.0,1225,394,560,35,1148,59,1023,Johnson
Johnston County,NC,13.6,25.2,6.2,22.9,86.9,14299.0,0.9,0.9,17.0,14.1,0.1,2.2,78.8,66.8,73.0,68968,79849.0,165100.0,2.83,59865,27924,7.7,791.3,13.0,88.1,3712563.0,30.9,51.0,13569.0,215999,168878,213.4,243001.0,2134227.0,12617,4060,7414,2581,9662,1401,10699,Johnston
Johnston County,OK,19.8,24.0,6.0,20.1,86.0,653.0,16.1,0.5,2.6,5.7,0.1,8.3,72.3,68.4,73.5,4267,5223.0,80800.0,2.53,41332,21197,1.3,642.94,3.4,87.2,460737.5,24.3,50.5,791.0,10272,10957,17.0,40216.0,61077.0,732,194,362,127,562,104,547,Johnston
Jones County,GA,18.3,22.7,5.0,19.6,89.1,2026.0,0.4,0.6,25.2,1.9,0.0,1.4,72.4,71.0,80.2,10701,11954.0,124100.0,2.65,56020,25854,1.1,393.93,1.7,92.0,554410.0,27.3,51.6,2292.0,28347,28669,72.8,33983.0,96950.0,2162,932,1084,499,1613,222,1836,Jones
Jones County,IA,21.2,21.0,5.1,19.5,92.3,1349.0,0.4,0.6,2.7,2.2,0.0,0.7,95.5,93.5,78.3,8130,8998.0,138400.0,2.38,57549,29453,1.3,575.62,2.3,88.4,245973.0,26.2,48.1,1610.0,20646,20638,35.9,20428.0,269318.0,1599,409,889,0,1512,202,1336,Jones
Jones County,MS,17.4,25.0,6.8,20.8,84.1,4783.0,0.7,0.5,29.7,4.7,0.0,1.0,68.1,64.2,72.6,24858,29286.0,98600.0,2.68,41775,23163,2.5,694.8,4.3,92.4,1656107.0,21.7,51.5,3466.0,67246,67761,97.5,26152.0,796350.0,4906,1735,2719,955,3781,522,4143,Jones
Jones County,NC,24.0,18.2,4.9,12.2,81.1,583.0,1.1,0.6,29.3,5.1,0.0,1.9,67.1,62.9,73.3,4045,5019.0,89000.0,2.34,38158,21928,2.4,470.71,4.4,89.7,1006562.0,29.4,51.4,919.0,9172,10153,21.6,75439.0,33706.0,824,329,416,142,664,78,696,Jones
Jones County,SD,23.8,21.6,6.1,25.7,95.3,115.0,5.6,-1.0,0.3,2.7,0.2,4.1,89.7,87.6,75.0,408,656.0,77100.0,1.94,46149,27139,0.8,969.68,1.2,93.6,109693.0,14.6,49.3,41.0,917,1006,1.0,4328.0,32843.0,149,69,45,0,136,0,127,Jones
Jones County,TX,15.9,17.3,4.3,11.7,78.4,1278.0,1.4,0.8,13.2,28.0,0.0,1.7,82.9,58.0,74.6,5696,7460.0,82400.0,2.24,50344,18081,3.5,928.55,18.5,75.4,575658.0,22.8,37.3,1238.0,19663,20202,21.8,33330.5,158412.0,1184,267,681,148,988,182,883,Jones
Josephine County,OR,26.4,19.5,5.1,17.5,90.4,5993.0,1.7,1.1,0.6,7.7,0.3,3.5,92.9,86.6,66.3,36367,39641.0,265500.0,2.34,45616,25167,4.1,1639.67,3.9,85.2,434819.0,19.0,51.2,8804.0,88090,82713,50.4,124466.0,987863.0,7322,2284,3455,627,6281,774,5906,Josephine
Juab County,UT,11.9,34.2,8.7,16.0,91.1,812.0,1.2,0.4,0.6,5.8,0.3,1.6,95.9,91.1,78.6,3464,3889.0,223000.0,3.22,61463,22830,1.9,3392.28,3.5,88.2,136373.0,24.0,48.8,415.0,11786,10246,3.0,7923.0,114529.0,947,368,505,26,905,146,780,Juab
Judith Basin County,MT,27.5,19.6,4.8,26.6,94.4,201.0,1.0,0.4,0.1,1.9,-1.0,0.8,97.7,95.8,75.7,906,1356.0,138200.0,2.15,43661,28811,0.2,1869.82,1.9,93.2,16801.0,18.1,49.1,172.0,2023,2072,1.1,1390.0,5573.0,197,92,64,0,189,0,182,Judith Basin
Juneau City and Borough,AK,14.0,21.1,5.7,38.4,96.4,2860.0,12.1,6.9,1.5,7.0,1.2,9.7,68.6,64.1,64.8,12676,13852.0,345900.0,2.5,88390,43680,8.8,2701.93,12.8,81.0,75363.0,16.1,49.1,2336.0,32255,31275,11.6,81532.0,491438.0,3703,1098,1891,587,2835,393,3034,Juneau
Juneau County,WI,20.8,20.0,5.3,13.7,88.4,1469.0,1.6,0.6,2.5,3.2,0.1,1.3,93.9,91.4,76.2,10752,15361.0,125800.0,2.28,53490,27889,2.2,766.93,3.4,87.8,719240.0,23.1,46.7,2160.0,26718,26664,34.8,26810.0,335525.0,1833,608,950,0,1736,169,1554,Juneau
Juniata County,PA,20.6,22.4,5.8,14.5,83.3,1813.0,0.4,0.4,0.9,4.3,0.0,1.2,97.1,93.7,74.5,9372,11293.0,148900.0,2.6,53879,26239,2.2,391.35,10.2,91.8,337098.0,32.2,49.8,1570.0,23509,24636,63.0,15390.0,204433.0,2276,662,1374,0,2201,162,2030,Juniata
Kalamazoo County,MI,15.4,21.5,5.9,38.8,93.6,16752.0,0.5,2.8,11.8,5.2,0.1,3.6,81.2,77.0,64.0,103445,113089.0,159300.0,2.46,56511,31975,5.2,561.66,7.3,80.1,7385629.0,20.4,51.1,13098.0,261670,250331,445.7,477872.0,3129384.0,20816,7438,11131,3163,16849,1869,17819,Kalamazoo
Kalawao County,HI,45.3,-1.0,-1.0,24.2,90.3,17858.0,-1.0,8.1,-1.0,1.2,48.8,15.1,27.9,26.7,-1.0,39,112.0,602100.0,1.41,69375,49118,4.5,11.99,20.0,89.2,283326.0,5.1,52.3,2.0,82,90,7.5,1715999.0,2390830.0,0,0,0,0,0,0,0,Kalawao
Kalkaska County,MI,20.7,20.5,5.1,11.9,87.3,1221.0,1.0,0.6,0.7,2.2,0.0,2.1,95.6,93.7,82.6,7145,12469.0,115900.0,2.44,46898,24358,1.5,559.87,3.0,88.8,146400.0,28.6,48.9,1454.0,17939,17153,30.6,16625.0,155924.0,1478,452,812,73,1372,54,1305,Kalkaska
Kanabec County,MN,20.9,21.4,5.7,14.7,90.2,983.0,0.9,0.7,0.6,1.7,0.0,2.0,95.8,94.4,84.8,6439,8016.0,163900.0,2.46,57163,28427,1.0,521.59,2.8,89.9,116000.0,31.2,49.7,1336.0,16032,16239,31.1,11057.0,130722.0,1245,333,724,41,1167,71,1064,Kanabec
Kanawha County,WV,21.2,20.0,5.2,25.5,88.7,9077.0,0.2,1.1,7.6,1.2,0.0,2.5,88.7,87.7,69.1,79070,92165.0,112500.0,2.28,46639,29253,1.9,901.59,2.4,89.0,2196648.0,21.3,51.8,11988.0,180745,193063,214.1,552892.0,3186551.0,13653,4315,7362,979,11739,1271,11241,Kanawha
Kandiyohi County,MN,19.1,24.7,6.8,23.3,89.0,3085.0,0.5,1.2,6.7,12.6,0.1,1.3,90.1,78.5,74.0,16889,20076.0,168900.0,2.47,60294,31039,8.3,796.79,14.3,87.8,1140029.0,17.6,49.6,2386.0,43732,42239,53.0,55385.0,666387.0,4269,1465,2319,202,3924,523,3492,Kandiyohi
Kane County,IL,14.3,25.0,6.2,33.1,84.6,35338.0,1.0,4.4,6.0,32.4,0.1,2.0,86.6,56.6,73.9,179637,190970.0,238300.0,2.93,79394,36270,17.5,520.06,31.4,88.1,10338688.0,29.1,50.2,20699.0,516522,515269,990.8,720315.0,5681086.0,39039,13345,21323,9737,27638,2993,34487,Kane
Kane County,UT,23.4,23.6,5.8,29.9,92.5,836.0,1.7,1.0,0.8,4.7,0.2,1.6,94.7,90.6,77.4,2643,6184.0,204900.0,2.77,47044,26070,3.1,3990.23,3.0,81.7,294994.0,12.1,49.6,590.0,7667,7125,1.8,47940.0,77065.0,968,214,625,56,897,130,818,Kane
Kankakee County,IL,17.3,22.5,5.9,20.8,88.2,5872.0,0.4,1.1,15.0,10.8,0.0,2.1,81.4,71.6,68.0,39796,45747.0,147900.0,2.64,58902,27984,4.9,676.56,9.4,89.9,4842838.0,24.6,50.7,6393.0,107502,113449,167.7,160293.0,1463289.0,8288,3297,3967,1943,6008,768,7076,Kankakee
Karnes County,TX,14.2,21.3,5.9,15.3,75.7,962.0,1.1,0.5,9.1,56.4,0.0,1.0,88.3,34.2,74.5,4282,6102.0,102300.0,2.84,56127,27612,10.8,747.56,33.2,83.2,575658.0,21.9,41.4,792.0,14710,14824,19.8,28983.0,191980.0,1142,316,652,387,682,30,1054,Karnes
Kauai County,HI,20.7,21.7,5.8,29.2,92.5,7150.0,0.5,31.0,0.7,11.4,9.1,25.7,33.0,29.3,63.2,22658,31577.0,570700.0,3.13,83554,33143,16.8,619.96,20.3,88.8,283326.0,22.1,50.6,3919.0,73298,67091,108.2,831487.0,1013489.0,7938,2953,3840,3797,3653,855,6507,Kauai
Kaufman County,TX,11.8,27.9,7.2,20.5,85.8,12155.0,1.0,1.5,13.9,23.3,0.1,2.2,81.3,59.8,76.6,38015,43485.0,178300.0,3.22,70107,28634,7.9,780.7,17.1,83.6,1100143.0,36.9,50.7,6907.0,145310,103350,132.4,126970.0,1020975.0,9316,2843,5110,1883,7125,1045,7743,Kaufman
Kay County,OK,19.5,24.9,6.4,18.9,86.8,2463.0,11.3,0.6,2.3,8.3,0.4,5.6,79.8,73.7,67.5,17610,21441.0,92100.0,2.47,46809,26189,2.5,919.73,6.3,79.9,460737.5,17.6,50.3,3511.0,43700,46562,50.6,65165.0,631782.0,3508,984,1864,335,2942,680,2516,Kay
Kearney County,NE,19.8,24.8,6.4,26.7,96.4,538.0,0.6,0.4,0.4,6.5,0.1,1.2,97.3,91.7,73.1,2666,2983.0,149700.0,2.42,60266,31094,4.0,516.24,3.9,92.1,209232.0,18.1,50.1,394.0,6688,6489,12.6,3089.0,33428.0,672,147,385,0,649,102,473,Kearney
Kearny County,KS,16.5,28.8,7.5,14.7,75.9,330.0,2.0,0.7,1.1,32.6,0.1,2.4,93.7,62.9,76.1,1201,1568.0,116700.0,3.2,52599,23415,13.1,870.54,24.2,87.4,328053.5,13.6,50.4,151.0,3983,3977,4.6,1569.0,12160.0,418,212,146,87,306,0,392,Kearny
Keith County,NE,27.1,20.5,5.5,20.5,91.5,814.0,0.8,0.7,1.1,7.8,-1.0,1.6,95.8,88.9,68.8,3882,5517.0,128300.0,2.06,50735,29823,2.8,1061.6,5.5,88.3,231681.5,14.4,49.6,634.0,8335,8368,7.9,22914.0,241529.0,1442,374,854,45,1338,179,1113,Keith
Kemper County,MS,20.9,18.1,4.6,14.7,82.1,615.0,3.5,0.2,61.4,0.9,-1.0,0.8,34.1,33.7,73.6,3611,4795.0,73600.0,2.49,31103,16995,0.1,766.18,1.8,89.2,483799.0,30.5,49.8,325.0,8988,10456,13.6,26152.0,37819.0,402,162,189,226,154,74,304,Kemper
Kenai Peninsula Borough,AK,18.4,22.5,5.9,24.6,92.7,6770.0,8.0,1.9,0.8,4.3,0.3,5.8,83.3,80.0,72.8,21630,31439.0,242200.0,2.63,66064,34226,3.3,16075.33,8.1,84.2,104944.0,19.8,47.8,4979.0,58799,55400,3.4,149408.0,804150.0,7362,2182,3915,683,6378,941,5935,Kenai Peninsula
Kendall County,IL,10.7,28.1,6.5,36.2,92.4,8888.0,0.6,3.3,8.0,20.0,0.1,2.2,85.9,67.4,83.6,40721,42894.0,235600.0,3.09,96563,36382,9.5,320.34,18.3,88.0,719203.0,34.4,50.5,4918.0,131869,114736,358.2,139421.0,1151458.0,8111,2839,4151,1542,6260,511,7089,Kendall
Kendall County,TX,19.3,23.1,4.8,42.1,92.8,5801.0,0.7,1.4,1.4,24.6,0.1,1.8,94.5,71.3,74.1,14253,16867.0,348500.0,3.04,84747,45866,6.6,662.45,12.8,85.5,575658.0,32.5,51.0,3121.0,44279,33410,50.4,64749.0,941016.0,5328,1560,2725,841,4149,552,4385,Kendall
Kenedy County,TX,16.8,24.8,4.0,1.0,26.4,24.0,1.7,1.7,4.2,73.3,-1.0,2.2,90.1,20.3,23.4,197,232.0,24400.0,2.86,38021,15211,16.4,1458.33,85.5,95.1,575658.0,17.0,47.5,1143.0,350,416,0.3,33330.5,209517.0,0,0,0,0,0,0,0,Kenedy
Kennebec County,ME,20.6,19.1,4.9,28.1,92.5,8484.0,0.6,1.0,0.8,1.7,0.0,1.8,95.8,94.4,70.5,52105,63231.0,159400.0,2.26,55365,30685,2.4,867.52,4.4,86.3,634158.0,23.6,51.3,9683.0,123642,122151,140.8,222904.0,2179332.0,10981,3168,6016,318,10239,1268,8890,Kennebec
Kenosha County,WI,14.6,22.4,5.6,26.1,90.1,8798.0,0.8,1.8,7.4,13.5,0.1,2.8,87.2,75.4,66.1,64111,70872.0,177400.0,2.56,63733,32298,6.3,271.99,12.0,84.9,2370320.0,26.3,50.5,9617.0,169151,166426,611.9,237841.0,2134143.0,10543,3594,5527,1307,8753,777,9065,Kenosha
Kent County,DE,17.5,22.8,6.2,23.7,87.4,11282.0,0.7,2.4,27.3,7.4,0.1,3.8,65.6,60.4,69.1,65796,74462.0,220600.0,2.61,60910,28845,6.1,586.18,10.3,86.0,1930847.0,26.4,51.8,17029.0,181851,162310,276.9,475775.0,2690762.0,12004,3763,6012,2275,9065,1218,9669,Kent
Kent County,MD,27.1,15.4,4.0,35.1,88.6,1825.0,0.4,1.4,14.9,4.5,0.1,2.0,81.3,77.8,69.2,8025,10689.0,249900.0,2.23,58598,36813,4.6,277.03,6.2,85.3,360029.0,27.2,51.9,1405.0,19198,20197,72.9,390891.0,185941.0,2200,672,1316,230,1880,173,1936,Kent
Kent County,MI,14.1,23.9,6.6,35.7,90.7,49636.0,0.7,3.3,10.6,10.8,0.1,3.0,82.2,73.3,69.8,241746,259375.0,173700.0,2.63,63053,32524,8.4,846.95,12.5,84.0,17535625.0,21.3,50.7,29030.0,657974,602622,711.5,1154358.0,8698608.0,52666,17687,29724,7795,43060,4329,45951,Kent
Kent County,RI,19.4,18.6,4.9,33.3,92.2,12215.0,0.5,2.9,2.5,5.7,0.1,2.2,91.9,87.4,70.1,69422,74651.0,236300.0,2.34,73521,39869,6.1,168.53,9.1,90.4,2643039.0,25.9,51.6,10907.0,170363,166158,985.9,412021.0,2984203.0,14844,4302,8786,1046,13118,1661,12236,Kent
Kent County,TX,26.4,21.7,4.5,25.4,85.8,61.0,1.6,0.1,1.2,19.6,0.1,2.9,94.1,76.6,69.6,273,551.0,35000.0,2.2,44688,30543,1.9,902.51,10.9,72.7,575658.0,9.7,49.1,42.0,753,808,0.9,33330.5,209517.0,39,0,30,0,33,0,35,Kent
Kenton County,KY,14.9,23.6,6.5,31.7,89.9,10116.0,0.2,1.3,4.9,3.4,0.1,2.2,91.2,88.2,66.1,63966,69894.0,161100.0,2.55,64339,33330,3.3,160.25,4.5,85.2,1674796.0,23.7,50.5,10069.0,169064,159720,996.7,35974.5,1331664.0,11306,3740,6451,912,10038,1247,9377,Kenton
Keokuk County,IA,22.0,23.1,6.0,18.3,92.9,745.0,0.3,0.4,0.7,1.9,-1.0,1.0,97.6,96.0,78.4,4394,4868.0,90400.0,2.29,52881,29957,1.2,579.18,1.5,88.6,53147.0,24.9,49.5,689.0,10033,10511,18.1,20428.0,55031.0,1052,368,481,0,999,115,778,Keokuk
Kern County,CA,11.2,28.8,7.6,16.4,74.1,49553.0,2.6,5.4,6.3,54.6,0.3,3.2,82.3,32.8,58.3,270282,302898.0,213900.0,3.17,53350,23326,19.9,8131.92,44.2,86.1,6890714.0,23.3,48.8,35594.0,909235,839631,103.3,1092151.0,8640550.0,51393,20004,25177,26610,23006,3770,45383,Kern
Kerr County,TX,28.1,18.9,5.2,27.4,88.6,5626.0,1.1,1.2,2.0,27.4,0.1,1.8,93.8,68.3,70.7,21403,24977.0,180600.0,2.34,55990,32988,7.0,1103.32,14.8,83.9,575658.0,20.4,51.9,5063.0,52598,49625,45.0,122792.0,791695.0,5897,1708,3191,1258,4373,628,4797,Kerr
Kershaw County,SC,18.7,23.1,5.8,20.3,87.8,4436.0,0.5,0.8,24.3,4.9,0.1,1.8,72.6,68.6,82.1,24980,29693.0,131100.0,2.59,51479,25442,2.4,726.56,4.8,92.0,1419717.0,27.6,51.8,5918.0,65403,61697,84.9,55473.0,586319.0,4596,1737,2470,964,3481,917,3507,Kershaw
Ketchikan Gateway Borough,AK,16.5,21.7,5.6,25.3,92.8,1375.0,13.9,8.2,1.1,5.6,0.4,9.1,67.4,63.9,61.6,5397,6458.0,289900.0,2.51,72728,37590,9.0,4858.41,11.0,83.1,152394.0,14.2,48.9,1090.0,13948,13477,2.8,45742.0,235907.0,1978,527,888,184,1697,176,1511,Ketchikan Gateway
Kewaunee County,WI,20.9,21.5,5.2,19.4,93.1,1309.0,0.5,0.5,0.6,3.4,0.0,1.1,97.3,94.1,79.3,8341,9490.0,164900.0,2.42,66192,30921,2.2,342.52,2.9,91.7,466684.0,23.7,49.2,1188.0,20563,20574,60.1,15426.0,146276.0,1752,489,1009,55,1645,152,1510,Kewaunee
Keweenaw County,MI,38.1,14.3,3.5,32.0,96.4,152.0,0.4,0.1,0.4,1.7,-1.0,1.9,97.3,96.1,88.0,1081,2514.0,121100.0,1.94,50292,34608,1.7,540.11,1.2,90.8,729708.0,22.3,48.9,264.0,2046,2156,4.0,5438.0,3850.0,223,0,96,0,212,0,212,Keweenaw
Keya Paha County,NE,32.6,18.2,4.1,25.0,95.1,118.0,0.6,0.5,-1.0,1.0,-1.0,0.9,98.0,97.5,72.7,304,546.0,78100.0,2.5,56500,28853,0.3,773.07,1.5,97.0,231681.5,16.4,50.7,35.0,769,824,1.1,4370.0,4986.0,84,0,0,0,84,0,81,Keya Paha
Kidder County,ND,25.4,20.9,5.9,17.7,90.8,241.0,0.8,0.6,0.5,4.7,-1.0,0.9,97.2,93.4,75.3,1092,1735.0,114400.0,2.26,54643,31000,1.5,1351.19,4.7,85.6,118152.0,24.2,47.3,166.0,2394,2435,1.8,2022.0,48363.0,426,99,190,0,380,0,287,Kidder
Kimball County,NE,24.9,21.1,5.8,16.1,88.7,259.0,2.3,1.0,0.4,9.3,0.1,2.9,93.4,85.4,71.4,1577,1944.0,82600.0,2.27,53403,27478,2.1,951.85,3.8,84.6,38713.0,14.9,50.4,290.0,3434,3821,4.0,3997.0,50280.0,299,115,124,0,281,36,251,Kimball
Kimble County,TX,29.7,18.0,4.8,22.5,85.1,624.0,1.4,0.8,0.9,24.9,0.1,0.6,96.2,72.4,76.2,1783,3424.0,149700.0,2.43,43328,30099,4.1,1250.99,16.8,81.8,575658.0,25.5,51.0,422.0,4286,4607,3.7,33330.5,97483.0,794,159,488,113,647,57,689,Kimble
King County,TX,18.8,26.5,5.1,20.9,79.7,38.0,1.5,-1.0,-1.0,16.9,0.4,3.3,94.9,78.7,33.8,77,186.0,36700.0,3.08,52083,26199,17.7,910.87,33.2,96.6,575658.0,14.7,50.0,5.0,265,286,0.3,33330.5,209517.0,0,0,0,0,0,0,0,King
King County,WA,13.5,20.0,5.7,52.5,93.1,183205.0,1.0,19.7,7.0,9.9,0.8,5.2,66.2,58.1,56.9,882028,970301.0,549200.0,2.45,94974,52462,23.1,2115.57,27.8,81.0,874205.0,29.9,49.7,100581.0,2269675,1931249,912.9,6223768.0,61598157.0,201404,71005,100912,45508,145726,15016,175951,King
King George County,VA,13.4,24.6,5.9,36.0,93.3,1426.0,0.8,1.6,16.1,5.8,0.1,3.5,77.9,73.3,78.8,9202,10257.0,307900.0,2.82,94274,38739,2.8,179.64,5.0,85.7,476138.5,38.1,49.4,3367.0,26723,23584,131.3,21847.0,232398.0,1554,555,803,366,1132,153,1284,King George
King William County,VA,16.3,22.8,5.9,21.0,92.1,1109.0,1.5,1.1,15.4,2.9,0.0,2.6,79.4,77.2,87.4,6078,7268.0,204300.0,2.74,66987,30704,2.0,273.94,2.6,94.3,209245.0,39.1,51.1,1137.0,17810,15935,58.2,10601.0,133291.0,1207,450,671,109,1048,138,992,King William
King and Queen County,VA,23.6,17.5,4.6,23.6,88.1,435.0,1.7,0.5,26.2,3.1,0.0,2.6,69.0,66.4,83.5,2707,3513.0,183200.0,2.6,63982,31174,1.2,315.14,1.0,89.6,476138.5,35.2,49.0,503.0,6608,6945,22.0,44317.0,12350.0,424,50,329,92,324,91,307,King and Queen
Kingfisher County,OK,16.4,26.7,6.4,22.4,88.3,1630.0,4.0,0.4,1.8,16.3,0.0,3.5,90.3,75.6,76.3,5609,6575.0,144700.0,2.77,57777,31724,8.7,898.16,15.1,90.5,130163.0,19.5,50.2,758.0,15184,15034,16.7,16731.0,198852.0,1556,441,837,161,1349,156,1243,Kingfisher
Kingman County,KS,21.6,22.2,5.7,24.4,93.6,623.0,1.0,0.6,0.4,3.8,0.0,1.8,96.1,92.7,78.6,3133,3861.0,91500.0,2.3,60469,34578,1.1,863.36,3.6,89.4,328053.5,24.3,50.1,571.0,7470,7858,9.1,7171.0,45715.0,686,248,303,0,649,78,578,Kingman
Kings County,CA,10.5,27.0,7.6,14.7,73.4,5119.0,3.2,4.4,7.5,55.3,0.4,3.7,80.8,31.3,52.3,43452,46965.0,215900.0,3.13,57848,22373,18.9,1389.42,41.5,81.9,2904014.0,22.8,44.9,9684.0,152486,152982,110.1,378595.0,1031953.0,6091,2112,3083,2862,2876,691,5039,Kings
Kings County,NY,14.4,22.7,7.1,37.5,82.4,288852.0,0.9,12.7,33.8,18.9,0.1,2.7,49.8,36.8,30.1,958567,1065399.0,706000.0,2.66,60231,34173,36.1,70.82,45.0,90.5,3644086.0,43.0,52.6,37191.0,2736074,2504700,35369.1,2453405.0,20533079.0,296858,118489,162037,143596,147926,16236,275506,Kings
Kingsbury County,SD,23.5,23.5,7.1,21.5,90.7,517.0,1.2,0.7,0.5,2.5,0.0,1.3,96.3,94.2,79.5,2279,2825.0,109900.0,2.13,61699,35773,0.4,832.24,3.4,88.2,75052.0,18.3,48.8,326.0,5187,5148,6.2,3499.0,34096.0,621,222,287,0,573,104,463,Kingsbury
Kinney County,TX,24.8,19.2,4.9,12.1,78.5,216.0,1.6,0.6,2.2,62.1,0.2,2.1,93.3,34.3,76.6,1337,2002.0,68800.0,2.55,26738,23934,16.2,1360.06,43.9,87.2,575658.0,10.3,45.1,689.0,3129,3598,2.6,779.0,9812.0,173,96,51,46,122,25,142,Kinney
Kiowa County,CO,23.0,23.6,8.1,21.4,95.7,169.0,1.3,0.6,0.6,8.4,0.4,2.0,95.2,88.1,74.3,638,826.0,86500.0,2.28,41731,25937,0.6,1767.77,2.7,85.0,80356.5,15.0,51.1,69.0,1446,1398,0.8,30272.0,10218.0,177,48,120,0,167,50,119,Kiowa
Kiowa County,KS,22.7,23.0,6.1,28.1,88.2,258.0,0.8,1.5,1.4,6.1,0.1,1.8,94.5,88.6,70.6,985,1239.0,113900.0,2.35,53274,26321,4.2,722.64,7.6,93.1,328053.5,13.9,50.6,138.0,2460,2553,3.5,13223.0,28329.0,346,78,153,0,305,0,296,Kiowa
Kiowa County,OK,19.7,24.0,7.2,17.2,84.7,598.0,7.9,0.3,4.5,11.9,0.1,4.7,82.6,73.9,72.1,3571,5129.0,62900.0,2.43,38019,21482,2.1,1015.23,7.9,84.1,460737.5,24.3,50.1,675.0,8509,9446,9.3,40216.0,58258.0,883,239,457,56,774,80,734,Kiowa
Kit Carson County,CO,19.5,25.2,6.1,18.7,89.5,743.0,1.3,0.7,0.9,19.2,0.2,2.0,95.0,77.5,66.4,3004,3577.0,122400.0,2.3,49349,27797,7.5,2160.82,12.6,87.8,80356.5,12.0,50.0,486.0,7087,8270,3.8,12804.0,114965.0,779,191,318,44,706,34,666,Kit Carson
Kitsap County,WA,18.4,20.2,5.7,33.2,94.8,15583.0,1.7,5.4,3.2,8.2,1.0,6.2,82.5,76.0,67.8,103913,114920.0,329900.0,2.48,75411,37493,6.5,394.94,7.1,82.9,328168.0,30.6,48.9,33029.0,275611,251133,635.9,425981.0,2674165.0,18206,6698,7934,1947,15307,2015,14716,Kitsap
Kittitas County,WA,16.8,16.8,4.6,32.3,91.4,2922.0,1.3,2.2,1.2,9.0,0.2,3.5,91.6,83.7,59.1,18347,24784.0,286900.0,2.36,56004,29161,5.1,2297.27,8.9,72.7,874205.0,20.8,49.5,3219.0,44337,40915,17.8,101409.0,515984.0,3128,1029,1248,153,2832,232,2626,Kittitas
Kittson County,MN,24.9,22.0,5.8,25.9,94.5,341.0,0.4,0.7,0.7,2.5,-1.0,1.3,96.8,94.8,80.5,1860,2609.0,84200.0,2.17,59643,30539,2.4,1098.8,2.9,89.3,763107.0,22.2,50.2,293.0,4207,4552,4.1,38159.0,128437.0,577,269,163,0,554,0,518,Kittson
Klamath County,OR,21.7,21.5,6.0,20.0,88.1,3525.0,5.0,1.1,0.9,13.8,0.2,4.3,88.4,77.1,64.3,27886,33876.0,170600.0,2.36,46491,25880,5.4,5941.05,8.6,81.3,449873.0,16.0,50.0,6828.0,69413,66380,11.2,110662.0,757458.0,4137,1491,1874,413,3455,490,3197,Klamath
Kleberg County,TX,13.2,23.9,6.5,24.6,78.4,1726.0,1.0,2.4,4.1,73.4,0.2,1.5,90.8,20.0,52.8,10955,13286.0,91900.0,2.66,43730,22646,6.5,881.31,40.9,79.9,575658.0,19.6,49.2,1851.0,31040,32061,36.4,33330.5,524339.0,2097,679,1093,1192,797,177,1717,Kleberg
Klickitat County,WA,24.5,19.1,5.0,31.5,88.0,1621.0,2.6,0.9,0.7,11.7,0.2,2.9,92.8,82.3,68.0,8877,10667.0,261000.0,2.42,55773,29521,8.5,1871.31,11.7,89.0,139018.0,21.9,49.4,2391.0,22735,20318,10.9,20837.0,64467.0,1746,586,771,215,1491,185,1433,Klickitat
Knott County,KY,19.1,19.9,5.3,14.9,75.1,824.0,0.2,0.2,1.0,1.1,0.0,1.0,97.7,96.8,74.8,6388,7687.0,51500.0,2.28,31198,18475,0.6,351.52,1.2,89.9,559741.0,31.5,50.6,482.0,14251,16346,46.5,5291.0,72483.0,852,234,468,0,834,66,676,Knott
Knox County,IL,21.9,19.9,5.8,18.9,89.1,2169.0,0.4,1.0,8.3,6.0,0.0,2.8,87.4,82.4,66.7,20680,23870.0,83000.0,2.23,44129,24545,3.3,716.4,6.4,91.1,321417.0,18.4,49.5,3288.0,49967,52919,73.9,76344.0,791255.0,3342,1083,1625,300,2820,277,2637,Knox
Knox County,IN,18.4,21.4,5.6,16.9,88.7,1877.0,0.3,1.0,3.0,2.3,0.1,1.4,94.3,92.3,64.6,15038,17169.0,96800.0,2.32,47380,26041,1.3,516.03,2.4,80.6,463979.0,20.1,49.4,2351.0,36282,38440,74.5,63452.0,459128.0,2662,894,1400,87,2425,260,2212,Knox
Knox County,KY,17.7,23.1,6.2,14.2,73.5,1954.0,0.3,0.4,1.3,1.3,0.0,1.4,96.6,95.5,65.5,11961,14824.0,86800.0,2.56,30181,17832,1.5,386.3,1.2,92.2,191176.0,24.3,51.2,1386.0,30193,31883,82.5,37485.0,343093.0,1980,764,948,30,1878,150,1700,Knox
Knox County,ME,26.0,17.6,4.2,33.5,93.6,5901.0,0.5,0.7,0.8,1.6,0.0,1.6,96.4,95.0,77.2,17020,24579.0,213400.0,2.24,57751,33126,2.3,365.13,3.2,89.1,377821.0,18.7,50.4,2937.0,40607,39736,108.8,96788.0,632931.0,7364,2115,4079,135,6797,803,5876,Knox
Knox County,MO,22.2,23.5,6.5,17.2,86.9,362.0,0.6,0.4,0.6,1.4,-1.0,1.7,96.7,95.5,82.6,1490,2278.0,75500.0,2.59,40000,22326,0.9,504.01,6.8,87.2,468824.0,22.4,50.0,301.0,3744,4131,8.2,22307.0,38065.0,478,91,364,0,460,0,393,Knox
Knox County,NE,25.4,24.3,6.3,21.6,92.1,693.0,10.5,0.3,0.4,3.3,0.1,2.0,86.7,84.7,74.1,3586,4974.0,95900.0,2.29,52332,28409,1.1,1108.35,5.0,87.3,6399.0,18.1,50.5,667.0,8391,8701,7.9,3533.0,82227.0,742,144,376,0,701,131,569,Knox
Knox County,OH,18.6,22.6,6.1,23.0,91.3,4944.0,0.3,0.6,1.1,1.6,0.0,1.4,96.6,95.3,72.0,23248,26000.0,155500.0,2.49,57749,26390,1.3,525.49,4.7,86.5,2166277.0,26.8,51.1,4403.0,62721,60921,115.9,60726.0,585151.0,4909,1365,3005,148,4578,437,4244,Knox
Knox County,TN,16.2,20.9,5.7,37.6,91.7,37452.0,0.4,2.4,8.9,4.6,0.1,2.3,85.9,82.0,64.3,187319,210085.0,183200.0,2.4,57470,33229,4.9,508.22,5.8,82.5,4816872.0,22.4,51.4,29791.0,478971,432226,850.5,1039338.0,7926682.0,41385,13707,22921,4385,35506,4695,33995,Knox
Knox County,TX,20.1,26.1,6.8,20.1,81.9,240.0,1.2,0.3,5.8,34.8,0.0,2.8,89.8,57.5,82.9,1375,2030.0,45000.0,2.59,48798,23146,8.8,850.62,24.7,83.7,575658.0,18.3,51.1,218.0,3353,3719,4.4,33330.5,31615.0,279,154,86,126,115,0,245,Knox
Kodiak Island Borough,AK,11.4,24.9,7.3,28.0,89.8,1485.0,13.1,21.9,1.3,8.6,1.0,7.7,55.0,49.1,54.6,4261,5501.0,282100.0,3.08,85839,32876,19.8,6549.58,27.0,79.6,104944.0,11.3,46.9,1064.0,13101,13592,2.1,31518.0,115874.0,1919,481,1090,459,1337,188,1616,Kodiak Island
Koochiching County,MN,26.7,17.7,4.2,15.5,91.9,841.0,2.5,0.6,0.7,1.3,0.0,2.0,94.1,93.2,78.8,5538,7960.0,108400.0,2.2,50870,29834,5.9,3104.07,4.3,91.2,763107.0,14.6,50.0,1080.0,12062,13311,4.3,24206.0,189516.0,1076,278,598,40,961,158,818,Koochiching
Kootenai County,ID,19.4,22.6,5.9,25.2,93.2,13392.0,1.3,0.9,0.4,4.9,0.1,2.6,94.5,90.3,70.4,62304,74624.0,260300.0,2.5,57242,29948,2.4,1244.13,3.3,83.3,172944.0,21.9,50.5,13171.0,171362,138494,111.3,11378.5,2501734.0,15154,3862,7951,822,13641,1422,12633,Kootenai
Kosciusko County,IN,17.3,23.7,6.6,23.3,85.7,5090.0,0.4,1.7,1.1,8.2,0.1,1.4,95.2,87.6,74.8,30997,39085.0,150000.0,2.5,61366,29786,4.9,531.38,10.5,84.3,7235438.0,19.3,50.0,4546.0,80240,77358,145.6,113266.0,921480.0,6167,1946,3099,186,5729,441,5317,Kosciusko
Kossuth County,IA,24.4,22.0,5.8,17.5,93.9,1385.0,0.4,0.6,1.1,3.3,0.1,1.1,96.7,93.9,75.7,6646,7516.0,102100.0,2.21,56073,31225,1.3,972.72,2.3,88.5,875821.0,14.8,49.6,1165.0,14828,15543,16.0,13828.0,246818.0,2025,457,1273,32,1926,255,1670,Kossuth
La Crosse County,WI,16.9,19.6,5.0,34.9,95.0,6625.0,0.5,4.7,1.6,2.1,0.0,1.9,91.3,89.5,63.0,47518,51026.0,173300.0,2.37,57882,32565,3.1,451.69,6.5,81.6,1941684.0,18.3,51.2,7585.0,120784,114638,253.8,243695.0,1891085.0,8313,2342,4717,441,7411,864,6820,La Crosse
La Paz County,AZ,39.8,16.6,4.6,12.0,76.9,800.0,18.1,0.9,1.2,28.3,0.2,3.0,76.7,56.5,71.5,9346,16316.0,79200.0,2.2,34643,22879,9.7,4499.63,18.0,87.8,884322.0,14.7,48.7,2526.0,16557,20489,4.6,256723.0,435958.0,1230,332,756,310,854,196,931,La Paz
La Plata County,CO,18.2,18.6,4.8,44.2,95.5,6793.0,7.7,0.7,0.7,12.8,0.1,2.6,88.2,78.3,70.7,21794,28581.0,395600.0,2.47,68685,39493,2.7,1692.08,9.4,86.1,84852.0,21.5,49.6,3291.0,55638,51334,30.3,209229.0,756871.0,7893,2405,4244,605,6967,881,6549,La Plata
La Salle County,TX,13.5,19.7,5.5,7.5,63.6,592.0,0.9,0.4,1.6,87.0,0.0,0.7,96.4,11.1,68.7,2269,3022.0,82300.0,2.85,50151,21110,7.8,1486.69,60.5,78.7,575658.0,27.1,41.2,401.0,6664,6886,4.6,33330.5,134422.0,657,171,426,412,221,0,611,La Salle
LaGrange County,IN,13.9,32.3,8.9,10.5,61.8,3847.0,0.3,0.4,0.5,4.2,0.0,0.8,97.9,94.0,82.1,12325,15045.0,195900.0,3.16,64498,24549,1.7,379.62,43.6,87.8,1416321.0,23.7,49.2,1410.0,40446,37128,97.8,39647.0,284357.0,4523,1118,2417,70,4331,221,4217,LaGrange
LaMoure County,ND,27.5,21.6,6.0,24.6,86.2,350.0,0.6,0.1,0.4,1.7,-1.0,0.9,98.0,96.5,76.9,1822,2268.0,107700.0,2.22,60806,37220,1.6,1145.94,10.2,92.9,118152.0,17.4,48.4,295.0,4093,4139,3.6,8750.0,133074.0,370,111,193,0,347,0,287,LaMoure
LaPorte County,IN,18.5,21.2,5.9,18.0,88.5,5909.0,0.5,0.7,11.6,6.9,0.0,2.4,84.9,78.8,72.3,43039,49315.0,132600.0,2.37,53658,27264,3.3,598.3,5.7,84.4,2644006.0,23.6,48.5,7544.0,112417,111467,186.3,357014.0,1367789.0,6912,2540,3371,790,5732,672,5865,LaPorte
LaSalle County,IL,19.4,21.3,5.5,17.8,88.6,5667.0,0.4,0.9,2.9,10.3,0.0,1.4,94.3,84.7,71.8,45095,50176.0,127200.0,2.36,58142,30277,3.7,1135.12,7.6,87.5,2345626.0,23.4,49.5,7043.0,109658,113924,100.4,188570.0,1689490.0,8012,2552,4334,430,7122,994,6429,LaSalle
La Salle Parish,LA,17.2,22.7,6.0,13.6,77.6,943.0,1.4,0.3,12.1,2.9,0.0,1.1,85.1,82.6,76.6,4814,6764.0,93000.0,2.81,42104,21654,2.0,624.68,1.9,89.8,1901186.0,41.8,48.0,730.0,14791,14890,23.8,61451.5,142279.0,906,352,476,49,804,44,830,La Salle
Labette County,KS,19.5,23.9,6.5,18.7,89.8,1147.0,2.4,0.5,4.3,4.7,0.1,4.1,88.7,85.0,69.5,8176,10032.0,76400.0,2.39,47643,24572,0.6,645.3,3.7,85.9,415109.0,15.1,50.0,1167.0,20184,21607,33.5,18695.0,198562.0,1325,399,658,122,1111,163,1069,Labette
Lac qui Parle County,MN,27.9,20.6,4.8,18.8,93.3,609.0,0.3,0.9,0.8,2.5,0.2,1.4,96.3,94.3,80.9,3090,3698.0,88600.0,2.13,53071,32437,2.7,765.02,4.2,88.9,763107.0,17.5,49.7,451.0,6719,7259,9.5,38159.0,67472.0,725,180,359,0,686,27,680,Lac qui Parle
Lackawanna County,PA,20.3,20.5,5.3,28.3,91.0,12392.0,0.3,3.1,4.2,8.4,0.1,1.9,90.4,83.8,64.3,87161,100864.0,152400.0,2.32,52821,29899,5.6,459.08,9.9,87.3,1779025.0,21.7,51.4,13240.0,215896,214437,467.1,411659.0,3186342.0,16099,4533,9777,1154,14386,1535,13620,Lackawanna
Laclede County,MO,17.8,24.7,6.9,14.6,85.2,2706.0,0.8,0.6,0.9,2.6,0.1,2.1,95.5,93.3,69.5,14112,16086.0,113900.0,2.49,47257,23051,1.0,764.72,2.1,87.6,1327517.0,21.1,50.8,3149.0,36039,35571,46.5,47944.0,502372.0,3312,834,1904,75,3062,367,2635,Laclede
Lafayette County,AR,24.7,18.5,5.0,15.8,79.7,326.0,0.5,0.6,36.3,2.9,0.0,1.3,61.2,59.1,79.1,2784,4413.0,64600.0,2.4,32397,25876,2.0,528.27,1.9,90.6,602802.0,25.6,51.1,426.0,6308,7645,14.5,3143.0,30468.0,597,110,346,74,499,80,488,Lafayette
Lafayette County,FL,17.3,19.9,4.0,11.8,75.3,357.0,0.8,0.3,12.7,13.9,0.1,1.6,84.5,71.8,84.4,2175,3411.0,104700.0,3.27,50165,20776,7.0,543.41,21.1,86.6,778359.5,28.0,44.0,645.0,8226,8870,16.3,222146.0,46605.0,559,137,227,48,500,30,518,Lafayette
Lafayette County,MO,18.9,23.0,5.9,20.3,90.6,2069.0,0.6,0.5,2.2,3.1,0.2,2.3,94.2,91.7,70.8,13050,14866.0,143500.0,2.45,58766,29565,1.4,628.43,2.0,85.3,468824.0,27.7,50.4,2036.0,32984,33381,53.1,24189.0,375476.0,3019,785,1493,71,2884,142,2556,Lafayette
Lafayette County,MS,13.3,18.5,5.1,45.6,90.4,4695.0,0.3,2.2,23.7,2.7,0.1,1.3,72.4,70.2,62.0,18721,26558.0,199700.0,2.61,50272,27765,3.7,631.71,5.2,74.8,167579.0,19.5,51.5,1949.0,55813,47351,75.0,135616.0,548785.0,4197,1333,2375,843,3085,488,3471,Lafayette
Lafayette County,WI,19.4,23.9,6.2,18.8,90.8,1333.0,0.6,0.5,0.5,4.3,0.0,0.9,97.5,93.7,76.4,6722,7339.0,140000.0,2.47,60691,28448,2.5,633.59,7.7,90.6,270160.0,25.4,49.4,971.0,16611,16836,26.6,60591.5,119538.0,1345,359,857,0,1279,270,1014,Lafayette
Lafayette Parish,LA,13.8,23.6,6.7,33.0,88.6,24831.0,0.4,2.0,26.9,4.6,0.0,1.6,69.1,65.2,64.8,91543,105058.0,185300.0,2.59,56999,31892,4.2,268.72,10.1,83.7,1901186.0,24.2,51.4,11770.0,241753,221578,824.6,782585.0,4355094.0,28206,9601,14648,5734,21516,2774,23703,Lafayette
Lafourche Parish,LA,16.0,23.0,6.3,16.9,78.2,7177.0,3.0,0.9,13.5,4.4,0.1,2.0,80.5,76.8,76.5,36895,41920.0,158000.0,2.6,55506,28683,2.9,1068.21,13.9,89.2,864113.0,29.3,50.9,3847.0,97557,96318,90.2,115300.0,965562.0,8009,2294,4411,1094,6599,637,6820,Lafourche
Lake County,CA,23.1,21.2,5.9,15.5,85.8,3898.0,4.5,1.4,2.1,22.0,0.3,4.7,87.0,68.9,66.4,25660,34572.0,219400.0,2.46,47040,27362,8.7,1256.46,16.2,82.6,80536.0,30.7,50.0,5360.0,68163,64665,51.5,88833.0,522337.0,4466,1624,2293,639,3713,503,3812,Lake
Lake County,CO,14.6,19.8,5.6,32.3,83.7,643.0,2.6,0.8,1.0,35.4,0.0,2.4,93.2,61.0,68.4,3392,4496.0,232100.0,2.24,50565,29122,9.4,376.91,18.5,83.7,80356.5,31.7,46.1,487.0,7436,7310,19.4,13108.0,37400.0,959,236,539,241,672,62,836,Lake
Lake County,FL,27.1,18.9,4.8,24.0,89.5,28499.0,0.6,2.3,11.5,16.7,0.2,2.1,83.4,68.7,74.5,134317,163586.0,181400.0,2.55,54513,28348,9.5,938.38,14.4,84.3,778359.5,30.0,51.6,32840.0,383956,297052,316.6,394919.0,3761049.0,25331,9390,13004,6642,17973,2735,21608,Lake
Lake County,IL,14.8,23.9,5.7,45.3,90.6,56075.0,0.9,8.4,7.5,22.4,0.1,2.2,80.9,60.6,73.0,246122,265507.0,265100.0,2.78,89427,45766,18.7,443.67,28.8,87.2,12045977.0,30.4,50.0,30351.0,714342,703462,1585.6,1399245.0,14900534.0,63647,21379,35255,12759,48789,4758,55982,Lake
Lake County,IN,16.9,23.2,5.9,22.6,88.7,29393.0,0.6,1.7,24.4,19.6,0.1,2.0,71.3,53.8,69.7,186731,214685.0,149500.0,2.57,56128,28923,6.8,498.96,14.7,87.1,30831866.0,29.2,51.6,26202.0,498700,496005,994.1,1167025.0,7495296.0,35497,14781,17088,13398,20759,2902,30882,Lake
Lake County,MI,29.8,16.5,4.7,11.9,82.4,605.0,0.9,0.3,8.0,2.5,0.0,3.0,87.9,86.0,84.2,4631,15508.0,88000.0,2.49,37320,20461,1.7,567.37,2.9,89.5,729708.0,27.0,49.5,1047.0,12096,11539,20.3,48682.5,60155.0,775,293,351,58,700,55,659,Lake
Lake County,MN,26.8,19.1,4.8,28.8,94.7,864.0,0.7,0.6,0.6,1.4,0.0,1.4,96.6,95.3,82.0,5192,8029.0,174700.0,1.98,61452,34207,1.4,2109.29,1.8,90.0,167759.0,21.2,48.7,853.0,10905,10866,5.2,36588.0,135970.0,1065,204,633,0,961,137,823,Lake
Lake County,MT,22.7,23.3,5.8,29.6,91.8,2502.0,24.6,0.5,0.5,4.8,0.1,7.0,67.2,65.0,72.0,11802,16958.0,253100.0,2.49,48829,25388,1.9,1490.15,4.8,85.0,72410.0,19.3,50.7,2453.0,31134,28746,19.3,33462.0,268340.0,3074,987,1460,403,2512,292,2513,Lake
Lake County,OH,20.6,19.7,4.9,27.4,92.3,16558.0,0.2,1.5,4.8,4.7,0.0,1.8,91.6,87.6,74.2,96361,103493.0,156200.0,2.35,64466,34409,5.5,227.49,7.6,89.1,6045164.0,23.5,51.2,14572.0,232603,230041,1011.2,406773.0,3504999.0,19663,5763,12263,1043,18008,2023,16825,Lake
Lake County,OR,25.5,19.1,4.9,16.4,86.5,496.0,2.6,1.3,0.7,8.6,0.2,4.0,91.2,84.0,61.9,3515,4553.0,146800.0,2.06,37898,24241,4.4,8138.98,6.5,81.9,34495.0,14.5,46.9,754.0,8160,7895,1.0,6631.0,74867.0,752,308,266,0,654,61,577,Lake
Lake County,SD,23.7,20.1,5.5,33.1,90.9,927.0,1.4,0.9,1.3,2.7,0.1,1.7,94.7,92.6,74.6,4700,5860.0,168400.0,2.55,61846,33728,2.0,563.28,3.3,80.9,374048.0,17.5,47.9,835.0,11059,11200,19.9,14331.0,162336.0,1452,450,705,48,1354,117,1213,Lake
Lake County,TN,16.7,14.3,4.1,9.4,72.9,310.0,0.5,0.2,28.0,2.6,0.0,2.0,69.3,67.2,54.7,2243,2596.0,81300.0,2.05,35191,15732,1.3,165.78,2.1,79.6,674991.0,18.1,37.2,420.0,7005,7832,47.2,5245.0,29796.0,401,167,196,64,312,42,333,Lake
Lake and Peninsula Borough,AK,11.5,28.6,9.9,16.1,88.0,240.0,61.7,3.1,1.3,3.5,0.3,10.0,23.7,22.3,71.5,421,1511.0,114900.0,3.03,44135,24836,2.2,23652.01,11.3,90.8,57077.0,5.8,48.9,61.0,1476,1631,0.1,9800.0,68485.5,456,51,366,291,152,135,315,Lake and Peninsula
Lake of the Woods County,MN,25.4,18.6,4.8,16.7,93.0,382.0,0.9,1.7,0.7,1.7,-1.0,2.6,94.1,92.5,80.9,1470,3886.0,161900.0,2.53,49967,25640,0.7,1297.87,1.0,89.0,763107.0,19.9,47.5,258.0,3763,4045,3.1,27738.0,53160.0,400,27,322,0,365,112,268,Lake of the Woods
Lamar County,AL,22.2,21.4,5.7,11.9,82.3,896.0,0.3,0.1,10.3,1.9,0.0,1.7,87.5,86.0,75.6,5856,7431.0,80900.0,2.34,38364,22636,0.8,604.85,1.0,89.8,334162.0,27.8,51.0,757.0,13972,14564,24.1,51801.0,80934.0,1115,501,471,135,926,88,971,Lamar
Lamar County,GA,17.4,20.8,5.8,15.8,87.0,1216.0,0.4,0.8,29.8,2.6,0.0,1.8,67.3,65.2,69.2,6494,7665.0,145600.0,2.69,44846,22413,2.0,183.5,2.8,88.4,230440.0,26.5,52.2,1271.0,18500,18317,99.8,13192.0,107195.0,1355,407,816,377,935,159,1122,Lamar
Lamar County,MS,14.4,24.7,6.5,34.1,89.4,4990.0,0.3,1.5,21.0,2.9,0.1,1.4,75.7,73.3,67.5,22116,24732.0,177700.0,2.79,60328,30062,2.8,497.06,4.5,80.2,483799.0,25.7,52.0,3782.0,64222,55658,112.0,118069.0,1041387.0,5185,1700,2884,707,4284,643,4152,Lamar
Lamar County,TX,19.5,23.6,6.5,18.7,84.3,4011.0,1.9,0.8,13.5,8.4,0.0,3.0,80.7,73.5,64.5,19793,22876.0,99100.0,2.47,45117,25038,4.0,907.19,8.6,83.8,2152642.0,19.8,51.9,3077.0,50088,49793,54.9,73051.0,678562.0,3717,1134,2122,779,2737,388,3125,Lamar
Lamb County,TX,17.4,27.5,7.0,14.4,74.9,795.0,1.7,0.5,4.6,56.1,0.1,1.8,91.2,38.9,71.5,4728,6062.0,65500.0,2.73,45111,22337,9.6,1016.18,41.1,84.3,575658.0,18.5,50.4,491.0,13045,13977,13.8,33330.5,92957.0,915,188,544,343,489,71,734,Lamb
Lamoille County,VT,17.9,20.2,5.1,38.2,92.8,2819.0,0.4,0.7,1.2,1.8,0.0,1.8,95.9,94.3,73.2,10546,13954.0,225600.0,2.34,64003,36747,3.0,458.8,3.7,86.1,442582.0,25.4,50.0,1540.0,25945,24475,53.3,183730.0,360393.0,3474,952,1980,98,3200,383,2855,Lamoille
Lampasas County,TX,20.2,21.6,5.2,19.9,91.0,1622.0,1.2,1.4,4.2,19.4,0.5,2.8,89.8,72.4,77.4,7807,9529.0,161600.0,2.64,60772,29412,4.8,712.84,11.4,91.7,575658.0,27.7,50.9,3554.0,21627,19677,27.6,19751.0,208945.0,1358,360,882,271,1036,147,1155,Lampasas
Lancaster County,NE,14.4,22.6,6.2,39.5,93.7,22126.0,1.0,4.8,4.3,7.4,0.1,3.0,86.8,80.6,59.8,124324,134986.0,177400.0,2.41,60527,32378,7.8,837.55,11.3,79.0,5963290.0,19.2,49.8,15225.0,322608,285407,340.8,598262.0,4322640.0,25691,8943,13181,2153,22447,2557,21671,Lancaster
Lancaster County,PA,18.4,23.4,6.5,27.3,85.0,43855.0,0.4,2.5,5.2,11.0,0.1,2.1,89.7,81.3,68.1,201620,213312.0,209400.0,2.63,66056,32194,5.0,943.81,17.0,87.7,13655747.0,23.3,51.0,28817.0,552984,519445,550.4,878433.0,6899629.0,47876,14101,28521,3569,42926,4103,41749,Lancaster
Lancaster County,SC,21.4,21.5,5.9,26.9,85.9,5937.0,0.3,1.6,21.4,5.9,0.0,1.6,75.1,70.0,79.7,33899,39578.0,199800.0,2.66,58849,30742,4.9,549.16,6.5,87.3,1292486.0,30.5,51.4,6151.0,96016,76652,139.6,65913.0,732889.0,5411,1948,2906,1097,4084,770,4278,Lancaster
Lancaster County,VA,36.7,15.5,4.0,31.5,90.4,1075.0,0.4,0.8,28.4,2.5,0.0,1.5,69.0,67.1,75.9,5062,7684.0,257200.0,2.09,53711,40062,2.7,133.25,3.6,87.7,476138.5,26.2,52.7,1242.0,10919,11391,85.5,18922.0,161485.0,1640,512,780,113,1485,161,1272,Lancaster
Lander County,NV,16.0,26.2,7.5,12.4,88.3,253.0,5.9,1.2,1.0,23.2,0.0,2.9,89.1,69.1,73.4,2198,2741.0,179900.0,2.54,88030,34000,10.7,5490.11,25.1,91.3,712978.0,22.7,48.6,392.0,5734,5775,1.1,6161.0,52041.0,298,120,114,58,221,38,231,Lander
Lane County,KS,23.5,22.0,5.7,23.1,94.3,183.0,1.3,0.3,1.2,8.9,0.1,3.1,94.0,86.6,75.6,757,975.0,90800.0,2.06,52125,28435,3.1,717.46,6.0,91.4,328053.5,15.2,49.6,111.0,1574,1750,2.4,13223.0,9634.0,193,71,108,0,181,34,147,Lane
Lane County,OR,19.9,18.2,4.8,30.5,91.9,25052.0,1.6,3.2,1.3,9.3,0.3,4.6,89.0,81.3,58.7,152312,164847.0,263200.0,2.4,52426,29705,5.8,4553.12,8.3,78.8,4039288.0,20.4,50.8,27587.0,382971,351715,77.2,711806.0,4291512.0,29453,10998,13952,2757,25307,2735,24803,Lane
Langlade County,WI,24.7,19.5,4.9,16.7,90.3,1213.0,1.4,0.5,1.2,2.1,0.0,1.7,95.2,93.6,77.1,8612,12632.0,113900.0,2.2,49491,27618,2.0,870.64,2.9,88.7,330235.0,20.2,49.6,1561.0,19491,19977,22.9,26071.0,428696.0,1977,386,1240,45,1830,250,1556,Langlade
Lanier County,GA,14.1,23.9,6.5,16.5,80.0,606.0,1.2,1.2,22.0,6.4,0.0,2.7,72.9,68.1,64.4,3714,4458.0,114900.0,2.71,40986,19207,1.4,185.26,1.6,83.4,554410.0,24.5,49.4,667.0,9877,10078,54.4,4587.0,198051.0,520,174,313,123,382,53,451,Lanier
Lapeer County,MI,18.9,20.3,4.7,18.3,90.9,6484.0,0.5,0.7,1.2,4.7,0.0,1.5,96.1,91.7,83.9,33700,36971.0,168800.0,2.56,62641,30344,2.4,643.01,4.1,89.2,1303527.0,34.8,49.3,5368.0,88619,88319,137.4,80176.0,867051.0,7177,2178,4252,284,6652,832,6060,Lapeer
Laramie County,WY,16.5,23.0,6.3,28.5,93.0,8945.0,1.1,1.4,2.5,14.9,0.2,3.0,91.9,78.6,69.8,39683,44388.0,227900.0,2.43,66910,35190,3.4,2685.91,6.5,82.6,2549809.0,15.9,49.3,10265.0,100512,91738,34.2,224832.0,1896243.0,9515,2958,4389,1012,7760,990,7582,Laramie
Larimer County,CO,16.2,19.4,4.9,47.3,95.9,33935.0,1.1,2.4,1.2,11.9,0.1,2.7,92.6,82.1,65.0,137021,154429.0,363800.0,2.45,71881,37363,5.6,2596.0,9.3,80.3,4275681.0,23.5,50.2,20741.0,359066,299630,115.4,756517.0,4341261.0,34949,12116,18007,3075,30704,3222,30055,Larimer
Larue County,KY,17.9,22.7,5.7,12.4,84.0,1037.0,0.3,0.3,3.1,3.2,0.2,1.8,94.3,91.4,74.1,5741,6437.0,115600.0,2.42,47643,24803,2.2,261.52,3.1,91.5,559741.0,27.0,50.6,1115.0,14867,14193,54.3,5155.0,63929.0,1114,420,590,43,1023,87,979,Larue
Las Animas County,CO,25.4,17.9,4.6,19.5,87.9,1026.0,3.8,1.3,2.2,40.4,0.1,2.5,90.0,54.0,67.4,6670,8626.0,151100.0,2.01,41817,25813,5.3,4772.67,14.3,81.4,8981.0,21.2,47.8,1239.0,14555,15507,3.2,30919.0,178940.0,1362,359,723,306,937,129,1126,Las Animas
Lassen County,CA,15.5,17.3,4.8,12.9,83.2,1116.0,4.3,1.6,8.4,19.3,0.9,4.0,80.9,64.7,67.6,9280,12784.0,203000.0,2.26,56352,22134,5.6,4541.18,18.4,73.5,2696230.0,20.6,37.8,1984.0,32730,34895,7.7,35984.0,215837.0,1236,410,564,231,938,97,1025,Lassen
Latah County,ID,14.1,18.4,5.3,45.4,95.8,2695.0,0.9,2.4,1.1,4.5,0.2,3.1,92.3,88.5,54.3,15422,17364.0,228200.0,2.35,49158,27011,6.1,1076.0,6.2,75.8,172944.0,19.0,49.2,2096.0,39517,37244,34.6,11378.5,356080.0,3035,857,1392,163,2700,170,2559,Latah
Latimer County,OK,22.1,21.8,6.1,17.2,87.8,794.0,23.6,0.6,1.3,4.2,0.0,9.0,65.4,63.3,69.8,4088,5040.0,87000.0,2.44,44214,25240,1.5,722.08,3.0,83.3,460737.5,25.0,49.5,971.0,9444,11154,15.4,40216.0,52519.0,936,272,528,163,697,135,734,Latimer
Lauderdale County,AL,20.5,19.5,5.1,23.5,87.4,6645.0,0.4,0.8,10.0,2.9,0.1,1.7,87.0,84.6,68.1,38471,45611.0,145000.0,2.35,48094,28033,2.0,667.7,3.5,82.8,778187.0,24.3,52.0,6002.0,93564,92709,138.8,159073.0,1190789.0,8552,2504,4797,699,7362,846,6928,Lauderdale
Lauderdale County,MS,17.8,23.3,6.3,19.7,84.5,5084.0,0.3,0.8,44.2,2.3,0.0,1.1,53.6,52.0,64.5,29736,35399.0,96300.0,2.45,42534,24698,1.9,703.63,3.0,85.6,779403.0,20.3,51.6,4963.0,72984,80261,114.1,173951.0,1488172.0,6374,2352,3303,1945,4107,726,5174,Lauderdale
Lauderdale County,TN,16.3,22.1,5.8,8.3,77.1,1238.0,0.8,0.6,35.1,2.7,0.0,1.7,61.9,60.0,56.1,9675,11323.0,84100.0,2.39,39896,18515,1.9,471.99,2.7,83.2,209088.0,25.3,48.1,1322.0,25143,27815,58.9,40960.0,161657.0,1551,687,766,406,1101,129,1362,Lauderdale
Laurel County,KY,16.7,23.1,6.2,14.4,81.1,4112.0,0.4,0.6,0.8,1.6,0.0,1.2,97.0,95.6,69.9,22573,26007.0,112000.0,2.63,41526,22398,0.8,433.95,1.6,89.8,924050.0,20.6,51.0,3225.0,62613,58849,135.6,101889.0,1015103.0,4873,1628,2695,165,4511,571,4083,Laurel
Laurens County,GA,18.1,24.5,6.6,16.2,85.9,3929.0,0.4,1.2,37.5,2.9,0.0,1.3,59.6,57.4,64.2,17142,21633.0,94600.0,2.71,39120,21665,1.8,807.3,3.3,89.1,639983.0,24.4,52.7,3211.0,49570,48434,60.0,77822.0,700527.0,4393,1671,2355,1568,2659,525,3648,Laurens
Laurens County,SC,18.8,21.9,5.9,16.2,80.9,3528.0,0.4,0.6,25.2,5.3,0.1,1.6,72.0,67.7,69.8,25563,31734.0,101200.0,2.52,43304,23004,2.7,713.8,5.1,83.9,1728181.0,24.9,51.7,4226.0,67539,66537,93.2,56628.0,412059.0,3848,1203,2247,677,3027,479,3176,Laurens
Lavaca County,TX,23.7,23.3,5.8,16.7,85.6,1864.0,0.7,0.5,6.5,19.6,0.1,1.4,90.8,72.8,74.3,7826,10544.0,162400.0,2.5,54403,32188,5.0,969.71,16.3,85.7,377544.0,28.5,51.1,1198.0,20337,19263,19.9,19532.0,178760.0,1778,456,1098,316,1409,131,1552,Lavaca
Lawrence County,AL,19.1,21.5,5.6,12.6,79.3,1980.0,5.8,0.2,10.9,2.4,0.0,4.9,78.2,76.3,77.7,12677,15363.0,110500.0,2.59,44886,23450,0.9,690.68,1.8,91.1,778187.0,29.5,51.3,1533.0,33073,34339,49.7,51801.0,218020.0,2226,895,1080,407,1754,239,1913,Lawrence
Lawrence County,AR,19.9,22.2,6.1,15.4,84.1,1186.0,0.6,0.3,1.2,1.8,0.0,1.3,96.5,94.8,67.3,6463,8028.0,76800.0,2.48,39993,21473,0.8,587.61,1.4,83.9,73224.0,26.7,51.0,1082.0,16216,17415,29.6,9212.0,196284.0,1384,517,683,0,1333,73,1250,Lawrence
Lawrence County,IL,17.9,18.9,5.0,14.9,84.9,747.0,0.5,0.5,10.3,4.0,0.0,1.1,87.6,84.4,74.2,6306,7223.0,78400.0,2.16,46636,23613,2.3,372.18,5.8,84.1,741144.5,21.2,44.0,1050.0,15280,16833,45.2,38907.0,117253.0,1221,345,717,0,1157,161,947,Lawrence
Lawrence County,IN,20.6,21.3,5.5,15.8,88.3,2577.0,0.4,0.7,0.5,1.7,0.0,1.3,97.0,95.6,77.0,18781,21176.0,117400.0,2.39,53610,26603,1.4,449.17,1.7,90.1,437348.0,23.7,50.5,3654.0,45011,46134,102.7,52189.0,519213.0,3463,1023,1713,76,3216,376,2820,Lawrence
Lawrence County,KY,18.0,23.7,6.5,9.8,75.1,709.0,0.2,0.3,0.4,1.4,0.1,1.7,97.4,96.4,74.9,5784,7485.0,79400.0,2.69,32798,18124,0.3,415.6,0.8,94.7,559741.0,30.0,50.5,535.0,16293,15860,38.2,35974.5,161528.0,941,337,480,31,855,68,800,Lawrence
Lawrence County,MO,18.4,25.3,6.8,16.0,84.7,2655.0,1.2,0.6,0.7,7.9,0.1,2.1,95.4,88.4,71.8,14787,16721.0,109600.0,2.54,44742,22957,3.1,611.74,7.7,84.7,629859.0,23.3,50.3,2901.0,38001,38634,63.2,24875.0,449045.0,3085,927,1622,214,2753,135,2811,Lawrence
Lawrence County,MS,18.2,24.7,6.2,17.6,81.7,780.0,0.3,0.4,32.4,2.2,0.0,0.9,66.0,64.4,75.2,4849,6225.0,94800.0,2.61,41914,22980,0.7,430.67,1.5,92.5,483799.0,35.7,51.5,552.0,12016,12929,30.0,4010.0,62461.0,828,341,391,224,563,179,608,Lawrence
Lawrence County,OH,19.1,21.6,5.5,14.9,87.5,2682.0,0.2,0.5,2.1,1.0,0.0,1.6,95.5,94.7,72.2,23221,27534.0,106500.0,2.56,45118,24562,0.8,453.37,1.1,88.9,2276097.0,23.4,51.3,4142.0,58240,62450,137.7,58931.0,553826.0,3658,1137,2109,111,3375,365,3081,Lawrence
Lawrence County,PA,22.5,19.9,5.3,22.1,90.8,5025.0,0.2,0.5,4.4,1.6,0.0,2.1,92.9,91.6,74.5,37055,41361.0,111300.0,2.28,50204,28926,1.5,358.18,4.3,89.3,1819437.0,23.5,51.6,6299.0,86070,91108,254.4,89022.0,838738.0,6244,1952,3411,237,5701,611,5196,Lawrence
Lawrence County,SD,22.9,17.5,4.2,35.0,93.5,2631.0,2.3,1.2,0.8,3.5,0.1,2.2,93.4,90.6,64.7,11048,14399.0,207900.0,2.18,52641,31712,2.7,800.04,3.0,80.1,130923.0,17.4,49.9,2251.0,25768,24097,30.1,197149.0,434016.0,3407,965,1668,81,3223,412,2694,Lawrence
Lawrence County,TN,17.9,24.9,6.7,14.3,83.4,2994.0,0.5,0.5,1.8,2.4,0.0,1.7,95.4,93.3,75.3,15960,18268.0,112500.0,2.69,43614,21720,1.1,617.13,5.0,90.6,397620.0,26.8,50.7,2666.0,44159,41869,67.8,44648.0,384198.0,3308,986,1979,165,3012,434,2728,Lawrence
Le Flore County,OK,18.3,23.9,6.1,14.6,83.5,3084.0,14.1,0.7,2.0,7.2,0.2,6.1,76.8,71.0,71.0,18261,22203.0,90300.0,2.67,40677,20902,3.1,1589.21,5.9,86.7,460737.5,24.3,49.8,3830.0,48129,50384,31.7,40216.0,406799.0,3789,1282,1937,601,3024,447,3159,Le Flore
Le Sueur County,MN,17.7,23.9,6.2,23.0,93.9,1978.0,0.5,0.7,0.9,6.8,0.0,1.2,96.6,90.3,81.6,10939,12878.0,207400.0,2.55,71080,33311,2.6,448.76,6.0,87.7,883359.0,26.5,49.5,1744.0,28674,27703,61.7,18220.0,210659.0,2459,526,1448,54,2318,310,1945,Le Sueur
Lea County,NM,11.4,29.7,8.0,13.6,74.3,3854.0,2.0,0.7,4.3,60.1,0.1,1.6,91.3,34.3,66.8,22523,27028.0,133100.0,3.0,60546,25585,16.9,4390.93,37.4,88.9,268581.0,21.2,48.6,2168.0,74455,64727,14.7,132122.0,919840.0,4238,1249,2260,1496,2476,333,3545,Lea
Leake County,MS,16.7,25.5,6.4,14.3,78.6,1299.0,6.8,0.5,42.1,4.8,0.0,1.1,49.4,46.6,70.8,8105,9622.0,83300.0,2.74,37096,19893,2.1,583.0,7.2,90.7,483799.0,29.4,48.4,955.0,21275,23805,40.8,26152.0,173043.0,1466,638,719,490,937,139,1226,Leake
Leavenworth County,KS,15.0,23.4,6.4,31.5,92.2,3971.0,0.9,1.5,9.3,7.3,0.2,3.3,84.8,78.7,67.4,27253,30242.0,182900.0,2.75,73013,32444,2.7,462.83,4.7,79.1,455777.0,23.2,46.7,9567.0,81881,76227,164.7,66690.0,541471.0,4339,1543,1961,478,3658,561,3369,Leavenworth
Lebanon County,PA,19.9,22.7,5.8,20.7,87.2,8503.0,0.4,1.5,3.7,14.1,0.1,1.7,92.6,81.0,70.0,53579,58254.0,171300.0,2.55,60281,29130,4.4,361.83,13.2,86.4,2743814.0,23.0,50.8,9123.0,143257,133568,369.1,146138.0,1695685.0,9112,2578,5327,758,7999,881,7856,Lebanon
Lee County,AL,12.4,21.1,5.8,35.3,90.9,10729.0,0.4,4.2,22.9,3.7,0.1,1.7,70.7,67.7,61.6,60237,71225.0,169300.0,2.58,51463,27860,5.6,607.54,7.3,80.3,2386054.0,23.1,50.9,9950.0,174241,140247,230.8,271574.0,1632058.0,11573,3675,6800,2824,8270,1020,9885,Lee
Lee County,AR,20.2,18.4,5.2,10.7,75.8,656.0,0.6,0.6,54.4,2.3,0.0,1.4,43.1,41.3,59.8,3206,4362.0,74000.0,2.36,29681,16968,1.1,602.62,2.9,82.2,5179.0,21.1,43.7,338.0,8600,10424,17.3,3061.0,43809.0,701,316,286,381,299,113,554,Lee
Lee County,FL,29.2,17.3,4.6,28.2,88.4,73304.0,0.5,1.8,9.1,22.5,0.1,1.7,86.8,66.2,72.3,275965,408561.0,224800.0,2.64,57832,33543,16.7,784.51,22.9,85.6,812798.0,27.5,51.0,57368.0,760822,618754,788.7,1346619.0,9445269.0,65221,22438,34637,17710,45768,6478,55852,Lee
Lee County,GA,13.0,26.2,6.3,25.4,90.9,2308.0,0.3,2.6,23.2,3.2,0.1,1.4,72.3,69.7,72.8,10226,11543.0,152800.0,2.78,69280,29348,3.7,355.78,4.9,86.3,554410.0,21.4,49.8,2201.0,33163,28298,79.5,11897.0,154999.0,2186,775,1280,469,1668,367,1672,Lee
Lee County,IA,21.0,21.2,5.8,16.4,93.0,1804.0,0.3,0.6,3.1,3.7,0.0,2.1,93.8,90.6,74.4,14233,16235.0,94500.0,2.32,49564,26710,1.0,517.52,2.4,89.2,2511653.0,18.0,49.6,2504.0,33555,35862,69.3,38688.0,474279.0,2591,761,1241,92,2387,344,2021,Lee
Lee County,IL,20.2,19.6,5.0,18.2,88.8,1915.0,0.4,0.8,5.6,6.6,0.0,1.5,91.7,85.9,72.3,13788,15088.0,119900.0,2.25,58194,29984,2.5,724.9,4.8,85.7,1193573.0,21.8,46.9,2056.0,34145,36031,49.7,38907.0,379892.0,2301,716,1269,40,2130,203,1939,Lee
Lee County,KY,17.2,18.5,5.3,8.3,68.1,420.0,0.5,0.2,2.8,1.4,-1.0,1.1,95.4,94.2,68.9,2839,3494.0,63000.0,2.28,25275,17386,0.8,208.86,1.4,88.7,559741.0,37.1,44.0,262.0,7395,7887,37.8,35974.5,63926.0,509,124,347,0,480,54,420,Lee
Lee County,MS,15.2,24.9,6.7,24.4,83.6,6530.0,0.3,1.0,30.6,2.7,0.0,1.3,66.8,64.6,67.9,32099,37123.0,133700.0,2.62,50559,26369,2.1,449.95,3.3,87.4,3413976.0,20.5,52.3,4111.0,83343,82910,184.3,199255.0,1628067.0,7338,2189,4294,1269,5687,718,6133,Lee
Lee County,NC,16.8,23.7,6.3,21.5,83.5,4005.0,1.3,1.4,20.0,19.6,0.2,2.4,74.7,57.8,66.7,21894,24728.0,144200.0,2.72,49994,24842,9.5,254.96,17.6,88.1,2751473.0,25.5,51.2,4029.0,63285,57866,227.0,84242.0,832196.0,4810,1668,2606,928,3688,628,3835,Lee
Lee County,SC,19.7,19.8,5.0,15.9,81.5,809.0,0.4,0.5,63.4,2.5,0.0,1.2,34.5,32.8,74.7,6423,7808.0,78800.0,2.47,32371,19300,1.5,410.18,2.6,92.3,1460241.0,26.0,49.5,917.0,16531,19220,46.9,10117.0,86039.0,845,471,323,474,342,58,742,Lee
Lee County,TX,18.7,21.7,6.0,14.6,84.6,1562.0,1.1,0.6,10.8,24.5,0.2,1.7,85.5,62.8,80.6,6036,7829.0,138700.0,2.74,54744,27227,8.4,629.02,17.6,88.2,108640.0,29.1,49.7,1095.0,17478,16612,26.4,15928.0,151643.0,1819,530,940,369,1377,83,1636,Lee
Lee County,VA,22.2,18.5,4.5,11.2,76.7,1044.0,0.4,0.3,3.7,2.0,0.0,1.0,94.5,92.9,70.8,9149,11781.0,88100.0,2.45,32888,19720,1.3,435.52,2.7,88.3,476138.5,31.5,47.9,1402.0,22173,25587,58.8,44317.0,208128.0,1530,394,779,0,1482,125,1258,Lee
Leelanau County,MI,32.0,16.1,4.1,44.7,95.7,2955.0,3.6,0.6,0.8,4.5,0.1,2.0,93.0,89.9,88.3,9139,15917.0,268400.0,2.32,65249,39073,3.0,347.17,4.6,89.9,729708.0,23.1,50.7,1572.0,22301,21708,62.5,46516.0,139265.0,3032,896,1868,133,2815,293,2689,Leelanau
Leflore County,MS,14.7,27.7,7.8,18.5,81.6,1622.0,0.5,0.6,75.0,2.8,0.0,0.8,23.1,21.6,50.6,9962,13086.0,81200.0,2.79,26735,18419,2.0,592.54,3.1,92.5,483799.0,15.5,53.5,580.0,28339,32317,54.5,63379.0,465597.0,2158,699,1148,759,1247,263,1627,Leflore
Lehigh County,PA,17.1,22.5,5.9,29.9,89.0,23959.0,1.0,3.8,9.9,26.2,0.2,2.7,82.4,62.5,64.4,138714,147112.0,208200.0,2.56,63897,33566,11.8,345.17,24.6,86.5,9889547.0,24.8,51.0,18261.0,374557,349497,1012.5,633017.0,5550392.0,26456,8240,15555,5698,19714,2144,22868,Lehigh
Lemhi County,ID,30.6,18.6,4.9,22.9,92.1,795.0,1.3,0.4,0.4,3.5,0.0,2.2,95.7,93.1,77.6,3582,4948.0,177000.0,2.13,39324,25075,2.2,4563.39,2.0,81.9,12159.0,15.7,49.5,910.0,7974,7936,1.7,10344.0,98352.0,797,325,369,0,734,41,721,Lemhi
Lenawee County,MI,19.4,20.8,5.3,21.0,90.9,6026.0,0.6,0.5,3.0,8.2,0.0,2.2,93.7,86.5,77.5,38345,43969.0,139400.0,2.43,55450,27850,2.3,749.56,5.0,87.1,2047223.0,27.2,49.5,6422.0,99423,99892,133.3,105657.0,961600.0,6935,2347,3589,281,6448,353,6169,Lenawee
Lenoir County,NC,20.2,22.4,5.6,14.9,79.7,3234.0,0.6,0.7,41.4,7.9,0.2,1.6,55.4,48.9,59.3,23148,27712.0,95500.0,2.39,39402,23865,4.4,400.59,7.9,84.6,1006562.0,23.4,52.2,4212.0,55122,59495,148.5,78364.0,728897.0,4470,1449,2601,1146,3141,881,3289,Lenoir
Leon County,FL,13.9,18.6,5.2,46.2,93.5,22644.0,0.3,3.6,32.0,6.7,0.1,2.4,61.5,55.9,53.0,113658,132789.0,203100.0,2.42,53106,30586,6.8,666.85,10.0,75.5,400042.0,20.9,52.7,14916.0,292198,275487,413.1,628981.0,3482390.0,22603,8464,11830,6295,15236,2663,18522,Leon
Leon County,TX,24.9,22.4,6.1,14.0,81.8,1529.0,0.9,0.7,7.3,15.0,0.0,1.4,89.7,75.8,77.4,6443,9894.0,111000.0,2.66,43045,30129,5.2,1073.15,11.5,88.8,575658.0,30.0,50.3,1313.0,15719,16801,15.7,18046.0,156817.0,1452,392,699,168,1220,131,1161,Leon
Leslie County,KY,18.7,21.4,5.5,8.7,71.3,490.0,0.2,0.3,0.4,0.8,0.1,1.1,98.0,97.3,81.4,4076,5429.0,64100.0,2.45,31627,15838,0.3,400.84,0.9,90.3,559741.0,33.4,50.0,418.0,10513,11310,28.2,35974.5,55585.0,417,170,176,0,394,0,380,Leslie
Letcher County,KY,19.9,21.7,5.8,12.1,75.7,1137.0,0.2,0.2,0.6,0.8,-1.0,0.8,98.2,97.4,74.2,9721,11802.0,58600.0,2.27,29886,20641,0.4,337.91,1.1,92.4,559741.0,26.5,51.1,696.0,21548,24519,72.6,35974.5,151242.0,1493,496,854,0,1441,116,1332,Letcher
Levy County,FL,25.1,19.4,5.1,12.2,84.9,2959.0,0.7,0.9,9.3,8.8,0.1,2.0,87.0,79.2,77.7,16374,20942.0,105700.0,2.44,37326,21579,4.3,1118.21,7.2,87.2,778359.5,29.9,51.1,4666.0,42915,40801,36.5,28812.0,360765.0,2883,1092,1425,496,2291,320,2401,Levy
Lewis County,ID,26.9,21.7,4.6,17.9,88.5,268.0,6.6,1.7,0.6,4.7,0.2,3.4,87.5,83.7,69.4,1646,1991.0,132300.0,2.31,41198,24094,2.2,478.8,3.8,88.4,45848.0,22.7,49.1,387.0,3533,3821,8.0,4908.0,26524.0,462,171,220,0,428,63,380,Lewis
Lewis County,KY,18.5,21.9,5.9,9.1,75.8,873.0,0.3,0.1,0.4,0.8,-1.0,0.8,98.4,97.7,74.0,5268,6595.0,65500.0,2.52,31147,19860,0.2,482.84,1.6,90.8,94794.0,39.7,50.1,752.0,13080,13870,28.7,35974.5,70452.0,1043,246,679,0,1011,182,830,Lewis
Lewis County,MO,18.8,22.1,6.0,13.6,88.5,669.0,0.5,0.4,3.2,1.9,0.1,1.7,94.1,92.5,76.1,3752,4546.0,87900.0,2.43,45988,22739,0.8,505.04,2.3,87.6,468824.0,24.4,49.8,800.0,10032,10211,20.2,4077.0,85692.0,672,173,364,0,577,0,558,Lewis
Lewis County,NY,19.0,22.8,6.2,18.4,90.1,1677.0,0.3,0.4,0.7,1.8,0.1,1.1,97.3,95.9,80.8,10247,15817.0,120200.0,2.56,54524,26708,1.6,1274.68,2.9,92.6,532658.0,23.9,49.3,1580.0,26582,27087,21.3,19061.0,258687.0,1843,454,1005,32,1725,90,1657,Lewis
Lewis County,TN,21.3,21.9,5.7,10.4,84.3,911.0,0.7,0.6,2.1,2.5,0.1,1.5,95.0,92.9,78.0,4715,5633.0,95600.0,2.5,37277,21516,1.7,282.09,3.7,93.4,45961.0,26.0,51.1,745.0,12582,12161,43.1,40960.0,179508.0,1024,291,594,35,954,142,843,Lewis
Lewis County,WA,21.3,21.3,5.9,17.7,87.5,3733.0,2.0,1.3,0.9,10.5,0.3,3.5,92.0,82.9,70.6,30618,35686.0,209600.0,2.52,53484,27127,5.2,2402.8,9.0,83.7,1238119.0,28.5,49.9,7335.0,82149,75455,31.4,93638.0,912245.0,5007,1494,2349,421,4314,733,3876,Lewis
Lewis County,WV,21.1,21.0,5.3,14.5,88.4,819.0,0.3,0.6,0.7,1.2,0.0,1.3,97.1,96.1,71.5,6574,7963.0,104200.0,2.42,39908,23820,1.0,384.9,1.6,87.9,258272.0,29.7,50.2,1275.0,17033,16372,42.5,34321.0,301204.0,1206,384,730,25,1109,94,993,Lewis
Lewis and Clark County,MT,19.4,21.3,5.8,40.1,95.6,5758.0,2.3,0.7,0.5,3.4,0.1,2.7,93.8,91.0,69.4,27893,31943.0,243000.0,2.37,65791,34504,1.2,3458.83,2.7,82.5,16801.0,16.8,50.5,6385.0,70973,63395,18.3,142037.0,998616.0,6954,2349,3321,351,6261,754,5597,Lewis and Clark
Lexington County,SC,16.2,23.0,5.7,30.4,89.6,20798.0,0.5,2.2,15.7,6.3,0.1,2.0,79.5,74.2,74.2,113104,127977.0,157000.0,2.54,61173,31671,5.0,698.91,7.1,86.5,3620311.0,25.9,51.4,22020.0,293991,262391,375.4,455202.0,3974471.0,22225,7429,12604,3127,18345,2992,18152,Lexington
Lexington city,VA,15.6,9.0,2.3,46.7,91.4,1479.0,0.0,3.5,8.8,6.1,0.0,2.8,83.7,79.1,52.4,2158,11797.5,235700.0,2.02,42632,19047,4.7,2.5,6.2,79.8,476138.5,15.9,43.2,293.0,7320,7042,2820.3,34160.0,92664.0,689,270,337,25,598,94,522,Lexington
Liberty County,FL,15.0,17.4,4.4,14.4,81.4,420.0,1.2,0.5,19.7,7.0,0.0,1.7,76.8,71.0,75.4,2459,3459.0,75100.0,2.81,38015,17872,5.5,835.56,4.6,87.2,138682.0,29.1,38.1,553.0,7974,8365,10.0,1970.0,30219.0,385,125,246,34,337,50,321,Liberty
Liberty County,GA,9.6,28.3,10.4,18.3,90.7,3214.0,0.8,2.1,45.0,12.7,0.6,4.7,46.9,37.7,45.7,23485,28762.0,124500.0,2.53,48007,22811,5.7,489.8,12.8,69.5,554410.0,21.9,49.8,8982.0,65256,63453,129.5,33983.0,564050.0,3225,1389,1508,1667,1403,283,2767,Liberty
Liberty County,MT,22.1,20.2,5.0,15.2,70.2,137.0,0.9,0.2,0.5,0.8,0.0,2.0,96.4,95.6,63.0,895,1047.0,101100.0,2.6,44875,43320,0.6,1430.05,24.0,96.7,16801.0,10.2,51.6,186.0,1959,2339,1.6,749.0,12814.0,124,0,62,0,110,0,109,Liberty
Liberty County,TX,12.9,27.0,7.3,9.7,77.3,6169.0,1.2,0.7,9.7,28.6,0.1,1.7,86.5,60.1,75.5,26873,32718.0,111600.0,2.84,51494,23461,8.1,1158.42,21.4,81.6,575658.0,37.0,50.6,5459.0,91628,75643,65.3,67518.0,796648.0,5143,1742,2761,1446,3535,483,4447,Liberty
Licking County,OH,16.8,23.0,6.0,26.1,91.5,12173.0,0.3,2.3,4.2,2.1,0.1,2.4,90.8,89.1,72.9,64035,71200.0,170200.0,2.65,64589,31617,2.6,682.5,3.8,86.5,2958944.0,26.2,50.9,12600.0,178519,166492,243.9,212700.0,2454948.0,13336,4400,7470,694,12249,1440,11032,Licking
Limestone County,AL,15.2,22.3,5.5,25.7,84.7,6237.0,0.8,1.7,13.9,6.2,0.2,2.4,81.0,75.8,77.6,32143,36526.0,158800.0,2.86,59686,28411,3.7,559.94,6.7,86.5,841436.0,27.0,50.0,7168.0,103570,82782,147.8,81402.0,777105.0,5969,2245,3073,852,4938,759,5016,Limestone
Limestone County,TX,19.9,22.0,6.1,14.8,81.1,1320.0,1.2,0.8,17.5,22.6,0.1,1.8,78.6,58.1,74.1,8377,10799.0,95400.0,2.68,44418,22595,9.4,905.29,18.9,86.4,193162.0,22.0,48.7,1517.0,22146,23384,25.8,22132.0,263781.0,1179,377,540,273,798,75,1011,Limestone
Lincoln County,AR,15.9,16.3,4.0,9.7,81.1,540.0,0.6,0.4,30.0,4.2,0.0,1.5,67.6,64.1,77.1,3773,4969.0,76300.0,2.22,46596,14764,1.8,561.52,4.5,86.6,602802.0,25.8,38.6,757.0,12941,14134,25.2,17679.0,57506.0,663,252,319,170,470,26,578,Lincoln
Lincoln County,CO,17.6,20.4,5.6,12.6,90.9,386.0,1.4,1.0,5.5,14.8,0.1,1.9,90.1,77.0,70.6,1518,2511.0,147100.0,2.31,47258,16753,4.4,2577.63,9.7,91.6,80356.5,17.3,41.6,378.0,5675,5467,2.1,9595.0,183874.0,323,86,149,44,257,0,247,Lincoln
Lincoln County,GA,24.5,18.6,5.2,15.9,82.1,627.0,0.6,0.5,28.9,2.1,0.1,1.7,68.3,66.7,75.0,3475,4923.0,127700.0,2.23,39742,26918,0.9,210.38,2.5,93.6,10671.0,35.0,51.4,579.0,7690,7996,38.0,33983.0,38815.0,676,273,380,90,580,94,575,Lincoln
Lincoln County,ID,14.1,27.4,6.4,10.3,76.6,260.0,1.9,0.7,0.5,31.4,0.2,2.4,94.3,64.9,68.2,1724,2017.0,145600.0,3.08,50053,21656,15.6,1201.41,24.9,88.4,172944.0,29.6,48.2,307.0,5127,5208,4.3,1164.0,111149.5,356,64,160,0,309,0,320,Lincoln
Lincoln County,KS,25.4,21.7,4.8,22.8,93.3,233.0,0.9,0.4,0.7,3.7,-1.0,1.3,96.7,93.4,77.9,1248,1845.0,72700.0,2.39,45076,25803,0.4,719.4,2.4,91.3,328053.5,21.1,49.9,235.0,2939,3241,4.5,13223.0,9154.0,325,48,177,0,289,0,264,Lincoln
Lincoln County,KY,18.8,23.7,6.6,13.0,79.9,1619.0,0.3,0.3,2.2,1.7,0.0,1.5,95.7,94.3,78.3,9697,11094.0,106400.0,2.5,42919,21480,1.0,334.1,3.4,87.9,188068.0,28.7,51.0,1392.0,24275,24742,74.1,12577.0,145878.0,2089,459,1279,89,1966,243,1809,Lincoln
Lincoln County,ME,28.2,16.8,4.5,33.5,93.1,4657.0,0.4,0.8,0.6,1.3,0.0,1.4,96.8,95.7,79.2,15336,24162.0,215400.0,2.19,57720,33595,2.7,455.82,2.7,89.0,747387.5,25.8,51.0,3272.0,35237,34457,75.6,84629.0,421732.0,6466,1667,3503,84,6253,869,5193,Lincoln
Lincoln County,MN,25.1,23.4,6.2,19.3,91.9,494.0,0.5,0.5,0.3,2.3,0.1,1.2,97.4,95.5,78.8,2468,3145.0,103100.0,2.23,53077,30253,1.0,536.76,1.3,86.4,763107.0,23.0,49.5,422.0,5640,5896,11.0,38159.0,66946.0,578,74,387,0,550,34,497,Lincoln
Lincoln County,MO,13.7,25.4,7.1,16.8,89.5,3602.0,0.4,0.5,2.0,2.6,0.1,1.9,95.1,92.9,78.5,19286,21976.0,163300.0,2.89,64196,26848,1.2,626.56,1.7,87.8,387242.0,33.8,50.0,3654.0,59574,52566,83.9,22307.0,447830.0,4190,1406,2155,115,3948,551,3438,Lincoln
Lincoln County,MS,17.5,23.3,6.0,16.2,86.3,2718.0,0.2,0.4,30.3,1.3,0.0,1.1,67.9,66.9,75.3,12699,15706.0,99500.0,2.65,42606,23541,0.5,586.12,1.1,91.8,483799.0,27.2,52.2,1202.0,34907,34869,59.5,43588.0,540559.0,2307,851,1131,659,1550,172,1999,Lincoln
Lincoln County,MT,29.5,17.9,4.2,19.6,89.6,1715.0,1.3,0.4,0.4,3.3,0.1,2.8,94.8,92.3,80.3,8122,11610.0,198200.0,2.38,40140,25081,3.5,3612.92,5.3,89.0,16801.0,17.0,49.9,2365.0,19677,19687,5.4,26373.0,172571.0,2090,569,1055,48,1897,177,1745,Lincoln
Lincoln County,NC,17.9,21.1,5.2,23.0,87.9,6357.0,0.5,0.8,5.8,7.5,0.1,1.6,91.3,84.6,76.4,32894,37525.0,172000.0,2.5,57536,31771,4.7,297.94,7.0,89.0,1884896.0,30.3,50.4,5821.0,86810,78265,262.7,75439.0,789837.0,5274,1742,2876,558,4578,455,4547,Lincoln
Lincoln County,NE,20.1,23.4,6.0,23.2,93.5,2234.0,1.1,0.9,1.3,9.1,0.1,1.6,95.1,87.2,67.0,14856,16889.0,139400.0,2.32,59795,31567,2.8,2564.07,5.2,83.7,200760.0,15.5,50.4,2649.0,34676,36288,14.2,4370.0,728760.0,3224,1035,1625,100,2949,376,2503,Lincoln
Lincoln County,NM,29.2,18.2,4.7,25.8,89.5,1895.0,4.4,0.6,1.1,34.4,0.1,1.8,91.9,60.3,80.6,7566,18366.0,193900.0,2.54,46216,27454,7.9,4831.09,21.0,88.6,268581.0,18.1,51.3,1927.0,20269,20497,4.2,60518.0,279667.0,2794,1010,1108,513,2105,248,2381,Lincoln
Lincoln County,NV,25.3,19.7,5.2,19.6,86.2,312.0,1.9,0.7,3.3,7.8,0.4,2.5,91.3,84.5,74.8,2018,2826.0,140900.0,2.28,58462,26432,2.8,10633.2,5.3,83.2,712978.0,22.4,46.6,520.0,4499,5345,0.5,59985.0,325348.0,283,77,148,0,257,0,267,Lincoln
Lincoln County,OK,18.6,23.5,5.7,15.5,87.2,2477.0,7.3,0.4,2.0,3.6,0.1,5.7,84.5,81.9,79.7,12763,15442.0,110800.0,2.7,50671,25255,1.1,952.31,1.6,92.4,231515.0,30.3,50.2,2753.0,33458,34273,36.0,22632.0,239108.0,2368,814,1265,379,1927,309,1975,Lincoln
Lincoln County,OR,29.3,16.5,4.1,24.9,91.5,3607.0,4.0,1.4,0.9,9.5,0.2,3.9,89.6,82.0,65.6,21298,31945.0,251200.0,2.25,47882,27861,5.0,979.77,7.2,83.5,579399.0,18.8,51.7,5365.0,50395,46034,47.0,216441.0,580765.0,4827,1481,2413,384,4114,438,3992,Lincoln
Lincoln County,SD,13.4,27.7,7.2,37.6,94.8,5340.0,0.7,1.5,1.8,2.4,0.1,1.8,94.2,92.2,76.7,19749,21518.0,228800.0,2.85,82473,40059,2.6,577.28,4.7,83.9,109693.0,19.5,50.5,2988.0,65161,44828,77.7,4783.0,490576.0,4919,1477,2568,136,4614,476,4096,Lincoln
Lincoln County,TN,19.7,22.3,5.7,18.4,83.5,2449.0,0.8,0.5,7.0,3.8,0.2,2.1,89.3,86.3,75.1,13548,15714.0,135700.0,2.48,49485,26965,2.0,570.34,2.9,88.5,674991.0,28.8,51.1,2312.0,35319,33361,58.5,26674.0,316837.0,2871,814,1500,164,2626,408,2216,Lincoln
Lincoln County,WA,25.9,21.7,5.4,25.1,92.7,688.0,2.0,0.5,0.6,3.6,0.1,2.8,93.8,90.8,78.0,4525,6158.0,162800.0,2.31,54631,28891,1.7,2310.49,2.1,89.1,874205.0,24.1,49.1,1106.0,10876,10570,4.6,97825.5,106903.0,692,294,240,0,627,89,529,Lincoln
Lincoln County,WI,22.2,18.2,4.7,18.4,92.0,1667.0,0.6,0.6,0.9,1.7,0.0,1.3,96.6,95.2,78.1,12625,17335.0,139700.0,2.14,58541,30972,0.9,878.97,2.6,87.2,772368.0,22.6,49.3,2051.0,28415,28743,32.7,27601.0,308735.0,2211,548,1326,0,2131,167,1838,Lincoln
Lincoln County,WV,20.0,22.2,5.5,9.0,80.9,723.0,0.1,0.2,0.4,0.7,0.0,1.1,98.2,97.5,77.8,8208,9964.0,84200.0,2.53,42345,21456,0.3,437.04,0.4,95.4,2216.0,34.9,50.5,1283.0,20463,21720,49.7,48291.0,80307.0,737,398,288,0,700,42,661,Lincoln
Lincoln County,WY,18.0,26.4,6.5,23.7,92.8,2150.0,1.1,0.6,0.6,4.6,0.1,1.6,96.2,92.3,82.4,6908,9698.0,246400.0,2.77,66964,29747,2.8,4076.13,4.2,84.8,102299.0,27.8,49.0,1346.0,19581,18106,4.4,18031.0,180589.0,2201,602,969,51,2068,169,1897,Lincoln
Lincoln Parish,LA,14.0,19.9,5.6,35.6,88.5,3123.0,0.5,1.6,40.7,3.1,0.1,1.3,55.9,53.6,51.5,17712,20576.0,154500.0,2.49,35467,22863,4.2,471.74,4.9,78.1,421601.0,19.2,51.3,2213.0,48396,46735,99.1,90990.0,592587.0,3224,1017,1532,599,2448,274,2738,Lincoln
Linn County,IA,16.3,23.0,6.2,33.1,94.5,13608.0,0.3,2.6,6.1,3.4,0.2,2.7,88.1,85.2,73.8,90877,98821.0,157000.0,2.41,64903,34545,4.4,716.88,5.8,85.8,10073869.0,18.8,50.7,13891.0,230299,211226,294.6,388776.0,4483322.0,16511,5791,8075,952,14913,1686,13717,Linn
Linn County,KS,23.1,21.8,4.9,16.2,89.7,696.0,0.8,0.4,0.9,2.9,0.1,2.3,95.6,93.0,77.5,4497,5694.0,110100.0,2.14,48778,27926,0.4,594.06,0.9,91.6,328053.5,33.9,49.3,708.0,9591,9656,16.3,13223.0,53498.0,930,250,549,0,897,160,753,Linn
Linn County,MO,21.4,23.3,5.7,16.9,89.4,883.0,0.4,0.3,0.9,2.8,0.1,1.7,96.6,94.2,72.9,5106,6383.0,87200.0,2.34,45930,25130,0.9,615.56,1.8,89.5,207546.0,20.7,51.3,748.0,11874,12761,20.7,7809.0,150002.0,1141,223,727,0,1089,128,875,Linn
Linn County,OR,19.1,22.3,6.0,19.3,89.5,6357.0,1.7,1.3,0.8,9.5,0.2,3.6,92.5,84.3,64.4,47762,51398.0,221600.0,2.59,55893,27345,4.4,2290.13,7.9,83.9,2253615.0,22.8,50.5,10789.0,128610,116672,50.9,130424.0,1181597.0,7057,2446,3135,537,6157,604,5832,Linn
Lipscomb County,TX,19.1,25.3,5.8,19.7,82.1,291.0,2.2,0.8,2.1,34.5,0.2,2.9,91.9,60.7,73.8,1192,1506.0,100900.0,2.82,59091,28131,12.8,932.18,25.3,87.6,575658.0,20.1,48.9,168.0,3059,3302,3.5,33330.5,98140.0,534,145,233,93,415,0,510,Lipscomb
Litchfield County,CT,22.0,18.0,4.1,35.4,93.0,17272.0,0.3,2.2,2.4,7.1,0.1,1.7,93.3,87.4,76.5,74143,88428.0,251000.0,2.41,79906,44480,8.0,920.56,10.3,90.5,2615264.0,28.7,50.5,11384.0,185186,189927,206.3,265230.0,2654993.0,20187,6092,12048,1330,18350,1755,17666,Litchfield
Little River County,AR,20.9,22.4,5.8,12.5,89.0,562.0,1.7,0.5,19.9,3.7,0.1,2.5,75.5,72.6,71.5,5363,6545.0,77900.0,2.27,45113,25759,0.4,532.25,1.7,85.7,602802.0,27.0,51.8,834.0,12026,13171,24.7,17679.0,104240.0,656,211,367,74,555,85,548,Little River
Live Oak County,TX,20.8,19.8,5.5,12.2,76.9,1033.0,1.2,0.8,4.8,40.8,0.1,1.1,92.0,52.9,82.0,3752,6320.0,104100.0,2.85,53848,25370,6.2,1039.7,30.5,85.0,575658.0,30.4,45.1,924.0,11335,11531,11.1,27604.0,262970.0,1001,316,555,230,718,106,786,Live Oak
Livingston County,IL,19.4,21.6,5.8,14.8,89.9,1927.0,0.3,0.9,4.3,4.8,0.0,1.6,92.9,88.8,72.8,14307,15907.0,109400.0,2.36,55160,27925,2.1,1044.29,3.8,88.1,1210526.0,21.5,49.8,2546.0,35815,38950,37.3,36215.0,479427.0,2591,763,1373,31,2423,226,2143,Livingston
Livingston County,KY,22.5,20.2,5.4,11.8,83.8,562.0,0.5,0.4,0.6,2.5,0.1,1.7,96.6,94.6,79.3,3857,4889.0,102400.0,2.38,50839,27728,0.3,313.13,1.7,91.9,559741.0,23.1,50.9,538.0,8888,9519,30.4,35974.5,47093.0,618,224,334,0,583,58,520,Livingston
Livingston County,MI,17.9,20.8,5.0,35.4,95.2,15408.0,0.5,1.0,0.7,2.6,0.1,1.4,96.4,94.1,85.4,72000,77728.0,247100.0,2.62,84221,40351,2.9,565.25,2.9,91.1,3252331.0,32.6,49.9,10779.0,193866,180967,320.2,226306.0,2410171.0,17931,5791,10026,633,16630,1538,15528,Livingston
Livingston County,MO,19.5,21.0,5.8,18.8,86.7,1036.0,0.5,0.8,3.7,2.0,0.0,1.6,93.4,91.8,66.6,5915,6869.0,111500.0,2.32,46992,23587,0.7,532.33,1.7,86.5,152741.0,17.6,56.4,889.0,14557,15195,28.5,22307.0,359095.0,1208,325,695,56,1066,114,932,Livingston
Livingston County,NY,18.3,17.6,4.2,26.5,90.6,3574.0,0.5,1.4,3.0,3.9,0.1,1.7,93.5,90.5,74.7,24176,27725.0,129400.0,2.37,59510,28701,3.6,631.76,6.9,86.4,635936.0,25.7,49.8,3745.0,61834,65393,103.5,80444.0,633605.0,4103,1436,2304,113,3824,325,3527,Livingston
Livingston Parish,LA,13.3,25.5,6.7,19.7,85.2,9797.0,0.5,0.7,7.1,4.1,0.1,1.3,90.3,86.8,81.8,48410,58646.0,167100.0,2.85,63389,29354,2.2,648.17,4.3,90.5,504021.0,34.5,50.8,7350.0,142282,128026,197.5,115903.0,1180546.0,10280,3641,5510,1105,8905,1216,8661,Livingston
Llano County,TX,37.3,15.1,4.1,25.3,85.8,2234.0,0.9,0.6,1.2,10.8,0.0,1.4,95.9,86.0,78.1,8678,15789.0,194800.0,2.4,53411,37050,4.2,934.03,6.4,85.1,575658.0,31.0,51.6,2522.0,21243,19301,20.7,64205.0,135268.0,2450,846,1195,167,2223,238,2103,Llano
Logan County,AR,20.5,21.3,5.8,13.3,86.2,1235.0,1.2,2.3,1.5,3.0,0.0,1.9,93.2,90.6,73.7,8417,10183.0,99000.0,2.5,41466,21491,1.5,708.13,3.5,82.3,602802.0,25.5,50.2,1476.0,21131,22353,31.6,9338.0,152762.0,1575,438,894,62,1470,343,1146,Logan
Logan County,CO,18.1,17.9,5.1,20.2,89.6,1417.0,1.8,1.0,4.5,17.2,0.1,1.5,91.1,75.6,65.2,8393,9148.0,157900.0,2.54,53318,26727,4.5,1838.55,10.3,78.7,213030.0,18.3,42.8,1828.0,21528,22709,12.4,26201.0,320041.0,1552,387,894,61,1355,179,1281,Logan
Logan County,IL,18.6,19.2,5.3,19.9,88.7,1387.0,0.4,0.8,8.5,3.5,0.0,1.6,88.7,85.9,72.7,10797,12029.0,103200.0,2.31,57308,27546,1.6,618.06,4.6,84.1,555333.0,21.9,49.2,1890.0,27987,30305,49.0,30990.0,292327.0,1981,720,993,82,1749,209,1617,Logan
Logan County,KS,21.2,24.1,7.5,16.6,91.0,276.0,0.6,0.9,0.8,6.9,-1.0,1.8,95.9,89.7,69.2,1153,1445.0,86600.0,2.4,51740,28135,2.1,1072.99,2.8,87.8,328053.5,16.2,50.1,163.0,2762,2756,2.6,13223.0,35330.0,488,150,280,0,474,46,431,Logan
Logan County,KY,18.6,23.3,6.5,16.4,84.9,1779.0,0.5,0.3,6.3,3.0,0.0,2.1,90.7,88.4,69.7,10418,12357.0,111000.0,2.55,48014,24221,1.4,552.13,3.1,87.8,2571453.0,23.9,50.5,1369.0,27432,26835,48.6,35974.5,264873.0,2123,686,1167,177,1877,212,1815,Logan
Logan County,ND,26.6,22.5,6.2,19.6,88.0,183.0,0.8,0.4,0.4,2.6,-1.0,1.7,96.6,94.6,83.9,849,1155.0,86800.0,2.11,59375,32619,1.0,992.82,9.2,92.8,118152.0,14.0,48.2,114.0,1876,1990,2.0,1282.0,30492.0,161,44,76,0,154,28,126,Logan
Logan County,NE,22.6,23.4,5.6,19.6,94.0,63.0,0.9,0.4,0.1,3.7,-1.0,1.3,97.2,93.4,73.8,347,395.0,110300.0,2.67,52708,24355,4.9,570.66,4.2,85.9,231681.5,24.5,47.1,79.0,716,763,1.3,4370.0,73832.0,40,0,0,0,36,0,28,Logan
Logan County,OH,18.7,23.1,6.1,16.5,92.6,2988.0,0.3,0.7,1.8,2.1,0.0,2.3,94.7,93.0,74.2,18677,23501.0,131900.0,2.4,56754,29424,1.4,458.43,3.6,87.2,6790059.0,22.1,50.4,3052.0,46150,45858,100.0,56488.0,442323.0,2908,1078,1513,117,2667,335,2408,Logan
Logan County,OK,16.4,22.6,5.7,27.7,90.1,4022.0,3.7,0.7,8.1,6.7,0.1,4.6,82.8,77.4,82.9,15512,17574.0,169500.0,2.87,65357,31105,3.5,743.83,5.1,88.2,97588.0,28.0,50.4,3337.0,49555,41848,56.3,37294.0,343943.0,4007,1159,2265,707,3120,447,3349,Logan
Logan County,WV,21.1,20.5,5.4,10.0,79.8,1150.0,0.1,0.3,1.8,1.0,0.0,1.0,96.8,95.9,72.6,13816,16867.0,89100.0,2.36,36168,21936,0.2,453.74,0.6,89.3,157849.0,27.3,50.7,1637.0,32567,36743,81.0,48291.0,551188.0,1802,735,919,63,1623,126,1568,Logan
Long County,GA,10.2,27.2,7.4,17.4,87.7,790.0,0.9,1.3,27.5,11.0,0.4,4.2,65.6,57.2,69.1,5695,7161.0,122100.0,3.26,54605,22639,5.5,400.29,12.3,78.1,554410.0,31.6,49.5,2665.0,16168,14464,36.1,33983.0,16175.0,576,154,390,221,346,94,474,Long
Lonoke County,AR,13.8,25.4,6.5,20.6,89.1,4706.0,0.7,0.9,6.3,4.6,0.1,2.1,89.8,85.8,69.2,26895,30115.0,142500.0,2.67,59094,27293,2.3,770.73,4.2,88.3,628542.0,28.0,50.9,6686.0,74015,68356,88.7,59963.0,613431.0,5024,1626,2835,406,4481,482,4361,Lonoke
Lorain County,OH,18.8,21.8,5.5,24.9,89.7,18604.0,0.4,1.4,9.0,10.4,0.1,3.1,86.2,77.7,72.3,120281,132798.0,150500.0,2.48,58427,30928,2.9,491.1,7.2,86.8,7327971.0,24.6,50.8,19800.0,312964,301356,613.6,397014.0,3707277.0,20914,7095,11319,2519,17554,1845,17889,Lorain
Los Alamos County,NM,18.1,22.0,5.2,67.4,97.6,1100.0,1.4,6.6,1.4,18.5,0.1,2.6,87.9,71.2,74.1,7931,8401.0,302800.0,2.34,121324,60746,9.8,109.17,14.3,88.0,268581.0,16.2,48.9,1429.0,19419,17950,164.4,23809.0,103227.0,1352,592,509,246,986,90,1111,Los Alamos
Los Angeles County,CA,14.1,21.4,5.8,32.5,79.1,1107080.0,1.4,15.4,9.0,48.6,0.4,3.1,70.7,26.1,45.8,3316795,3579329.0,583200.0,2.99,68044,34156,34.0,4057.88,56.6,89.7,163829606.0,31.8,50.7,261742.0,10014009,9818605,2419.6,22965135.0,121389378.0,1146701,439513,601676,631218,481643,69608,1044750,Los Angeles
Loudon County,TN,26.9,19.1,4.9,26.4,86.2,3591.0,0.6,0.9,1.6,9.2,0.2,1.3,95.4,87.1,77.8,20669,23739.0,222500.0,2.51,58065,31478,7.2,229.22,8.7,88.9,1424151.0,22.7,50.7,4198.0,54886,48556,211.8,64561.0,484020.0,4050,1276,2073,171,3698,532,3079,Loudon
Loudoun County,VA,9.7,27.9,6.8,61.3,93.9,37251.0,0.5,20.3,8.1,13.9,0.1,3.9,67.0,54.8,78.0,128637,139974.0,508100.0,3.06,142299,55744,24.5,515.56,31.6,87.4,1636892.0,34.5,50.4,21956.0,420959,312311,605.8,877045.0,5140369.0,33392,12179,17450,12053,19974,2922,28790,Loudoun
Louisa County,IA,19.4,21.9,6.0,14.9,84.1,638.0,0.5,3.5,1.1,16.1,0.1,1.4,93.4,78.4,76.9,4335,5060.0,108800.0,2.55,56673,29021,9.0,401.77,17.8,91.2,528536.5,22.2,49.0,563.0,10837,11387,28.3,4136.0,60672.0,846,267,534,57,763,133,657,Louisa
Louisa County,VA,20.3,20.1,5.4,24.1,85.2,2329.0,0.6,0.6,15.6,3.3,0.1,2.3,80.8,78.1,80.0,13871,17916.0,223100.0,2.59,60975,34041,3.6,496.3,4.8,89.1,426830.0,36.7,50.5,3259.0,37596,33153,66.8,18177.0,276447.0,2460,812,1349,378,2023,289,2013,Louisa
Loup County,NE,26.2,20.9,5.7,25.3,98.1,80.0,0.3,0.2,0.8,3.9,-1.0,-1.0,98.8,95.0,76.5,294,468.0,112500.0,2.06,51000,27726,0.0,568.29,0.0,94.8,231681.5,26.3,49.2,34.0,607,632,1.1,4370.0,73832.0,125,0,0,0,125,0,99,Loup
Love County,OK,19.6,24.0,6.3,13.5,82.4,655.0,7.6,0.7,2.8,16.2,0.0,5.2,83.7,70.0,76.7,3268,4594.0,111700.0,3.05,49399,22036,6.4,514.0,13.1,90.5,460737.5,23.1,49.9,587.0,10146,9423,18.3,53805.0,77374.0,686,249,357,124,529,42,618,Love
Loving County,TX,13.6,29.0,6.5,0.0,80.3,18.0,0.6,1.2,3.6,13.6,-1.0,-1.0,94.7,81.1,63.3,30,55.0,105100.0,3.27,83750,33624,12.2,668.93,19.5,100.0,575658.0,-1.0,42.0,4.0,64,82,0.1,33330.5,209517.0,0,0,0,0,0,0,0,Loving
Lowndes County,AL,19.8,22.0,6.0,14.7,78.3,623.0,0.3,0.5,72.4,1.9,0.0,0.7,26.0,25.1,74.3,4251,5274.0,70000.0,2.35,30036,20209,0.8,715.91,0.4,88.7,2374969.0,31.5,53.0,300.0,10311,11299,15.8,1692.0,100834.0,884,433,406,585,282,49,810,Lowndes
Lowndes County,GA,12.6,24.1,6.8,25.3,86.6,7548.0,0.5,2.2,37.4,6.0,0.2,2.3,57.6,53.0,52.3,41282,49490.0,140600.0,2.69,42441,23348,3.4,496.07,5.8,84.6,2600314.0,19.7,51.7,7858.0,118251,109233,220.2,245767.0,1748485.0,8296,2967,4312,2189,5541,936,6738,Lowndes
Lowndes County,MS,16.3,23.7,6.6,23.4,86.0,4042.0,0.3,1.0,44.8,2.1,0.1,1.1,52.8,51.2,63.5,22436,27515.0,134200.0,2.56,50441,26438,2.3,505.51,3.1,86.7,3543897.0,20.0,52.4,4323.0,58879,59779,118.3,98523.0,736479.0,4847,1726,2594,1439,3149,579,3956,Lowndes
Lubbock County,TX,12.7,23.7,6.5,30.1,86.2,23724.0,1.2,2.4,7.9,36.3,0.1,1.9,86.5,52.7,55.2,113488,130773.0,140600.0,2.58,52429,27922,5.9,895.6,21.6,74.7,1572904.0,17.3,50.7,14404.0,310639,278831,311.3,33330.5,4796568.0,24033,7661,13054,5379,17682,2239,20311,Lubbock
Lucas County,IA,22.4,22.8,6.6,17.0,92.1,629.0,0.4,0.4,0.6,2.4,0.0,1.0,97.6,95.7,78.1,3701,4204.0,96400.0,2.29,55205,31069,3.0,430.59,5.2,89.0,528536.5,21.6,48.8,559.0,8634,8898,20.7,20428.0,86141.0,690,193,398,0,664,146,521,Lucas
Lucas County,OH,16.7,23.0,6.4,26.3,89.3,25214.0,0.4,1.7,20.3,7.4,0.1,3.3,74.2,68.2,59.7,179930,203798.0,116600.0,2.34,48736,29226,3.7,340.86,6.7,83.6,27736619.0,20.9,51.6,22882.0,431279,441815,1296.2,823033.0,5977896.0,32125,10880,17865,5648,25200,2782,27656,Lucas
Luce County,MI,21.1,16.1,4.5,18.4,88.4,330.0,5.6,0.2,12.0,1.7,0.1,3.7,78.4,77.2,79.5,2231,4385.0,87200.0,2.35,45469,22350,1.8,899.08,4.9,84.3,69220.0,13.3,40.4,522.0,5339,6631,7.4,6951.0,84246.0,637,295,299,0,608,90,504,Luce
Lumpkin County,GA,17.8,17.2,4.4,26.4,84.8,2613.0,0.8,0.8,1.7,5.1,0.1,1.9,94.7,90.2,70.7,11570,13863.0,185800.0,2.67,51790,27155,3.9,282.93,5.2,82.5,99975.0,28.4,50.4,2208.0,33488,29966,105.9,46664.0,192262.0,2451,677,1524,67,2333,266,2124,Lumpkin
Luna County,NM,21.2,26.0,7.5,12.5,69.8,978.0,2.5,1.1,1.9,67.9,0.2,1.8,92.6,28.5,60.9,8904,11355.0,86900.0,2.65,29360,17168,17.8,2965.19,49.7,86.7,268581.0,19.4,49.5,1549.0,25427,25095,8.5,32365.0,209979.0,1353,463,565,713,538,92,1130,Luna
Lunenburg County,VA,22.7,18.9,5.3,11.3,77.8,616.0,0.5,0.3,33.9,5.4,0.2,2.2,62.9,58.9,71.8,4293,5998.0,119500.0,2.63,44303,19848,6.1,431.68,4.8,94.4,99369.0,30.3,47.1,1085.0,11936,12914,29.9,44317.0,51265.0,900,283,547,183,697,78,780,Lunenburg
Luzerne County,PA,20.2,19.7,5.3,22.9,89.8,17477.0,0.7,1.4,6.6,13.8,0.1,2.0,89.3,79.3,68.0,128660,150496.0,127000.0,2.37,53473,28972,6.7,890.33,12.1,87.3,6627995.0,22.9,50.5,21704.0,325594,320918,360.4,515557.0,8097008.0,21934,6611,13109,2156,18842,2264,18271,Luzerne
Lycoming County,PA,19.8,20.4,5.3,23.4,90.1,6347.0,0.3,0.7,4.8,2.2,0.0,2.2,92.0,90.3,69.2,45608,53642.0,155800.0,2.37,54241,27950,2.0,1228.59,3.7,86.1,3186668.0,21.0,51.0,8898.0,114188,116111,94.5,237891.0,1878105.0,8112,2326,4612,274,7456,872,6652,Lycoming
Lyman County,SD,16.2,29.4,8.7,20.3,89.7,240.0,40.4,0.4,0.6,2.6,0.1,3.3,55.3,54.7,67.2,1397,1751.0,102800.0,2.7,53862,22850,0.8,1641.94,7.8,92.7,109693.0,13.0,48.2,130.0,3718,3755,2.3,9650.0,54526.0,303,108,179,32,265,96,198,Lyman
Lynchburg city,VA,14.1,19.2,6.1,35.6,88.7,1479.0,0.3,2.4,28.6,4.2,0.0,2.5,65.0,62.3,48.7,28273,11797.5,160100.0,2.48,46409,23863,5.2,49.13,6.7,78.8,2749591.0,17.4,53.2,4755.0,79009,75568,1538.2,216412.0,1995200.0,5519,1719,2735,1165,3973,494,4540,Lynchburg
Lynn County,TX,16.4,27.3,6.9,17.3,75.4,442.0,1.9,0.4,2.6,46.8,0.0,1.9,93.3,49.9,68.3,2154,2672.0,84000.0,2.68,43382,24917,5.5,891.87,28.9,81.3,575658.0,20.0,48.7,287.0,5596,5915,6.6,33330.5,18483.0,298,100,130,47,237,39,246,Lynn
Lyon County,IA,18.4,28.1,7.5,20.7,90.6,1036.0,0.5,0.4,0.4,2.8,0.2,1.2,97.3,95.1,85.4,4548,5110.0,146900.0,2.55,64982,29124,1.7,587.65,3.2,91.9,111769.0,18.6,49.2,638.0,11934,11581,19.7,20428.0,106633.0,1036,246,519,40,940,119,876,Lyon
Lyon County,KS,15.6,22.2,5.9,27.5,88.3,1680.0,1.4,2.7,2.5,21.8,0.1,3.0,90.2,70.5,60.0,13569,15409.0,106800.0,2.34,46338,26904,10.2,847.47,17.9,76.2,2034037.0,15.9,51.4,1696.0,32179,33690,39.8,50026.0,493918.0,2558,727,1320,197,2166,210,2108,Lyon
Lyon County,KY,26.0,14.4,3.1,16.9,87.8,499.0,0.4,0.5,5.8,2.2,0.0,1.4,91.8,89.8,79.4,3333,4928.0,141500.0,2.1,52528,26994,1.6,213.84,2.7,86.7,559741.0,21.9,44.0,877.0,8680,8314,38.9,35974.5,65137.0,641,120,419,0,607,74,535,Lyon
Lyon County,MN,16.5,25.7,7.2,26.1,92.0,1839.0,0.8,4.7,3.4,7.2,0.1,1.5,89.6,83.3,68.4,10018,11350.0,148900.0,2.44,57730,29634,8.0,714.56,11.4,85.5,1131204.0,15.1,50.1,1306.0,25269,25857,36.2,40066.0,458861.0,1983,485,1188,54,1811,85,1773,Lyon
Lyon County,NV,21.2,21.4,5.7,14.4,86.9,2788.0,3.4,1.6,1.4,18.1,0.3,3.9,89.4,73.8,70.7,21189,24020.0,214900.0,2.56,56875,27855,6.9,2001.19,14.3,86.4,729936.0,28.7,48.9,6109.0,59235,51980,26.0,31233.0,465510.0,2844,1041,1417,317,2357,269,2346,Lyon
Mackinac County,MI,28.6,15.7,4.1,23.3,90.7,852.0,16.5,0.9,3.5,2.0,0.0,5.1,74.0,72.6,71.9,5269,11295.0,136600.0,1.99,47938,28966,3.4,1021.57,4.9,87.9,729708.0,20.8,49.2,1029.0,10834,11113,10.9,122144.0,121927.0,1310,424,655,117,1096,219,1003,Mackinac
Macomb County,MI,17.4,20.8,5.4,24.9,89.9,68207.0,0.3,4.3,12.6,2.8,0.0,2.5,80.3,78.0,73.3,346402,369479.0,166800.0,2.49,62855,32238,11.2,479.22,14.2,88.0,27017325.0,27.9,51.3,47881.0,881217,840978,1754.9,1263144.0,11304239.0,72641,25548,40845,10765,60452,6425,63988,Macomb
Macon County,AL,20.9,17.1,4.8,20.4,81.8,995.0,0.3,0.6,80.4,1.9,0.0,1.4,17.3,16.5,65.5,7474,10321.0,80800.0,2.2,33370,20419,0.6,608.89,2.5,90.5,778187.0,24.0,54.5,1345.0,19532,21452,35.2,29031.0,93239.0,1399,704,638,1089,268,159,1188,Macon
Macon County,GA,18.1,18.5,5.0,8.8,73.6,765.0,0.6,1.4,60.7,4.5,0.1,1.2,35.9,32.8,64.0,4696,6106.0,63800.0,2.4,32161,17883,2.1,400.64,7.7,87.1,478493.0,26.3,45.3,643.0,12082,14740,36.8,33983.0,43548.0,1029,430,516,591,398,119,854,Macon
Macon County,IL,20.4,22.2,6.2,22.1,90.4,5091.0,0.3,1.2,17.8,2.4,0.1,3.1,77.7,75.8,68.4,43912,50305.0,98400.0,2.32,50480,29644,2.0,580.69,3.5,84.3,13379268.0,17.9,52.1,7062.0,103998,110768,190.8,189787.0,1494152.0,7229,2882,3310,1608,5170,709,5918,Macon
Macon County,MO,22.8,23.0,5.8,16.3,88.2,1108.0,0.4,0.6,2.5,1.8,0.1,1.9,94.6,93.1,74.6,5845,7686.0,97200.0,2.55,42746,22136,1.0,801.23,3.2,92.6,468824.0,21.6,50.6,1214.0,15209,15566,19.4,18372.0,146490.0,1406,403,693,0,1286,149,1127,Macon
Macon County,NC,28.9,18.4,4.8,23.8,89.3,3313.0,0.9,1.0,1.7,7.4,0.1,1.2,95.1,88.6,72.9,15921,25716.0,165600.0,2.16,45507,28936,5.4,515.56,7.1,85.6,181176.0,21.6,51.5,2921.0,37014,33922,65.8,63264.0,432474.0,4247,1330,2106,214,3928,267,3736,Macon
Macon County,TN,16.1,24.5,7.0,10.3,80.3,1712.0,0.7,0.8,1.2,5.1,0.1,1.4,95.8,91.7,74.4,9170,10565.0,115000.0,2.56,37430,22527,2.4,307.14,3.9,85.7,214186.0,32.5,51.1,1138.0,25216,22248,72.4,11974.0,177374.0,2072,623,1137,64,1966,124,1880,Macon
Macoupin County,IL,20.4,21.1,5.2,18.4,91.3,2475.0,0.4,0.4,1.0,1.3,0.0,1.1,97.1,96.0,76.7,18875,21800.0,100600.0,2.36,55159,28809,0.9,862.91,1.6,88.9,741144.5,28.0,50.6,3387.0,44967,47765,55.4,38907.0,392007.0,3090,806,1801,81,2943,362,2550,Macoupin
Madera County,CA,14.3,27.4,7.3,14.6,71.9,7504.0,4.4,2.6,4.2,58.8,0.3,2.6,85.9,33.2,64.1,44881,51438.0,251200.0,3.28,57585,22853,20.2,2137.07,45.3,87.9,1441125.0,28.3,51.8,6317.0,156255,150865,70.6,150065.0,1012856.0,8094,3202,3888,3203,4524,618,7044,Madera
Madison County,AL,15.3,21.6,5.9,42.8,91.7,25693.0,0.8,2.7,24.9,5.2,0.1,2.7,68.9,64.5,66.8,148189,166516.0,186100.0,2.38,65449,36620,5.5,801.59,6.9,83.2,7992217.0,21.5,51.1,32813.0,388153,334811,417.7,728712.0,4958015.0,28357,10709,14385,6614,20536,3129,23728,Madison
Madison County,AR,19.4,23.2,6.3,14.2,80.6,1283.0,1.7,0.8,0.9,5.9,0.6,1.9,94.1,89.3,78.0,6279,7619.0,120400.0,2.57,41682,24356,3.5,834.26,4.6,90.9,602802.0,33.9,49.9,857.0,16521,15717,18.8,7445.0,130207.0,1131,347,565,29,1055,143,940,Madison
Madison County,FL,21.1,18.4,4.8,14.0,81.0,1090.0,0.7,0.5,37.8,5.7,0.0,1.5,59.4,54.6,73.6,6778,8710.0,89100.0,2.41,37037,19510,4.3,695.95,7.3,86.5,180969.0,27.1,46.9,1175.0,17968,19224,27.6,13927.0,171200.0,1044,319,540,272,714,127,861,Madison
Madison County,GA,17.4,22.9,5.9,18.5,83.2,2348.0,0.4,2.2,9.6,6.1,0.0,1.8,86.0,80.7,74.7,10744,12031.0,131300.0,2.7,52500,24511,3.0,282.31,6.5,89.3,21384.0,25.3,50.6,1717.0,30120,28120,99.6,33983.0,135690.0,2104,630,1349,288,1789,190,1864,Madison
Madison County,IA,17.6,24.4,5.6,24.5,94.2,1418.0,0.4,0.9,0.6,2.2,0.0,1.2,96.8,94.9,78.4,6462,7198.0,177500.0,2.45,66316,35470,1.2,561.01,3.2,90.5,528536.5,28.0,49.8,856.0,16548,15679,27.9,20428.0,92510.0,1531,467,713,0,1448,124,1313,Madison
Madison County,ID,7.1,26.8,9.7,36.4,95.9,3199.0,0.5,1.5,0.8,7.8,0.3,1.9,95.1,88.2,44.6,11016,15366.0,219100.0,3.51,39160,16585,4.6,469.21,11.0,64.4,184638.0,14.2,49.3,873.0,52913,37536,80.0,32324.0,370688.0,2759,681,1154,90,2538,108,2433,Madison
Madison County,IL,17.6,21.7,5.7,26.8,92.5,14601.0,0.3,1.0,8.8,3.4,0.1,2.1,87.6,84.6,71.4,107659,120024.0,135600.0,2.41,60738,32427,2.4,715.58,3.9,86.0,19140467.0,25.2,51.3,20286.0,265859,269282,376.3,431161.0,3230218.0,18813,6627,9196,1812,16295,2037,15471,Madison
Madison County,IN,18.7,21.4,5.5,18.4,88.4,6743.0,0.4,0.6,8.6,4.4,0.1,2.0,88.3,84.6,69.6,51003,59164.0,97300.0,2.42,49522,25557,1.8,451.92,3.8,84.3,1391141.0,26.2,50.0,9138.0,130129,131636,291.3,165536.0,1378713.0,8151,3093,3916,748,7094,748,6919,Madison
Madison County,KY,14.2,20.6,5.6,30.8,87.5,5889.0,0.3,1.1,4.6,2.7,0.1,2.2,91.7,89.5,59.1,33359,37294.0,159300.0,2.52,50060,25837,2.9,437.29,4.2,79.6,559741.0,23.7,51.5,5492.0,92701,82916,189.6,164513.0,1080697.0,7252,2465,3763,394,6548,882,5839,Madison
Madison County,MO,19.6,23.0,5.8,15.6,84.4,711.0,0.5,1.1,0.6,2.3,0.0,1.4,96.4,94.6,71.8,5044,5985.0,106100.0,2.38,43636,24418,1.2,494.39,1.8,84.3,468824.0,26.7,51.0,1094.0,12626,12226,24.7,22307.0,138030.0,860,176,575,0,809,141,670,Madison
Madison County,MS,13.9,24.7,6.2,48.4,91.7,11866.0,0.3,2.8,38.3,3.1,0.1,1.1,57.5,55.1,71.7,39635,44469.0,219700.0,2.59,71824,38901,4.5,714.51,6.4,88.3,4567972.0,22.4,52.2,4389.0,109145,95203,133.2,230133.0,1616887.0,11227,3592,6225,2650,8046,1234,9158,Madison
Madison County,MT,29.5,15.3,3.5,31.2,95.4,1132.0,0.7,0.6,0.4,4.4,0.0,1.9,96.4,92.5,77.0,3570,7004.0,276500.0,2.24,54107,35719,3.7,3587.48,4.2,83.5,16801.0,20.9,47.4,910.0,8623,7691,2.1,15793.0,59461.0,1438,400,724,25,1368,173,1133,Madison
Madison County,NC,23.1,17.5,4.7,28.5,87.0,2037.0,0.5,0.5,1.5,2.4,0.0,1.4,96.1,93.9,74.1,8403,11136.0,194500.0,2.42,45873,25956,1.9,449.57,2.3,88.6,1006562.0,28.7,50.7,1520.0,21193,20764,46.2,12206.0,111500.0,1741,578,980,65,1645,186,1482,Madison
Madison County,NE,16.2,25.5,7.3,23.0,90.4,2620.0,2.0,1.8,1.7,15.8,0.1,1.7,92.6,78.7,65.6,14205,15443.0,146400.0,2.39,53188,28179,7.1,572.74,13.9,83.5,231681.5,14.4,50.3,1939.0,35585,34876,60.9,64634.0,815241.0,3752,989,1949,195,3367,290,3202,Madison
Madison County,NY,18.9,19.0,4.8,26.2,92.0,4350.0,0.7,1.0,2.0,2.3,0.0,1.6,94.6,92.9,77.4,25877,32456.0,136800.0,2.55,61633,30469,2.6,654.84,4.3,89.4,885470.0,24.0,50.6,4506.0,68016,73442,112.2,86433.0,745482.0,5105,1995,2537,146,4732,652,4211,Madison
Madison County,OH,15.9,20.3,5.0,17.5,87.0,2748.0,0.4,1.4,6.5,2.3,0.0,1.7,90.0,88.1,71.2,15013,16204.0,166500.0,2.58,68022,29164,1.5,465.88,3.8,83.0,1157917.0,26.1,45.6,2610.0,43824,43435,93.2,36022.0,1116123.0,2967,895,1714,57,2793,435,2371,Madison
Madison County,TN,17.6,22.3,6.2,25.6,88.9,6702.0,0.4,1.2,37.7,4.1,0.0,1.7,58.9,55.6,62.3,37944,43498.0,131500.0,2.47,48161,26722,3.0,557.12,4.7,89.4,4374740.0,19.0,52.6,5645.0,98823,98294,176.4,222481.0,1902646.0,7960,2451,4579,1932,5557,1094,6243,Madison
Madison County,TX,15.8,21.2,5.6,14.7,80.8,1012.0,1.2,0.8,20.1,24.2,0.1,1.8,76.1,54.1,74.2,4269,5353.0,113100.0,2.59,52664,20748,10.6,466.07,19.4,87.9,6804.0,25.0,42.4,889.0,13455,13664,29.3,23026.0,244752.0,1025,287,625,234,764,126,834,Madison
Madison County,VA,22.9,20.1,5.1,23.4,86.1,1265.0,0.3,0.6,9.3,3.2,0.0,2.9,86.9,84.3,74.5,4949,6140.0,257900.0,2.62,57895,30777,3.0,320.68,3.6,89.2,476138.5,28.9,51.6,822.0,13837,13308,41.5,9416.0,186364.0,1496,514,884,95,1356,213,1207,Madison
Madison Parish,LA,14.9,23.8,6.9,12.8,73.9,667.0,0.3,0.3,62.6,2.2,-1.0,1.2,35.5,33.9,53.2,3832,5237.0,78100.0,2.43,30350,16671,0.8,624.44,3.1,87.6,1901186.0,15.0,50.4,505.0,10017,12093,19.4,61451.5,158853.0,942,416,410,465,433,120,782,Madison
Magoffin County,KY,17.8,22.3,5.7,9.5,69.7,606.0,0.3,0.2,0.2,1.2,-1.0,0.8,98.4,97.4,72.5,5020,6134.0,66800.0,2.46,28147,18243,0.1,308.44,0.2,91.5,559741.0,37.0,49.9,304.0,11637,13333,43.2,6355.0,61128.0,771,374,346,0,740,0,711,Magoffin
Mahaska County,IA,18.5,24.0,6.7,22.0,92.2,1448.0,0.5,1.7,1.8,2.4,0.0,1.2,94.7,92.7,69.0,8927,9898.0,115300.0,2.41,54825,28174,1.9,570.86,2.6,85.0,969884.0,18.6,49.2,1107.0,22190,22381,39.2,20428.0,242524.0,1839,499,1030,0,1703,161,1526,Mahaska
Mahnomen County,MN,17.3,31.8,8.6,13.2,86.9,319.0,43.7,0.1,0.7,4.3,0.0,9.4,46.2,44.9,68.0,1946,2783.0,104800.0,2.8,44688,21279,0.7,557.88,8.2,89.3,763107.0,19.0,49.4,320.0,5411,5413,9.7,38159.0,26787.0,323,66,203,108,184,0,279,Mahnomen
Mahoning County,OH,21.4,19.9,5.3,24.2,90.9,16154.0,0.3,0.9,16.1,6.5,0.1,2.4,80.3,75.5,68.7,98472,111236.0,105400.0,2.27,46042,28378,2.3,411.62,5.9,87.6,1978661.0,22.2,51.0,15032.0,228614,238823,580.2,397194.0,3104302.0,20664,7180,11395,3277,16753,2105,17544,Mahoning
Major County,OK,20.5,25.8,6.7,20.0,88.6,699.0,3.1,0.8,1.0,10.1,0.1,2.9,92.1,84.0,79.4,3123,3692.0,101800.0,2.43,54332,28609,6.0,954.99,6.7,89.2,460737.5,20.8,51.2,429.0,7782,7527,7.9,40216.0,93708.0,912,182,515,75,804,138,667,Major
Malheur County,OR,16.8,25.9,6.9,13.7,81.1,1382.0,2.0,1.5,1.7,34.6,0.2,2.6,91.9,60.1,58.3,10062,11957.0,135900.0,2.65,43313,18974,9.5,9887.53,25.3,82.0,579399.0,18.5,45.6,1894.0,31571,31313,3.2,50776.0,534507.0,2088,583,1103,281,1674,260,1667,Malheur
Manassas Park city,VA,8.5,25.6,6.5,27.9,82.7,1479.0,0.1,11.1,15.3,39.7,0.0,3.9,62.3,33.1,65.9,4641,11797.5,308000.0,3.66,88046,34326,36.1,2.53,48.1,83.1,29569.0,40.5,47.7,916.0,17219,14273,5633.1,5558.0,124707.0,1572,407,1072,844,659,163,1379,Manassas Park
Manassas city,VA,9.7,26.9,8.4,29.6,82.7,1479.0,0.8,5.2,13.6,36.6,0.2,5.2,66.1,40.8,66.1,12898,11797.5,324600.0,3.19,81493,33082,26.2,9.88,40.4,85.5,1365684.0,36.5,49.8,2316.0,42772,37821,3827.8,91401.0,895267.0,4123,1397,2254,1605,2276,450,3413,Manassas
Manatee County,FL,28.1,18.0,4.6,29.8,89.7,34301.0,0.5,2.3,9.3,16.9,0.1,1.9,86.0,70.6,72.9,145356,198819.0,238500.0,2.61,59009,33853,12.6,742.93,17.7,84.4,2338019.0,26.2,51.7,32335.0,399710,322833,434.5,532856.0,4191101.0,29957,11104,14680,6555,22087,3250,24882,Manatee
Manistee County,MI,26.3,17.2,4.3,20.3,89.9,1686.0,2.3,0.4,3.4,3.5,0.1,2.3,91.6,88.6,83.4,9426,15910.0,125400.0,2.44,50055,26668,1.7,542.15,3.8,88.2,419526.0,20.9,48.4,2247.0,25032,24733,45.6,155408.0,231887.0,2074,569,1064,89,1870,266,1714,Manistee
Manitowoc County,WI,21.1,20.4,5.0,20.2,92.0,3913.0,0.8,2.9,1.2,4.4,0.1,1.5,93.6,89.8,75.4,34563,37657.0,130100.0,2.26,56612,30130,2.9,589.08,5.5,92.2,3138313.0,19.3,50.0,5272.0,81359,81442,138.3,87691.0,848633.0,5397,1309,3257,190,4980,659,4311,Manitowoc
Marathon County,WI,18.2,22.6,5.8,25.4,91.8,7841.0,0.6,6.1,0.9,3.0,0.1,1.6,90.8,88.2,72.2,55466,59940.0,156300.0,2.41,62633,33189,4.0,1544.98,8.2,88.7,4306029.0,19.2,49.8,8589.0,138013,134063,86.8,180662.0,2572407.0,10129,2769,5341,510,9142,951,8312,Marathon
Marengo County,AL,19.9,22.5,6.2,16.1,83.8,1087.0,0.3,0.3,51.6,2.8,0.2,1.0,46.6,44.4,71.5,7361,10397.0,84400.0,2.59,33241,25635,0.4,976.88,0.6,92.1,557015.0,24.4,53.1,946.0,19323,21027,21.5,20262.0,199742.0,1414,447,758,520,771,169,1078,Marengo
Maricopa County,AZ,15.5,23.5,6.2,32.7,87.7,336089.0,2.8,4.6,6.4,31.4,0.3,3.1,82.8,54.5,62.2,1552096,1789190.0,260200.0,2.75,64468,33279,14.8,9200.14,27.0,83.1,34583412.0,26.4,50.6,253833.0,4420568,3817117,414.9,9105877.0,57296663.0,324146,115146,163095,83284,227870,29940,278278,Maricopa
Maries County,MO,22.0,20.2,4.6,15.8,86.5,595.0,0.8,0.4,0.7,1.5,0.0,1.7,96.3,95.0,74.9,3762,4611.0,133200.0,2.31,47569,26226,1.6,526.98,5.0,88.2,468824.0,33.4,49.9,908.0,8432,9176,17.4,1457.0,50089.0,547,165,285,0,532,115,351,Maries
Marin County,CA,23.0,19.8,4.5,59.5,93.3,38207.0,1.0,6.6,2.8,16.3,0.3,4.0,85.3,71.1,63.7,105432,113344.0,995800.0,2.4,115246,72466,18.1,520.31,21.9,86.4,2696230.0,32.6,51.1,10516.0,262321,252409,485.1,729652.0,5087526.0,39815,15500,19795,5813,32232,3304,34571,Marin
Marinette County,WI,24.5,18.9,4.7,15.9,91.1,2236.0,0.8,0.5,0.7,2.0,0.0,1.4,96.6,95.0,74.7,18473,30983.0,123800.0,2.14,50330,28282,1.4,1399.35,2.8,88.9,1889633.0,20.5,49.7,3694.0,41872,41749,29.8,61142.0,532480.0,3066,752,1820,76,2858,469,2378,Marinette
Marion County,AL,21.5,20.8,5.3,12.8,79.6,1806.0,0.4,0.3,3.9,2.7,0.1,1.3,94.0,91.7,75.1,11997,14806.0,92800.0,2.45,35930,21311,1.2,742.29,3.1,91.8,686580.0,24.4,50.8,1385.0,29341,30776,41.5,25432.0,229040.0,2283,742,1356,105,2114,319,1891,Marion
Marion County,AR,29.1,18.2,4.7,17.1,86.5,1150.0,1.1,0.6,0.6,2.4,0.1,2.1,95.5,93.6,78.9,6782,9604.0,120700.0,2.4,36719,21395,2.0,597.01,1.9,85.0,244842.0,21.6,51.0,1820.0,16826,16653,27.9,8462.0,94779.0,1365,507,584,47,1280,128,1161,Marion
Marion County,FL,29.2,18.5,4.9,20.1,87.6,27086.0,0.5,1.7,13.5,14.1,0.1,2.0,82.1,69.6,75.0,139172,173190.0,139900.0,2.47,45371,25839,7.6,1584.55,12.3,86.3,1471198.0,25.7,52.1,36289.0,375908,331298,209.1,375178.0,4263626.0,25658,9940,12862,6153,18671,2854,21636,Marion
Marion County,GA,20.9,20.6,4.9,13.4,77.8,447.0,1.1,0.9,30.9,7.7,0.7,1.9,64.4,59.1,78.4,3408,4239.0,90000.0,2.45,44643,22541,3.2,366.0,9.8,90.7,554410.0,36.4,50.4,964.0,7498,8742,23.9,1285.0,35332.0,274,98,160,112,147,72,186,Marion
Marion County,IA,18.4,23.5,5.7,28.8,93.3,2250.0,0.2,1.4,0.9,2.0,0.0,1.3,96.1,94.4,70.8,13365,14374.0,157300.0,2.35,61038,30644,1.8,554.53,3.0,81.4,2031627.0,19.3,50.1,1951.0,33414,33309,60.1,30752.0,363824.0,2604,766,1307,50,2354,316,2062,Marion
Marion County,IL,19.8,23.2,6.4,15.2,89.0,2076.0,0.4,0.6,4.3,2.1,0.0,2.0,92.7,90.9,73.6,15946,18280.0,77900.0,2.32,47519,25563,1.2,572.36,1.7,86.3,710584.0,19.8,51.1,2688.0,37729,39437,68.9,38162.0,353692.0,2903,814,1624,128,2587,226,2461,Marion
Marion County,IN,12.9,24.6,7.2,30.9,86.1,65885.0,0.4,3.8,29.1,10.9,0.1,3.0,63.5,54.1,53.9,372358,426024.0,136700.0,2.51,48316,28566,9.5,396.3,13.6,85.5,28049424.0,23.7,51.8,47766.0,977203,903393,2279.6,2645492.0,14421675.0,74873,29976,37202,20154,51474,6968,63886,Marion
Marion County,KS,23.8,21.1,4.8,25.0,91.6,961.0,0.8,0.5,1.1,4.1,0.1,2.1,95.4,92.0,78.5,4846,6008.0,90800.0,2.3,52123,26577,1.0,944.29,2.7,90.2,328053.5,21.3,50.3,777.0,11823,12660,13.4,13223.0,79191.0,966,267,528,25,900,34,893,Marion
Marion County,KY,16.9,24.1,6.4,12.6,81.5,1219.0,0.2,0.8,7.0,2.7,0.0,1.9,90.1,87.7,73.4,7405,8372.0,105400.0,2.48,40107,22241,1.3,343.01,2.8,86.0,895036.0,19.2,50.4,1061.0,19581,19820,57.8,35974.5,171021.0,1246,305,737,65,1077,159,936,Marion
Marion County,MO,18.3,23.1,6.4,22.4,88.0,1716.0,0.3,0.7,5.0,1.9,0.1,2.5,91.5,90.0,65.4,11565,13109.0,123400.0,2.34,48784,25069,0.8,436.92,1.2,85.0,1488489.0,18.9,51.4,2032.0,28525,28781,65.9,46963.0,508521.0,2385,599,1231,80,2177,183,1986,Marion
Marion County,MS,19.3,22.8,5.7,12.3,81.5,1957.0,0.3,0.4,31.6,1.8,0.1,1.2,66.5,65.1,82.3,9483,12138.0,89000.0,2.56,32090,19545,1.1,542.38,2.9,91.8,75132.0,37.3,51.4,1172.0,24441,27088,49.9,22435.0,280067.0,2471,1013,1293,660,1707,339,1960,Marion
Marion County,OH,18.2,21.0,5.8,12.5,87.9,2947.0,0.3,0.6,6.5,2.8,0.1,2.1,90.4,88.1,66.4,24737,27880.0,100800.0,2.41,47498,24484,1.7,403.76,4.8,83.6,3681681.0,22.8,47.0,4819.0,65359,66501,164.7,86931.0,745329.0,4074,1301,2219,156,3701,458,3316,Marion
Marion County,OR,16.2,24.3,6.5,23.5,85.2,18162.0,2.6,2.5,1.6,27.2,1.0,3.7,88.6,64.7,60.2,118038,128622.0,247100.0,2.79,59625,27338,12.6,1182.33,25.4,84.8,2540329.0,24.2,50.2,20251.0,345920,315335,266.7,64413.0,3862230.0,22621,7676,11071,3581,17898,1932,19003,Marion
Marion County,SC,20.7,22.5,5.8,13.5,78.9,1736.0,0.7,0.7,56.8,2.9,0.0,1.4,40.3,38.4,66.0,11600,15081.0,76700.0,2.69,32063,20160,2.2,489.23,3.6,92.1,214095.0,30.8,54.2,1709.0,29183,33062,67.6,31960.0,239046.0,1933,584,1212,793,1074,266,1582,Marion
Marion County,TN,20.3,21.0,5.7,12.8,81.5,1746.0,0.5,0.7,4.1,2.0,0.0,1.6,93.1,91.4,74.9,11477,13600.0,125700.0,2.46,49432,25467,1.0,498.16,1.1,93.7,674991.0,29.4,51.0,1860.0,28837,28237,56.7,40960.0,336227.0,2185,617,1110,86,1959,235,1784,Marion
Marion County,TX,27.4,18.1,4.5,14.7,85.2,705.0,1.3,0.9,20.9,4.5,0.0,2.4,74.5,71.0,77.3,4715,6505.0,96500.0,2.1,37662,27566,2.1,380.88,3.8,90.1,575658.0,30.7,50.9,785.0,9725,10546,27.7,11172.0,61315.0,744,271,419,173,548,59,660,Marion
Marion County,WV,19.8,20.0,5.5,22.6,89.4,2585.0,0.3,0.6,3.3,1.4,0.0,1.8,94.0,92.9,74.6,22926,26391.0,116800.0,2.4,50305,26380,1.2,308.74,2.3,86.4,469505.0,24.0,50.5,4174.0,56205,56418,182.7,93690.0,743189.0,3564,1153,1885,182,3151,203,2970,Marion
Mariposa County,CA,28.9,16.1,4.2,24.6,90.6,1376.0,3.5,1.6,1.3,12.1,0.2,4.0,89.3,79.3,68.4,7643,10445.0,275700.0,2.13,48820,28757,5.8,1448.82,9.6,87.6,2696230.0,26.6,49.1,1485.0,17131,18251,12.6,157933.0,102452.0,1529,586,733,189,1246,162,1285,Mariposa
Marlboro County,SC,18.6,19.8,5.3,8.9,77.2,1023.0,5.0,0.4,51.1,3.4,0.0,2.2,41.1,38.8,62.9,9613,12057.0,67500.0,2.49,33586,17456,2.2,479.67,2.9,89.1,881859.0,25.0,47.8,1508.0,26667,28933,60.3,14739.0,185483.0,1221,378,710,464,679,215,877,Marlboro
Marquette County,MI,19.6,17.8,4.6,32.9,95.0,3664.0,2.0,0.9,1.7,1.6,0.0,2.2,93.2,91.9,70.8,26552,34974.0,153400.0,2.37,53970,27979,1.8,1808.4,2.9,82.7,275650.0,17.9,49.7,5634.0,66017,67077,37.1,114439.0,789252.0,4493,1298,2546,106,4170,539,3604,Marquette
Marquette County,WI,25.1,19.2,4.8,15.1,89.1,1069.0,0.9,0.7,0.7,3.7,0.0,1.4,96.3,93.1,81.4,6648,10032.0,155300.0,2.27,52288,27922,2.0,455.6,4.0,90.1,1420674.0,30.9,49.2,1536.0,15592,15404,33.8,13423.0,70924.0,1516,399,810,0,1445,230,1214,Marquette
Marshall County,AL,17.3,25.1,7.2,19.4,81.6,7199.0,1.1,0.7,3.2,14.7,0.3,1.9,92.8,79.8,70.2,34883,40791.0,128800.0,2.71,45983,24453,7.4,565.84,12.4,88.2,3234542.0,24.6,50.7,5904.0,97612,93019,164.4,124384.0,1280023.0,7864,2642,4309,585,6984,850,6561,Marshall
Marshall County,IA,18.5,25.3,6.5,18.8,83.8,1904.0,0.8,3.8,2.3,23.0,0.2,1.8,91.1,69.6,70.5,15419,16888.0,106000.0,2.52,56437,27196,13.5,572.5,22.6,88.2,2232202.0,18.2,49.5,2867.0,40105,40648,71.0,44711.0,438038.0,2392,612,1329,135,2116,340,1862,Marshall
Marshall County,IL,23.6,20.3,5.4,18.9,92.9,619.0,0.4,0.5,0.7,3.0,0.0,1.4,96.9,94.5,81.8,4884,5900.0,104900.0,2.33,58465,30808,1.7,386.79,3.1,90.9,741144.5,27.6,50.6,990.0,11742,12640,32.7,7422.0,85681.0,877,114,573,0,811,119,707,Marshall
Marshall County,IN,18.3,25.0,6.5,19.7,84.9,2903.0,0.4,0.7,0.8,10.7,0.1,1.6,96.5,86.6,74.7,17304,20398.0,138700.0,2.64,52658,25761,4.9,443.63,11.6,89.3,1816472.0,22.4,50.2,2489.0,46095,47051,106.1,56636.0,568561.0,3437,1017,1628,77,3189,306,2934,Marshall
Marshall County,KS,22.1,24.1,6.7,18.9,92.2,775.0,0.7,0.5,0.6,2.7,0.1,1.7,96.5,94.3,78.7,4085,4920.0,98900.0,2.35,51895,28469,1.1,900.18,3.0,88.6,341668.0,16.1,50.3,695.0,10038,10117,11.2,10565.0,234946.0,1161,300,558,27,1095,45,1030,Marshall
Marshall County,KY,22.1,20.5,5.3,19.2,88.7,2226.0,0.3,0.4,0.5,1.9,0.0,1.1,97.7,96.0,81.0,13121,16306.0,131100.0,2.33,55113,29792,1.0,301.25,1.5,89.2,3212220.0,24.2,50.9,2262.0,31659,31448,104.4,45886.0,392335.0,2753,650,1518,51,2632,357,2133,Marshall
Marshall County,MN,22.3,22.9,6.2,19.1,90.0,614.0,0.9,0.4,0.5,4.7,0.1,1.2,97.0,93.0,82.6,3971,4820.0,117000.0,2.33,60118,30746,1.6,1775.07,4.6,91.8,59734.0,24.5,49.7,574.0,9040,9439,5.3,38159.0,123008.0,667,164,369,0,623,42,565,Marshall
Marshall County,MS,18.2,20.7,5.5,13.8,82.1,2808.0,0.4,0.3,47.1,4.0,0.1,1.1,51.1,47.9,75.5,12772,15845.0,107900.0,2.62,42233,21853,1.6,706.19,4.8,90.8,182504.0,28.2,50.5,1803.0,33752,37144,52.6,16316.0,185431.0,2994,1194,1581,1242,1698,364,2493,Marshall
Marshall County,OK,21.9,23.1,5.9,14.8,79.1,1097.0,11.1,0.4,2.1,18.2,0.1,6.2,80.2,64.6,72.6,6195,10367.0,89700.0,2.63,45746,22781,7.4,371.08,15.9,87.1,245186.0,24.1,51.2,1384.0,15312,15840,42.7,17406.0,159844.0,1116,300,652,241,824,93,972,Marshall
Marshall County,SD,21.2,24.0,8.2,24.1,92.1,343.0,9.5,0.2,0.7,8.0,-1.0,1.8,87.8,83.1,73.8,1873,2660.0,118900.0,2.57,63723,32472,3.3,838.07,4.4,90.7,174745.0,18.1,46.7,284.0,4306,4656,5.6,3747.0,74316.0,596,149,301,0,567,64,491,Marshall
Marshall County,TN,16.4,23.1,6.2,14.7,85.4,2284.0,0.5,0.7,6.5,5.7,0.1,1.9,90.3,85.3,71.8,12324,13927.0,136400.0,2.64,53197,25410,2.8,375.46,5.6,90.6,1085244.0,30.2,51.0,1855.0,34318,30617,81.5,25541.0,289142.0,2233,655,1217,94,2043,189,1857,Marshall
Marshall County,WV,23.0,19.1,4.7,18.0,92.3,1128.0,0.3,0.4,0.8,1.0,0.0,1.1,97.4,96.6,80.1,12308,15730.0,109300.0,2.51,48557,26472,0.9,305.43,1.7,94.0,258272.0,26.7,50.4,2565.0,30591,33107,108.4,32424.0,344742.0,1957,609,1032,49,1734,147,1582,Marshall
Martin County,FL,31.5,16.2,4.1,34.1,91.0,17112.0,1.0,1.5,5.7,14.2,0.2,1.6,90.1,77.7,78.0,64528,80784.0,273700.0,2.4,61133,42199,10.0,543.46,13.4,86.2,1103288.0,26.1,50.6,14534.0,158431,146318,269.2,312689.0,2553285.0,17326,5824,9157,2215,14501,1927,14457,Martin
Martin County,IN,20.6,22.2,5.8,13.7,88.1,630.0,0.4,0.5,0.4,1.2,0.0,1.1,97.7,96.8,78.2,4187,4828.0,117100.0,2.37,52726,26758,0.2,335.74,1.7,93.1,64198.0,25.3,49.3,988.0,9812,10334,30.8,8787.0,150104.0,895,277,444,29,820,74,753,Martin
Martin County,KY,17.1,19.4,4.6,11.7,74.4,466.0,0.4,0.2,7.0,3.5,0.0,0.9,91.4,88.1,70.5,4153,5329.0,84300.0,2.5,41013,18017,0.3,229.61,3.1,86.8,559741.0,34.3,44.7,353.0,11287,12929,56.3,6257.0,93767.0,468,190,227,0,427,37,401,Martin
Martin County,MN,24.1,21.9,5.8,20.5,93.2,1520.0,0.6,0.7,0.9,5.0,0.1,1.1,96.6,92.3,73.8,8759,9973.0,118300.0,2.23,52798,31066,1.6,712.35,3.8,88.1,1576497.0,16.6,50.5,1602.0,20025,20840,29.3,26913.0,294477.0,1852,388,1060,43,1696,187,1457,Martin
Martin County,NC,23.9,20.2,5.5,16.4,83.4,1298.0,0.6,0.5,42.1,4.1,0.2,1.3,55.3,52.3,68.0,9378,11583.0,92500.0,2.42,40090,23575,2.1,461.22,4.4,91.4,557413.0,24.5,53.0,1384.0,22031,24505,53.1,25715.0,249138.0,1535,429,890,531,902,174,1293,Martin
Martin County,TX,11.4,31.3,8.4,18.3,77.4,474.0,1.6,0.5,3.0,47.6,0.1,1.2,93.5,48.8,73.8,1694,1900.0,148000.0,3.3,66610,30548,4.1,914.94,33.8,92.3,575658.0,19.0,49.8,169.0,5237,4799,5.2,33330.5,88717.0,363,107,218,118,211,0,308,Martin
Martinsville city,VA,18.7,24.1,8.1,21.0,82.8,1479.0,0.4,1.0,45.4,5.7,0.1,4.0,48.0,44.0,55.9,5532,11797.5,87700.0,2.24,34371,22836,3.8,10.96,7.0,82.0,192691.0,19.4,55.6,734.0,13485,13821,1261.5,28770.0,317806.0,974,318,526,240,625,145,718,Martinsville
Mason County,IL,22.4,20.9,5.2,16.0,89.2,641.0,0.4,0.5,0.7,1.2,0.0,1.2,97.3,96.2,77.8,5977,7039.0,83000.0,2.24,48417,28534,0.8,539.24,1.7,88.1,24649.0,26.3,50.7,1123.0,13086,14666,27.2,38907.0,130469.0,788,273,424,35,716,0,703,Mason
Mason County,KY,18.7,23.1,6.0,19.5,86.3,1158.0,0.4,0.9,6.3,2.1,0.0,2.4,89.9,88.3,67.6,6700,8159.0,132800.0,2.51,45377,28411,2.5,240.13,5.8,85.7,559741.0,23.9,51.3,886.0,17120,17490,72.8,35627.0,363814.0,1140,292,593,107,926,124,826,Mason
Mason County,MI,24.3,20.3,5.3,23.1,92.1,2011.0,1.1,0.7,0.9,4.6,-1.0,1.9,95.4,91.3,76.9,12186,17730.0,141400.0,2.34,51725,29549,2.1,495.07,3.6,88.3,432165.0,17.6,50.5,2258.0,29052,28705,58.0,50210.0,370347.0,2371,744,1208,69,2180,180,1988,Mason
Mason County,TX,29.2,20.2,4.9,27.6,87.7,663.0,0.7,0.3,0.9,25.4,0.3,1.1,96.7,72.7,70.6,1696,2818.0,172800.0,2.46,42276,30388,9.0,928.8,21.2,84.7,5346.0,19.0,48.9,302.0,3953,4012,4.3,33330.5,36405.0,612,264,233,189,386,43,479,Mason
Mason County,WA,23.3,19.5,5.3,17.6,88.6,3005.0,4.8,1.3,1.5,10.6,0.4,4.4,87.5,79.8,77.4,24278,33987.0,226500.0,2.58,57634,28862,5.7,959.42,8.6,84.8,268509.0,33.1,48.1,6917.0,65726,60699,63.3,97825.5,404348.0,3524,1023,1689,337,2945,410,2849,Mason
Mason County,WV,21.6,20.7,5.3,14.4,86.0,934.0,0.2,0.3,0.9,0.8,0.1,1.3,97.3,96.6,79.5,11034,13096.0,87600.0,2.36,46078,24844,0.8,430.75,1.0,93.2,258272.0,28.5,51.7,1780.0,25453,27324,63.4,14226.0,143945.0,1330,526,659,0,1249,84,1164,Mason
Massac County,IL,21.4,21.6,5.5,13.9,86.8,819.0,0.6,0.6,6.1,3.2,0.0,2.4,90.4,87.7,75.5,5822,7103.0,83600.0,2.39,47481,23539,1.0,237.22,2.4,91.6,741144.5,23.0,51.9,1029.0,14169,15429,65.0,38907.0,84949.0,690,236,326,42,608,101,509,Massac
Matagorda County,TX,17.4,25.6,7.3,17.4,80.6,2942.0,1.4,1.9,11.3,43.3,0.1,1.7,83.6,43.3,70.7,13848,19859.0,114800.0,2.63,48913,25172,10.6,1100.28,30.7,91.8,1657453.0,23.1,49.7,2402.0,36255,36702,33.4,51464.0,324607.0,3351,1274,1541,1554,1658,255,2854,Matagorda
Matanuska-Susitna Borough,AK,12.7,26.4,6.8,21.6,92.9,7656.0,6.9,1.7,1.3,5.2,0.4,7.0,82.5,78.6,77.1,31217,42120.0,249000.0,3.31,75493,31232,3.3,24607.9,6.2,84.8,53844.0,34.9,48.1,10560.0,107081,88995,3.6,135542.0,1039070.0,7648,2621,3964,823,6498,789,6522,Matanuska-Susitna
Mathews County,VA,31.5,15.6,3.9,27.9,90.5,833.0,0.3,0.9,8.5,2.7,0.1,2.1,88.1,85.7,85.0,3920,5764.0,226300.0,2.21,64237,35731,2.3,85.93,2.8,90.1,476138.5,38.6,51.6,1097.0,8533,8978,104.5,6404.0,54443.0,978,385,525,0,927,71,864,Mathews
Maui County,HI,19.0,21.6,5.8,27.2,92.0,17577.0,0.6,29.0,0.8,11.6,10.6,24.2,34.9,30.1,61.0,54479,74561.0,633500.0,3.0,80948,35241,18.7,1161.52,22.8,88.4,283326.0,21.3,50.4,8692.0,164754,154834,133.3,2307504.0,2390830.0,17146,6791,8126,6782,9341,1575,14447,Maui
Maury County,TN,16.3,23.3,6.6,23.0,90.2,7224.0,0.5,1.0,12.0,6.2,0.1,2.4,84.1,78.7,69.9,34688,39259.0,184800.0,2.62,57170,28970,3.5,613.14,5.5,86.7,1902112.0,29.8,51.7,5417.0,100974,80956,132.0,123065.0,1131965.0,6354,2108,3381,659,5401,471,5376,Maury
Maverick County,TX,11.9,31.0,9.1,12.7,59.5,4855.0,1.8,0.7,0.7,95.1,0.0,0.6,96.2,2.7,65.7,16286,18571.0,97900.0,3.56,39625,16779,31.5,1279.26,92.3,89.2,49014.0,22.5,49.9,718.0,57887,54258,42.4,211393.0,585638.0,5164,2074,2598,4753,269,313,4665,Maverick
Mayes County,OK,18.9,23.2,5.8,14.3,86.5,2611.0,22.4,0.4,0.7,3.8,0.1,9.6,66.8,64.3,72.9,15983,19597.0,112800.0,2.53,50345,24472,1.2,655.39,4.8,90.2,1224715.0,23.7,50.1,3173.0,39046,41259,63.0,40216.0,466827.0,3294,909,1806,752,2353,458,2629,Mayes
McClain County,OK,15.7,25.5,5.7,25.0,90.1,3656.0,7.1,0.5,1.0,8.3,0.1,5.5,85.7,78.6,79.4,14428,16221.0,177500.0,2.7,67662,32259,3.2,570.7,6.0,86.8,103522.0,27.9,50.5,2484.0,41662,34506,60.5,46300.0,463580.0,4054,1051,2353,504,3380,425,3369,McClain
McCone County,MT,27.1,21.1,5.6,17.2,92.5,165.0,1.4,0.4,0.7,1.8,-1.0,2.2,95.4,93.9,80.8,723,1024.0,114800.0,2.45,49701,27912,1.2,2643.17,6.9,96.3,16801.0,16.8,48.6,108.0,1729,1734,0.7,596.0,24790.0,240,90,26,0,232,0,219,McCone
McCook County,SD,18.9,27.8,8.2,24.1,88.7,504.0,1.5,0.2,0.7,4.3,0.1,1.3,96.2,92.9,75.9,2228,2615.0,137800.0,2.37,61507,29020,2.4,574.2,3.5,85.9,109693.0,26.2,50.1,317.0,5682,5618,9.8,4783.0,52103.0,606,127,341,0,582,48,538,McCook
McCormick County,SC,35.6,11.4,2.7,20.5,83.4,521.0,0.1,0.6,44.5,1.4,0.1,1.0,53.6,52.6,76.6,3957,5732.0,116500.0,2.11,43633,25617,2.1,359.13,1.7,88.3,1460241.0,30.2,46.1,1066.0,9526,10233,28.5,65913.0,31851.0,554,212,278,235,277,111,401,McCormick
McCracken County,KY,20.3,22.2,6.0,24.2,90.5,4460.0,0.4,1.0,11.0,2.7,0.1,2.4,85.2,83.0,65.1,27854,32300.0,143400.0,2.29,46080,32357,1.5,248.74,2.7,88.0,2308588.0,17.8,52.0,4208.0,67875,65565,263.6,181663.0,1638500.0,5531,2066,2600,415,4803,503,4625,McCracken
McCreary County,KY,16.3,21.5,5.7,7.2,76.6,868.0,0.8,0.4,5.9,2.7,0.1,1.6,91.3,89.2,70.1,6052,7534.0,69700.0,2.58,28105,14505,0.5,426.8,3.2,88.6,559741.0,29.3,45.4,1049.0,16888,18306,42.9,7852.0,81880.0,880,324,480,0,846,116,737,McCreary
McCulloch County,TX,22.4,22.1,5.3,17.3,76.8,688.0,1.2,0.8,2.9,33.0,0.1,2.0,93.0,62.6,72.2,3143,4352.0,93700.0,2.51,47707,24311,5.9,1065.6,21.5,80.1,575658.0,17.6,49.6,553.0,7630,8283,7.8,11534.0,138976.0,1050,417,495,330,667,104,877,McCulloch
McCurtain County,OK,18.6,25.2,6.7,13.4,82.9,2576.0,17.1,1.0,8.1,6.2,1.4,7.3,65.1,61.3,70.8,12646,15734.0,83300.0,2.58,37061,20671,3.0,1850.01,5.3,92.4,1341990.0,20.6,50.8,2150.0,30814,33151,17.9,37020.0,275215.0,2674,718,1374,582,1973,260,2259,McCurtain
McDonald County,MO,15.6,25.6,7.5,11.5,77.6,1462.0,3.2,1.6,2.0,11.4,2.8,3.8,86.6,76.8,68.6,8259,9999.0,110500.0,2.74,41643,20468,7.9,539.48,13.6,89.7,611624.0,25.0,49.5,1559.0,23303,23083,42.8,13274.0,221209.0,1259,282,774,116,1040,145,1038,McDonald
McDonough County,IL,18.1,17.3,4.6,32.2,93.6,1549.0,0.4,2.5,5.5,2.9,0.0,1.7,89.9,87.6,66.3,11408,14391.0,91800.0,2.38,44471,24094,3.7,589.41,5.0,79.1,420900.0,17.6,50.9,1894.0,27238,32612,55.3,71557.0,340837.0,1837,701,783,138,1603,93,1626,McDonough
McDowell County,NC,20.8,20.0,5.0,17.4,83.9,2722.0,0.8,1.1,4.2,6.4,0.1,1.5,92.3,87.2,72.7,18173,21600.0,119200.0,2.43,43646,24281,4.0,440.61,6.5,89.8,1324204.0,24.2,50.2,2729.0,44578,44996,102.1,46500.0,457780.0,2577,765,1429,147,2338,274,2078,McDowell
McDowell County,WV,22.8,20.4,5.2,5.4,68.6,479.0,0.2,0.2,8.2,1.4,-1.0,1.4,90.0,88.7,78.7,7607,11175.0,35000.0,2.26,27682,15047,1.0,533.46,2.0,94.5,258272.0,27.2,51.0,1013.0,19111,22113,41.5,48291.0,131211.0,629,231,345,59,525,29,556,McDowell
McDuffie County,GA,18.1,24.9,6.4,14.0,83.4,1754.0,0.4,0.5,41.5,3.4,0.1,1.8,55.6,53.1,61.3,8153,9378.0,109500.0,2.59,43468,21625,2.5,257.46,4.7,88.5,554410.0,25.9,53.1,1594.0,21632,21875,85.0,24705.0,294954.0,1679,617,868,516,1074,209,1312,McDuffie
McHenry County,IL,15.2,23.2,5.5,34.4,93.1,22922.0,0.5,3.0,1.8,13.9,0.1,1.7,93.0,80.1,79.4,112453,119173.0,224500.0,2.72,86799,39006,9.3,603.17,14.2,88.6,5163195.0,33.2,50.2,14529.0,310229,308760,511.9,435670.0,3664358.0,27080,8835,15243,2906,23462,2133,23969,McHenry
McHenry County,ND,20.9,23.8,6.1,21.4,90.8,443.0,1.0,0.3,0.4,2.0,-1.0,1.1,97.2,95.5,82.9,2594,3178.0,117100.0,2.24,64179,36980,1.2,1873.95,2.7,91.8,118152.0,24.5,48.3,499.0,5345,5395,2.9,1321.0,26498.0,436,101,191,0,388,34,372,McHenry
McIntosh County,GA,28.1,15.8,4.1,17.6,85.2,968.0,0.6,0.5,33.5,2.3,0.1,1.7,63.6,62.2,79.8,6042,9674.0,128000.0,2.33,49504,26892,1.6,424.3,2.9,91.6,554410.0,27.4,51.4,1642.0,10975,14333,33.8,17925.0,98130.0,1139,411,521,196,908,120,956,McIntosh
McIntosh County,ND,32.2,18.5,5.1,15.6,81.8,229.0,0.8,1.0,0.8,2.6,-1.0,0.9,96.6,94.1,73.4,1291,1859.0,77100.0,1.93,52587,32131,3.3,974.73,20.6,90.7,118152.0,11.6,50.9,174.0,2530,2809,2.9,8750.0,52115.0,426,122,272,0,400,0,391,McIntosh
McIntosh County,OK,25.9,19.6,4.9,13.9,85.8,1307.0,18.8,0.5,3.0,2.9,0.1,8.1,69.5,67.7,78.4,8327,13882.0,100900.0,2.33,39084,23268,0.8,618.5,1.3,93.4,9500.0,28.4,50.6,1890.0,18941,20252,32.7,20785.0,289671.0,1587,485,850,413,1097,111,1324,McIntosh
McKean County,PA,20.1,19.8,4.8,18.9,91.8,2100.0,0.3,0.6,2.5,2.2,0.0,1.3,95.3,93.4,74.1,17147,21293.0,80400.0,2.24,48647,27023,1.7,979.2,3.1,86.2,1615775.0,22.5,48.7,3225.0,40432,43450,44.4,44629.0,401761.0,2915,631,1733,86,2675,438,2280,McKean
McKenzie County,ND,8.8,31.8,9.8,25.8,90.7,1018.0,9.1,1.0,2.1,9.7,0.2,3.4,84.2,76.2,54.0,4302,6924.0,238600.0,3.05,77845,36690,2.6,2760.32,13.2,77.9,1633.0,18.4,46.4,617.0,14704,6360,2.3,31759.0,166074.0,908,193,509,48,812,85,697,McKenzie
McKinley County,NM,12.9,28.1,6.5,11.4,77.2,3127.0,79.6,1.1,0.7,14.2,0.1,2.3,16.3,8.3,70.9,20942,26429.0,64800.0,3.42,33834,15931,2.2,5449.81,53.4,92.3,268581.0,22.3,51.8,3035.0,72902,71492,13.1,119384.0,996679.0,5269,2629,2055,4027,1032,509,4523,McKinley
McLean County,IL,13.8,21.2,5.7,44.8,95.9,9646.0,0.3,5.1,8.4,5.2,0.1,2.4,83.7,79.2,64.6,65845,72764.0,167000.0,2.5,67675,34532,6.6,1183.38,7.9,83.6,1590166.0,17.9,51.5,8202.0,170954,169572,143.3,392975.0,2441555.0,11960,3907,6432,1540,9891,960,10251,McLean
McLean County,KY,20.0,23.5,5.6,13.5,87.3,524.0,0.4,0.3,0.9,1.8,0.0,1.3,97.1,95.6,78.4,3809,4298.0,104700.0,2.41,51861,25610,0.7,252.47,0.7,87.1,559741.0,25.6,50.8,535.0,9152,9531,37.8,3595.0,60985.0,738,192,427,0,713,50,665,McLean
McLean County,ND,24.2,22.0,6.2,20.8,92.4,715.0,7.6,0.3,0.5,2.6,0.1,2.0,89.6,88.3,81.2,4334,6289.0,174400.0,2.18,68529,36428,1.2,2110.88,3.4,90.9,118152.0,22.2,49.3,671.0,9771,8962,4.2,9793.0,132480.0,647,222,369,0,594,92,478,McLean
McLennan County,TX,14.7,24.5,6.8,24.2,84.9,17116.0,1.1,1.8,14.8,27.0,0.1,2.2,80.0,55.4,59.2,90054,103176.0,142800.0,2.68,49778,25703,8.4,1037.1,19.2,80.8,575658.0,19.4,51.2,14555.0,260579,234906,226.5,33330.5,3223847.0,16570,5219,8733,3614,11957,1736,13568,McLennan
McLeod County,MN,19.1,22.8,5.7,17.6,93.1,2432.0,0.5,0.8,0.8,6.6,0.1,1.2,96.6,90.5,77.7,14714,16043.0,164700.0,2.41,62121,32465,3.0,491.47,5.6,89.3,1882467.0,23.9,50.0,2309.0,36771,36651,74.6,39647.0,501430.0,3006,1074,1527,61,2811,274,2512,McLeod
McMinn County,TN,19.9,21.2,5.6,16.2,84.5,3085.0,0.5,0.8,3.9,4.5,0.0,2.2,92.5,88.7,73.5,20804,23471.0,133200.0,2.49,43285,23885,2.8,430.13,4.1,84.9,2196562.0,22.3,51.3,3474.0,53276,52266,121.5,69599.0,542413.0,3315,988,1909,311,2862,458,2625,McMinn
McMullen County,TX,25.4,19.8,5.4,28.8,92.7,132.0,0.5,0.7,2.4,42.1,-1.0,2.8,93.5,53.8,75.9,270,499.0,110900.0,2.87,62000,31455,3.1,1139.43,10.6,92.6,575658.0,22.7,47.2,29.0,600,707,0.6,525.0,209517.0,185,0,120,48,115,0,175,McMullen
McNairy County,TN,21.2,21.6,5.3,12.6,82.6,1602.0,0.4,0.4,6.1,2.3,0.0,1.7,91.4,89.6,72.7,10022,12081.0,98100.0,2.54,39161,20934,0.9,562.86,2.7,92.8,352080.0,26.9,51.0,1465.0,25866,26075,46.3,15389.0,154806.0,1725,453,1152,75,1606,375,1286,McNairy
McPherson County,KS,20.2,22.7,5.7,28.0,91.3,2419.0,0.6,0.9,1.3,4.5,0.1,1.9,95.1,91.2,69.5,12334,13418.0,151800.0,2.21,59089,31006,1.6,898.27,3.8,85.4,5481599.0,13.8,50.8,1441.0,30223,29180,32.5,33073.0,295502.0,2842,723,1592,68,2641,144,2499,McPherson
McPherson County,NE,24.1,18.2,2.8,22.0,89.2,51.0,-1.0,-1.0,0.4,1.4,-1.0,1.2,98.4,97.0,72.8,191,281.0,102700.0,2.07,48125,30063,0.8,858.98,0.8,92.3,231681.5,25.9,50.8,31.0,399,539,0.6,4370.0,73832.0,45,0,39,0,44,38,0,McPherson
McPherson County,SD,28.3,24.8,6.0,17.7,82.4,187.0,0.3,0.4,0.7,1.6,0.1,1.3,97.2,96.0,77.1,1030,1441.0,58900.0,2.09,44574,28559,1.3,1136.64,8.4,93.0,4677.0,17.7,50.0,166.0,2411,2459,2.2,725.0,14209.0,298,125,111,0,284,0,284,McPherson
Meade County,KS,19.5,25.0,6.3,20.3,80.7,382.0,1.3,0.9,1.1,18.9,-1.0,1.5,95.3,77.2,69.2,1689,2000.0,96800.0,2.4,59316,28945,10.6,978.09,21.2,86.9,328053.5,14.9,49.1,188.0,4055,4575,4.7,13223.0,32204.0,422,79,244,29,375,47,350,Meade
Meade County,KY,14.7,22.1,5.4,19.4,88.7,1585.0,0.7,0.8,4.0,3.9,0.2,2.2,92.2,89.0,72.6,10685,12599.0,153500.0,2.61,56603,27861,1.6,305.42,2.4,82.2,559741.0,31.7,49.3,3498.0,30003,28602,93.6,23088.0,197320.0,1798,495,1134,54,1696,284,1457,Meade
Meade County,SD,16.0,22.4,5.3,27.2,94.4,2375.0,3.2,1.0,2.0,4.4,0.1,3.2,90.5,87.2,74.4,11027,12394.0,190500.0,2.44,60578,28809,2.0,3470.98,4.1,81.9,109693.0,20.9,48.0,2867.0,29852,25434,7.3,43592.0,211042.0,2569,823,1210,155,2312,352,2008,Meade
Meagher County,MT,31.6,18.7,4.7,29.3,95.2,186.0,0.7,0.4,0.5,1.8,-1.0,1.5,96.8,95.3,72.5,702,1447.0,154100.0,2.66,46607,24723,3.3,2391.91,2.7,81.7,16801.0,12.9,48.8,123.0,1927,1891,0.8,2234.0,14270.0,176,41,102,0,156,50,112,Meagher
Mecklenburg County,NC,11.5,23.3,6.6,45.4,90.3,103292.0,0.8,6.3,33.0,13.8,0.1,2.5,57.3,46.1,56.4,411097,466911.0,238000.0,2.58,66641,38819,15.4,523.84,20.0,82.2,11150033.0,26.4,51.9,47874.0,1115482,919628,1755.5,2845124.0,14756869.0,101799,39281,52010,36742,60404,9615,86440,Mecklenburg
Mecklenburg County,VA,25.9,18.7,5.0,20.2,81.9,1622.0,0.4,0.8,34.6,3.1,0.1,1.9,62.2,60.0,71.1,12075,19066.0,132600.0,2.46,43207,25056,2.4,625.49,2.0,93.0,298021.0,25.7,51.3,2388.0,30319,32727,52.3,46566.0,417087.0,2217,702,1247,476,1631,271,1784,Mecklenburg
Mecosta County,MI,18.6,18.5,4.9,22.7,90.2,2227.0,0.8,0.9,2.9,2.4,0.0,2.4,92.9,91.1,73.3,15808,21901.0,121400.0,2.55,45018,23431,1.7,555.07,3.4,81.3,676995.0,23.1,49.7,2898.0,39714,42798,77.1,45676.0,488245.0,3130,991,1787,120,2882,160,2798,Mecosta
Medina County,OH,18.5,22.0,5.2,33.9,95.1,13927.0,0.2,1.3,1.5,2.3,0.0,1.4,95.6,93.6,79.9,69007,73567.0,196300.0,2.56,76600,37788,2.9,421.36,4.4,90.0,2970355.0,27.3,50.5,10818.0,182470,172332,409.0,222970.0,2651394.0,15041,4559,8786,602,13918,1649,12594,Medina
Medina County,TX,17.0,22.9,6.0,19.8,83.2,3618.0,1.0,0.9,3.1,52.6,0.2,1.5,93.3,42.7,80.4,15682,18888.0,137800.0,3.03,62599,27475,5.4,1325.36,31.5,86.3,575658.0,31.6,48.4,4238.0,50748,46006,34.7,41656.0,436747.0,3396,1213,1760,1105,2154,363,2790,Medina
Meeker County,MN,20.5,24.1,6.1,19.5,92.6,1717.0,0.4,0.4,0.8,4.3,0.1,1.0,97.3,93.5,80.4,9209,11037.0,170200.0,2.47,63452,32368,1.7,608.18,3.8,89.9,828389.0,24.2,49.2,1527.0,23400,23300,38.3,14612.0,249957.0,1906,505,1116,0,1807,175,1540,Meeker
Meigs County,OH,20.4,21.1,5.3,13.1,83.6,1128.0,0.3,0.2,1.0,0.7,0.0,1.3,97.1,96.5,78.6,9045,11236.0,95000.0,2.53,44899,24899,0.3,430.1,1.0,88.3,2276097.0,33.6,50.6,1660.0,22210,23770,55.3,16442.0,155529.0,1491,430,909,0,1444,148,1273,Meigs
Meigs County,TN,21.7,20.0,5.3,9.8,83.8,655.0,1.0,0.3,1.6,2.3,0.0,1.5,95.5,93.8,78.7,4938,5969.0,136600.0,2.43,49167,24525,2.1,195.12,1.4,87.8,233046.0,30.9,50.4,759.0,12758,11753,60.2,40960.0,51947.0,747,263,342,0,673,65,654,Meigs
Mellette County,SD,14.8,30.8,10.6,12.0,81.6,101.0,55.2,0.2,0.5,3.5,-1.0,6.3,37.8,36.6,69.4,661,857.0,32100.0,3.04,30650,13784,0.2,1307.31,7.1,96.3,109693.0,20.6,48.7,74.0,1918,2048,1.6,360.0,11578.0,116,63,32,34,71,0,97,Mellette
Menard County,IL,20.0,21.6,5.3,24.0,94.1,783.0,0.3,0.4,0.9,1.6,0.0,1.5,96.9,95.5,78.1,5188,5748.0,146900.0,2.35,74684,37098,0.8,314.44,1.6,88.2,741144.5,27.1,51.2,1038.0,12297,12705,40.4,5522.0,76770.0,921,379,331,0,892,29,852,Menard
Menard County,TX,32.7,18.1,4.0,18.0,77.9,290.0,1.7,0.2,1.7,37.0,-1.0,1.3,95.1,59.9,69.1,1014,1721.0,59300.0,2.05,36395,25742,10.2,902.03,30.5,87.5,575658.0,29.4,50.1,217.0,1962,2242,2.5,1066.0,11878.0,309,64,221,106,181,60,242,Menard
Mendocino County,CA,23.1,21.1,5.7,24.4,86.5,8390.0,6.3,2.3,1.1,25.8,0.3,3.9,86.1,64.3,59.9,34408,41027.0,377500.0,2.47,51416,29035,12.4,3506.34,21.4,86.9,453444.0,20.8,50.4,5941.0,91601,87841,25.1,182602.0,1095233.0,9569,3226,4763,1518,7528,762,8242,Mendocino
Menifee County,KY,21.4,18.4,4.8,11.2,77.4,403.0,0.2,0.2,2.8,1.2,0.0,1.3,95.4,94.5,79.8,2651,3807.0,76800.0,2.39,39325,20588,0.6,203.59,1.6,87.4,559741.0,35.8,49.4,288.0,6113,6306,31.0,35974.5,23247.0,357,168,173,0,337,40,301,Menifee
Menominee County,MI,25.6,17.6,4.3,16.3,92.5,1251.0,3.1,0.5,0.7,2.0,0.0,1.8,94.0,92.5,77.7,10627,14369.0,101600.0,2.14,46828,27942,1.2,1044.08,2.1,88.6,461700.0,21.2,49.3,2161.0,23502,24029,23.0,21780.0,155508.0,2066,407,1193,33,1916,62,1880,Menominee
Menominee County,WI,14.0,33.3,9.4,17.9,91.9,105.0,82.0,1.7,1.0,6.7,-1.0,3.0,12.3,11.6,68.0,1408,2302.0,101800.0,3.2,40921,20313,0.2,357.61,3.3,88.1,1420674.0,20.7,50.2,217.0,4255,4232,11.8,60591.5,6629.0,101,0,60,74,0,0,75,Menominee
Merced County,CA,11.4,29.3,7.7,13.8,69.1,11717.0,2.5,7.8,3.9,61.0,0.4,3.2,82.2,26.5,52.2,80008,86388.0,252700.0,3.32,53672,23011,26.3,1934.97,53.3,86.6,4435633.0,28.6,49.5,9225.0,281202,255793,132.2,232910.0,1959473.0,12848,4071,7163,6912,5448,1060,11149,Merced
Mercer County,IL,21.8,21.1,5.0,17.4,91.9,901.0,0.3,0.5,0.7,2.6,0.0,1.2,97.3,94.9,79.0,6516,7416.0,107600.0,2.36,59787,29268,1.0,561.2,1.3,90.8,741144.5,26.8,50.2,1223.0,15699,16434,29.3,38907.0,72612.0,1041,355,534,0,999,142,838,Mercer
Mercer County,KY,18.9,22.2,6.0,18.5,84.4,1571.0,0.3,0.7,3.7,3.1,0.1,2.0,93.3,90.7,72.3,8556,10201.0,147300.0,2.51,55093,27061,2.1,248.8,4.6,83.8,2130471.0,26.9,51.0,1378.0,22641,21331,85.7,35974.5,169718.0,1818,458,899,71,1693,234,1443,Mercer
Mercer County,MO,22.5,23.9,6.8,18.9,88.4,268.0,0.6,0.8,0.4,2.7,0.0,1.4,96.7,94.3,78.6,1271,2123.0,88900.0,2.81,47298,23042,2.3,453.84,5.9,90.6,468824.0,23.5,49.6,230.0,3538,3785,8.3,22307.0,25045.0,366,77,161,0,342,34,234,Mercer
Mercer County,ND,20.1,23.2,6.0,21.7,91.4,600.0,2.9,0.5,0.7,3.0,0.1,1.7,94.2,92.2,82.7,3709,4819.0,177800.0,2.24,82181,39025,1.2,1042.96,6.7,91.5,5698.0,17.9,48.6,585.0,8350,8424,8.1,12419.0,125187.0,793,231,460,0,736,51,690,Mercer
Mercer County,NJ,15.6,21.2,5.6,42.6,88.5,27402.0,0.6,11.9,21.5,18.5,0.2,2.5,63.3,48.2,63.1,129936,145125.0,291100.0,2.7,81057,43086,22.9,224.56,30.5,85.6,2220326.0,28.3,51.1,12035.0,387340,366513,1632.2,731437.0,5127391.0,29640,9492,17106,8543,19683,2223,25807,Mercer
Mercer County,OH,18.2,25.9,7.7,18.3,92.1,2838.0,0.4,0.6,0.5,2.0,0.9,1.2,96.5,94.8,77.0,16234,18272.0,153800.0,2.49,62952,29765,1.4,462.45,1.8,90.1,1136872.0,18.7,49.5,2229.0,42528,40814,88.3,44788.0,496518.0,3192,696,2030,35,3041,381,2638,Mercer
Mercer County,PA,22.2,19.2,4.9,22.8,89.9,6249.0,0.2,0.7,5.9,1.6,0.0,1.9,91.3,90.0,72.5,46340,52408.0,121100.0,2.25,50696,27639,1.5,672.58,4.2,87.9,3309403.0,21.4,50.6,8688.0,110652,116638,173.4,188347.0,1527348.0,8797,2345,5468,371,8024,1059,7156,Mercer
Mercer County,WV,22.4,20.7,5.7,19.4,83.5,3004.0,0.3,0.6,6.0,1.2,0.0,1.9,91.2,90.3,69.5,25216,29986.0,96700.0,2.33,40784,22212,1.0,418.99,2.2,84.8,241505.0,22.1,52.0,4192.0,59664,62264,148.6,100870.0,929125.0,4005,1275,2113,320,3444,352,3229,Mercer
Meriwether County,GA,20.8,21.0,6.0,10.4,79.7,1618.0,0.5,0.6,38.5,2.5,0.0,1.8,58.5,56.7,68.5,8051,10061.0,103300.0,2.58,37121,21038,0.9,501.22,1.5,89.7,320461.0,35.9,52.1,1139.0,20613,21992,43.9,33983.0,116084.0,1891,660,1131,770,1067,201,1613,Meriwether
Merrick County,NE,20.7,22.4,5.8,17.8,94.2,686.0,0.8,1.0,0.5,5.0,0.1,1.2,96.4,92.0,74.5,3373,3849.0,115400.0,2.26,55649,28795,2.7,484.88,6.0,89.3,231681.5,19.0,49.6,576.0,7668,7845,16.2,4370.0,72069.0,796,106,520,0,757,49,645,Merrick
Merrimack County,NH,18.7,18.9,4.7,35.6,93.2,11453.0,0.3,2.2,1.8,2.3,0.0,1.7,94.0,92.1,71.8,58452,65554.0,237600.0,2.45,75737,37367,5.2,934.12,6.0,88.2,1577343.0,27.1,50.6,10742.0,153808,146445,156.8,238720.0,2819693.0,14562,4153,8130,405,13420,1708,11845,Merrimack
Mesa County,CO,19.7,21.3,5.5,28.2,90.5,12271.0,1.5,1.0,0.9,14.8,0.1,2.4,93.9,81.1,68.2,61742,68124.0,227000.0,2.39,55379,29596,4.1,3328.97,6.8,80.9,520620.0,19.6,50.5,11645.0,155703,146723,44.1,282636.0,2173315.0,14632,4788,7328,1108,12509,1391,12096,Mesa
Metcalfe County,KY,19.4,23.4,6.1,13.0,75.6,838.0,0.3,0.3,1.8,2.1,0.0,1.1,96.6,94.7,78.4,4074,4753.0,77200.0,2.43,37386,19121,0.8,289.65,2.6,92.3,311596.0,22.8,50.6,672.0,10286,10099,34.9,3773.0,49583.0,1044,258,549,32,954,66,916,Metcalfe
Miami County,IN,18.0,21.2,5.4,13.0,86.1,1639.0,1.0,0.5,5.1,3.5,0.0,2.2,91.2,88.3,71.5,13611,15415.0,88700.0,2.47,50657,24028,1.3,373.84,3.8,85.4,1482367.0,24.1,46.2,3117.0,35962,36903,98.7,31197.0,226197.0,2358,600,1311,77,2200,339,1901,Miami
Miami County,KS,17.1,24.4,6.1,29.8,96.0,2580.0,0.8,0.6,1.5,3.4,0.0,1.9,95.1,92.2,79.2,12835,14034.0,201400.0,2.55,71995,35659,1.3,575.66,2.1,90.7,328053.5,28.5,50.2,2189.0,34191,32787,57.0,13223.0,262433.0,2696,854,1488,86,2529,229,2358,Miami
Miami County,OH,18.9,22.9,5.9,23.3,91.2,7062.0,0.3,1.7,2.4,1.9,0.0,2.1,93.4,91.8,71.1,41043,44405.0,151400.0,2.54,61041,31254,1.9,406.58,2.8,85.4,3923883.0,21.4,50.7,7719.0,108774,102506,252.1,159823.0,1239253.0,8177,2700,4261,425,7309,949,6676,Miami
Miami-Dade County,FL,16.7,20.2,5.8,29.8,81.4,557833.0,0.3,1.6,17.7,69.4,0.0,1.3,79.0,12.9,51.2,883372,1040666.0,289600.0,3.0,51347,28224,53.7,1897.72,74.9,88.0,7192924.0,32.8,51.4,48104.0,2701767,2496435,1315.5,7696552.0,38361231.0,468185,187379,239190,371158,83563,25461,432417,Miami-Dade
Middlesex County,CT,21.0,17.3,4.1,42.2,94.2,13696.0,0.3,3.3,5.6,6.6,0.1,2.1,88.7,83.3,73.5,66971,76649.0,286800.0,2.34,85898,46023,7.8,369.3,10.7,89.1,3605419.0,26.5,51.3,9620.0,164245,165676,448.6,329534.0,2202552.0,17309,5354,10011,1134,15462,2071,14440,Middlesex
Middlesex County,MA,15.7,19.6,5.2,56.3,93.4,148625.0,0.3,13.1,5.9,8.3,0.1,2.5,78.2,71.2,62.4,604384,645291.0,500700.0,2.55,102603,52228,21.4,817.82,26.5,86.5,22760719.0,31.4,51.0,57176.0,1632002,1503085,1837.9,3940307.0,21344600.0,153958,51807,88608,24102,124407,13412,134199,Middlesex
Middlesex County,NJ,15.5,21.7,5.7,43.6,89.8,62950.0,0.7,24.9,12.0,22.1,0.1,2.3,60.1,41.7,63.5,285005,303426.0,344100.0,2.79,89533,39599,32.8,308.91,44.5,89.6,15784943.0,34.4,50.6,24709.0,863162,809858,2621.6,1387200.0,11869778.0,68733,20366,41119,28634,37891,4092,61658,Middlesex
Middlesex County,VA,32.0,16.0,4.5,21.5,87.1,960.0,0.5,0.5,16.6,2.9,0.1,2.2,80.1,77.7,78.7,4603,7369.0,261900.0,2.23,57438,31502,2.6,130.31,3.8,87.6,476138.5,28.4,50.9,1143.0,10625,10959,84.1,9467.0,101324.0,971,224,534,71,848,177,718,Middlesex
Midland County,MI,18.9,21.3,5.4,35.2,94.2,5185.0,0.6,2.4,1.5,2.9,0.1,1.8,93.8,91.2,76.6,34199,37211.0,141700.0,2.4,62625,36142,4.0,516.25,4.4,86.8,3591053.0,22.4,50.5,4870.0,83494,83629,162.0,136177.0,1015652.0,6024,2302,2871,333,5359,498,5063,Midland
Midland County,TX,10.4,28.6,8.7,27.4,84.5,19075.0,1.2,2.3,6.9,46.0,0.1,1.7,87.8,44.0,66.9,56998,63185.0,213100.0,2.92,79421,39248,13.7,900.3,34.3,81.0,575658.0,19.9,49.2,7402.0,169983,136872,152.0,33330.5,2930606.0,18551,5011,10676,5906,11626,2051,15137,Midland
Mifflin County,PA,22.1,22.2,6.1,11.9,85.0,2748.0,0.2,0.7,0.9,1.7,0.0,1.2,97.0,95.7,71.3,19043,21955.0,117900.0,2.39,50219,25469,0.9,411.03,9.4,90.2,1163014.0,23.4,51.2,3546.0,46143,46682,113.6,45189.0,539420.0,3036,809,1861,44,2874,201,2649,Mifflin
Milam County,TX,21.1,23.8,5.8,14.1,81.4,1807.0,1.3,1.0,9.5,26.8,0.1,1.7,86.4,62.0,71.4,9228,11484.0,107400.0,2.63,47902,25714,4.7,1016.93,17.2,89.2,575658.0,29.4,50.6,1569.0,24754,24757,24.3,16748.0,186903.0,2057,682,992,324,1674,219,1682,Milam
Millard County,UT,17.8,31.0,7.7,20.6,88.1,836.0,2.1,1.6,0.6,12.9,0.2,1.8,93.8,82.8,74.5,4337,5142.0,155000.0,2.92,62242,25225,7.4,6572.43,13.1,88.5,294994.0,17.1,48.7,671.0,12975,12503,1.9,12356.0,122085.0,991,348,462,62,895,63,881,Millard
Mille Lacs County,MN,18.6,23.7,6.3,14.7,89.8,1671.0,6.4,0.7,0.7,2.6,0.0,1.9,90.3,88.6,75.1,10249,13036.0,163300.0,2.47,56135,27758,1.3,572.31,3.1,87.1,400938.0,30.3,49.7,1988.0,26459,26097,45.6,38159.0,252568.0,2661,645,1661,75,2525,300,2223,Mille Lacs
Miller County,AR,17.2,23.3,6.4,16.8,86.5,2607.0,0.9,0.5,25.4,3.6,0.1,2.0,71.1,68.3,64.6,16426,19606.0,109100.0,2.57,43371,23729,2.0,625.58,2.5,84.0,602802.0,19.9,50.8,2896.0,42600,43462,69.5,17679.0,435733.0,3029,853,1537,476,2398,374,2397,Miller
Miller County,GA,22.5,22.9,5.8,14.0,82.6,334.0,0.5,0.6,28.3,2.9,0.0,1.6,68.9,67.0,65.5,2333,2748.0,89400.0,2.4,44542,23870,0.5,282.42,0.5,90.4,554410.0,24.4,52.2,222.0,6000,6125,21.7,3111.0,77427.0,377,150,134,78,284,26,329,Miller
Miller County,MO,19.6,23.4,6.2,19.4,87.3,1716.0,0.6,0.4,0.8,2.1,0.2,1.7,96.3,94.5,74.2,10111,12972.0,136800.0,2.46,47171,25827,1.1,592.6,2.5,88.3,468824.0,27.0,50.1,2097.0,24722,24748,41.8,31856.0,377394.0,2175,458,1217,45,2071,251,1777,Miller
Mills County,IA,18.9,23.1,5.4,24.1,92.8,960.0,0.7,0.4,0.7,3.5,0.1,1.2,96.9,93.8,77.9,5554,6060.0,168900.0,2.61,72079,34850,1.5,437.44,2.8,87.9,8194.0,24.1,49.7,1171.0,14484,15059,34.4,6426.0,96392.0,1301,347,665,0,1242,65,1080,Mills
Mills County,TX,29.1,20.4,4.2,18.3,83.0,497.0,1.0,0.4,1.2,18.3,0.0,1.3,96.1,79.2,85.1,1790,2876.0,140200.0,2.63,49306,27374,7.1,748.26,13.2,89.9,575658.0,16.3,50.0,437.0,4456,4936,6.6,4006.0,65200.0,369,70,227,47,307,39,264,Mills
Milwaukee County,WI,14.0,23.8,6.8,31.0,88.3,50963.0,1.0,4.7,27.2,15.6,0.0,2.8,64.2,50.6,49.5,382175,420162.0,158300.0,2.43,50606,29270,9.3,241.4,17.2,83.8,19176207.0,22.5,51.6,39370.0,939489,947735,3926.0,1831041.0,10427898.0,63487,24978,31407,20847,39684,5307,54696,Milwaukee
Miner County,SD,21.0,24.0,6.6,18.5,89.8,209.0,0.8,0.5,0.8,3.2,-1.0,1.5,96.4,93.8,76.7,948,1354.0,77000.0,2.29,52910,28381,1.1,570.31,4.0,87.0,109693.0,19.1,48.1,111.0,2298,2389,4.2,4783.0,17839.0,321,62,175,0,302,38,211,Miner
Mineral County,CO,33.6,14.0,4.0,46.5,97.4,162.0,1.0,0.5,0.3,6.2,-1.0,1.2,97.0,91.2,86.6,367,1304.0,308600.0,2.2,62188,33955,1.3,875.67,2.3,89.0,80356.5,13.7,49.7,79.0,865,712,0.8,7854.0,13527.0,284,144,66,0,275,0,250,Mineral
Mineral County,MT,29.6,18.2,4.9,16.1,88.9,350.0,2.0,0.7,0.5,3.1,-1.0,2.7,94.0,91.5,74.0,1786,2507.0,169200.0,2.34,41705,23621,1.7,1219.44,1.4,86.1,16801.0,24.9,48.8,553.0,4535,4223,3.5,4831.0,49316.0,390,135,145,0,367,0,285,Mineral
Mineral County,NV,25.4,19.6,6.0,14.9,89.0,160.0,18.2,3.4,4.8,13.2,0.2,4.8,68.6,60.9,70.6,2048,2842.0,98900.0,2.14,35806,22921,2.6,3752.84,11.9,90.4,712978.0,14.6,50.5,614.0,4554,4772,1.3,59985.0,31315.0,190,88,72,54,118,0,169,Mineral
Mineral County,WV,22.1,19.8,5.1,15.5,92.2,1356.0,0.2,0.6,3.0,1.0,0.0,1.6,94.6,93.7,76.0,10916,13149.0,148200.0,2.42,49936,25490,0.8,327.83,2.7,93.4,258272.0,27.9,50.2,2333.0,26938,28212,86.1,48291.0,237279.0,1630,633,814,64,1495,199,1262,Mineral
Mingo County,WV,19.8,22.4,6.3,9.9,75.5,859.0,0.1,0.3,2.0,0.9,0.0,1.3,96.3,95.6,73.5,10501,12896.0,78100.0,2.3,32764,20060,0.2,423.11,0.6,89.5,258272.0,29.4,50.6,1175.0,23568,26839,63.4,11173.0,119719.0,1237,407,696,0,1151,107,1063,Mingo
Minidoka County,ID,16.2,28.6,7.7,14.1,79.2,1250.0,2.3,0.6,0.8,36.0,0.1,1.9,94.2,61.3,73.4,7250,8504.0,149600.0,2.85,53370,24262,14.4,757.59,28.9,86.1,649741.0,16.4,50.0,971.0,21613,20069,26.5,11378.5,157945.0,1623,472,721,191,1362,93,1416,Minidoka
Minnehaha County,SD,13.5,25.2,7.5,33.1,92.5,14491.0,2.8,2.1,6.1,5.1,0.1,2.5,86.2,82.0,63.2,76819,85661.0,186800.0,2.38,61772,31716,7.6,807.15,9.2,81.4,3612615.0,17.9,49.4,10494.0,197214,169468,210.0,493796.0,4264710.0,16162,4201,8889,846,14334,1475,13130,Minnehaha
Missaukee County,MI,20.7,22.9,6.3,14.0,89.5,1149.0,0.8,0.7,0.6,3.0,0.0,1.7,96.2,93.8,80.1,6055,9294.0,118700.0,2.45,47194,23838,1.3,564.73,3.2,86.9,99401.0,22.1,49.6,1084.0,15052,14849,26.3,9996.0,119959.0,1442,298,984,0,1390,228,1166,Missaukee
Mississippi County,AR,15.0,26.1,7.2,13.8,81.1,2309.0,0.5,0.5,35.6,4.4,0.0,1.6,61.8,58.1,56.4,16389,20563.0,84500.0,2.52,39962,22750,1.8,900.57,4.0,79.5,5231109.0,18.3,51.3,2281.0,40685,46480,51.6,51451.0,437763.0,2351,855,1112,618,1572,254,1811,Mississippi
Mississippi County,MO,18.2,20.8,5.3,11.5,75.7,579.0,0.4,0.3,24.8,2.5,0.0,1.4,73.1,71.0,59.7,5026,5732.0,80200.0,2.36,35357,18549,1.1,411.58,1.5,84.5,468824.0,18.0,45.9,713.0,12577,14358,34.9,11529.0,182094.0,833,274,417,147,640,114,616,Mississippi
Missoula County,MT,16.2,18.6,5.0,43.0,95.6,10969.0,2.7,1.8,0.5,3.4,0.1,3.1,91.7,89.1,58.9,49313,55544.0,284000.0,2.31,54062,31897,3.0,2593.42,5.0,78.7,310561.0,18.8,50.0,7648.0,117922,109299,42.1,317394.0,2044036.0,13218,4142,6580,448,11991,1215,10725,Missoula
Mitchell County,GA,16.9,22.4,5.8,9.7,77.2,1443.0,0.6,0.8,48.0,4.8,0.1,1.2,49.3,45.5,62.2,7982,9087.0,85400.0,2.5,38116,18619,2.8,512.09,7.3,87.8,554410.0,23.3,48.3,1398.0,21755,23498,45.9,18601.0,156778.0,1714,662,833,566,1096,119,1445,Mitchell
Mitchell County,IA,21.4,23.7,5.9,19.0,91.8,853.0,0.2,0.5,0.6,1.7,0.0,0.8,97.9,96.4,80.8,4355,5006.0,119400.0,2.38,58302,29676,1.0,469.13,5.8,91.5,644416.0,20.0,50.3,753.0,10565,10776,23.0,20428.0,73836.0,1133,375,496,0,1094,54,1016,Mitchell
Mitchell County,KS,24.2,22.7,6.3,26.1,94.8,617.0,0.5,0.9,0.3,2.7,0.2,1.4,96.7,94.3,71.3,2570,3304.0,88900.0,2.31,46203,25801,1.3,701.79,2.0,88.2,144171.0,10.1,49.6,414.0,5796,6373,9.1,13223.0,127689.0,638,271,214,0,597,41,540,Mitchell
Mitchell County,NC,25.5,18.3,4.8,20.5,85.2,1162.0,0.9,0.7,0.8,6.2,0.2,1.4,96.0,91.1,78.0,6344,8860.0,157400.0,2.31,46103,25009,4.0,221.43,6.2,93.1,56475.0,24.0,50.6,842.0,14903,15579,70.4,19425.0,182109.0,1293,262,741,77,1164,145,906,Mitchell
Mitchell County,TX,14.7,20.6,5.4,11.3,78.7,432.0,1.8,0.8,12.0,40.6,0.1,2.5,82.8,46.5,79.0,2382,4116.0,69000.0,2.72,51492,21136,5.0,911.09,25.3,81.8,575658.0,22.0,39.4,364.0,8990,9403,10.3,33330.5,71281.0,689,226,297,118,520,48,602,Mitchell
Mobile County,AL,16.6,23.3,6.6,23.2,86.5,30478.0,0.9,2.1,36.2,3.0,0.0,1.7,59.0,56.5,64.5,156251,185035.0,130200.0,2.6,47583,25861,3.1,1229.44,4.6,87.8,10562670.0,25.0,52.5,28181.0,414809,412992,335.9,617881.0,5102565.0,35912,15511,17396,13509,21087,3705,30590,Mobile
Modoc County,CA,27.5,19.4,4.8,15.2,84.8,590.0,5.1,1.2,1.4,14.6,0.4,3.7,88.2,77.2,74.9,3616,5276.0,140600.0,2.33,45507,22843,7.5,3917.77,12.8,83.0,2696230.0,16.1,49.7,780.0,8700,9686,2.5,8304.0,45741.0,427,194,162,55,350,40,347,Modoc
Moffat County,CO,15.9,25.4,6.8,17.6,88.7,1015.0,1.5,0.8,0.8,16.2,0.1,2.4,94.4,79.7,64.8,5366,6342.0,182300.0,2.42,57229,29100,6.9,4743.29,13.8,76.1,80356.5,25.6,48.9,770.0,13292,13795,2.9,20667.0,201942.0,1282,261,682,57,1157,36,1161,Moffat
Mohave County,AZ,31.1,16.7,4.3,12.9,86.1,11375.0,3.0,1.2,1.3,16.9,0.2,2.5,91.7,76.7,69.3,86889,116207.0,160500.0,2.35,45587,26166,6.0,13311.08,10.5,80.9,884322.0,21.0,49.4,24447.0,213267,200186,15.0,256723.0,2712744.0,12458,4826,5714,1507,10515,1248,10189,Mohave
Moniteau County,MO,16.2,24.2,6.5,20.5,85.4,1052.0,0.4,0.4,4.1,5.3,0.1,1.5,93.4,88.5,77.0,5436,6174.0,124500.0,2.7,58010,24224,0.9,415.03,9.6,85.9,468824.0,27.2,46.7,1070.0,15473,15607,37.6,22307.0,136191.0,1035,291,491,28,973,152,805,Moniteau
Monmouth County,NJ,18.2,20.9,4.9,46.0,93.4,58473.0,0.3,5.6,7.5,11.1,0.1,1.8,84.8,75.1,73.8,235362,262925.0,421900.0,2.61,99733,51700,13.6,468.79,17.9,90.8,3053144.0,35.0,51.3,24383.0,643615,630380,1344.7,1318879.0,11026097.0,64460,18167,38993,10636,51804,4813,57426,Monmouth
Mono County,CA,16.1,17.8,4.8,28.8,88.6,1443.0,2.9,2.6,0.8,26.8,0.4,3.3,90.1,65.8,64.4,4765,14208.0,312500.0,2.93,62260,34552,19.7,3048.98,26.3,83.9,2696230.0,15.1,47.0,705.0,13195,14202,4.7,246872.0,139784.0,1750,518,987,230,1467,256,1367,Mono
Monona County,IA,24.7,22.1,5.9,15.3,92.3,597.0,1.5,0.3,0.7,2.2,0.2,1.1,96.1,94.1,72.4,4000,4723.0,86900.0,2.13,47605,29591,0.2,694.07,0.9,88.2,528536.5,21.3,51.5,704.0,8751,9243,13.3,20428.0,119600.0,965,346,474,30,910,89,806,Monona
Monongalia County,WV,13.2,16.3,4.9,42.8,92.4,5916.0,0.2,3.4,3.9,2.2,0.1,2.3,90.2,88.3,56.8,39466,45210.0,204400.0,2.53,52455,32154,5.7,360.06,8.0,77.8,2034340.0,20.9,48.6,5094.0,105822,96189,267.1,253516.0,1608609.0,7117,2390,3897,438,6325,759,5838,Monongalia
Monroe County,AL,21.1,21.1,5.1,13.5,85.6,1343.0,1.3,0.5,41.0,1.7,0.0,1.8,55.4,54.1,63.6,8166,11471.0,102200.0,2.57,30441,20527,0.5,1025.68,0.4,93.0,423017.0,24.8,52.4,1336.0,19772,23068,22.5,15342.0,210968.0,1317,462,659,482,764,79,1159,Monroe
Monroe County,AR,24.1,20.5,6.0,12.7,78.9,569.0,0.7,0.8,40.2,2.6,-1.0,2.3,56.1,54.3,59.9,3333,4434.0,61400.0,2.09,38468,23538,0.3,607.12,1.4,80.2,48478.0,23.6,53.2,395.0,6799,8149,13.4,9894.0,90632.0,819,152,488,135,640,195,572,Monroe
Monroe County,FL,23.7,15.2,4.5,34.4,91.4,13401.0,0.5,1.5,7.1,25.3,0.1,1.8,89.0,65.1,59.5,32068,53892.0,494100.0,2.3,70033,46028,19.1,983.28,22.4,81.6,26549.0,18.4,48.2,6537.0,82874,73090,74.3,1002768.0,1467074.0,14413,4485,7950,3276,10604,1700,11984,Monroe
Monroe County,GA,19.2,20.3,4.9,26.8,85.7,2243.0,0.3,1.0,22.7,2.4,0.0,1.3,74.6,72.7,79.1,9760,11350.0,166900.0,2.67,54754,33290,3.0,395.66,3.0,89.3,116234.0,28.0,50.2,1750.0,27957,26424,66.8,25225.0,186875.0,2612,840,1488,518,1977,434,1947,Monroe
Monroe County,IA,20.3,23.0,5.7,17.4,87.7,527.0,0.2,0.4,0.8,2.7,0.0,1.3,97.2,94.8,79.9,3294,4025.0,100200.0,2.33,58269,28999,0.7,433.72,2.7,88.1,528536.5,22.2,50.3,486.0,7577,7970,18.4,20428.0,85860.0,768,176,390,0,720,40,601,Monroe
Monroe County,IL,18.4,22.0,5.7,35.0,96.0,2284.0,0.3,0.6,0.4,1.6,0.0,1.0,97.7,96.2,83.4,13586,14454.0,211300.0,2.5,85747,42152,1.9,385.01,3.1,91.7,741144.5,29.6,50.2,2237.0,34962,32957,85.6,43049.0,481696.0,2793,903,1386,87,2635,187,2476,Monroe
Monroe County,IN,13.6,15.6,4.3,45.7,92.7,9711.0,0.3,7.3,3.7,3.6,0.1,2.6,86.0,83.0,55.9,55624,62390.0,175600.0,2.36,49839,28514,8.2,394.51,10.1,69.2,1548457.0,19.5,50.3,6163.0,139718,137974,349.7,335934.0,1661332.0,11270,3532,6162,897,9693,1008,9673,Monroe
Monroe County,KY,19.2,22.7,6.7,14.4,74.8,910.0,0.2,0.3,2.3,3.1,0.0,1.2,96.0,93.2,69.7,4491,5272.0,80500.0,2.33,34879,23481,2.1,329.37,4.6,86.2,85949.0,25.4,50.2,633.0,11338,10963,33.3,35974.5,104128.0,1025,334,619,55,931,54,926,Monroe
Monroe County,MI,18.8,21.1,5.2,20.5,91.4,8448.0,0.4,0.7,2.7,3.7,0.0,1.9,94.3,91.0,79.7,59929,65258.0,161700.0,2.47,62203,31481,2.4,549.39,3.3,89.7,2976454.0,25.4,50.6,10012.0,154809,152021,276.7,179935.0,1471162.0,10417,3487,5576,694,9395,934,8848,Monroe
Monroe County,MO,24.0,21.6,5.3,12.4,89.3,573.0,0.6,0.4,2.9,1.7,0.0,2.1,93.9,92.5,74.5,3702,4854.0,105300.0,2.29,43966,24697,0.6,647.65,5.0,91.1,468824.0,30.0,49.1,733.0,8666,8840,13.6,4692.0,80002.0,654,204,370,0,609,49,555,Monroe
Monroe County,MS,19.7,22.5,5.6,16.7,81.0,2006.0,0.3,0.3,30.5,1.4,0.0,1.0,68.0,67.0,74.3,13966,16660.0,91700.0,2.52,42354,23844,0.8,765.09,1.3,91.4,1592555.0,24.3,52.4,1928.0,34180,36989,48.3,26152.0,259169.0,2355,649,1382,394,1860,296,1914,Monroe
Monroe County,NY,17.9,20.6,5.4,38.6,90.4,47781.0,0.4,3.7,16.2,9.2,0.1,2.7,76.8,70.1,63.5,301948,330247.0,148400.0,2.37,60075,33840,8.7,657.21,14.0,84.6,14610337.0,20.4,51.8,34611.0,759443,744344,1132.6,1300272.0,9494134.0,55997,20290,31240,9891,44114,4433,49152,Monroe
Monroe County,OH,24.1,19.9,5.0,12.5,89.1,1015.0,0.2,0.2,0.6,0.8,0.0,1.4,97.6,96.9,78.3,5745,7483.0,110000.0,2.4,45289,26476,0.6,455.72,1.6,93.1,2276097.0,33.3,49.7,912.0,13385,14642,32.1,5921.0,74444.0,1194,175,663,0,1138,58,870,Monroe
Monroe County,PA,17.8,19.4,4.7,24.7,89.6,10781.0,0.6,2.7,16.4,17.0,0.1,2.8,77.4,64.5,77.0,57098,81829.0,168000.0,2.9,63934,29662,9.8,608.29,15.7,89.8,1779025.0,39.4,50.4,10808.0,168327,169842,279.2,724750.0,2140383.0,12777,4123,7399,2174,10154,1140,11021,Monroe
Monroe County,TN,21.4,20.9,5.3,13.4,82.4,2830.0,0.7,0.4,2.2,4.6,0.1,1.8,94.8,90.8,76.7,17987,21413.0,133700.0,2.53,42429,23207,2.4,635.57,3.3,84.5,1509274.0,29.0,50.2,3468.0,46250,44519,70.0,41685.0,412072.0,3176,868,1972,141,2905,461,2556,Monroe
Monroe County,WI,17.5,25.2,6.7,20.6,90.9,2598.0,1.5,0.9,1.8,4.9,0.1,1.7,94.0,89.9,69.7,17915,20098.0,155000.0,2.51,59587,29242,2.4,900.78,7.7,87.6,1364177.0,19.9,49.3,4524.0,46274,44673,49.6,60041.0,575263.0,3279,944,1839,92,3037,376,2646,Monroe
Monroe County,WV,25.4,19.4,4.8,15.3,84.5,784.0,0.4,0.2,0.8,1.0,0.0,1.6,97.0,96.2,78.7,5718,7652.0,107900.0,2.33,38540,23923,0.9,472.75,1.6,89.2,258272.0,33.4,50.2,1211.0,12376,13502,28.6,48291.0,26596.0,1079,349,571,60,1002,154,908,Monroe
Montague County,TX,22.4,22.4,5.9,16.9,85.7,1987.0,1.4,0.5,0.8,11.2,0.1,1.8,95.4,85.4,72.4,7800,10302.0,115400.0,2.45,51765,28096,4.7,930.91,10.2,86.6,575658.0,24.0,50.9,1433.0,19965,19719,21.2,16166.0,192568.0,2153,449,1305,60,2049,347,1549,Montague
Montcalm County,MI,18.1,22.0,5.6,13.3,88.7,3714.0,0.6,0.4,2.5,3.6,0.0,1.7,94.8,91.6,78.1,23913,28872.0,113900.0,2.54,49448,24200,1.3,705.4,3.6,88.4,528282.0,29.4,48.3,3906.0,66614,63342,89.8,44885.0,601750.0,3952,1162,2321,109,3731,398,3360,Montcalm
Monterey County,CA,14.0,26.0,6.9,24.7,71.5,25963.0,2.6,6.7,3.4,59.4,0.6,3.8,82.8,29.4,51.0,127155,143201.0,516600.0,3.27,71015,30073,29.8,3280.6,55.2,88.2,2258929.0,23.4,49.1,16874.0,439035,415057,126.5,1328768.0,4457401.0,30151,10537,15108,11087,17358,2414,25705,Monterey
Montezuma County,CO,22.9,21.6,5.4,29.6,90.0,2403.0,14.1,0.7,0.5,12.6,0.1,2.5,82.1,72.1,72.1,10655,12422.0,222800.0,2.42,49470,26072,2.9,2029.53,11.3,87.3,49855.0,21.0,50.7,2197.0,25849,25535,12.6,83231.0,349933.0,2798,808,1549,186,2348,186,2500,Montezuma
Montgomery County,AL,15.6,23.4,6.8,33.4,86.7,15765.0,0.3,3.3,59.3,3.7,0.1,1.5,35.5,32.7,58.4,89527,105317.0,129800.0,2.46,50124,29071,4.7,784.25,6.2,79.2,10786565.0,20.7,53.0,16668.0,228954,229363,292.5,474521.0,3258650.0,19932,8035,9999,9282,9682,2535,15997,Montgomery
Montgomery County,AR,27.0,18.5,5.2,13.5,79.8,793.0,1.4,1.3,0.8,4.5,0.0,2.5,94.0,90.4,81.3,3754,5877.0,102800.0,2.35,35741,22631,2.7,779.88,3.9,86.8,602802.0,29.2,50.4,749.0,8484,9487,12.2,23240.0,28822.0,665,225,373,0,613,104,531,Montgomery
Montgomery County,GA,17.5,20.0,5.3,16.0,81.7,569.0,0.1,0.6,25.9,7.0,0.0,1.4,71.9,66.1,69.2,3097,4001.0,84000.0,2.66,41996,22477,5.1,239.52,6.7,86.2,554410.0,25.2,49.3,424.0,8610,9123,38.1,2457.0,46666.0,468,163,278,68,384,29,416,Montgomery
Montgomery County,IA,21.6,22.5,6.2,18.5,90.4,734.0,0.6,0.4,0.6,4.1,0.1,1.3,97.0,93.3,70.2,4554,5230.0,85700.0,2.16,51696,29781,1.9,424.1,3.7,88.3,242817.0,19.1,51.5,625.0,10330,10740,25.3,9969.0,108383.0,1154,300,510,0,1011,187,802,Montgomery
Montgomery County,IL,20.6,20.1,5.2,16.7,87.7,1520.0,0.3,0.5,3.5,1.9,0.0,1.0,94.7,93.0,76.4,11522,13136.0,84100.0,2.24,52748,26609,1.2,703.69,2.0,86.9,313611.0,25.0,47.6,2202.0,28288,30104,42.8,37325.0,432502.0,1942,584,1060,59,1801,217,1605,Montgomery
Montgomery County,IN,18.3,22.7,5.8,18.2,89.8,2230.0,0.4,0.9,1.1,4.9,0.0,1.4,96.1,91.6,71.5,15382,16727.0,125700.0,2.41,55522,27162,3.1,504.61,4.4,81.9,2719491.0,21.7,49.2,2290.0,37936,38124,75.6,49467.0,446631.0,2785,921,1364,165,2492,305,2266,Montgomery
Montgomery County,KS,20.3,23.8,5.9,19.5,88.8,1729.0,3.6,1.0,5.3,7.2,0.1,5.4,84.5,78.7,68.8,13576,16440.0,76200.0,2.33,45157,24647,2.6,643.53,4.2,84.1,6105518.0,16.7,50.3,2375.0,31486,35471,55.1,46329.0,350291.0,2589,639,1391,155,2274,170,2111,Montgomery
Montgomery County,KY,16.3,23.3,6.4,15.7,84.8,1763.0,0.3,0.5,2.7,2.8,0.1,1.4,95.1,92.8,67.9,10481,12188.0,116700.0,2.62,45516,22381,1.1,197.37,1.9,85.5,1040386.0,24.2,51.2,1725.0,28114,26499,134.3,35974.5,457823.0,2055,799,965,99,1808,197,1684,Montgomery
Montgomery County,MD,16.1,23.1,6.1,58.9,91.0,118612.0,0.7,15.6,20.1,20.1,0.1,3.5,60.0,42.9,65.4,370950,391006.0,484900.0,2.79,108820,54510,32.3,491.25,41.2,85.6,2172647.0,34.7,51.6,40694.0,1062061,971777,1978.2,2080014.0,13706235.0,118965,46404,62015,51051,63992,9178,105555,Montgomery
Montgomery County,MO,21.3,21.9,5.5,14.0,85.2,816.0,0.3,0.5,1.9,2.1,0.1,1.8,95.5,93.6,70.0,5014,6277.0,108100.0,2.22,46757,24682,0.9,536.25,2.1,88.7,154776.0,28.9,49.9,978.0,11322,12236,22.8,6736.0,98130.0,964,125,436,29,835,26,727,Montgomery
Montgomery County,MS,22.2,22.3,6.0,19.3,77.9,646.0,0.4,0.8,44.8,1.5,0.0,0.9,53.2,52.2,69.2,4539,5876.0,84800.0,2.19,39840,24054,0.8,406.98,1.4,90.4,483799.0,26.7,51.9,505.0,9822,10925,26.8,26152.0,144353.0,696,200,424,129,534,88,574,Montgomery
Montgomery County,NC,21.1,21.7,5.2,15.7,79.5,1508.0,1.1,1.6,19.0,15.6,0.1,1.8,76.4,62.9,74.8,10195,16319.0,117700.0,2.56,44146,24636,8.5,491.76,15.3,94.3,803185.0,24.6,51.1,1806.0,25751,27798,56.5,75439.0,189757.0,1890,600,1155,330,1511,223,1567,Montgomery
Montgomery County,NY,18.9,22.9,6.4,17.8,86.8,2466.0,0.6,0.9,3.3,15.0,0.1,2.1,93.0,80.2,68.4,19660,23550.0,105400.0,2.45,49462,26521,3.9,403.04,14.8,87.8,839048.0,24.8,50.7,2805.0,49532,50219,124.6,49248.0,673305.0,2991,858,1750,228,2594,297,2464,Montgomery
Montgomery County,OH,18.3,22.0,6.1,27.9,90.1,33269.0,0.3,2.3,21.5,3.3,0.1,2.9,73.0,70.3,61.0,224328,255104.0,119800.0,2.29,51542,30034,4.9,461.55,6.0,81.8,8239159.0,21.8,51.9,39554.0,537309,535153,1159.5,1028690.0,6490711.0,40350,14676,21922,7516,31378,5050,32995,Montgomery
Montgomery County,PA,18.2,21.5,5.5,49.3,94.4,74145.0,0.2,8.1,10.0,5.4,0.1,2.3,79.4,75.0,71.8,316206,338485.0,316100.0,2.53,91546,48845,10.8,483.04,13.7,89.2,14574655.0,29.2,51.4,39393.0,856553,799874,1655.9,1723215.0,16036285.0,81437,23821,49306,10000,68260,7572,69382,Montgomery
Montgomery County,TN,9.5,26.8,8.2,28.5,92.9,11842.0,0.7,2.3,21.3,10.2,0.4,4.8,70.4,62.3,59.5,72617,84148.0,165800.0,2.71,57541,26923,4.9,539.18,9.1,79.5,2255985.0,25.9,50.2,26162.0,220069,172331,319.6,296848.0,2146202.0,10591,4154,5144,2183,7962,1387,8410,Montgomery
Montgomery County,TX,13.4,26.1,6.6,34.5,87.7,53981.0,1.0,3.3,5.9,25.2,0.1,1.9,87.9,64.4,71.0,198649,229697.0,235800.0,2.87,80902,41211,13.5,1041.74,23.0,85.7,575658.0,32.2,50.5,31634.0,620443,455746,437.5,944944.0,6297840.0,45040,14348,24276,11284,32212,4388,38281,Montgomery
Montgomery County,VA,13.2,15.3,4.1,45.5,93.2,5313.0,0.3,6.3,4.3,3.5,0.1,2.5,86.5,83.6,55.4,35685,41053.0,227100.0,2.49,57977,30054,7.8,387.01,10.3,75.7,936778.0,18.9,48.3,4522.0,99721,94392,243.9,186543.0,1280568.0,6198,1936,3216,560,5244,560,5187,Montgomery
Montmorency County,MI,32.8,14.8,3.5,13.7,86.9,568.0,0.8,0.3,0.6,1.4,0.0,1.7,96.6,95.4,84.1,4452,9631.0,102700.0,2.05,41772,23958,1.1,546.66,1.5,86.9,74514.0,24.5,48.9,997.0,9153,9765,17.9,48682.5,66728.0,677,174,269,0,595,110,441,Montmorency
Montour County,PA,21.5,20.6,5.7,31.6,90.6,1008.0,0.2,3.4,1.8,2.9,0.0,1.3,93.2,90.8,67.2,7404,8273.0,185100.0,2.36,58333,34575,3.7,130.24,6.0,88.8,140654.0,18.5,51.5,1367.0,18136,18267,140.3,38724.0,167244.0,1262,351,708,50,1157,83,1085,Montour
Montrose County,CO,24.1,21.2,5.3,25.2,89.0,3944.0,1.9,0.8,0.8,20.9,0.2,2.0,94.3,75.8,72.7,17140,19599.0,224400.0,2.4,50489,28078,7.7,2240.7,17.5,87.9,210709.0,19.2,50.8,3403.0,42679,41276,18.4,49616.0,583796.0,5163,1605,2626,473,4540,551,4251,Montrose
Moody County,SD,19.2,26.5,7.1,21.3,90.4,430.0,13.8,2.1,1.4,4.6,-1.0,3.4,79.4,76.6,71.4,2640,2911.0,133700.0,2.35,61538,31300,2.4,519.39,9.6,90.4,88463.0,19.8,49.8,453.0,6336,6486,12.5,4783.0,50485.0,486,173,194,25,429,80,377,Moody
Moore County,NC,24.0,21.4,5.9,37.4,90.7,8133.0,1.0,1.6,12.0,7.1,0.2,2.1,83.1,77.0,75.7,39821,48635.0,216500.0,2.41,59963,34606,4.6,697.84,7.7,87.7,781495.0,24.9,51.7,8553.0,99727,88247,126.5,236674.0,1094899.0,8479,3000,4445,965,7247,951,7102,Moore
Moore County,TN,22.1,19.3,4.7,22.7,85.9,453.0,0.3,1.9,2.5,1.8,0.0,1.3,94.0,92.5,84.8,2592,3087.0,187100.0,2.44,57708,30658,1.7,129.22,2.6,88.9,674991.0,27.1,50.8,552.0,6461,6362,49.2,40960.0,16250.0,705,151,420,0,688,50,623,Moore
Moore County,TX,11.3,31.8,9.2,14.3,67.3,1207.0,1.8,6.2,4.2,57.3,0.2,1.4,86.2,31.4,65.8,6733,8104.0,121900.0,3.15,54871,23001,26.2,899.69,51.7,87.5,575658.0,17.2,48.1,648.0,21358,21904,24.3,32644.0,276405.0,1492,391,858,707,712,84,1291,Moore
Mora County,NM,28.9,17.3,4.5,11.0,89.2,305.0,3.2,0.6,1.1,81.2,0.0,1.9,93.2,16.9,85.5,1713,3328.0,112300.0,2.64,28446,19864,1.0,1931.27,67.3,96.2,268581.0,52.6,48.8,448.0,4189,4881,2.5,63779.5,257122.0,349,102,223,256,69,27,302,Mora
Morehouse Parish,LA,19.4,24.2,6.8,13.0,79.5,1721.0,0.2,0.5,47.9,1.5,0.1,1.3,50.1,49.0,66.8,9732,12736.0,91100.0,2.54,32929,18494,0.8,794.93,1.0,92.6,1901186.0,24.8,52.1,1096.0,25629,27979,35.2,61451.5,237401.0,1883,886,689,860,925,173,1519,Morehouse
Morgan County,AL,17.8,22.8,6.1,22.4,84.1,7704.0,1.1,0.7,13.1,8.7,0.1,2.2,82.8,75.1,72.7,45918,52398.0,137000.0,2.55,52156,27367,4.6,579.34,8.1,88.5,778187.0,23.1,50.8,7465.0,123421,119490,206.3,51801.0,1673464.0,9630,3330,5195,1518,7646,772,8183,Morgan
Morgan County,CO,15.6,25.9,7.4,17.5,78.9,2020.0,1.9,0.8,4.2,36.5,0.4,1.5,91.1,57.5,64.0,10928,11989.0,201200.0,2.57,53682,25064,15.5,1280.43,27.0,81.4,2444084.0,19.0,49.0,1269.0,29111,28159,22.0,29515.0,256878.0,2757,836,1332,277,2300,235,2273,Morgan
Morgan County,GA,20.5,22.5,6.0,20.7,87.7,2103.0,0.7,0.7,21.8,3.2,0.0,1.6,75.2,72.9,73.2,6942,7972.0,229000.0,2.64,66178,33571,2.0,347.35,2.4,90.0,314062.0,25.3,52.0,1161.0,20097,17868,51.4,35383.0,309238.0,2010,607,1112,363,1546,196,1649,Morgan
Morgan County,IL,20.2,19.0,5.1,19.3,90.9,1839.0,0.4,0.8,6.9,2.7,0.1,1.9,89.9,87.8,68.5,13719,15461.0,110100.0,2.25,51437,26755,1.9,568.79,4.1,82.0,741144.5,20.4,49.4,2363.0,32915,35547,62.5,63744.0,454455.0,2523,572,1595,72,2290,344,1968,Morgan
Morgan County,IN,17.3,22.4,5.7,17.3,88.1,4649.0,0.4,0.7,0.5,1.7,0.0,1.2,97.1,95.7,77.1,26034,28650.0,160700.0,2.65,64335,30721,1.4,403.97,1.6,86.5,649371.0,29.1,50.3,5461.0,71780,68894,170.5,42848.0,638046.0,5790,1719,3241,164,5447,724,4752,Morgan
Morgan County,KY,17.4,17.8,4.6,12.5,76.3,784.0,0.3,0.7,4.8,1.0,0.0,1.0,93.1,92.2,74.7,4865,6043.0,73100.0,2.39,36134,18310,0.8,381.13,1.7,89.2,47445.0,33.1,42.6,696.0,13726,13923,36.5,35974.5,93938.0,760,238,413,0,708,67,628,Morgan
Morgan County,MO,23.4,23.2,6.7,13.3,78.1,1713.0,0.9,0.5,0.9,2.4,0.0,1.9,95.8,93.8,80.7,7588,15607.0,125000.0,2.62,39003,21316,0.6,597.63,9.1,89.7,468824.0,25.6,49.8,1636.0,21006,20565,34.4,18966.0,195138.0,1806,495,982,34,1728,91,1640,Morgan
Morgan County,OH,21.9,20.6,5.2,10.2,85.3,796.0,0.5,0.2,3.1,1.0,0.0,3.8,92.4,91.8,76.7,6108,8041.0,99900.0,2.37,42341,22937,0.5,416.42,2.5,90.3,2276097.0,34.9,50.1,989.0,13802,15054,36.2,5113.0,54507.0,1210,312,735,37,1120,151,970,Morgan
Morgan County,TN,18.6,18.9,5.0,9.4,80.3,1051.0,0.5,0.3,3.7,1.5,0.1,1.5,94.0,92.8,81.6,7625,9087.0,102000.0,2.45,41333,20204,0.6,522.18,1.7,84.7,63306.0,28.6,45.4,1537.0,21035,21987,42.1,40960.0,54182.0,1489,417,993,30,1433,191,1260,Morgan
Morgan County,UT,11.9,34.6,7.1,39.4,98.1,1164.0,0.4,0.6,0.5,3.2,0.2,1.1,97.2,94.4,85.3,3365,3725.0,374800.0,3.47,91341,31732,2.4,609.2,4.5,91.6,294994.0,28.1,48.6,523.0,12295,9469,15.5,4454.0,52086.0,1099,260,581,41,1046,63,1023,Morgan
Morgan County,WV,23.8,17.7,4.1,17.0,85.9,1109.0,0.4,0.4,0.9,1.7,0.0,1.8,96.5,95.1,83.3,7185,10032.0,183200.0,2.45,51745,28127,1.6,229.07,0.7,92.4,258272.0,36.2,49.8,1647.0,17063,17541,76.6,48291.0,90278.0,1501,534,803,41,1419,120,1300,Morgan
Morrill County,NE,21.7,22.3,5.5,19.5,87.5,405.0,1.6,0.8,0.4,15.2,-1.0,1.6,95.6,81.7,71.5,1954,2432.0,95600.0,2.36,46194,26951,4.7,1423.84,10.1,90.8,231681.5,19.2,48.9,301.0,4555,5042,3.5,4247.0,37166.0,526,168,198,43,468,32,479,Morrill
Morris County,KS,24.4,20.8,5.8,21.4,91.2,462.0,0.6,0.7,0.6,5.3,0.0,2.1,96.0,91.3,80.4,2280,3213.0,103000.0,2.41,55658,29558,1.9,695.28,3.8,88.7,328053.5,22.8,49.9,516.0,5386,5923,8.5,13223.0,44001.0,584,152,303,0,566,91,411,Morris
Morris County,NJ,17.6,20.8,5.0,54.1,94.5,45781.0,0.3,10.8,3.8,13.9,0.0,1.9,83.1,70.5,73.9,181884,196201.0,456200.0,2.66,115527,58109,19.3,460.18,24.4,91.7,5177971.0,31.5,50.8,17739.0,509285,492276,1069.8,1235003.0,9346928.0,53567,16132,31260,9323,42107,3955,47200,Morris
Morris County,TX,22.0,23.1,5.9,14.3,88.6,751.0,1.4,0.7,22.2,10.7,0.1,2.8,72.7,63.7,73.0,5117,6048.0,90400.0,2.39,41359,22971,3.9,251.99,9.5,91.5,1327130.0,25.0,52.0,1151.0,11973,12934,51.3,12068.0,63581.0,999,417,462,185,794,75,878,Morris
Morrison County,MN,20.0,23.2,5.9,17.3,90.7,2386.0,0.4,0.4,0.9,1.9,0.0,1.2,97.1,95.6,77.2,13371,16331.0,170100.0,2.43,57815,29680,1.4,1125.06,2.7,89.1,397749.0,26.5,49.6,2414.0,34010,33198,29.5,35516.0,419928.0,3373,1078,1829,31,3252,223,2922,Morrison
Morrow County,OH,17.8,22.5,5.5,13.8,87.7,2624.0,0.2,0.4,0.8,1.6,0.0,1.5,97.1,95.7,81.8,12922,14400.0,152800.0,2.69,59452,28257,0.6,406.08,4.8,89.8,2276097.0,31.1,50.0,2398.0,34950,34827,85.8,17577.0,164073.0,2721,794,1756,69,2602,255,2393,Morrow
Morrow County,OR,16.8,27.4,7.3,9.0,75.8,494.0,2.5,0.6,1.1,37.7,0.3,2.6,92.9,58.0,70.0,4108,4789.0,138100.0,2.74,54269,23682,16.7,2031.61,33.9,85.7,753467.0,20.1,49.1,906.0,12186,11173,5.5,6848.0,19590.0,574,193,248,108,429,67,442,Morrow
Morton County,KS,21.9,24.1,5.7,17.3,84.0,204.0,2.2,1.7,1.7,22.6,0.2,2.6,91.7,71.6,69.5,1038,1455.0,88500.0,2.58,47750,23447,11.0,729.73,21.4,95.8,328053.5,19.3,49.9,165.0,2701,3233,4.4,13223.0,21514.0,524,136,276,51,452,55,455,Morton
Morton County,ND,17.0,23.1,7.1,26.9,91.9,2491.0,3.8,0.5,1.3,4.1,0.1,2.2,92.2,88.8,70.7,13565,15417.0,208600.0,2.23,70556,39384,1.8,1926.27,4.1,87.9,118152.0,20.1,49.5,1756.0,33291,27471,14.3,8750.0,586075.0,2773,820,1545,97,2582,216,2320,Morton
Motley County,TX,30.7,19.8,4.9,16.8,87.5,127.0,2.3,0.2,3.0,19.3,0.3,1.0,93.3,76.3,68.3,489,774.0,56500.0,2.56,43859,29071,0.0,989.56,14.7,81.0,575658.0,16.7,49.0,115.0,1063,1210,1.2,258.0,3333.0,95,0,71,0,87,0,82,Motley
Moultrie County,IL,19.4,25.3,6.4,18.6,84.7,1052.0,0.3,0.3,0.8,1.7,0.0,1.1,97.5,96.0,77.6,5959,6569.0,107400.0,2.4,61456,29538,1.0,335.94,11.1,88.9,533365.0,23.3,51.2,905.0,14526,14846,44.2,38907.0,109372.0,1220,384,678,0,1171,179,990,Moultrie
Mountrail County,ND,11.6,27.6,8.5,20.4,92.4,742.0,30.1,0.4,1.8,8.9,0.0,3.2,64.5,58.4,68.1,3360,5261.0,165700.0,3.04,72147,36364,3.0,1825.3,7.5,89.0,118152.0,20.6,46.2,603.0,9809,7673,4.2,18783.0,273970.0,1047,198,654,151,856,84,895,Mountrail
Mower County,MN,18.5,25.1,6.7,22.2,87.6,1758.0,0.7,5.3,3.9,12.2,0.5,1.9,87.8,76.7,73.0,15565,17092.0,123900.0,2.51,54295,29720,11.6,711.33,17.7,83.2,763107.0,18.2,49.7,2563.0,40029,39163,55.1,43975.0,370033.0,2768,821,1330,82,2485,419,2105,Mower
Muhlenberg County,KY,19.6,20.4,5.6,12.6,82.1,1586.0,0.2,0.3,4.9,1.6,0.0,1.3,93.3,91.9,79.6,11351,13841.0,93900.0,2.65,43590,22612,1.7,467.08,3.1,86.9,218695.0,24.4,49.0,1755.0,30928,31499,67.4,35974.5,304062.0,2358,665,1304,44,2249,185,2102,Muhlenberg
Multnomah County,OR,13.9,18.4,5.1,45.9,91.5,75048.0,1.4,8.1,6.0,12.0,0.7,4.7,79.0,69.1,54.5,326229,359778.0,386200.0,2.41,69176,39245,13.8,431.3,20.0,81.9,10278074.0,27.0,50.5,37495.0,815428,735334,1704.9,2506213.0,9982933.0,85366,33046,42283,13825,67269,6676,74013,Multnomah
Murray County,GA,15.3,24.5,6.4,10.1,70.7,1919.0,1.0,0.5,1.2,15.7,0.3,1.3,95.7,81.8,69.6,14385,16261.0,108300.0,2.74,48033,21989,7.2,344.47,11.3,93.4,1306601.0,26.9,50.7,1606.0,39973,39628,115.0,33983.0,198051.0,1873,581,1096,154,1672,223,1570,Murray
Murray County,MN,26.0,21.4,5.5,20.7,90.2,694.0,0.5,1.6,0.5,4.4,0.2,1.3,95.8,92.2,81.2,3645,4663.0,120100.0,2.24,60231,31874,3.4,704.7,5.4,91.3,763107.0,19.9,49.9,552.0,8179,8725,12.4,38159.0,46756.0,847,139,444,0,778,36,735,Murray
Murray County,OK,20.2,23.0,5.7,17.4,84.2,933.0,14.0,0.6,1.7,7.0,0.1,7.3,76.3,70.8,70.2,5238,6884.0,127000.0,2.59,52478,26943,2.7,416.46,4.2,87.5,460737.5,21.1,49.7,1176.0,13904,13488,32.4,17632.0,196919.0,1240,358,633,169,996,198,994,Murray
Muscatine County,IA,17.2,24.7,6.4,21.5,89.0,2192.0,0.7,1.2,3.0,18.3,0.2,1.6,93.2,76.2,73.4,16660,18199.0,130500.0,2.54,58453,29511,6.5,437.47,13.6,93.1,3982672.0,17.4,49.9,2066.0,43235,42745,97.7,47122.0,489034.0,2465,688,1098,231,2051,201,1971,Muscatine
Muscogee County,GA,13.7,24.7,7.1,25.8,88.0,13277.0,0.5,2.8,48.0,7.7,0.2,3.2,45.2,39.6,48.0,72759,85235.0,141300.0,2.59,46408,26097,5.3,216.39,8.3,78.1,1937203.0,20.6,51.4,19835.0,206922,189885,877.5,519294.0,2847837.0,17405,7849,8179,9331,7387,2314,14382,Muscogee
Muskegon County,MI,17.6,22.9,6.1,19.7,91.3,9534.0,1.0,0.7,14.0,5.8,0.0,3.1,81.2,76.4,74.7,65939,74487.0,117900.0,2.53,50854,25435,1.8,499.25,3.5,84.5,3726981.0,21.7,50.5,11780.0,175824,172188,344.9,236129.0,1919403.0,11566,4641,5355,2006,9124,1271,9698,Muskegon
Muskingum County,OH,18.2,22.5,6.0,16.1,87.8,5016.0,0.3,0.6,3.8,1.2,0.0,3.0,92.2,91.3,69.0,33878,37956.0,120200.0,2.48,47254,25148,0.9,664.58,2.0,85.3,867693.0,24.0,51.4,5775.0,86410,86074,129.5,139530.0,1117837.0,6230,1815,3669,236,5762,634,5158,Muskingum
Muskogee County,OK,17.1,24.4,6.5,20.4,85.3,3831.0,19.7,0.7,10.9,6.6,0.1,8.8,59.9,55.5,65.3,26234,30953.0,104200.0,2.47,43078,23826,2.7,810.45,5.1,82.0,1489692.0,20.8,51.3,4705.0,66339,70990,87.6,104434.0,927933.0,4803,1553,2547,1367,3106,415,4021,Muskogee
Musselshell County,MT,27.6,18.5,4.7,16.3,91.5,353.0,2.1,1.8,0.8,3.7,0.0,2.7,92.6,89.7,72.0,2181,2697.0,172700.0,2.17,43274,24979,1.8,1868.16,4.0,84.0,1679.0,27.2,49.4,518.0,4730,4538,2.4,11457.0,41964.0,435,85,202,0,405,0,380,Musselshell
Nacogdoches County,TX,15.3,23.0,6.2,24.5,82.9,4218.0,0.9,1.3,18.2,20.0,0.1,1.9,77.6,59.2,56.6,23757,28608.0,130100.0,2.52,44847,23617,7.9,946.54,17.0,77.1,1258701.0,21.0,51.9,3422.0,64653,64524,68.2,99654.0,880794.0,4199,1602,2112,1069,2920,305,3598,Nacogdoches
Nance County,NE,21.8,22.1,5.7,18.3,93.2,277.0,0.7,0.1,0.5,3.1,0.0,1.4,97.2,94.5,80.5,1546,1869.0,78300.0,2.2,49032,29454,0.7,441.63,1.6,90.5,231681.5,20.7,50.3,276.0,3380,3735,8.5,4370.0,25400.0,380,149,149,29,341,25,338,Nance
Nantucket County,MA,14.8,20.8,6.6,52.8,95.6,2796.0,0.4,2.0,11.3,15.2,0.1,1.9,84.2,71.1,70.5,3713,12675.0,1084700.0,2.93,107717,55398,11.6,44.97,11.7,89.4,5032308.0,12.0,48.6,496.0,14255,10172,226.2,119359.0,317541.0,2707,770,1709,305,2318,227,2374,Nantucket
Napa County,CA,19.7,20.2,4.8,35.7,85.5,12334.0,1.3,8.9,2.5,34.6,0.4,3.3,83.6,51.8,64.2,48705,55647.0,635900.0,2.78,88596,45195,22.1,748.36,34.9,88.9,4623531.0,25.6,50.2,7363.0,138019,136484,182.4,774149.0,1699004.0,14236,4309,7574,3192,10398,1446,11880,Napa
Nash County,NC,19.0,21.8,5.6,20.8,85.6,6040.0,1.0,1.0,41.3,7.4,0.1,1.9,54.7,48.9,65.3,37011,43324.0,128200.0,2.48,49537,27406,4.1,540.41,6.4,86.2,3184367.0,23.0,52.1,6250.0,94970,95840,177.3,166687.0,1234476.0,7041,2562,3613,2498,4239,757,5775,Nash
Nassau County,FL,22.8,19.7,5.1,29.6,91.3,6809.0,0.5,1.0,6.1,4.7,0.1,1.8,90.5,86.6,80.0,32603,41234.0,230900.0,2.52,69943,36553,4.3,648.64,6.1,87.2,929134.0,30.2,50.9,8727.0,90352,73314,113.0,203274.0,703812.0,5688,2064,2850,501,4889,623,4587,Nassau
Nassau County,NY,18.2,21.4,5.5,46.0,91.4,150025.0,0.5,10.9,13.1,17.5,0.1,2.0,73.4,58.5,80.7,446977,474165.0,493500.0,2.99,116100,51422,22.4,284.72,28.7,93.2,5196698.0,36.6,51.2,43255.0,1395774,1339532,4704.8,2938830.0,24105610.0,162528,48489,100751,44392,113966,11775,145682,Nassau
Natchitoches Parish,LA,17.1,23.1,6.3,19.0,88.4,2456.0,1.1,0.6,41.3,2.5,0.0,2.4,54.5,52.8,43.8,14659,19341.0,137400.0,2.58,28567,19198,1.5,1252.25,2.3,87.6,1162137.0,23.9,51.8,1708.0,37515,39566,31.6,69955.0,404791.0,2915,881,1563,758,2004,363,2304,Natchitoches
Natrona County,WY,15.9,23.9,6.4,22.8,92.5,6254.0,1.5,0.9,1.4,8.7,0.1,2.4,93.7,86.3,68.2,32799,37354.0,208700.0,2.4,62772,33797,2.2,5340.35,6.1,86.0,1780285.0,17.0,49.6,5671.0,79955,75450,14.1,198241.0,1487524.0,8076,2385,4214,494,7051,952,6402,Natrona
Navajo County,AZ,18.8,26.3,6.7,15.3,83.4,5593.0,45.7,0.6,1.0,11.5,0.2,2.2,50.4,41.6,68.8,34990,58502.0,126100.0,3.04,40067,18935,2.9,9950.42,37.5,86.0,179802.0,21.3,50.0,7235.0,106717,107449,10.8,186631.0,1120273.0,5962,2155,2895,1880,3822,668,4889,Navajo
Navarro County,TX,17.3,26.4,7.2,15.9,78.4,3574.0,1.1,0.8,13.3,28.5,1.7,2.1,81.0,54.7,68.9,17338,21334.0,97600.0,2.77,48529,23786,12.9,1009.63,24.7,85.7,1046872.0,27.5,50.9,2777.0,52624,47735,47.3,50681.0,539159.0,3842,1137,2071,769,2828,454,3060,Navarro
Nelson County,KY,16.1,23.4,6.2,18.0,89.8,3081.0,0.2,0.5,5.1,2.2,0.1,1.8,92.3,90.4,76.0,17853,19379.0,154700.0,2.53,60127,32735,1.0,417.51,2.1,87.6,1819993.0,26.2,50.6,3236.0,46738,43437,104.0,48280.0,535201.0,3146,951,1774,193,2842,339,2600,Nelson
Nelson County,ND,26.5,19.3,4.7,25.0,91.8,269.0,1.8,0.2,0.9,4.6,0.0,2.0,95.0,91.1,72.3,1467,1957.0,84300.0,1.93,52039,34491,2.9,981.78,4.8,89.0,118152.0,20.0,49.0,262.0,3015,3126,3.2,3431.0,31455.0,373,116,152,0,323,38,297,Nelson
Nelson County,VA,28.2,17.8,4.7,30.4,85.7,1286.0,0.6,0.8,11.4,4.3,0.0,2.3,85.0,81.6,76.4,6419,10240.0,235000.0,2.29,64313,35489,2.9,470.86,4.3,93.2,476138.5,30.6,51.7,1207.0,14775,15020,31.9,6419.0,115108.0,1587,463,927,97,1431,131,1350,Nelson
Nemaha County,KS,20.0,27.0,7.7,25.4,94.2,877.0,0.7,0.3,0.8,2.3,0.1,1.5,96.6,94.8,74.9,4007,4613.0,130500.0,2.45,63216,30344,0.8,717.43,2.2,91.4,413202.0,15.2,49.4,556.0,10273,10178,14.2,8220.0,156534.0,1013,203,535,0,958,79,880,Nemaha
Nemaha County,NE,20.4,22.3,6.4,27.8,91.8,481.0,0.5,0.7,1.4,2.8,0.1,1.5,95.8,93.4,72.9,2977,3494.0,106300.0,2.16,51828,29574,1.6,407.38,2.9,80.8,231681.5,17.7,49.9,496.0,7074,7248,17.8,7023.0,57722.0,591,129,214,0,557,0,494,Nemaha
Neosho County,KS,20.2,24.5,6.6,18.1,90.8,1110.0,1.5,0.7,1.3,5.9,0.1,2.5,93.9,89.1,70.4,6601,7732.0,82000.0,2.37,46291,23845,2.3,571.47,3.3,85.9,223080.0,16.2,50.3,899.0,15904,16512,28.9,13223.0,197686.0,1589,498,721,47,1485,199,1331,Neosho
Neshoba County,MS,16.1,27.7,7.3,11.6,80.3,1880.0,17.5,0.4,21.3,2.2,0.1,1.9,58.8,57.7,71.5,10657,12598.0,83000.0,2.71,37987,19540,1.4,570.14,9.4,89.1,175342.0,25.6,52.3,1287.0,29087,29676,52.1,27109.0,288533.0,1821,594,1057,349,1405,166,1537,Neshoba
Ness County,KS,26.9,20.7,4.6,19.4,90.9,300.0,1.5,0.2,1.0,10.4,-1.0,1.3,96.0,87.2,83.4,1269,1726.0,73300.0,2.23,56492,34243,7.1,1074.75,11.1,92.0,7487.0,13.1,51.3,202.0,2687,3107,2.9,13223.0,15430.0,440,121,222,0,428,27,402,Ness
Nevada County,AR,21.0,22.8,6.3,14.6,90.4,416.0,0.4,0.5,30.9,4.7,0.0,1.7,66.4,62.3,66.9,3397,4611.0,66300.0,2.41,38042,19912,0.0,617.84,0.2,75.8,602802.0,28.5,50.5,445.0,8310,8997,14.6,17679.0,159061.0,604,192,337,95,478,0,535,Nevada
Nevada County,CA,28.4,17.0,4.2,37.2,94.4,12499.0,1.3,1.5,0.6,9.8,0.2,3.1,93.3,84.7,74.2,40855,54809.0,431000.0,2.4,66096,39233,4.8,957.77,7.6,89.1,319706.0,25.5,50.9,8015.0,102241,98764,103.1,231154.0,1012263.0,11822,3818,6086,1029,10382,1136,9929,Nevada
New Castle County,DE,16.1,21.4,5.7,36.2,91.6,39630.0,0.5,5.8,26.4,10.4,0.1,2.6,64.6,56.3,67.9,205829,225245.0,260800.0,2.62,73892,37532,11.5,426.29,15.1,87.1,17046664.0,26.2,51.6,30043.0,570719,538479,1263.2,1128320.0,8623161.0,43478,13878,22776,9891,30249,3880,35573,New Castle
New Hanover County,NC,18.4,18.2,4.7,40.6,93.2,21300.0,0.6,1.6,13.4,5.8,0.1,2.1,82.2,77.4,58.1,95638,114839.0,243600.0,2.31,54891,34288,5.3,191.53,6.7,81.8,2449546.0,20.2,52.4,15030.0,225702,202667,1058.1,623342.0,3871707.0,24939,8044,13879,2873,21115,2542,20861,New Hanover
New Haven County,CT,17.9,20.0,5.1,35.0,90.1,63139.0,0.6,4.3,15.2,19.1,0.1,2.5,77.3,61.6,61.8,330572,368670.0,248600.0,2.51,69905,38009,12.7,604.51,22.2,88.0,10818135.0,25.5,51.8,38410.0,864835,862477,1426.7,1487237.0,11567525.0,73035,23620,42046,13508,56676,7336,62207,New Haven
New Kent County,VA,17.7,19.9,5.1,26.9,92.7,1960.0,1.1,1.2,13.9,3.6,0.1,2.9,80.8,77.9,86.5,7961,8956.0,281100.0,2.65,87904,38080,2.7,209.73,4.2,86.6,476138.5,34.0,49.1,1944.0,22945,18429,87.9,44317.0,155016.0,1661,656,771,264,1318,206,1364,New Kent
New London County,CT,18.8,19.2,4.9,33.3,92.3,17321.0,1.2,4.3,7.0,11.1,0.1,3.8,83.6,75.1,66.4,107827,124233.0,241700.0,2.37,73490,39426,8.7,664.88,13.6,85.8,4693686.0,23.7,49.8,21834.0,268555,274055,412.2,3023820.0,3679298.0,20244,6428,11621,2519,16823,2358,16712,New London
New Madrid County,MO,19.5,23.2,6.3,12.1,78.7,814.0,0.3,0.4,15.9,2.1,0.1,2.0,81.3,79.6,63.5,7371,8608.0,74500.0,2.34,38679,21419,0.6,674.84,2.9,88.3,883013.0,19.8,51.9,1212.0,16434,18956,28.1,26816.0,495690.0,1055,416,472,126,867,95,892,New Madrid
New York County,NY,17.0,14.3,4.7,61.3,87.3,232503.0,1.2,12.8,17.8,25.6,0.2,3.4,64.6,47.2,24.1,759460,892878.0,987700.0,2.07,86553,76592,28.7,22.83,39.4,84.4,4970920.0,32.2,52.6,31459.0,1694251,1585873,69467.5,20382622.0,44039957.0,315399,114896,171730,99763,198433,18120,280398,New York
Newaygo County,MI,19.8,22.4,5.7,16.6,88.1,2847.0,0.9,0.5,1.2,6.0,0.0,1.8,95.6,90.2,83.9,19161,25806.0,121300.0,2.48,50326,25451,2.0,813.2,5.6,89.1,663397.0,28.8,49.7,3655.0,49978,48460,59.6,39903.0,377067.0,3468,906,2169,111,3254,265,3061,Newaygo
Newberry County,SC,20.3,21.3,5.6,17.9,82.0,2016.0,0.8,0.7,30.3,7.8,0.3,1.6,66.3,60.5,73.3,14810,18453.0,116300.0,2.5,44226,24959,4.9,630.04,8.5,89.8,1651454.0,25.6,51.2,2087.0,37719,37508,59.5,36609.0,428103.0,2053,741,1172,470,1484,232,1704,Newberry
Newport County,RI,22.8,16.7,4.4,48.1,94.0,8306.0,0.6,2.0,4.4,6.0,0.1,2.8,90.1,85.6,63.2,34777,42779.0,387900.0,2.27,79454,47594,7.2,102.39,9.5,83.9,284069.0,22.5,50.6,6623.0,85643,82888,809.6,411236.0,1116452.0,9376,2728,5441,531,8472,1076,7697,Newport
Newport News city,VA,12.7,23.2,7.3,26.3,91.0,1479.0,0.3,3.2,41.1,9.0,0.2,5.2,47.9,42.9,48.9,69835,11797.5,194000.0,2.44,53215,28294,7.5,68.71,10.7,82.6,5578898.0,23.3,51.7,19513.0,186247,180719,2630.0,323798.0,2480813.0,10889,4521,5145,4523,5719,1513,8576,Newport News
Newton County,AR,27.2,19.3,5.1,20.5,86.5,649.0,1.3,0.4,0.5,1.9,0.0,2.6,95.2,93.5,84.2,2936,4705.0,114700.0,2.64,38082,19735,1.2,820.9,0.6,93.6,5301.0,30.7,49.5,568.0,7225,8330,10.1,17679.0,17001.0,821,173,392,64,718,28,691,Newton
Newton County,GA,13.3,25.8,6.4,19.8,86.6,10350.0,0.5,1.2,47.7,6.1,0.1,2.2,48.3,43.9,67.6,37018,40262.0,151800.0,2.88,56316,25247,6.0,272.16,6.4,87.0,1854798.0,32.9,52.9,6827.0,112483,99958,367.3,112912.0,747320.0,8681,4036,4121,4260,4199,946,7435,Newton
Newton County,IN,20.2,20.9,5.4,11.9,85.7,745.0,0.6,0.7,1.0,6.9,0.1,1.2,96.4,90.4,77.9,5573,6098.0,118400.0,2.47,55356,26007,2.7,401.76,3.8,86.6,156213.0,30.7,49.6,1013.0,13830,14244,35.5,8711.0,87981.0,1138,380,520,0,1056,88,965,Newton
Newton County,MO,18.4,23.6,6.1,20.0,87.1,3855.0,2.6,1.5,1.0,5.6,1.1,3.3,90.4,85.7,71.5,22202,24858.0,131300.0,2.57,50813,28353,3.2,624.77,6.0,85.9,724017.0,21.2,50.2,4316.0,58648,58114,93.0,82798.0,853805.0,3742,994,2011,328,3215,539,2876,Newton
Newton County,MS,17.1,25.3,6.7,16.4,85.2,1316.0,5.6,0.5,31.2,2.0,0.0,1.1,61.6,60.3,77.2,8037,9567.0,85600.0,2.57,35958,20787,1.2,578.1,4.0,91.5,483799.0,28.1,52.1,1306.0,21291,21720,37.6,26152.0,137420.0,1300,488,687,445,810,129,1103,Newton
Newton County,TX,21.2,19.6,4.4,9.7,83.4,713.0,1.0,0.6,19.7,3.9,0.0,2.0,76.7,73.3,84.6,5315,7445.0,81200.0,2.59,40101,21659,1.1,933.68,2.6,94.4,575658.0,38.7,48.7,1014.0,12217,14445,15.5,426.0,73313.0,579,226,336,243,321,39,526,Newton
Nez Perce County,ID,20.2,21.4,5.8,22.9,92.0,2115.0,6.0,0.8,0.5,4.0,0.1,2.7,89.8,86.8,72.8,16384,18004.0,191500.0,2.4,58107,29544,1.9,848.09,4.6,84.1,1124545.0,17.0,50.7,3030.0,42090,39265,46.3,108474.0,682899.0,3009,1021,1390,163,2657,314,2446,Nez Perce
Niagara County,NY,19.5,19.9,5.3,24.6,91.2,10336.0,1.2,1.1,7.4,3.3,0.1,2.7,87.5,84.9,70.7,88519,100710.0,125600.0,2.34,55522,30971,3.9,522.36,4.3,90.9,3134915.0,22.8,51.2,14144.0,212666,216469,414.4,1055916.0,2521578.0,12167,4337,6471,787,10807,1066,10372,Niagara
Nicholas County,KY,17.0,24.2,6.4,8.9,75.8,461.0,0.2,0.3,0.9,2.4,-1.0,1.0,97.7,95.5,68.9,2804,3298.0,85600.0,2.51,38149,22212,0.9,195.17,5.6,88.9,4545.0,33.6,50.7,364.0,7537,7135,36.6,1150.0,27427.0,450,223,213,0,435,51,389,Nicholas
Nicholas County,WV,22.9,20.6,5.1,15.6,86.9,1160.0,0.4,0.4,0.6,0.8,0.0,1.2,97.5,96.7,79.4,10069,13166.0,95100.0,2.48,40086,22335,1.1,646.82,1.8,93.1,212936.0,30.9,50.7,1826.0,24604,26233,40.6,36876.0,432541.0,1559,539,832,72,1385,162,1266,Nicholas
Nicollet County,MN,16.7,21.9,5.6,33.8,94.0,2222.0,0.6,1.6,3.9,4.9,0.0,1.7,92.2,87.9,73.9,12885,13691.0,191900.0,2.4,67399,33031,4.5,448.49,6.0,85.8,965102.0,18.1,49.6,1610.0,34454,32727,73.0,26491.0,232601.0,2371,823,1294,147,2140,289,1959,Nicollet
Niobrara County,WY,23.3,17.5,6.1,18.0,87.1,241.0,1.1,0.5,0.9,4.0,-1.0,2.8,94.7,91.4,77.5,964,1370.0,156300.0,2.22,39150,22958,0.3,2626.04,5.2,90.6,1385.0,13.7,54.2,137.0,2467,2484,0.9,5080.0,28764.0,287,100,137,0,240,0,247,Niobrara
Noble County,IN,16.5,24.3,6.6,13.7,83.6,2668.0,0.4,0.5,1.2,10.5,0.1,1.3,96.5,86.6,76.6,18276,20767.0,125800.0,2.56,56789,26832,4.9,410.84,12.8,86.1,2937742.0,22.2,49.9,2913.0,47457,47536,115.7,38546.0,392927.0,3187,1074,1654,158,2894,224,2720,Noble
Noble County,OH,28.3,18.7,5.0,9.9,84.7,718.0,0.4,0.3,2.8,0.7,0.0,1.1,95.5,94.9,81.9,5067,6209.0,100500.0,2.38,46897,24440,0.5,398.01,3.4,89.3,101924.0,30.5,41.4,1528.0,14115,14645,36.8,75153.0,104960.0,979,269,546,0,914,71,856,Noble
Noble County,OK,20.0,23.6,6.0,23.2,90.5,819.0,9.5,0.6,1.9,4.1,0.1,5.1,82.7,80.2,76.8,4515,5333.0,103500.0,2.45,56117,28011,0.7,731.9,1.9,85.9,460737.5,19.7,50.7,729.0,10924,11561,15.8,40216.0,127607.0,768,161,415,81,625,70,652,Noble
Nobles County,MN,16.8,27.5,8.6,15.3,76.3,1226.0,1.3,7.2,4.8,29.4,0.1,1.6,85.0,57.7,70.7,8033,8691.0,127100.0,2.65,55304,25939,19.8,715.11,32.2,91.3,1585046.0,16.6,48.5,961.0,22290,21378,29.9,27938.0,328011.0,1532,342,822,100,1314,281,1080,Nobles
Nodaway County,MO,15.6,15.5,4.4,28.6,92.3,1406.0,0.4,1.5,3.0,1.8,0.0,1.1,94.0,92.4,57.8,8395,9810.0,126400.0,2.29,44232,22915,2.4,876.96,3.5,75.2,468824.0,16.1,49.9,978.0,21241,23370,26.6,36739.0,259951.0,1866,468,1034,43,1730,105,1594,Nodaway
Nolan County,TX,18.6,26.0,6.7,15.2,82.3,1088.0,1.3,0.8,5.2,39.1,0.1,2.1,90.5,54.1,67.2,5407,7079.0,75500.0,2.71,45537,25094,5.1,912.0,25.2,83.4,203714.0,17.4,50.1,818.0,14738,15216,16.7,26173.0,210089.0,1591,538,848,428,1081,180,1304,Nolan
Nome Census Area,AK,8.0,34.6,10.0,16.1,84.6,551.0,75.3,1.5,0.9,2.9,0.2,6.5,15.7,14.9,60.5,2844,4100.0,154600.0,3.3,61048,23581,2.5,22961.76,31.0,84.1,104944.0,6.7,47.4,394.0,10046,9492,0.4,14821.0,78672.0,676,212,380,381,264,61,578,Nome
Norfolk County,MA,17.2,20.7,5.3,53.6,93.9,63886.0,0.2,12.0,8.0,5.0,0.1,2.1,77.6,73.8,68.9,265300,281778.0,470800.0,2.57,103291,53889,18.4,396.11,22.2,88.5,10798881.0,35.0,51.9,29136.0,725981,670850,1693.6,1613346.0,11801057.0,68073,21876,40019,9602,56057,5828,59123,Norfolk
Norfolk city,VA,10.9,19.7,6.6,28.8,88.0,1479.0,0.4,3.7,41.1,8.0,0.1,4.7,47.0,43.4,43.4,88353,11797.5,206700.0,2.47,51590,29830,7.2,54.12,10.4,73.2,1812452.0,21.3,47.8,26924.0,238005,242803,4486.3,547054.0,2683232.0,15322,6094,7434,6119,8159,1897,12189,Norfolk
Norman County,MN,21.5,24.2,5.9,19.1,91.9,477.0,2.3,0.7,0.9,5.1,0.1,2.7,93.2,89.2,81.9,2746,3445.0,100700.0,2.32,55085,30422,2.0,872.79,4.6,90.6,763107.0,23.0,50.0,402.0,6441,6852,7.9,2114.0,46993.0,824,287,431,0,774,0,773,Norman
North Slope Borough,AK,7.5,26.8,7.9,16.5,89.7,276.0,53.2,5.5,1.6,4.3,1.8,5.3,32.7,30.9,52.7,1979,2631.0,152500.0,3.36,79306,48730,6.3,88695.41,32.9,85.4,104944.0,6.1,37.6,509.0,11031,9430,0.1,132940.0,94922.0,331,106,151,193,104,0,269,North Slope
Northampton County,NC,27.0,17.2,4.7,13.8,80.4,915.0,0.7,0.3,57.2,2.6,0.0,1.4,40.4,38.8,68.4,8547,11676.0,83300.0,2.24,37146,22002,1.5,536.59,2.5,90.2,246437.0,26.0,51.0,1241.0,17471,22099,41.2,4602.0,131215.0,1090,412,628,479,582,237,815,Northampton
Northampton County,PA,19.5,19.7,4.8,30.3,90.9,19509.0,0.4,3.1,7.2,14.2,0.1,2.4,86.8,75.4,71.4,114185,123892.0,219800.0,2.55,70471,35270,7.7,369.67,13.3,87.3,4081181.0,28.0,50.8,17866.0,312951,297735,805.4,941050.0,3627410.0,22663,7413,12925,3460,18503,1720,19766,Northampton
Northampton County,VA,27.0,19.7,5.1,22.6,82.5,1047.0,0.4,1.0,33.7,9.5,0.2,1.9,62.7,54.3,65.2,5148,7440.0,176800.0,2.25,47227,28518,5.5,211.61,9.6,94.2,476138.5,20.7,52.1,1055.0,12282,12389,58.5,28959.0,117921.0,1342,326,825,226,1011,163,1058,Northampton
Northumberland County,PA,21.8,19.6,5.2,16.6,88.0,4531.0,0.3,0.5,3.0,3.9,0.0,1.4,94.8,91.7,70.8,39075,45625.0,117400.0,2.24,48671,26389,1.5,458.37,3.8,90.4,1194339.0,24.0,49.7,6543.0,91647,94528,206.2,66187.0,909670.0,5138,1212,3218,90,4817,690,4041,Northumberland
Northumberland County,VA,37.5,14.5,3.6,28.9,91.0,1103.0,0.2,0.5,25.0,3.8,0.1,1.8,72.4,69.2,89.2,5584,9364.0,292600.0,2.18,62632,36261,1.3,191.3,3.4,89.7,476138.5,34.3,51.0,1335.0,11839,12330,64.5,5721.0,85311.0,1470,414,934,208,1233,149,1250,Northumberland
Northwest Arctic Borough,AK,7.3,36.2,10.5,13.2,82.5,235.0,79.6,1.0,1.8,3.7,0.2,5.7,11.7,10.7,56.2,1795,2756.0,141400.0,4.06,60906,23780,1.5,35572.58,35.6,87.2,104944.0,5.8,46.2,286.0,7793,7523,0.2,6115.0,68485.5,257,73,148,163,72,25,215,Northwest Arctic
Norton County,KS,21.3,18.7,5.1,18.8,89.1,422.0,0.4,0.7,3.6,5.5,0.0,1.8,93.5,88.3,80.2,1830,2548.0,82900.0,2.5,49038,25352,2.2,878.13,2.9,79.3,328053.5,14.4,44.3,315.0,5459,5671,6.5,6129.0,51211.0,754,263,282,0,715,0,707,Norton
Norton city,VA,18.7,21.6,5.8,22.8,84.0,191.0,0.4,1.8,5.9,3.8,0.0,2.2,89.7,86.0,50.1,1628,1954.0,93800.0,2.4,29000,21741,3.7,7.48,4.0,74.3,109758.0,12.5,53.2,230.0,3687,3958,529.1,44317.0,219720.0,325,72,190,0,250,91,180,Norton
Nottoway County,VA,19.3,19.4,5.2,14.8,79.7,685.0,0.8,0.6,39.3,4.8,0.1,1.7,57.5,54.1,64.7,5446,6821.0,151400.0,2.45,45535,24571,3.8,314.39,4.0,88.0,104308.0,28.6,45.9,1159.0,15642,15853,50.4,12743.0,126636.0,1058,390,601,177,846,98,901,Nottoway
Nowata County,OK,19.8,22.3,6.4,11.5,88.9,614.0,19.7,0.2,2.4,3.3,0.0,9.8,68.0,66.0,73.7,4099,4894.0,87700.0,2.47,43145,22930,1.1,565.78,2.1,88.5,460737.5,27.9,49.9,414.0,9320,10536,18.6,40216.0,36799.0,1017,285,538,177,713,174,778,Nowata
Noxubee County,MS,16.6,24.5,7.3,15.6,70.9,926.0,0.3,0.3,71.8,1.5,0.0,0.8,26.7,25.8,72.9,3986,5311.0,59700.0,2.63,33784,18525,1.2,695.14,1.0,92.3,138980.0,26.9,52.8,310.0,10285,11545,16.6,6134.0,93544.0,863,384,418,570,256,59,765,Noxubee
Nuckolls County,NE,27.2,19.6,4.9,20.9,91.9,314.0,0.6,1.4,0.3,3.0,-1.0,1.4,96.4,93.8,75.8,1867,2449.0,68300.0,2.24,43388,30078,2.0,575.16,3.7,92.0,231681.5,17.6,50.4,371.0,4095,4500,7.8,4370.0,73832.0,533,171,216,0,507,128,372,Nuckolls
Nueces County,TX,14.9,24.3,6.5,21.8,82.8,26708.0,0.9,2.2,4.3,64.5,0.1,1.6,90.9,28.7,58.0,129451,150852.0,138700.0,2.73,55919,27740,8.9,838.48,35.9,82.9,41840873.0,19.8,50.6,26152.0,353178,340223,405.8,892809.0,5138291.0,30275,11154,15870,15639,13294,2763,25947,Nueces
Nye County,NV,30.3,16.6,4.3,10.7,86.1,2462.0,1.9,1.9,3.7,15.3,0.6,3.4,88.5,75.1,70.8,19088,22479.0,163300.0,2.3,47300,25558,7.2,18181.92,11.2,86.1,712978.0,25.9,48.9,5864.0,51591,43946,2.4,96463.0,397129.0,2719,850,1366,437,2158,326,2176,Nye
O'Brien County,IA,20.7,23.9,6.4,18.8,92.1,992.0,0.4,0.8,1.5,5.3,0.0,1.0,96.2,91.7,71.7,6169,6702.0,107000.0,2.18,53703,30564,3.1,573.04,5.3,87.2,528536.5,16.1,49.8,924.0,14182,14398,25.1,20428.0,204481.0,1525,533,724,0,1452,101,1361,O'Brien
Oakland County,MI,17.3,20.7,5.4,47.2,94.1,118561.0,0.3,8.2,13.9,4.3,0.0,2.3,75.3,71.5,71.0,504585,544669.0,242700.0,2.46,79698,44629,13.0,867.66,15.3,87.5,18446300.0,26.9,51.0,54362.0,1274395,1202362,1385.7,2567342.0,20886174.0,138132,47453,77524,25292,108781,10021,122863,Oakland
Obion County,TN,20.7,21.6,5.7,15.3,83.5,1887.0,0.4,0.4,10.8,4.8,0.1,1.6,86.6,82.4,64.9,12717,14601.0,91500.0,2.35,39615,23375,1.9,544.73,4.1,86.5,1194986.0,20.6,51.6,1768.0,30787,31807,58.4,33430.0,457698.0,2409,882,1127,140,2160,234,1950,Obion
Ocean County,NJ,22.8,24.2,7.1,30.0,92.0,45228.0,0.3,1.9,3.6,9.5,0.0,1.4,92.7,84.3,80.0,226160,286170.0,279000.0,2.61,70909,36100,7.8,628.78,12.1,90.2,1400022.0,31.2,51.7,35973.0,637229,576567,917.0,801532.0,7695378.0,44507,13551,26414,4152,39088,3787,39103,Ocean
Oceana County,MI,21.3,22.3,5.3,19.5,87.2,1652.0,1.5,0.3,1.3,15.1,0.0,1.8,95.0,81.3,82.6,10156,16300.0,118800.0,2.53,50104,24345,5.8,512.07,13.0,86.5,473245.0,22.4,49.4,1694.0,26659,26570,51.9,29275.0,160477.0,1721,495,949,205,1452,182,1348,Oceana
Ochiltree County,TX,11.7,31.0,8.1,15.6,74.4,847.0,1.8,0.7,1.4,55.4,0.1,1.5,94.6,41.8,73.4,3483,4163.0,102700.0,2.89,50464,23624,21.1,917.63,45.8,86.9,7314.0,16.4,49.8,453.0,10015,10223,11.1,16306.0,127151.0,984,225,671,250,623,83,839,Ochiltree
Oconee County,GA,15.8,26.3,5.5,52.3,94.5,4301.0,0.3,4.2,5.2,5.7,0.1,2.0,88.2,83.7,82.9,13423,14949.0,286600.0,2.82,90751,44336,6.6,184.29,8.7,89.8,554410.0,24.6,50.9,1847.0,41799,32808,178.0,33983.0,397167.0,3673,1063,2065,322,3193,563,2903,Oconee
Oconee County,SC,23.6,19.8,4.9,25.8,84.9,5027.0,0.4,0.9,7.6,5.8,0.0,1.9,89.3,84.1,72.7,31978,41192.0,159800.0,2.4,49134,29844,3.8,626.33,5.5,86.9,2135248.0,26.2,50.8,6304.0,78607,74273,118.6,81521.0,740964.0,5580,1598,3252,464,4951,753,4426,Oconee
Oconto County,WI,20.9,20.1,5.0,16.8,90.4,2286.0,1.6,0.5,0.5,1.9,0.0,1.3,96.1,94.6,82.7,16036,24468.0,157000.0,2.33,60908,30927,1.3,997.99,2.9,91.1,522294.0,26.6,48.7,3077.0,38965,37660,37.7,29125.0,261091.0,2901,627,1467,43,2782,136,2591,Oconto
Ogemaw County,MI,26.3,18.6,4.7,12.2,85.9,1306.0,1.0,0.6,0.4,2.3,0.0,1.6,96.3,94.3,81.4,9184,16252.0,98200.0,2.24,40373,23787,1.3,563.49,2.0,87.8,78984.0,24.6,50.2,1798.0,20770,21699,38.5,38050.0,387590.0,1659,661,701,31,1521,114,1458,Ogemaw
Ogle County,IL,19.2,22.3,5.4,21.4,90.2,3129.0,0.4,0.7,1.3,10.5,0.1,1.5,96.1,86.3,73.2,21021,22724.0,146900.0,2.4,60986,31397,4.3,758.57,7.4,85.9,1530894.0,25.9,50.4,3400.0,51788,53497,70.5,52922.0,408112.0,4149,1321,2192,200,3822,454,3535,Ogle
Oglethorpe County,GA,19.4,20.7,5.5,17.1,79.7,1096.0,0.4,1.0,17.3,5.0,0.0,1.8,79.4,75.2,77.2,5651,6754.0,118500.0,2.62,47120,23523,1.0,439.01,5.1,91.7,554410.0,28.3,50.3,953.0,14825,14899,33.9,33983.0,40608.0,1062,307,681,200,822,100,948,Oglethorpe
Ohio County,IN,22.4,19.7,5.3,14.7,87.6,297.0,0.3,0.4,0.6,1.7,0.0,1.1,97.6,96.1,76.2,2555,2882.0,151200.0,2.28,60128,30517,1.0,86.14,1.6,88.3,1482367.0,29.1,50.3,431.0,5940,6128,71.1,42848.0,15328.0,347,66,185,26,307,0,304,Ohio
Ohio County,KY,18.1,24.3,6.2,13.6,83.3,1071.0,0.3,0.3,1.5,3.5,0.0,1.0,96.8,94.0,76.1,9122,10460.0,92500.0,2.61,45564,24297,1.7,587.27,2.4,90.2,576217.0,25.2,49.9,1532.0,23772,23842,40.6,35974.5,190027.0,1282,328,687,0,1222,112,1088,Ohio
Ohio County,WV,22.2,19.2,5.1,32.0,93.5,2509.0,0.2,0.8,3.7,1.3,0.0,2.3,93.0,92.0,69.8,17193,20835.0,123900.0,2.31,50584,32429,1.7,105.82,2.3,90.6,337537.0,19.9,51.6,2873.0,42425,44443,420.0,226722.0,896046.0,3278,968,1875,159,2860,408,2545,Ohio
Okaloosa County,FL,16.3,22.2,6.5,31.1,92.4,17467.0,0.7,3.2,10.5,9.7,0.2,4.4,81.1,73.0,63.4,77962,98619.0,219100.0,2.54,63412,33019,6.8,930.25,11.9,79.0,778359.5,24.1,49.3,32664.0,211668,180822,194.4,566289.0,2886538.0,15538,5993,7244,2638,12092,2020,12272,Okaloosa
Okanogan County,WA,22.0,23.3,6.0,20.0,83.9,2387.0,13.2,1.3,0.9,20.7,0.3,3.1,81.2,64.3,65.8,17675,23516.0,182700.0,2.3,47240,24876,10.5,5267.98,18.5,84.6,123688.0,18.4,49.5,3362.0,42104,41120,7.8,54794.0,446957.0,3182,892,1601,228,2735,440,2436,Okanogan
Okeechobee County,FL,20.1,21.3,6.1,11.3,77.2,2421.0,1.5,1.0,9.0,26.0,0.1,1.5,86.9,62.5,72.2,13904,18788.0,106000.0,2.74,41760,21367,12.0,768.91,22.7,91.7,778359.5,24.4,46.3,3157.0,39644,39996,52.0,40090.0,508073.0,3028,1264,1382,551,2320,255,2589,Okeechobee
Okfuskee County,OK,17.9,22.8,5.9,11.6,79.5,740.0,22.0,0.4,7.2,4.0,0.2,6.8,63.4,61.0,71.2,3976,5336.0,81400.0,2.69,38411,18437,1.5,618.57,6.1,87.7,460737.5,27.2,45.5,724.0,11310,12191,19.7,40216.0,88675.0,868,238,554,175,666,171,660,Okfuskee
Oklahoma County,OK,14.0,25.4,7.3,32.0,87.4,66820.0,4.4,3.6,15.8,17.9,0.1,5.4,70.6,55.5,58.9,301570,343971.0,153300.0,2.56,54520,31609,10.3,708.82,17.4,81.0,7681014.0,21.5,51.0,51483.0,796292,718633,1013.8,1909390.0,13117144.0,73768,25176,38501,18837,51300,8030,61066,Oklahoma
Okmulgee County,OK,19.0,23.4,5.9,14.1,86.3,2255.0,17.5,0.5,8.2,4.4,0.1,8.9,64.9,62.0,71.0,14724,17879.0,85400.0,2.53,42998,23431,1.1,697.35,3.7,84.2,533806.0,27.0,50.7,2671.0,36706,40069,57.5,32089.0,341028.0,2480,756,1280,489,1833,374,1951,Okmulgee
Oktibbeha County,MS,12.0,17.6,5.3,42.6,90.7,3200.0,0.3,3.3,37.6,1.7,0.1,1.3,57.5,56.2,51.7,17798,22156.0,162900.0,2.51,40453,22512,4.1,458.2,5.1,76.2,569081.0,18.7,50.1,1614.0,51788,47671,104.0,125240.0,471973.0,3449,1313,1786,1269,2007,486,2779,Oktibbeha
Oldham County,KY,13.7,25.4,5.2,42.4,93.8,5476.0,0.4,1.7,4.4,4.0,0.1,1.8,91.6,88.2,84.7,20911,22491.0,282100.0,2.98,99128,42272,3.6,187.22,4.6,87.9,303996.0,27.5,47.8,4253.0,67607,60316,322.2,72846.0,369311.0,5130,1700,2878,384,4614,488,4456,Oldham
Oldham County,TX,15.0,23.4,3.3,22.0,90.3,198.0,1.3,1.4,3.7,17.1,0.0,2.3,91.2,75.9,78.5,594,858.0,91400.0,2.76,64545,26408,3.9,1500.53,12.5,88.6,575658.0,21.7,47.6,70.0,1758,2052,1.4,2021.0,209517.0,219,76,135,50,161,0,191,Oldham
Oliver County,ND,22.7,25.3,5.9,21.1,91.3,142.0,3.1,0.3,0.4,2.0,-1.0,1.1,95.2,93.3,88.6,738,975.0,190600.0,2.5,78929,35565,1.1,722.51,3.5,87.6,118152.0,28.6,48.1,150.0,1877,1846,2.6,277.0,93240.0,82,37,34,0,73,0,67,Oliver
Olmsted County,MN,15.9,24.4,6.8,44.9,94.6,10219.0,0.4,6.6,6.9,5.2,0.1,2.5,83.6,79.1,72.7,62108,68153.0,214600.0,2.45,76951,41066,11.1,653.35,13.9,85.5,3209012.0,17.9,51.2,8018.0,162847,144248,220.8,391708.0,2447209.0,12346,3870,6915,1191,10588,1306,10182,Olmsted
Oneida County,ID,20.4,28.3,6.5,17.1,90.2,379.0,0.6,0.6,0.4,4.4,0.1,0.9,97.4,93.5,79.9,1615,2019.0,167100.0,2.7,53841,22120,3.0,1200.06,5.3,88.5,172944.0,22.7,49.9,305.0,4564,4286,3.6,2782.0,30445.0,369,108,238,0,342,25,329,Oneida
Oneida County,NY,19.2,21.3,5.6,25.7,88.5,12400.0,0.4,4.1,7.1,6.2,0.1,2.3,86.0,81.3,67.5,89729,105614.0,127700.0,2.43,56027,29687,7.5,1212.43,12.2,89.0,3481298.0,19.8,50.2,14917.0,232125,234878,193.7,791323.0,3012211.0,15252,4803,8812,1643,12906,1362,13058,Oneida
Oneida County,WI,26.7,17.1,4.5,27.2,93.1,3017.0,1.2,0.6,0.7,1.7,0.0,1.7,95.8,94.5,83.2,15421,31379.0,174100.0,2.25,56852,34910,1.3,1112.97,2.2,91.6,330472.0,20.1,49.8,2980.0,37845,35998,32.3,81978.0,959512.0,3958,1095,2086,110,3698,390,3308,Oneida
Onondaga County,NY,17.5,21.1,5.6,35.9,91.0,29848.0,0.9,3.9,12.0,5.2,0.1,3.2,80.0,76.5,64.7,185324,209729.0,145400.0,2.39,61359,34002,8.0,778.39,11.0,85.9,7575967.0,20.0,51.8,24919.0,476516,467026,600.0,918710.0,6916005.0,34682,11094,20192,4566,28496,3061,29617,Onondaga
Onslow County,NC,9.6,24.6,8.7,22.9,91.5,10712.0,0.9,2.2,15.8,12.9,0.3,4.6,76.2,65.7,53.1,64386,81065.0,156900.0,2.72,50278,24413,4.2,762.74,10.7,71.8,270979.0,20.6,45.1,23939.0,204576,177772,233.1,353051.0,2213042.0,10610,3798,5499,1660,8636,1513,8386,Onslow
Ontario County,NY,20.6,19.9,4.9,36.3,93.9,7248.0,0.4,1.4,2.8,5.1,0.0,1.9,93.5,89.5,73.8,44787,51704.0,161800.0,2.36,64944,36835,3.8,644.07,6.1,86.9,2670997.0,23.3,51.1,6966.0,112458,107931,167.6,237328.0,2021431.0,8874,3189,4788,345,8062,743,7456,Ontario
Ontonagon County,MI,37.7,12.5,2.6,16.5,92.5,356.0,1.5,0.6,0.3,1.6,0.0,1.6,96.0,94.6,88.2,2793,5703.0,70000.0,2.07,41546,25022,1.7,1311.23,2.1,95.3,729708.0,24.9,48.9,756.0,5816,6780,5.2,6193.0,48416.0,469,97,267,0,449,70,338,Ontonagon
Orange County,CA,15.3,21.7,5.8,40.6,85.5,323593.0,1.0,21.7,2.1,34.0,0.4,3.6,71.1,39.8,57.4,1037492,1118110.0,679300.0,3.01,90234,41514,30.1,790.57,45.6,87.3,47299399.0,28.0,50.7,107811.0,3186989,3010232,3807.7,9050642.0,45193625.0,340116,119431,180456,145603,182028,22774,303786,Orange
Orange County,FL,12.3,22.0,6.0,34.6,88.5,155760.0,0.6,5.7,22.8,32.7,0.2,2.8,68.0,39.4,55.4,461705,556896.0,235800.0,2.85,58254,30456,21.6,903.43,36.9,81.6,8280907.0,28.2,50.9,62980.0,1429908,1145956,1268.5,8326446.0,23076749.0,131838,52067,67844,63938,63712,10968,116328,Orange
Orange County,IN,19.8,22.7,6.2,10.9,83.2,1215.0,0.4,0.4,1.7,1.8,0.0,1.3,96.1,94.5,74.4,7898,9241.0,94700.0,2.44,47917,24080,1.8,398.39,2.2,90.2,208882.0,24.6,50.1,1264.0,19867,19840,49.8,148833.0,155983.0,1561,374,810,46,1469,188,1313,Orange
Orange County,NC,14.6,19.2,4.4,59.7,92.7,13826.0,0.6,8.1,11.8,8.6,0.1,2.6,76.9,69.5,62.6,53376,60273.0,308800.0,2.49,71723,42231,13.2,397.96,17.1,77.2,161418.0,23.5,52.3,5441.0,148696,133801,336.2,283037.0,1385293.0,14373,5219,7689,2019,11822,1240,12448,Orange
Orange County,NY,14.3,25.5,6.7,30.3,89.7,26842.0,0.9,3.0,13.2,21.6,0.1,3.0,79.8,62.7,66.9,128016,145207.0,271200.0,2.89,79944,34959,10.8,811.69,24.6,91.3,2592425.0,33.6,49.9,19107.0,401310,372813,459.3,575225.0,6221053.0,29609,9576,17418,5989,22503,2523,25811,Orange
Orange County,TX,16.5,24.8,6.7,15.5,87.9,4883.0,0.8,1.2,8.8,8.5,0.1,1.7,87.4,79.8,75.3,31694,38335.0,113500.0,2.63,59399,30114,3.5,333.67,6.9,83.8,6340323.0,24.2,50.4,5225.0,84808,81837,245.3,101246.0,909643.0,4881,1690,2487,955,3615,526,4122,Orange
Orange County,VA,20.6,21.0,5.8,25.1,88.7,2494.0,0.5,1.1,13.3,5.6,0.1,2.8,82.2,77.6,78.8,13679,15382.0,244400.0,2.59,71548,32292,4.6,340.78,5.7,86.5,229999.0,38.2,51.1,3183.0,36254,33481,98.2,36329.0,311631.0,2807,915,1614,310,2420,387,2267,Orange
Orange County,VT,22.0,18.1,4.7,29.1,91.8,2946.0,0.4,0.6,0.7,1.4,0.0,1.5,96.9,95.6,80.5,12279,15611.0,192700.0,2.3,60925,31697,2.1,687.03,3.4,90.4,133000.0,27.1,49.8,2047.0,29277,28936,42.1,40018.0,245392.0,3591,1041,2115,75,3393,425,2972,Orange
Orangeburg County,SC,20.4,21.7,5.5,19.9,85.9,5181.0,0.7,0.9,62.1,2.4,0.0,1.5,34.8,33.3,67.3,33060,42938.0,92700.0,2.57,37955,20716,1.3,1106.1,3.5,93.0,2470371.0,29.1,53.3,4517.0,84223,92501,83.6,152140.0,1016637.0,5587,2136,2926,2513,2847,809,4446,Orangeburg
Oregon County,MO,23.7,22.4,5.8,14.6,83.1,726.0,1.5,0.3,0.4,1.9,0.1,2.3,95.4,93.8,73.8,4249,5476.0,93600.0,2.47,33601,18398,0.9,789.8,1.9,87.7,24039.0,21.3,50.8,940.0,8635,10881,13.8,5762.0,98849.0,749,187,487,30,703,107,606,Oregon
Orleans County,NY,18.4,19.3,5.0,16.2,87.7,1910.0,0.8,0.6,6.4,5.1,0.1,2.1,90.1,86.3,75.6,16563,18600.0,98400.0,2.28,52620,26298,3.0,391.26,6.1,88.6,764560.0,25.7,50.1,3039.0,40343,42883,109.6,28368.0,252397.0,2275,667,1357,99,2097,157,1945,Orleans
Orleans County,VT,23.3,19.4,4.8,21.5,88.3,2614.0,0.6,0.5,0.8,1.7,0.0,2.0,96.1,94.7,78.2,11779,17949.0,162000.0,2.21,49168,27023,4.0,693.27,5.4,89.9,442582.0,24.6,49.9,1886.0,27393,27231,39.3,54113.0,350332.0,3286,823,1879,107,3071,355,2791,Orleans
Orleans Parish,LA,15.6,19.8,5.8,37.6,86.5,40229.0,0.3,2.9,60.1,5.5,0.1,1.7,34.9,30.9,48.3,153819,192237.0,231500.0,2.45,41604,31385,5.5,169.42,8.3,85.6,4352733.0,24.2,52.8,16075.0,383997,343829,2029.4,2765414.0,3245075.0,41506,17792,19459,20400,19511,4008,35655,Orleans
Osage County,KS,20.6,23.1,5.4,19.2,90.8,1032.0,0.7,0.5,0.7,3.5,0.1,2.1,96.0,93.1,74.7,6607,7648.0,115700.0,2.37,54090,27951,0.7,705.52,2.1,86.3,328053.5,30.3,49.9,1447.0,15766,16295,23.1,13223.0,74039.0,1147,366,528,0,1059,123,876,Osage
Osage County,MO,17.7,22.8,5.7,18.9,89.9,985.0,0.4,0.2,0.4,0.9,0.1,0.8,98.2,97.4,84.6,5120,6687.0,151900.0,2.6,61687,29061,0.1,604.35,1.5,89.7,468824.0,25.7,48.5,901.0,13274,13878,23.0,22307.0,152549.0,1053,333,540,0,1008,73,923,Osage
Osage County,OK,20.6,21.4,4.9,18.0,88.3,3024.0,15.0,0.4,11.4,3.8,0.0,7.5,65.6,63.1,78.3,18263,22009.0,118600.0,2.51,49103,25473,1.3,2246.36,3.0,89.9,460737.5,25.1,49.8,3312.0,45818,47472,21.1,24710.0,216349.0,3133,999,1593,866,2106,611,2314,Osage
Osborne County,KS,25.0,21.5,5.8,23.6,93.9,342.0,0.9,1.2,0.5,2.3,-1.0,1.5,95.9,94.0,74.8,1648,2176.0,69000.0,2.08,51286,30843,0.9,892.5,2.5,87.3,328053.5,14.6,49.2,210.0,3500,3858,4.3,13223.0,46608.0,496,193,165,0,443,37,408,Osborne
Osceola County,FL,13.5,24.1,6.2,21.8,86.7,40299.0,0.8,2.9,14.1,55.8,0.2,2.9,79.1,30.1,61.6,103141,162661.0,201000.0,3.39,52279,22196,20.9,1327.45,51.3,85.1,778359.5,34.0,50.6,17101.0,388656,268685,202.4,866909.0,3236221.0,30229,12711,14490,19557,9938,2141,27255,Osceola
Osceola County,IA,22.7,23.1,5.4,17.9,88.4,425.0,0.6,0.9,1.0,8.5,0.2,1.4,95.9,88.0,78.4,2633,2956.0,93700.0,2.26,59725,30955,4.3,398.68,8.0,89.4,528536.5,19.6,49.2,419.0,6192,6462,16.2,20428.0,80950.0,584,86,422,0,559,75,483,Osceola
Osceola County,MI,21.6,22.3,5.5,14.2,88.7,1401.0,0.7,0.3,0.8,2.3,0.1,2.0,96.1,94.2,80.7,9181,13853.0,98500.0,2.48,44032,22692,0.9,566.39,3.9,88.4,968493.0,24.6,49.7,1971.0,22891,23528,41.5,25381.0,176149.0,1874,527,988,69,1743,181,1606,Osceola
Oscoda County,MI,27.6,19.4,5.3,10.6,83.4,586.0,1.0,0.2,0.5,1.8,0.0,1.5,96.7,95.1,85.3,3806,9282.0,90500.0,2.15,42335,24889,1.1,565.73,7.8,91.3,70045.0,19.4,48.9,746.0,8219,8640,15.3,8043.0,59547.0,845,282,483,0,803,100,719,Oscoda
Oswego County,NY,16.8,20.9,5.4,19.0,88.2,5464.0,0.5,0.7,1.2,2.7,0.0,1.6,95.9,93.7,73.7,46079,54721.0,104600.0,2.46,55967,28587,2.0,951.65,4.0,85.2,2131142.0,25.2,49.9,8568.0,117525,122109,128.3,153207.0,1258375.0,6933,2150,4019,259,6449,858,5719,Oswego
Otero County,CO,20.7,23.9,5.9,18.6,87.2,1017.0,3.8,0.9,1.7,42.2,0.2,3.1,90.3,53.6,63.9,7722,9003.0,94900.0,2.31,38169,21110,5.0,1261.96,13.3,83.7,75861.0,16.2,51.0,1262.0,18690,18831,14.9,22891.0,213840.0,1267,429,555,279,898,91,1076,Otero
Otero County,NM,17.3,22.9,6.7,17.5,83.4,3414.0,8.3,1.6,4.2,38.6,0.3,3.1,82.7,48.3,64.2,23634,31947.0,112400.0,2.64,41988,23170,11.3,6613.21,26.9,80.4,268581.0,19.5,48.2,7770.0,67839,63797,9.6,164664.0,567703.0,3918,1442,1805,1388,2244,561,3012,Otero
Otoe County,NE,19.8,24.0,6.5,23.4,92.8,1252.0,0.7,0.7,1.0,8.6,0.1,1.6,95.8,88.0,69.8,6510,7232.0,143900.0,2.42,59167,31450,3.9,615.63,6.1,88.0,231681.5,21.5,50.2,1174.0,15912,15740,25.6,13864.0,202505.0,1679,552,726,76,1537,167,1339,Otoe
Otsego County,MI,21.7,20.8,5.2,23.6,92.0,2006.0,0.9,0.7,0.6,1.9,0.1,1.9,95.9,94.2,78.9,9944,14928.0,139500.0,2.42,54332,27234,1.6,514.97,1.7,86.8,141352.0,19.7,50.3,1971.0,25091,24164,46.9,54365.0,528636.0,2378,611,1431,41,2160,208,1911,Otsego
Otsego County,NY,21.7,15.7,4.2,31.1,91.7,4274.0,0.3,1.5,2.5,3.8,0.1,1.6,94.0,91.0,72.2,23409,31332.0,146400.0,2.32,54028,28849,3.5,1001.7,6.2,85.5,203757.0,22.9,51.5,4036.0,58524,62259,62.2,148547.0,917010.0,4455,1400,2577,234,4012,254,3930,Otsego
Ottawa County,KS,21.3,21.9,4.5,24.5,94.9,452.0,0.7,0.4,1.2,2.7,-1.0,1.5,96.2,94.0,79.6,2446,2790.0,105700.0,2.35,54784,29230,1.0,720.73,1.9,90.8,328053.5,22.8,48.1,373.0,5735,6091,8.5,1229.0,16180.0,529,173,274,0,500,0,506,Ottawa
Ottawa County,MI,15.5,23.7,6.0,34.1,93.0,20264.0,0.6,3.0,1.9,10.2,0.1,2.0,92.6,83.4,77.7,102610,111978.0,191800.0,2.7,69314,31872,5.5,563.47,9.5,84.7,11067288.0,20.5,50.6,12765.0,296200,263801,468.2,321782.0,2666584.0,21842,6273,12558,1586,19667,1603,19199,Ottawa
Ottawa County,OH,26.0,18.1,4.3,23.1,91.7,3020.0,0.2,0.4,1.0,5.1,0.0,1.4,97.0,92.3,78.8,18051,28713.0,152000.0,2.2,59099,34560,1.2,254.92,2.7,90.8,811756.0,24.1,50.3,3350.0,40364,41428,162.5,115091.0,427688.0,3319,837,1993,124,2980,393,2694,Ottawa
Ottawa County,OK,18.5,24.7,6.7,14.5,85.3,1677.0,20.3,0.7,1.2,5.9,0.9,8.0,68.9,64.7,69.0,11847,14100.0,86300.0,2.56,39872,20814,2.4,470.82,5.9,84.4,460737.5,20.5,50.9,2192.0,30285,31848,67.6,228320.0,232926.0,3353,998,1764,711,2422,400,2714,Ottawa
Otter Tail County,MN,24.5,21.8,5.9,24.9,92.1,4860.0,0.8,0.6,1.7,3.7,0.1,1.5,95.3,92.2,78.3,24687,36368.0,189100.0,2.31,58682,32059,2.6,1972.07,5.0,89.1,1464479.0,21.6,49.7,4166.0,60081,57303,29.1,69670.0,776482.0,5975,1739,3164,153,5602,472,5096,Otter Tail
Ouachita County,AR,21.1,22.3,5.8,14.5,86.0,1157.0,0.5,0.5,40.1,2.6,0.0,2.3,56.5,54.7,69.1,9658,13082.0,75300.0,2.43,35425,21562,0.7,732.78,2.2,90.5,602802.0,21.0,52.7,1608.0,22650,26120,35.6,19144.0,221999.0,1775,540,1011,322,1368,259,1347,Ouachita
Ouachita Parish,LA,15.3,24.6,6.7,24.2,86.5,12824.0,0.3,1.0,37.7,2.2,0.0,1.3,59.6,57.9,58.4,56556,69471.0,146700.0,2.63,41121,24361,1.9,610.41,3.0,87.3,1901186.0,20.5,52.2,8532.0,160368,153720,251.8,61451.5,2387131.0,14757,5493,7157,4442,9586,1224,12644,Ouachita
Ouray County,CO,27.3,15.3,2.9,47.8,97.8,945.0,0.8,0.8,0.1,6.5,0.2,2.1,96.0,90.2,72.3,2163,3392.0,449000.0,2.22,66417,41160,1.7,541.59,8.5,89.4,4933.0,28.4,49.3,488.0,4874,4436,8.2,21541.0,22560.0,1070,353,481,25,963,75,913,Ouray
Outagamie County,WI,15.3,23.3,6.1,29.7,94.1,10683.0,1.9,3.7,1.5,4.6,0.1,1.8,91.0,87.1,71.1,73648,78201.0,169400.0,2.48,65572,33221,3.6,637.52,6.6,89.6,7208470.0,19.9,50.0,9900.0,190705,176695,277.2,329964.0,3277840.0,13459,3458,7912,660,12035,1438,11023,Outagamie
Overton County,TN,20.7,21.3,5.2,12.8,80.6,1818.0,0.4,0.4,0.7,1.7,0.0,1.2,97.3,95.8,79.7,9140,10392.0,124900.0,2.38,37197,21808,1.4,433.48,2.0,91.3,674991.0,27.6,50.3,1141.0,22511,22083,50.9,40960.0,164129.0,2021,448,1261,86,1897,286,1608,Overton
Owen County,IN,19.9,20.7,5.1,13.1,85.4,1415.0,0.4,0.6,0.5,1.3,0.0,1.3,97.2,95.9,79.2,8776,10293.0,117600.0,2.35,49543,25209,1.1,385.29,2.8,86.5,169418.0,31.4,49.9,1417.0,21321,21575,56.0,12328.0,111907.0,1605,380,826,0,1520,142,1361,Owen
Owen County,KY,19.1,21.9,5.1,10.9,79.3,756.0,0.3,0.2,1.2,2.7,0.0,1.1,97.2,94.8,74.8,3995,5765.0,116100.0,2.68,48801,25640,0.0,351.1,0.9,85.5,559741.0,32.5,50.1,653.0,11278,10841,30.9,35974.5,62217.0,847,275,446,41,790,85,684,Owen
Owsley County,KY,20.0,22.7,6.9,16.2,68.8,279.0,0.5,0.1,0.5,1.7,0.1,1.0,97.8,96.2,68.4,1704,2364.0,70200.0,2.56,30284,18940,0.3,197.41,0.8,91.4,559741.0,30.2,50.7,142.0,4051,4755,24.1,35974.5,16053.0,273,75,184,0,256,0,249,Owsley
Owyhee County,ID,18.0,25.4,6.4,12.0,76.1,753.0,4.5,0.8,0.9,25.8,0.2,2.0,91.6,68.9,70.9,4321,4994.0,147800.0,2.64,43798,22806,9.7,7665.51,21.9,83.5,172944.0,26.0,48.9,748.0,11913,11526,1.5,11378.5,42578.0,882,297,388,53,785,57,723,Owyhee
Oxford County,ME,22.6,18.2,4.3,19.2,91.9,4429.0,0.5,0.8,0.7,1.5,0.0,1.7,96.3,95.0,80.8,21338,37274.0,144100.0,2.66,49204,25464,1.5,2076.84,2.9,86.9,860617.0,28.2,50.6,4760.0,57777,57833,27.8,103813.0,611396.0,5295,1500,3016,82,5029,555,4473,Oxford
Ozark County,MO,29.3,19.2,4.6,11.0,82.3,796.0,1.1,0.2,0.2,2.0,-1.0,2.0,96.4,94.9,77.6,3958,5703.0,97600.0,2.3,31947,18739,0.9,744.97,1.6,90.4,468824.0,31.7,49.8,797.0,8553,9723,13.1,7450.0,49618.0,718,200,379,0,702,63,599,Ozark
Ozaukee County,WI,20.4,21.2,5.2,49.0,96.8,7021.0,0.3,2.6,1.7,3.1,0.0,1.5,93.8,91.0,75.9,35807,37989.0,282500.0,2.43,85215,49030,4.8,233.08,5.6,87.8,2762930.0,23.7,50.8,4037.0,91503,86395,370.7,134751.0,1227995.0,9532,2639,5468,366,8752,587,8507,Ozaukee
Pacific County,WA,32.2,15.3,4.0,18.9,88.3,1425.0,2.8,2.1,1.1,10.1,0.2,3.8,90.0,81.7,80.0,9279,16417.0,176800.0,2.31,46733,26109,6.8,932.66,10.2,87.5,154919.0,21.6,50.3,2537.0,23365,20920,22.4,46067.0,107854.0,1845,515,822,205,1569,176,1534,Pacific
Page County,IA,23.1,18.7,4.9,20.2,91.5,901.0,0.8,0.9,2.9,3.7,0.1,1.6,93.8,90.6,71.5,6280,7187.0,94400.0,2.25,51867,27390,2.6,534.94,2.8,84.5,303260.0,15.4,46.9,1084.0,15211,15932,29.8,14364.0,153843.0,1358,327,593,0,1271,207,1083,Page
Page County,VA,21.9,19.8,5.3,13.7,82.6,1448.0,0.3,0.5,2.2,2.2,0.0,1.4,95.5,93.6,71.1,9286,11814.0,169200.0,2.54,51792,25170,1.6,310.86,2.3,86.7,161504.0,34.8,50.5,1710.0,23709,24042,77.3,39866.0,173945.0,1682,548,931,77,1551,96,1457,Page
Palm Beach County,FL,24.4,19.0,5.1,36.7,88.5,197199.0,0.6,2.9,19.8,23.4,0.1,1.9,74.6,53.5,68.9,554095,693140.0,283600.0,2.61,63299,39933,25.4,1969.76,32.1,85.0,3550407.0,26.0,51.5,80824.0,1492191,1320134,670.2,3467277.0,19700117.0,175919,66645,91726,60090,110623,14515,154506,Palm Beach
Palo Alto County,IA,22.1,23.2,6.2,25.5,92.7,778.0,0.5,0.9,2.1,3.1,0.1,1.3,95.1,92.6,72.3,3702,4597.0,102200.0,2.34,52932,28445,2.5,563.84,3.8,86.7,676450.0,15.3,50.2,654.0,8996,9421,16.7,43498.0,81111.0,714,100,467,0,646,112,517,Palo Alto
Palo Pinto County,TX,20.2,23.0,6.1,16.6,84.2,2315.0,1.1,1.0,2.5,20.2,0.1,1.8,93.4,74.6,72.7,10255,15576.0,107000.0,2.76,50154,25150,7.0,951.79,14.7,83.1,460385.0,24.8,50.9,2120.0,28409,28111,29.5,47077.0,281772.0,2582,637,1500,459,2026,294,2186,Palo Pinto
Pamlico County,NC,30.4,15.1,3.7,18.5,88.0,993.0,0.8,0.6,18.9,4.3,0.2,1.8,77.6,74.2,77.7,5416,7794.0,156000.0,2.21,46728,29092,2.7,336.54,4.9,89.2,1006562.0,28.1,49.1,1609.0,12276,13144,39.1,75439.0,100096.0,1015,295,615,190,765,137,826,Pamlico
Panola County,MS,16.3,24.6,6.8,14.9,80.6,2745.0,0.3,0.2,50.1,2.2,0.0,1.2,48.2,46.6,69.6,12488,15188.0,83300.0,2.72,38304,19892,1.4,685.14,1.8,90.0,631469.0,25.4,52.1,1318.0,33208,34707,50.7,42743.0,471778.0,2900,1106,1512,1194,1574,320,2450,Panola
Panola County,TX,19.8,23.3,5.8,16.1,82.9,1725.0,0.8,0.9,15.7,9.1,0.1,2.0,80.6,72.8,76.7,8637,11408.0,102200.0,2.65,52982,26577,3.8,801.75,7.1,89.5,281879.0,25.9,50.4,1471.0,22491,23796,29.7,17825.0,228747.0,1590,455,829,269,1223,228,1225,Panola
Park County,CO,21.6,15.0,3.7,29.8,97.7,2088.0,1.2,0.9,0.9,6.4,0.1,2.4,94.4,89.1,86.4,6931,14865.0,327200.0,2.56,73622,36500,2.4,2193.85,2.5,88.2,80356.5,38.0,47.3,1550.0,17390,16206,7.4,18393.0,49653.0,2163,639,1108,75,2003,242,1810,Park
Park County,MT,23.7,17.1,4.4,31.5,94.5,2296.0,1.2,0.4,0.4,3.3,0.0,2.2,95.7,93.0,68.5,7782,9718.0,271300.0,2.07,53068,35123,2.6,2803.06,2.4,88.4,58876.0,25.3,49.7,1396.0,17191,15636,5.6,75187.0,205432.0,2663,740,1429,53,2526,360,2172,Park
Park County,WY,24.4,20.4,5.2,34.0,95.5,3255.0,0.9,0.8,0.8,5.5,0.1,1.5,95.9,91.0,73.2,12160,14693.0,268500.0,2.33,63582,35147,2.5,6942.08,4.1,85.3,90401.0,15.9,50.2,2449.0,29624,28205,4.1,170925.0,417511.0,4413,1047,2358,182,4030,526,3519,Park
Parke County,IN,20.0,21.6,6.0,12.0,86.2,1153.0,0.5,0.2,2.7,1.8,0.0,0.9,95.7,94.2,78.8,6057,8297.0,88900.0,2.56,52618,23574,1.3,444.66,8.3,85.5,1482367.0,27.8,52.9,1307.0,16156,17339,39.0,9074.0,70132.0,1453,307,846,0,1420,180,1243,Parke
Parker County,TX,15.6,24.7,6.1,26.4,88.6,14253.0,0.9,0.7,1.7,13.0,0.1,1.8,94.8,82.6,78.8,44263,51533.0,214200.0,2.99,77503,35142,5.1,903.48,9.0,86.9,582938.0,31.8,50.2,9801.0,148222,116927,129.4,151984.0,1772733.0,11139,3364,6088,1422,9219,1211,9149,Parker
Parmer County,TX,14.2,28.2,7.7,17.9,70.8,538.0,1.7,1.0,1.8,64.7,0.4,1.3,94.0,32.9,66.9,3203,3808.0,97600.0,3.01,55359,23859,21.4,880.78,51.6,88.5,575658.0,14.3,48.3,255.0,9869,10269,11.7,33330.5,43919.0,646,169,333,285,288,34,592,Parmer
Pasco County,FL,22.6,20.2,5.1,24.0,89.5,41689.0,0.5,2.8,6.7,16.5,0.1,2.4,87.5,72.7,72.1,204198,250658.0,162100.0,2.53,52828,29001,10.0,746.89,14.4,85.9,743921.0,32.2,51.4,46427.0,561891,464697,622.2,503399.0,5278200.0,36289,12706,19260,7683,27396,4368,30299,Pasco
Pasquotank County,NC,17.2,22.0,6.1,22.1,87.0,2664.0,0.6,1.6,36.6,5.8,0.1,2.6,58.5,54.3,59.6,14697,17346.0,163100.0,2.52,50558,24664,3.6,226.88,5.9,85.7,1006562.0,29.5,51.1,3662.0,40568,40661,179.2,76883.0,698264.0,3040,1129,1646,934,1952,502,2352,Pasquotank
Passaic County,NJ,15.0,23.7,6.7,28.2,83.7,45144.0,1.5,5.7,14.9,42.9,0.2,2.8,74.9,40.3,52.7,165429,177260.0,342600.0,2.99,69688,32064,30.6,184.59,48.8,92.1,5214506.0,28.3,51.2,12569.0,524118,501226,2715.3,647958.0,7294039.0,45724,14529,27089,16478,27674,3163,40516,Passaic
Patrick County,VA,26.8,17.3,4.2,15.2,80.2,1032.0,0.6,0.3,5.3,3.2,0.1,1.3,92.5,89.7,79.0,7755,10266.0,120000.0,2.24,43073,24292,1.3,483.1,4.2,89.4,189246.0,30.3,50.4,1089.0,17608,18490,38.3,7016.0,204632.0,1197,221,849,50,1113,88,1051,Patrick
Paulding County,GA,10.9,25.9,6.3,22.6,89.4,13997.0,0.4,1.2,21.9,7.1,0.1,2.4,74.0,68.4,75.8,53299,59634.0,173600.0,2.99,68370,27979,5.4,312.22,6.7,89.7,191018.0,38.6,51.3,9845.0,168661,142324,455.8,121112.0,1174446.0,10849,4047,5775,2948,7670,1330,9192,Paulding
Paulding County,OH,19.1,23.4,5.7,15.6,90.5,1077.0,0.5,0.4,1.2,4.9,0.0,1.6,96.3,92.3,79.0,7705,8803.0,97000.0,2.43,55330,28300,1.7,416.44,3.1,88.9,282767.0,23.2,50.4,1268.0,18806,19614,47.1,11000.0,112976.0,1621,476,960,49,1525,139,1368,Paulding
Pawnee County,KS,21.5,16.4,4.6,19.6,90.6,407.0,1.0,0.5,5.7,7.3,0.1,2.3,90.3,84.2,66.1,2448,3146.0,82400.0,2.27,49917,25131,1.2,754.26,2.8,74.7,328053.5,12.0,43.8,552.0,6253,6973,9.2,5522.0,50148.0,400,177,131,0,360,0,354,Pawnee
Pawnee County,NE,28.7,21.6,6.4,17.1,87.6,271.0,0.2,0.2,0.6,1.9,-1.0,1.8,97.2,95.3,83.4,1222,1647.0,71100.0,2.14,46452,27162,1.4,431.08,8.5,92.4,231681.5,21.9,50.7,196.0,2544,2773,6.4,784.0,15734.0,345,73,150,0,328,0,272,Pawnee
Pawnee County,OK,19.5,23.4,5.9,16.6,88.8,980.0,13.9,0.5,0.9,3.2,0.1,6.4,78.2,76.0,75.6,6179,7857.0,92900.0,2.62,48009,24303,0.7,567.96,1.8,89.4,460737.5,29.1,50.2,1184.0,15553,16577,29.2,40216.0,115712.0,1276,424,671,145,1055,122,1104,Pawnee
Payette County,ID,18.6,25.9,6.6,15.7,85.7,1465.0,1.8,1.0,0.5,17.5,0.1,2.7,93.9,78.1,72.7,8876,9620.0,165600.0,2.6,50579,25768,7.2,406.87,13.9,79.7,172944.0,20.0,50.0,1685.0,25386,22623,55.6,7998.0,136411.0,1902,533,835,119,1707,243,1503,Payette
Payne County,OK,13.0,19.0,5.0,37.4,92.2,5442.0,5.4,4.7,3.9,4.8,0.1,5.6,80.4,76.6,51.7,30788,36859.0,161700.0,2.39,41603,24057,7.2,684.7,8.3,72.4,473033.0,17.9,48.9,3582.0,81646,77350,113.0,154983.0,1020993.0,5950,1708,3244,590,5033,743,4744,Payne
Peach County,GA,16.5,20.8,5.9,20.5,83.0,1898.0,0.5,1.1,44.4,8.4,0.1,2.0,51.9,44.7,65.4,10136,11747.0,135100.0,2.49,46636,24486,5.5,150.27,8.2,89.4,554410.0,23.5,51.8,1992.0,27981,27695,184.3,40791.0,296125.0,2233,920,1097,966,1159,228,1905,Peach
Pearl River County,MS,19.1,22.6,5.8,16.7,83.8,4062.0,0.7,0.4,12.3,3.3,0.1,2.0,84.5,81.7,77.8,21020,25927.0,138200.0,2.56,46901,23920,1.5,810.86,2.4,85.9,224097.0,34.2,50.8,3796.0,56145,55834,68.9,48960.0,477332.0,4403,1594,2420,651,3619,343,3829,Pearl River
Pecos County,TX,13.5,24.5,6.3,9.8,69.1,1068.0,1.4,1.3,4.5,69.0,0.1,1.2,91.4,24.8,72.2,4656,5824.0,87300.0,2.89,52397,21120,13.2,4763.85,53.1,88.7,575658.0,16.6,43.3,802.0,15193,15507,3.3,36556.0,185941.0,948,258,536,521,375,50,804,Pecos
Pembina County,ND,23.8,20.6,5.6,20.6,89.6,552.0,2.1,0.4,0.7,3.4,0.0,3.0,93.8,90.6,77.0,3158,3864.0,93300.0,2.14,64549,36251,4.1,1118.69,3.3,88.7,477112.0,17.4,46.7,651.0,6844,7413,6.6,8750.0,82885.0,707,262,287,32,608,68,565,Pembina
Pemiscot County,MO,17.6,25.5,7.3,12.7,77.8,791.0,0.5,0.5,26.1,2.8,0.1,2.3,70.5,68.5,54.1,6730,8168.0,82100.0,2.45,33859,20646,0.9,492.54,3.4,83.4,468824.0,18.3,53.0,877.0,15661,18296,37.1,15139.0,274285.0,1140,354,702,192,904,155,928,Pemiscot
Pend Oreille County,WA,26.9,19.1,4.7,20.8,91.1,727.0,3.7,1.2,0.7,4.1,0.2,3.1,91.1,88.2,77.9,5727,8372.0,216700.0,2.31,50591,28046,3.7,1399.99,3.5,88.3,874205.0,32.1,48.9,1482.0,13401,13001,9.3,8659.0,58297.0,886,182,568,115,751,120,748,Pend Oreille
Pender County,NC,18.6,22.2,5.7,27.9,87.8,4672.0,0.9,0.7,14.7,7.5,0.1,2.1,81.5,75.4,81.2,21740,30003.0,198700.0,2.72,57240,29266,3.8,869.8,7.2,86.5,191360.0,30.4,50.2,4793.0,60203,52217,60.0,50456.0,386690.0,4448,1580,2442,676,3644,360,3900,Pender
Pendleton County,KY,16.5,22.8,6.3,13.2,83.8,737.0,0.4,0.3,1.0,1.5,0.0,1.3,96.9,95.7,75.3,5253,6386.0,116400.0,2.73,54375,24120,1.1,277.16,1.8,87.6,559741.0,34.4,48.9,851.0,14644,14877,53.7,35974.5,51476.0,816,253,488,0,783,101,670,Pendleton
Pendleton County,WV,28.2,18.2,4.6,14.1,81.4,519.0,0.3,0.2,2.1,1.5,0.1,1.4,95.9,94.8,80.5,3174,5235.0,122800.0,2.16,42312,25059,0.4,696.05,1.1,90.3,258272.0,32.2,49.7,569.0,6143,7695,11.1,48291.0,37209.0,535,144,302,0,509,0,498,Pendleton
Pennington County,MN,18.8,22.7,6.4,19.3,93.2,879.0,2.1,0.9,1.3,4.1,0.0,2.3,93.4,90.2,72.8,5995,6654.0,155100.0,2.32,60122,31159,2.3,616.57,5.2,89.9,763107.0,14.2,50.3,887.0,13992,13930,22.6,53807.0,233507.0,975,244,585,0,898,121,772,Pennington
Pennington County,SD,18.5,22.8,6.4,31.5,93.5,8682.0,10.2,1.2,1.4,5.4,0.1,3.9,83.1,79.8,68.6,44074,49777.0,187800.0,2.42,57039,31874,2.4,2776.55,4.4,83.1,524262.0,17.9,49.7,10675.0,109222,100948,36.4,351846.0,2250762.0,10555,2946,5828,571,9511,1598,7965,Pennington
Penobscot County,ME,19.1,18.0,4.7,27.7,92.0,9386.0,1.3,1.2,1.0,1.5,0.0,1.8,94.7,93.4,69.4,62156,76352.0,144700.0,2.33,50808,28523,2.9,3397.36,4.3,84.0,977666.0,22.4,50.4,11276.0,152199,153923,45.3,313925.0,3203103.0,12012,3922,6330,502,10983,1179,9909,Penobscot
Peoria County,IL,17.6,23.7,6.9,30.6,90.9,9508.0,0.4,4.1,18.8,5.1,0.1,3.1,73.5,69.4,65.1,73253,83631.0,129800.0,2.42,55842,32041,5.4,619.21,8.1,86.8,6197509.0,18.4,51.5,9765.0,181830,186494,301.2,383480.0,2576723.0,12430,4190,6782,2200,9485,1269,10300,Peoria
Pepin County,WI,23.5,20.8,5.5,20.6,91.0,573.0,0.4,0.4,0.5,2.2,0.0,1.0,97.7,95.9,79.8,3070,3698.0,151600.0,2.34,54583,30827,1.4,231.98,4.7,93.2,1420674.0,26.8,49.3,482.0,7318,7469,32.2,60591.5,80241.0,619,149,371,0,604,73,532,Pepin
Perkins County,NE,23.7,24.7,6.4,28.1,88.0,312.0,0.3,0.2,0.8,4.4,0.1,1.0,97.6,93.9,77.9,1228,1446.0,118400.0,2.34,65543,35765,2.5,883.34,5.3,90.7,231681.5,13.5,48.8,173.0,2858,2970,3.4,584.0,56803.0,298,58,193,0,268,51,237,Perkins
Perkins County,SD,26.5,20.7,6.0,20.3,92.4,267.0,2.6,0.4,0.5,1.7,0.1,1.4,95.0,93.6,72.6,1284,1740.0,102000.0,2.17,57981,33678,0.7,2870.48,2.2,91.0,109693.0,13.7,49.8,249.0,2835,2982,1.0,4783.0,24770.0,296,51,121,0,273,0,219,Perkins
Perquimans County,NC,27.3,18.6,4.5,20.2,86.9,958.0,0.5,0.5,22.7,2.7,0.0,1.7,74.6,72.6,75.4,5936,7207.0,172300.0,2.25,47162,27569,2.1,247.09,1.7,90.8,1006562.0,34.8,52.1,1361.0,13005,13453,54.4,8590.0,66360.0,1128,339,706,162,934,72,1006,Perquimans
Perry County,AL,20.1,20.9,5.7,22.8,82.8,481.0,0.3,0.6,67.9,1.6,0.1,0.8,30.2,29.1,71.9,3070,4750.0,65000.0,2.76,23447,15055,2.1,719.66,1.3,92.6,165951.0,25.7,53.5,405.0,8511,10591,14.7,51801.0,34746.0,578,196,333,342,221,70,470,Perry
Perry County,AR,20.5,22.6,6.1,12.7,84.8,721.0,1.0,0.4,2.0,3.1,0.0,2.1,94.5,91.7,76.4,3668,4990.0,106300.0,2.78,48667,23164,0.6,551.4,2.5,90.5,602802.0,35.4,50.4,919.0,10019,10445,18.9,17679.0,30473.0,865,221,495,0,821,71,771,Perry
Perry County,IL,19.2,19.4,4.9,12.5,83.3,951.0,0.4,0.5,9.1,3.2,0.1,2.0,87.9,85.3,75.4,8433,9675.0,86500.0,2.21,52428,26035,1.3,441.76,3.7,88.8,741144.5,24.3,44.8,1396.0,20945,22350,50.6,15477.0,189456.0,1388,349,764,32,1304,52,1172,Perry
Perry County,IN,19.0,21.0,5.7,16.1,90.3,837.0,0.3,0.5,3.0,1.4,0.1,1.1,95.0,93.8,77.7,7615,8749.0,111500.0,2.29,52348,25707,1.0,381.73,0.7,90.7,945549.0,24.0,46.2,1408.0,19170,19338,50.7,23677.0,157206.0,1204,289,650,0,1137,107,1022,Perry
Perry County,KY,17.4,23.0,6.6,14.4,76.9,1335.0,0.3,0.9,1.6,1.1,0.1,1.3,95.8,94.9,75.9,11226,13066.0,75400.0,2.31,33640,23135,1.3,339.67,2.6,85.2,20039.0,22.6,50.5,1362.0,28473,28712,84.5,46372.0,525062.0,1851,533,1067,76,1674,199,1514,Perry
Perry County,MO,19.2,23.0,5.9,17.7,87.7,1239.0,0.6,0.9,0.7,2.5,0.1,1.1,96.5,94.6,75.0,7576,8869.0,147700.0,2.49,55863,26609,1.5,474.35,3.2,88.4,1142325.0,22.3,50.2,1176.0,18956,18971,40.0,20901.0,270230.0,1604,489,877,0,1522,202,1302,Perry
Perry County,MS,18.7,22.2,5.5,10.7,83.0,720.0,0.5,0.2,19.2,1.6,0.1,1.2,78.8,77.5,82.2,4623,5706.0,86700.0,2.57,42469,23166,0.9,647.25,1.0,89.5,483799.0,32.6,51.1,707.0,11511,12250,18.9,1938.0,62373.0,878,368,447,117,733,112,739,Perry
Perry County,OH,17.0,23.5,6.1,12.2,87.3,2033.0,0.4,0.2,0.5,0.9,0.1,1.5,97.3,96.5,73.7,13500,15395.0,114100.0,2.64,50150,23484,0.6,407.97,1.8,90.1,2276097.0,30.9,49.9,2588.0,35408,36058,88.4,16587.0,173376.0,2589,834,1355,29,2493,279,2221,Perry
Perry County,PA,19.0,21.3,5.7,16.7,87.4,2949.0,0.3,0.5,1.2,2.3,0.1,1.2,96.7,95.0,79.0,18231,21021.0,169300.0,2.49,63718,30785,1.1,551.45,5.5,91.8,102625.0,32.9,49.4,3328.0,45842,45969,83.4,21074.0,317797.0,3134,812,1985,47,3015,567,2415,Perry
Perry County,TN,21.4,22.2,6.4,11.5,74.9,676.0,0.8,0.8,2.4,2.7,0.0,2.2,93.7,91.4,82.4,3073,4692.0,88100.0,2.54,41034,27970,1.3,414.73,6.0,91.7,674991.0,25.5,49.7,448.0,8366,7915,19.1,40960.0,40207.0,444,130,213,30,397,65,334,Perry
Pershing County,NV,16.4,16.2,4.4,11.1,80.9,238.0,4.7,1.4,4.6,24.8,0.4,3.3,85.7,64.2,66.8,1948,2508.0,113000.0,2.41,50491,19891,9.3,6036.56,19.4,78.1,712978.0,19.6,35.4,585.0,6650,6753,1.1,5753.0,48369.0,247,42,114,67,162,30,170,Pershing
Person County,NC,20.1,20.6,5.3,15.6,86.5,2262.0,0.9,0.4,26.8,4.5,0.0,1.9,70.0,66.3,76.4,15896,18628.0,123100.0,2.44,51020,27329,3.0,392.32,4.8,91.3,841222.0,30.4,51.7,2409.0,39097,39464,100.6,41293.0,378438.0,2287,830,1186,390,1780,258,1909,Person
Petersburg Borough,AK,20.5,20.2,5.4,28.4,89.7,770.0,11.3,3.7,1.8,5.8,0.9,7.5,74.7,70.9,68.8,1187,1712.0,227400.0,2.68,69948,36112,8.8,3281.98,16.8,85.7,104944.0,8.8,48.1,298.0,3398,3815,1.2,5232.0,44160.0,884,196,505,120,720,103,750,Petersburg
Petersburg city,VA,16.7,21.4,7.3,19.8,82.8,1479.0,0.2,0.9,76.7,4.9,0.1,2.3,17.5,15.1,38.8,13165,11797.5,108100.0,2.33,38679,23611,3.9,22.93,6.9,76.7,476138.5,22.7,54.4,2491.0,33458,32420,1413.8,39101.0,334459.0,1480,520,693,831,502,194,1119,Petersburg
Petroleum County,MT,25.7,16.8,2.9,32.6,98.9,34.0,1.2,-1.0,-1.0,2.3,-1.0,2.3,96.5,94.3,74.5,204,332.0,181300.0,2.22,51250,31177,4.4,1654.87,2.1,86.8,16801.0,11.8,45.4,34.0,496,494,0.3,11457.0,72429.0,63,0,46,0,60,0,59,Petroleum
Pettis County,MO,17.1,24.7,6.8,18.0,86.5,2733.0,0.8,0.9,3.4,8.8,0.4,2.3,92.2,84.5,68.8,16033,18229.0,119100.0,2.58,46157,23576,6.9,682.22,11.3,85.2,1522444.0,19.1,50.4,2994.0,42980,42201,61.9,59372.0,615108.0,3669,1002,1762,104,3337,422,2966,Pettis
Phelps County,MO,17.0,20.9,5.6,29.1,88.3,2646.0,0.9,3.7,2.2,2.8,0.1,2.4,90.7,88.6,59.6,17981,20567.0,135000.0,2.31,44154,25202,5.3,671.78,6.7,79.6,484403.0,19.3,47.8,3492.0,44638,45156,67.2,78104.0,689167.0,3691,1248,1684,267,3185,434,2948,Phelps
Phelps County,NE,21.2,23.6,6.2,23.5,93.3,875.0,0.8,0.5,0.4,5.8,0.0,1.3,97.0,91.8,71.8,3905,4290.0,134000.0,2.26,59040,32864,1.4,539.79,3.5,89.3,231681.5,14.3,49.9,522.0,8968,9188,17.0,11307.0,116501.0,868,275,419,0,811,182,634,Phelps
Philadelphia County,PA,14.0,21.6,6.5,29.7,84.7,106028.0,0.9,7.8,43.6,15.2,0.2,2.8,44.8,34.3,53.0,601337,691633.0,163000.0,2.55,45927,27924,14.1,134.1,23.2,85.6,19718568.0,33.6,52.7,58670.0,1603797,1526006,11379.5,3551722.0,12241299.0,104439,40906,55745,48743,51842,8061,92065,Philadelphia
Phillips County,AR,19.5,25.7,7.6,13.8,80.3,1340.0,0.4,0.4,62.3,2.0,0.0,1.4,35.4,34.4,48.2,7485,10263.0,70700.0,2.46,29320,18651,0.4,695.66,1.2,80.1,602802.0,16.7,53.1,986.0,16568,21757,31.3,13550.0,223158.0,1547,636,708,714,751,143,1303,Phillips
Phillips County,CO,23.3,24.2,6.0,23.8,88.5,456.0,1.2,0.5,1.1,20.0,0.1,1.0,96.1,77.3,71.9,1689,2161.0,158500.0,2.49,51155,26494,14.1,687.93,22.6,91.3,4059.0,16.5,51.0,257.0,4530,4442,6.5,2614.0,46101.0,485,94,266,0,411,0,400,Phillips
Phillips County,KS,24.8,22.3,5.5,21.8,92.4,511.0,0.7,1.0,0.4,3.3,-1.0,1.4,96.5,93.7,75.7,2316,3086.0,79600.0,2.26,50093,27431,1.8,885.88,2.4,91.1,328053.5,13.4,50.3,397.0,4981,5642,6.4,4325.0,51474.0,508,139,312,0,463,64,415,Phillips
Phillips County,MT,23.2,23.7,6.5,17.2,90.9,391.0,9.6,0.3,0.3,3.8,0.0,4.5,85.4,82.7,77.1,1710,2358.0,129200.0,2.34,46212,25605,1.3,5140.04,2.1,87.0,1899.0,15.0,49.5,351.0,4217,4253,0.8,4688.0,39195.0,529,157,289,37,467,101,401,Phillips
Piatt County,IL,19.8,22.1,5.6,28.6,93.9,1152.0,0.2,0.5,0.7,1.5,0.1,1.2,97.3,95.9,82.5,6692,7450.0,138600.0,2.44,70849,33468,1.3,439.2,2.9,89.9,741144.5,23.3,50.4,1063.0,16673,16729,38.1,38907.0,143352.0,1453,423,685,0,1404,90,1295,Piatt
Pickaway County,OH,16.0,21.2,5.4,18.4,87.2,3447.0,0.3,0.5,3.9,1.5,0.0,1.6,93.6,92.4,74.6,19710,21683.0,163300.0,2.7,63633,27760,1.4,501.32,2.4,84.3,900019.0,28.9,47.5,3806.0,58539,55698,111.1,51422.0,437897.0,4340,1440,2404,85,4086,542,3510,Pickaway
Pickens County,AL,19.5,19.4,5.1,14.1,81.5,1102.0,0.3,0.3,40.0,5.2,0.4,1.1,58.0,53.6,75.3,7637,9647.0,96000.0,2.41,39848,23024,3.4,881.41,5.0,90.1,778187.0,33.2,49.8,1202.0,19123,19746,22.4,51801.0,100573.0,1489,585,796,496,966,158,1297,Pickens
Pickens County,GA,22.3,19.8,5.0,23.1,85.3,3259.0,0.5,0.8,1.3,3.2,0.1,1.4,96.0,93.3,75.9,11868,14209.0,200200.0,2.62,67631,31965,2.3,232.06,3.1,87.5,144620.0,32.8,51.1,2769.0,33216,29431,126.8,33474.0,327444.0,3596,1118,2175,164,3357,511,2896,Pickens
Pickens County,SC,16.7,18.6,4.9,26.0,85.3,8057.0,0.3,2.0,7.2,3.9,0.0,1.9,88.6,85.2,67.1,47934,55596.0,147700.0,2.45,49573,26061,3.6,496.41,4.5,80.2,1500765.0,26.3,50.2,7725.0,131404,119224,240.2,186941.0,1163132.0,8997,2855,5143,747,7892,850,7544,Pickens
Pickett County,TN,27.8,17.1,4.0,9.4,74.4,455.0,0.3,0.1,0.3,2.3,0.1,0.9,98.2,96.2,81.7,2281,3526.0,144400.0,2.19,39554,24907,0.5,162.98,0.3,84.4,14751.0,26.6,50.3,372.0,5001,5077,31.2,40960.0,30030.0,381,128,230,0,373,124,238,Pickett
Pierce County,GA,17.4,24.5,6.6,12.6,83.4,1248.0,0.9,0.6,8.8,5.1,0.1,1.6,88.0,83.8,77.5,7048,8269.0,104400.0,2.71,42804,22268,2.4,316.49,3.6,93.4,554410.0,24.9,50.5,1002.0,19716,18758,59.3,11216.0,114357.0,1248,423,555,155,1060,145,1006,Pierce
Pierce County,ND,23.8,22.8,5.5,21.0,93.3,326.0,5.2,0.2,0.9,2.0,0.0,1.5,92.2,90.7,73.6,1908,2255.0,128600.0,2.08,55660,30756,0.6,1018.6,1.3,84.5,118152.0,14.2,49.2,232.0,3990,4357,4.3,5610.0,92558.0,445,121,216,0,410,70,345,Pierce
Pierce County,NE,19.6,25.1,6.4,23.2,95.4,674.0,0.5,0.3,0.6,2.3,0.0,1.0,97.5,95.6,75.9,3022,3293.0,132700.0,2.32,64511,32040,1.2,573.25,1.4,88.8,231681.5,20.4,49.4,408.0,7317,7266,12.7,2228.0,69620.0,740,155,426,0,690,46,649,Pierce
Pierce County,WA,14.2,23.3,6.6,27.2,91.5,48267.0,1.8,7.1,7.7,11.4,1.8,7.4,74.3,65.7,62.1,323296,356273.0,303200.0,2.65,72113,34618,9.8,1669.51,14.5,82.5,4461036.0,32.8,50.1,86002.0,921130,795225,476.3,1362981.0,10114397.0,50503,18469,23389,9316,38961,5147,42005,Pierce
Pierce County,WI,15.3,20.6,4.9,29.2,95.1,2660.0,0.5,1.2,0.9,2.3,0.0,1.6,95.7,93.8,72.2,15593,16802.0,208700.0,2.52,72323,33061,2.1,573.75,3.6,80.0,516479.0,26.4,50.2,2393.0,42212,41019,71.5,38243.0,256501.0,3204,1061,1611,32,3091,311,2678,Pierce
Pike County,AL,15.2,19.0,5.3,23.7,85.0,1734.0,0.7,1.9,37.8,2.4,0.1,2.0,57.5,55.8,62.3,11601,16273.0,120000.0,2.71,37446,22453,4.2,672.09,5.8,84.2,611729.0,20.3,51.9,1917.0,33009,32899,48.9,57824.0,373599.0,2419,818,1306,741,1510,312,1887,Pike
Pike County,AR,20.5,21.6,5.3,17.3,87.4,892.0,1.2,0.8,3.5,6.6,0.0,2.0,92.5,87.0,78.8,4280,5648.0,84900.0,2.47,40401,23362,3.6,600.62,5.3,87.5,39464.0,27.7,50.2,783.0,10171,11291,18.8,6974.0,70037.0,1005,224,596,37,944,187,758,Pike
Pike County,GA,16.2,22.9,5.4,17.1,88.2,1593.0,0.3,0.5,9.2,1.8,0.0,1.5,88.5,87.1,84.0,6143,7172.0,173000.0,2.94,64878,27639,1.8,216.09,1.9,90.4,554410.0,33.4,51.2,1134.0,18889,17869,82.7,33983.0,36183.0,1184,342,736,120,1051,153,905,Pike
Pike County,IL,21.3,22.5,6.3,17.8,88.7,1069.0,0.2,0.3,1.5,1.4,0.0,0.9,97.0,95.8,78.6,6309,8002.0,85400.0,2.41,47492,26157,0.6,831.38,1.5,87.0,62424.0,26.3,50.0,1055.0,14739,16430,19.8,14029.0,174250.0,1453,393,832,25,1392,219,1142,Pike
Pike County,IN,20.5,21.8,5.7,14.1,86.8,566.0,0.4,0.7,0.7,1.6,0.1,0.8,97.3,96.1,82.4,5129,5805.0,93400.0,2.37,50194,25624,1.5,334.24,1.0,89.9,1482367.0,24.7,50.2,691.0,12250,12845,38.4,5245.0,72533.0,739,226,328,35,640,47,606,Pike
Pike County,KY,19.4,20.7,5.3,13.0,77.0,2824.0,0.1,0.5,0.8,1.0,0.0,0.8,97.7,96.8,72.9,25702,31150.0,78600.0,2.27,34856,22437,0.7,786.83,1.0,87.4,219022.0,25.9,51.2,2739.0,58669,65024,82.6,91769.0,936224.0,4183,1158,2384,56,3894,240,3663,Pike
Pike County,MO,17.8,21.7,5.8,15.6,84.2,1149.0,0.3,0.4,7.8,2.3,0.0,1.6,90.0,87.9,71.7,6589,7931.0,97800.0,2.46,46385,22297,0.5,670.44,3.1,84.7,324266.0,24.8,44.7,1197.0,17587,18516,27.6,22307.0,190958.0,1365,474,610,48,1220,246,960,Pike
Pike County,MS,17.6,25.8,6.7,16.6,83.2,3307.0,0.4,0.7,54.1,1.6,0.0,0.9,43.8,42.8,69.0,14404,19008.0,95500.0,2.67,31784,17621,0.7,409.02,2.7,90.0,514900.0,24.4,52.7,1911.0,40324,40404,98.8,68507.0,603760.0,4040,1669,1908,1799,2107,465,3335,Pike
Pike County,OH,18.2,23.4,6.1,12.6,80.2,1480.0,0.6,0.3,1.2,1.1,0.1,2.0,95.8,95.0,64.8,10959,12988.0,117100.0,2.51,42832,24318,0.3,440.28,1.7,89.4,2276097.0,29.4,50.6,2003.0,27088,28709,65.2,28660.0,219132.0,1664,515,1017,30,1574,225,1336,Pike
Pike County,PA,23.5,17.4,4.0,26.8,93.0,4137.0,0.5,1.6,6.5,11.6,0.0,2.0,89.4,79.6,83.2,22119,39073.0,185700.0,2.49,65928,34589,8.2,544.96,11.6,90.1,27068.0,46.8,49.3,4379.0,58535,57369,105.3,127221.0,471375.0,5026,1669,2852,486,4418,447,4345,Pike
Pima County,AZ,20.3,20.6,5.4,32.4,88.4,69496.0,4.4,3.3,4.2,37.8,0.2,3.0,84.8,51.2,63.2,404739,466299.0,184100.0,2.46,53379,29707,13.0,9187.04,28.2,80.1,8686598.0,24.9,50.8,84865.0,1043433,980263,106.7,2154716.0,11377154.0,77869,29799,36649,24973,49129,7462,65741,Pima
Pinal County,AZ,20.9,22.1,5.5,19.5,85.8,20866.0,6.6,1.9,5.4,30.7,0.4,3.0,82.7,56.1,76.7,141300,181388.0,183100.0,2.87,58174,24959,9.0,5365.61,21.2,81.9,2244125.0,31.8,47.9,35116.0,425264,375770,70.0,350458.0,2375150.0,17202,6560,7737,4180,12168,1464,14682,Pinal
Pine County,MN,21.5,19.2,4.6,14.9,90.4,1721.0,3.4,0.8,2.3,3.0,0.0,2.1,91.4,89.0,80.9,10760,17745.0,164500.0,2.56,53422,26407,1.2,1411.29,4.5,90.4,44280.0,31.6,46.4,2130.0,28876,29750,21.1,232693.0,262928.0,2466,896,1162,98,2284,211,2123,Pine
Pinellas County,FL,25.4,15.9,4.2,31.7,91.3,91910.0,0.4,3.6,11.1,10.2,0.1,2.3,82.5,73.6,67.0,407546,511756.0,201200.0,2.32,54090,35196,12.1,273.8,14.4,84.4,8411626.0,24.5,52.0,83894.0,959107,916542,3347.5,2193073.0,14578176.0,89877,33968,45184,17894,68744,9026,76475,Pinellas
Pipestone County,MN,20.8,26.1,7.1,21.3,89.6,728.0,2.4,1.2,1.9,7.6,-1.0,2.4,92.2,86.7,74.9,3973,4521.0,97500.0,2.27,52917,30540,5.5,465.06,7.2,86.7,92091.0,20.9,51.0,490.0,9424,9596,20.6,10818.0,135494.0,949,141,639,0,886,108,769,Pipestone
Piscataquis County,ME,27.4,16.8,4.2,18.4,90.3,1186.0,0.7,1.1,0.6,1.5,0.0,1.7,95.9,94.7,75.9,7025,15529.0,109500.0,2.34,40890,24074,2.0,3960.86,3.4,87.8,177547.0,26.2,50.0,1748.0,16800,17535,4.4,14928.0,212225.0,1575,305,1081,30,1501,326,1140,Piscataquis
Pitkin County,CO,20.3,14.7,3.8,60.8,96.9,3783.0,0.5,2.0,1.1,10.5,0.1,1.7,94.6,84.9,65.0,7467,14232.0,615900.0,2.38,78935,54875,14.4,970.7,16.2,85.1,16650.0,19.4,48.2,731.0,17358,17148,17.7,305279.0,344394.0,4855,1546,2698,272,4309,419,4065,Pitkin
Pitt County,NC,13.9,21.2,5.7,32.7,89.3,10993.0,0.5,2.1,35.9,6.5,0.1,2.2,59.1,54.1,52.1,69799,81246.0,148600.0,2.46,47437,27155,4.8,651.98,6.8,77.4,2160814.0,20.7,53.1,11042.0,170243,168148,257.9,357637.0,2354799.0,13055,4782,6426,3786,8742,1245,11023,Pitt
Pittsburg County,OK,20.3,22.3,5.9,16.1,87.0,2640.0,15.5,0.5,3.2,5.3,0.1,8.0,72.7,69.2,72.5,17816,23129.0,106800.0,2.35,46784,25524,2.2,1305.46,4.4,82.6,332695.0,21.0,49.1,4013.0,43773,45837,35.1,74194.0,603781.0,3276,1106,1490,815,2061,404,2654,Pittsburg
Pittsylvania County,VA,23.3,18.4,4.3,14.5,82.7,3169.0,0.3,0.5,21.5,2.8,0.0,1.4,76.2,73.9,75.4,26267,31659.0,123900.0,2.29,47690,26032,1.8,968.94,3.4,90.4,615861.0,25.5,50.8,4149.0,60501,63506,65.5,15474.0,242838.0,3608,1202,2068,617,2878,397,3001,Pittsylvania
Piute County,UT,28.1,24.1,4.1,20.2,91.0,126.0,1.2,0.4,0.3,8.0,0.2,1.6,96.3,89.5,83.6,532,1023.0,179500.0,3.44,42813,19012,0.8,757.79,4.2,96.1,294994.0,22.1,48.5,98.0,1438,1556,2.1,760.0,267372.0,93,0,48,0,91,0,33,Piute
Placer County,CA,19.9,22.1,5.3,39.7,94.5,34802.0,1.1,8.2,1.9,14.4,0.3,4.6,83.9,71.5,71.9,142855,168919.0,471500.0,2.67,89691,43759,11.4,1407.01,15.5,86.4,932893.0,27.9,51.2,25888.0,404739,348432,247.6,1452014.0,6437879.0,31846,10464,16123,5173,24725,3095,26285,Placer
Plaquemines Parish,LA,14.0,25.8,6.6,19.1,83.7,2387.0,1.9,4.3,21.3,7.9,0.2,3.0,69.4,63.1,68.8,8919,10342.0,190600.0,2.57,57204,29258,5.1,779.91,10.4,88.9,1901186.0,27.3,49.5,1380.0,23515,23042,29.5,59751.0,134142.0,3099,776,1927,895,2111,260,2716,Plaquemines
Platte County,MO,15.0,23.4,6.1,43.1,95.8,8065.0,0.6,2.9,7.6,6.3,0.5,2.6,85.7,80.2,65.9,39305,42839.0,226500.0,2.54,80393,40567,5.5,420.19,7.9,82.1,1869988.0,23.8,50.6,6924.0,106718,89322,212.6,394339.0,1986746.0,8478,2857,4178,658,7383,852,7063,Platte
Platte County,NE,17.6,26.3,7.2,21.8,88.9,2381.0,1.4,1.1,1.3,20.4,0.2,1.2,94.9,76.7,72.5,12947,13905.0,149700.0,2.53,62305,30331,10.4,674.06,16.8,87.1,4438533.0,13.7,49.2,1903.0,34296,32237,47.8,40941.0,541183.0,2925,1142,1119,163,2606,212,2492,Platte
Platte County,WY,25.9,20.3,5.1,20.7,91.1,757.0,1.1,0.8,0.6,8.4,0.1,1.9,95.5,87.8,74.8,4030,4899.0,188500.0,2.1,50903,35312,3.0,2084.21,8.3,87.6,10765.0,19.4,49.7,707.0,8605,8667,4.2,21289.0,87453.0,944,289,512,34,871,118,767,Platte
Pleasants County,WV,19.6,18.5,5.0,11.6,89.1,269.0,0.3,0.2,1.7,0.9,-1.0,1.4,96.4,95.6,82.5,2835,3413.0,106600.0,2.45,56838,29974,0.1,130.1,2.1,86.2,305598.0,25.6,45.8,546.0,7653,7605,58.5,48291.0,45686.0,434,124,277,0,402,45,362,Pleasants
Plumas County,CA,28.9,17.4,4.8,23.7,95.1,1648.0,3.2,1.1,1.1,9.3,0.2,4.0,90.5,83.1,72.9,8450,15916.0,242300.0,2.16,55359,35198,4.2,2553.04,7.9,84.7,2696230.0,19.8,50.2,1876.0,19790,20007,7.8,378595.0,139325.0,2039,560,942,198,1742,218,1653,Plumas
Plymouth County,IA,18.5,25.1,6.4,23.2,93.1,1771.0,1.1,0.7,1.6,5.9,0.3,1.3,95.1,90.2,77.5,10250,10989.0,163500.0,2.41,67297,33982,3.1,862.89,5.4,89.3,1084347.0,18.2,50.2,1691.0,25698,24986,29.0,26910.0,270039.0,2114,464,1048,34,1974,239,1664,Plymouth
Plymouth County,MA,18.6,21.2,5.3,37.6,92.9,41058.0,0.3,1.6,11.7,4.2,0.1,2.0,84.2,81.1,76.5,187460,209542.0,370300.0,2.69,89489,43412,9.5,659.08,13.6,89.9,2493246.0,33.8,51.4,28494.0,530819,494919,750.9,909430.0,6889614.0,43928,14089,26404,3987,38762,4843,37423,Plymouth
Pocahontas County,IA,23.4,22.4,5.8,15.0,92.2,544.0,0.6,0.6,1.1,4.1,0.4,1.5,95.8,92.5,77.3,3215,3746.0,76000.0,2.07,52448,30013,4.2,577.24,5.5,90.0,75256.0,17.7,50.3,491.0,7078,7310,12.7,20428.0,50302.0,556,153,273,0,507,90,425,Pocahontas
Pocahontas County,WV,26.2,17.3,4.8,14.8,82.6,542.0,0.3,0.2,1.4,1.7,-1.0,1.5,96.6,95.1,81.6,3530,8936.0,121700.0,2.31,41882,25201,1.3,940.28,1.5,91.0,38091.0,24.9,48.8,690.0,7869,8719,9.3,51385.0,75687.0,785,213,513,29,729,92,662,Pocahontas
Poinsett County,AR,18.4,23.7,6.5,11.1,80.3,1449.0,0.4,0.3,8.3,3.3,0.0,1.8,89.1,86.2,62.9,9526,11031.0,78800.0,2.47,40921,20963,1.0,758.39,2.3,82.2,223965.0,24.0,51.6,1027.0,22965,24583,32.4,17679.0,177995.0,1441,424,866,217,1164,92,1281,Poinsett
Pointe Coupee Parish,LA,21.4,21.4,5.9,14.9,79.8,1541.0,0.3,0.3,35.5,2.8,0.0,1.2,62.6,60.4,76.3,8960,11730.0,142600.0,2.44,41480,28180,1.3,557.35,4.0,90.2,1901186.0,31.5,52.0,998.0,20758,22802,40.9,18497.0,201236.0,1853,703,995,477,1326,225,1565,Pointe Coupee
Polk County,AR,23.6,22.7,5.6,14.1,84.9,1524.0,2.1,1.0,0.6,6.6,0.1,2.5,93.8,87.8,76.7,8243,10150.0,99300.0,2.42,37974,23103,4.3,857.68,6.6,87.3,602802.0,23.4,51.2,1887.0,19221,20662,24.1,18107.0,193462.0,1766,489,945,159,1530,248,1358,Polk
Polk County,FL,20.4,22.0,5.7,20.2,85.0,49619.0,0.7,1.9,16.2,24.6,0.1,2.3,78.8,56.9,68.9,235283,304429.0,150800.0,2.86,50584,24864,10.0,1797.84,22.3,85.3,9822165.0,27.8,51.0,48684.0,725046,602095,334.9,797909.0,6495278.0,44644,16894,22629,15294,27856,4415,38188,Polk
Polk County,GA,15.7,25.4,6.7,13.7,78.8,2651.0,0.9,0.8,12.8,13.6,0.2,1.9,83.4,71.6,64.6,15038,17132.0,110700.0,2.77,44891,23857,6.8,310.33,12.0,89.1,554410.0,27.9,51.1,2470.0,42853,41475,133.6,40595.0,326505.0,2770,1120,1347,557,2131,378,2237,Polk
Polk County,IA,13.5,24.7,7.0,36.7,91.5,33975.0,0.4,5.0,7.2,8.7,0.1,2.5,84.9,77.0,67.1,187798,207878.0,179900.0,2.51,67637,35433,9.1,573.8,13.3,82.5,10472882.0,19.5,50.7,23447.0,492401,430640,750.5,1012583.0,7616344.0,39938,13246,21044,4482,33594,3648,33639,Polk
Polk County,MN,18.4,24.6,6.9,25.3,91.9,2259.0,1.9,1.0,3.1,6.6,0.0,2.3,91.7,86.1,72.9,12584,15115.0,165000.0,2.4,59343,30078,4.0,1971.13,7.0,88.1,1187802.0,18.5,49.7,1901.0,31192,31600,16.0,48703.0,331598.0,2968,781,1712,129,2688,410,2359,Polk
Polk County,MO,18.3,22.7,6.1,19.9,88.4,2440.0,0.8,0.9,1.0,2.5,0.0,1.8,95.5,93.4,69.0,11712,13625.0,132300.0,2.58,45660,22773,1.1,635.52,3.7,84.4,468824.0,24.6,50.8,2069.0,31519,31137,49.0,27006.0,299508.0,3369,780,1905,98,3210,428,2804,Polk
Polk County,NC,32.1,15.7,3.8,29.1,90.8,1994.0,0.6,0.8,4.2,5.9,0.0,1.5,92.8,87.7,74.0,9071,11846.0,225700.0,2.23,48787,30756,4.1,237.79,7.2,87.7,78166.0,27.1,52.1,1553.0,19328,20510,86.3,14416.0,100771.0,2163,701,1255,88,2021,411,1677,Polk
Polk County,NE,23.6,22.5,5.3,21.8,91.4,470.0,0.8,0.2,0.4,6.2,0.1,1.2,97.3,92.0,83.1,2052,2738.0,107300.0,2.51,67719,30234,3.0,438.35,6.0,91.9,231681.5,21.7,50.1,337.0,5214,5406,12.3,1407.0,50228.0,653,178,216,27,613,44,536,Polk
Polk County,OR,18.5,22.3,5.5,31.0,90.9,4582.0,2.5,2.1,1.1,14.5,0.5,4.0,89.9,77.3,66.3,30305,32957.0,265200.0,2.68,62691,29440,7.8,740.79,14.0,83.7,424650.0,25.8,51.1,5688.0,87433,75403,101.8,64413.0,360670.0,4917,2045,2120,454,4253,423,4229,Polk
Polk County,TN,21.7,19.1,5.0,11.9,82.4,1047.0,0.6,0.4,0.7,2.3,0.1,1.8,96.4,94.7,73.7,7383,9235.0,112700.0,2.24,43306,25405,1.2,434.68,2.3,87.4,674991.0,29.4,50.5,1134.0,17544,16825,38.7,9254.0,84341.0,1289,372,795,0,1239,167,1082,Polk
Polk County,TX,19.0,19.9,5.3,13.1,81.6,4316.0,2.3,0.8,10.1,15.5,0.1,1.7,85.0,70.9,76.0,18033,26511.0,110200.0,2.51,49279,25164,6.4,1057.09,14.2,83.1,362525.0,32.0,45.9,4239.0,50123,45413,43.0,44520.0,474637.0,4107,1259,2103,577,3374,634,3108,Polk
Polk County,WI,21.3,20.6,4.9,20.9,93.8,3306.0,1.1,0.6,0.5,1.9,0.0,1.4,96.4,94.9,78.9,18450,24967.0,169700.0,2.33,59994,30859,1.2,913.96,2.4,89.4,995321.0,29.5,49.6,3088.0,44977,44205,48.4,42249.0,452007.0,4721,1248,2642,60,4455,442,3980,Polk
Pondera County,MT,20.6,24.2,7.6,24.0,93.0,435.0,14.7,0.7,0.4,2.2,0.1,2.5,81.6,80.5,74.6,2103,2679.0,131900.0,2.75,51151,25633,1.3,1622.86,4.7,86.0,16801.0,14.0,50.7,537.0,5898,6153,3.8,4784.0,55941.0,680,167,398,79,572,97,556,Pondera
Pontotoc County,MS,15.2,26.3,7.1,18.1,76.5,2145.0,0.6,0.4,15.6,7.3,0.1,1.5,81.8,75.9,71.3,10783,13083.0,106500.0,2.91,44759,21191,3.4,497.69,6.8,87.6,1469859.0,25.2,51.1,1765.0,31184,29957,60.2,20270.0,259261.0,2060,614,1184,147,1853,160,1818,Pontotoc
Pontotoc County,OK,16.6,24.1,6.6,28.2,89.2,2843.0,19.6,1.0,2.4,5.5,0.0,8.4,68.6,64.9,65.9,14278,16928.0,129300.0,2.58,50392,26187,2.2,720.44,4.9,84.6,270347.0,17.8,51.3,2090.0,38065,37492,52.0,62060.0,437401.0,3256,817,1786,475,2614,331,2710,Pontotoc
Pope County,AR,16.2,22.6,6.3,22.8,84.5,3792.0,1.0,1.2,3.3,9.6,0.1,2.3,92.1,83.4,68.9,22579,26479.0,126400.0,2.67,43462,23391,5.4,812.55,7.9,83.4,1506729.0,19.5,50.4,4282.0,63381,61754,76.0,17679.0,869392.0,4601,1239,2564,281,4084,442,3867,Pope
Pope County,IL,28.3,12.0,2.7,13.1,86.0,265.0,0.7,0.4,5.4,1.7,0.1,1.3,92.1,90.5,82.5,1694,2502.0,93000.0,2.34,38056,22065,1.2,368.77,1.9,88.7,741144.5,36.5,48.6,476.0,3763,4470,12.1,639.0,11495.0,272,118,90,0,262,44,221,Pope
Pope County,MN,24.7,21.0,5.5,22.9,94.0,1029.0,0.5,0.6,0.5,2.0,0.0,1.3,97.0,95.5,77.5,4981,6723.0,174300.0,2.18,61275,34166,1.2,669.71,2.2,87.5,113365.0,19.5,49.0,856.0,11308,10995,16.4,11732.0,138501.0,844,210,454,0,814,95,703,Pope
Poquoson city,VA,19.6,22.1,4.6,42.2,94.9,1479.0,0.1,2.5,1.1,2.8,0.0,2.1,93.9,91.4,81.4,4593,11797.5,323100.0,2.62,97118,40258,4.3,15.32,4.7,87.5,1027.0,24.7,50.2,1428.0,12460,12150,793.3,9995.0,63753.0,703,189,439,0,664,141,493,Poquoson
Portage County,OH,17.0,18.5,4.5,29.0,92.4,10529.0,0.2,2.1,4.8,2.0,0.0,2.1,90.8,89.2,69.5,61817,69752.0,159200.0,2.51,57618,30054,3.9,487.38,5.1,84.7,3010755.0,25.7,51.0,9829.0,161791,161419,331.2,250505.0,1944338.0,12070,3970,6724,613,11039,1159,10004,Portage
Portage County,WI,17.3,19.0,4.9,32.9,93.9,4034.0,0.5,3.1,1.0,3.4,0.0,1.5,93.8,90.9,69.0,28675,31240.0,168100.0,2.35,58853,31453,3.9,800.68,6.1,81.9,1383021.0,19.2,49.5,3933.0,70377,70019,87.4,112379.0,933881.0,5074,1240,2713,133,4712,463,4240,Portage
Porter County,IN,16.9,21.8,5.3,28.4,93.6,10392.0,0.4,1.6,4.4,10.4,0.0,1.7,91.9,82.3,75.1,64517,69853.0,185400.0,2.55,71152,34595,3.6,418.15,5.9,87.5,9469895.0,27.8,50.5,9727.0,173215,164343,393.0,270608.0,2035375.0,10999,3866,5299,896,9601,886,9489,Porter
Portsmouth city,VA,14.5,23.4,7.5,21.9,88.3,1479.0,0.4,1.4,52.9,4.5,0.3,3.6,39.8,37.7,55.0,36370,11797.5,170900.0,2.51,52175,26312,2.9,33.65,4.6,83.4,447142.0,23.1,51.9,10238.0,97915,95535,2838.9,107057.0,699478.0,6112,2662,2879,3053,2825,744,5043,Portsmouth
Posey County,IN,19.7,21.7,5.3,21.9,93.4,1439.0,0.3,0.7,1.1,1.2,0.0,1.2,96.8,95.7,81.7,10155,11580.0,144200.0,2.49,64196,32091,0.7,409.57,0.9,91.0,6454293.0,22.8,50.0,1869.0,25222,25910,63.3,18786.0,307631.0,1753,499,915,57,1580,250,1353,Posey
Pottawatomie County,KS,14.6,29.0,7.6,33.8,94.2,1854.0,0.9,1.0,1.2,5.1,0.1,2.5,94.3,90.0,78.7,8698,9973.0,183100.0,2.7,66835,29345,2.3,841.02,4.6,85.9,377468.0,24.5,50.3,1531.0,25348,21604,25.7,17691.0,338854.0,2250,548,1329,113,1998,162,1871,Pottawatomie
Pottawatomie County,OK,16.6,23.4,6.0,18.3,88.0,4421.0,13.8,0.7,3.1,5.4,0.1,6.9,75.4,71.9,69.5,25917,29945.0,120500.0,2.67,49250,24178,1.7,787.67,4.5,84.7,1112531.0,24.3,51.9,5506.0,72454,69442,88.2,107939.0,754994.0,5193,1561,2758,657,4184,717,3918,Pottawatomie
Pottawattamie County,IA,18.0,23.4,6.2,21.5,89.5,5123.0,0.8,0.9,1.8,7.9,0.1,2.0,94.5,87.3,68.4,36799,40101.0,139800.0,2.48,60065,30318,4.2,950.28,6.8,87.2,3929165.0,20.8,50.7,6719.0,93667,93158,98.0,412811.0,1757552.0,6958,2174,3789,344,6298,713,5730,Pottawattamie
Potter County,PA,24.5,20.2,5.0,15.4,88.0,1201.0,0.4,0.4,0.7,1.5,0.0,1.0,97.4,96.3,76.2,6480,12987.0,109600.0,2.55,45419,24797,0.8,1081.32,2.5,89.9,69507.0,25.5,50.1,1450.0,16396,17457,16.1,12293.0,152717.0,1443,336,894,0,1388,93,1183,Potter
Potter County,SD,29.2,21.1,4.9,22.3,92.8,243.0,2.6,0.8,0.6,2.4,0.0,1.9,94.0,92.3,78.8,982,1531.0,102300.0,2.27,54583,32379,2.7,861.14,2.3,96.9,109693.0,12.6,50.8,183.0,2472,2329,2.7,4783.0,21810.0,428,112,250,0,398,53,338,Potter
Potter County,TX,12.9,27.3,7.4,14.9,77.0,8507.0,1.4,5.8,11.1,39.1,0.1,2.1,79.4,43.2,55.2,44380,50436.0,92500.0,2.54,42528,22568,15.7,908.37,32.7,81.9,575658.0,18.5,48.6,6012.0,118525,121073,133.3,33330.5,209517.0,11213,3440,5987,3708,6643,889,9433,Potter
Powder River County,MT,27.7,16.8,5.4,24.4,94.1,185.0,1.9,0.1,0.1,2.3,-1.0,3.0,94.8,92.7,74.6,737,1034.0,142600.0,2.12,54427,32094,1.2,3297.3,1.5,89.7,16801.0,16.3,50.1,119.0,1694,1743,0.5,2873.0,24577.0,245,41,157,0,242,0,226,Powder River
Powell County,KY,16.3,23.9,6.5,15.9,80.3,798.0,0.4,0.4,1.1,1.8,0.0,1.2,96.8,95.3,69.0,4770,5711.0,89800.0,2.52,37469,20841,1.5,178.98,1.5,84.0,559741.0,31.1,50.4,693.0,13129,12613,70.5,35974.5,100380.0,1215,380,656,33,1157,229,892,Powell
Powell County,MT,21.2,14.5,4.1,20.4,89.4,503.0,5.4,0.4,1.2,2.9,0.1,1.9,91.0,88.6,67.1,2426,3287.0,143100.0,2.16,54667,26456,0.6,2326.39,3.3,82.3,16801.0,18.2,37.1,792.0,6946,7027,3.0,11457.0,46027.0,667,118,346,0,590,65,513,Powell
Power County,ID,15.7,30.6,8.0,15.1,79.2,375.0,3.8,0.5,1.1,34.6,0.2,2.2,92.2,60.7,74.4,2633,3043.0,151300.0,2.89,48823,23343,15.2,1404.24,28.0,79.9,172944.0,18.8,49.7,478.0,7878,7817,5.6,2199.0,29628.0,357,104,131,30,292,0,303,Power
Poweshiek County,IA,21.4,19.6,4.8,26.1,93.9,1281.0,0.5,1.9,1.7,3.2,0.1,1.6,94.3,91.7,68.6,7767,9164.0,141100.0,2.15,53852,31827,2.7,584.93,4.9,80.0,453686.0,19.2,51.4,1230.0,18662,18914,32.3,20876.0,432879.0,2111,492,1187,27,2012,125,1854,Poweshiek
Powhatan County,VA,19.0,18.1,4.5,29.2,89.9,2222.0,0.4,0.6,9.2,2.3,0.1,1.6,88.0,86.1,90.1,10265,11274.0,279200.0,2.55,89090,37424,2.2,260.22,2.4,90.5,476138.5,33.1,48.3,2185.0,30333,28046,107.8,17099.0,264151.0,2333,703,1372,228,2055,115,2062,Powhatan
Prairie County,AR,23.9,20.5,5.3,15.4,83.2,537.0,0.4,0.1,11.4,2.0,0.1,1.4,86.5,84.9,73.9,3776,4567.0,67400.0,2.13,42660,25789,0.2,647.96,1.2,89.3,602802.0,27.1,49.8,549.0,8282,8715,13.4,3994.0,54327.0,640,214,307,43,579,54,565,Prairie
Prairie County,MT,33.5,18.6,5.9,22.2,88.0,88.0,1.6,0.8,0.4,4.7,-1.0,3.5,93.7,89.0,84.0,518,680.0,112900.0,2.37,43625,27377,4.3,1736.74,4.3,93.7,16801.0,13.5,49.5,167.0,1088,1179,0.7,593.0,6484.0,104,0,73,0,95,0,85,Prairie
Pratt County,KS,21.2,23.9,6.1,30.3,92.1,817.0,1.0,1.0,1.7,7.3,0.0,2.4,93.8,87.8,67.7,3652,4468.0,91900.0,2.47,52327,27442,2.2,735.05,7.4,86.5,42621.0,12.7,50.3,513.0,9157,9656,13.1,24993.0,173336.0,873,146,538,37,767,102,706,Pratt
Preble County,OH,19.8,22.2,5.4,16.3,90.4,2481.0,0.4,0.6,0.8,1.0,0.0,1.4,96.9,96.1,78.4,16251,17940.0,125100.0,2.5,58957,28890,1.0,424.12,2.2,89.9,1141700.0,26.5,50.4,3092.0,40999,42270,99.7,37425.0,415530.0,2739,755,1680,119,2531,376,2182,Preble
Prentiss County,MS,18.4,22.4,6.0,12.4,80.1,1539.0,0.3,0.3,14.3,1.6,0.0,1.4,83.7,82.5,72.7,9145,11254.0,92700.0,2.64,39256,19693,2.0,414.98,3.0,89.0,814180.0,26.6,50.9,1071.0,25008,25276,60.9,21822.0,189061.0,2080,681,1220,168,1847,251,1727,Prentiss
Presidio County,TX,23.9,26.8,7.6,21.2,53.4,833.0,1.7,3.1,1.4,82.0,0.0,1.4,92.2,12.9,57.8,2543,3969.0,75100.0,2.74,25098,15337,39.9,3855.24,80.3,83.0,575658.0,17.6,48.7,71.0,6131,7818,2.0,9473.0,51291.0,1016,254,655,753,216,86,909,Presidio
Presque Isle County,MI,32.5,15.5,4.0,17.9,89.6,893.0,1.0,0.6,0.6,1.5,0.0,1.2,96.5,95.4,88.8,5797,10496.0,105400.0,2.16,47948,28103,1.4,658.72,4.1,92.0,729708.0,25.1,50.2,1342.0,12982,13376,20.3,10605.0,110919.0,1326,416,625,0,1291,182,1066,Presque Isle
Preston County,WV,20.9,19.1,5.0,16.9,86.8,1669.0,0.2,0.2,1.1,1.6,0.0,1.0,97.4,95.9,82.9,12429,15164.0,115300.0,2.48,51888,24890,1.4,648.81,3.4,89.5,147079.0,30.7,48.8,2249.0,34216,33520,51.7,13604.0,234527.0,1876,629,981,40,1750,153,1531,Preston
Price County,WI,26.5,17.9,4.4,16.5,91.8,1104.0,0.8,0.7,0.7,1.9,0.9,1.6,95.2,93.7,77.8,6688,11454.0,122500.0,1.98,47956,28882,1.8,1254.38,3.5,87.2,502046.0,20.3,48.9,1179.0,14054,14159,11.3,11840.0,126444.0,1406,358,883,35,1339,118,1190,Price
Prince Edward County,VA,17.0,16.0,4.8,26.8,86.0,1014.0,0.3,1.4,32.8,3.0,0.1,2.0,63.4,61.2,64.4,7185,9501.0,159700.0,2.45,47202,21017,5.1,349.96,6.7,87.0,476138.5,23.0,50.0,1265.0,21849,23368,66.8,49916.0,390494.0,1170,373,588,280,796,188,850,Prince Edward
Prince George County,VA,14.4,22.0,5.8,23.6,90.6,1558.0,0.7,2.2,32.6,8.6,0.4,3.7,60.3,54.2,67.6,11507,12605.0,213300.0,2.96,71912,29420,3.2,265.16,7.8,83.4,602915.0,25.2,46.3,4654.0,43010,35725,134.7,39319.0,260725.0,1754,608,902,526,1121,356,1235,Prince George
Prince George's County,MD,13.9,22.1,6.5,33.1,86.7,82444.0,1.2,4.4,64.4,19.5,0.2,2.7,27.1,12.3,62.1,311343,335752.0,302800.0,2.86,84920,37191,22.7,482.69,27.3,85.7,2216764.0,37.3,51.9,54745.0,967201,863420,1788.8,1685461.0,9358060.0,77204,34395,37899,59172,16219,7644,67290,Prince George's
Prince William County,VA,10.3,26.9,7.2,41.1,88.5,41049.0,1.1,9.4,22.2,24.5,0.2,4.7,62.4,41.5,73.3,142000,151729.0,382400.0,3.22,107132,40932,24.5,336.4,33.7,86.7,353067.0,40.0,50.0,42139.0,482204,402002,1195.0,673700.0,5638210.0,34235,12615,18497,16778,16121,4033,28527,Prince William
Prince of Wales-Hyder Census Area,AK,18.1,22.3,5.3,18.3,90.8,579.0,42.6,1.2,0.6,3.9,0.4,8.6,46.5,44.9,72.8,2371,3446.0,174900.0,2.66,52379,27080,3.1,3922.87,5.7,86.0,104944.0,15.6,45.1,445.0,5753,5559,1.4,10620.0,48167.0,727,167,399,174,507,41,617,Prince of Wales-Hyder
Providence County,RI,15.6,20.5,5.7,29.0,85.8,45883.0,1.4,4.6,12.5,23.9,0.3,3.3,77.9,60.1,54.2,237971,266804.0,233500.0,2.56,58974,31522,18.4,409.5,31.7,86.6,6126382.0,25.0,51.3,26209.0,660741,626667,1530.3,1242902.0,5999413.0,51999,17634,29509,12443,37812,5244,43607,Providence
Prowers County,CO,18.1,25.7,7.2,18.3,80.5,881.0,2.1,0.6,1.0,39.0,0.0,2.2,94.1,57.5,65.4,4888,5992.0,106100.0,2.38,41929,23698,10.3,1638.4,22.9,85.1,31473.0,14.4,49.5,667.0,11999,12551,7.7,17633.0,162251.0,829,284,408,107,670,80,695,Prowers
Pueblo County,CO,19.0,22.2,5.7,21.8,89.7,8929.0,3.2,1.1,2.6,43.2,0.2,3.0,90.0,51.7,64.7,64314,71906.0,164600.0,2.52,46783,25051,3.0,2386.1,12.3,84.1,2333268.0,22.2,50.7,13883.0,168162,159063,66.7,236026.0,1952767.0,10685,3521,5518,2779,7364,890,8812,Pueblo
Pulaski County,AR,16.1,23.1,6.5,34.3,90.4,29614.0,0.4,2.3,37.9,6.2,0.1,2.2,57.2,51.6,58.8,158051,186437.0,157200.0,2.44,51749,32692,5.5,759.76,8.0,84.3,6515902.0,20.4,52.3,27226.0,399125,382748,503.8,961891.0,7234436.0,35992,12387,19096,9240,25014,4103,29336,Pulaski
Pulaski County,GA,22.9,18.0,4.1,13.2,81.1,701.0,0.4,1.2,32.0,3.6,0.1,1.7,64.6,61.8,64.3,3687,5177.0,120100.0,2.62,45148,20746,1.6,249.03,2.0,82.4,554410.0,22.4,57.0,648.0,9855,12010,48.2,10470.0,87635.0,786,316,431,289,464,134,619,Pulaski
Pulaski County,IL,23.1,21.3,5.9,12.5,88.8,274.0,0.7,0.4,30.6,2.5,0.1,3.3,64.9,63.3,76.4,2095,3178.0,61300.0,2.62,34640,21605,0.9,199.19,1.0,93.8,741144.5,26.9,51.6,475.0,5193,6161,30.9,38907.0,34964.0,429,128,188,67,348,0,395,Pulaski
Pulaski County,IN,20.1,22.2,5.3,12.8,88.5,805.0,0.5,0.7,1.0,3.1,0.0,1.3,96.6,93.6,75.9,5151,6127.0,102700.0,2.41,49580,24992,1.5,433.65,2.5,88.0,498595.0,24.8,48.8,871.0,12514,13402,30.9,8001.0,134330.0,869,255,463,31,806,105,711,Pulaski
Pulaski County,KY,19.0,22.3,5.9,16.5,82.8,4529.0,0.4,0.8,1.2,2.6,0.0,1.2,96.3,94.1,69.0,25301,31529.0,116200.0,2.51,39998,24646,2.0,658.41,2.9,87.2,1411641.0,22.4,51.2,4615.0,65034,63063,95.8,88208.0,864088.0,4993,1554,2731,119,4602,487,4164,Pulaski
Pulaski County,MO,9.1,21.7,6.6,28.3,92.8,2085.0,1.2,3.0,12.5,11.8,0.6,4.4,78.2,69.1,49.3,15154,19179.0,159200.0,2.84,53492,23651,6.2,547.1,11.9,64.0,24544.0,18.9,43.7,6545.0,53955,52274,95.5,91792.0,455217.0,2298,852,984,361,1754,309,1709,Pulaski
Pulaski County,VA,23.5,17.5,4.7,20.0,87.4,1553.0,0.3,0.7,5.0,1.8,0.0,1.7,92.3,90.7,71.4,14533,17302.0,149500.0,2.27,53866,28125,1.9,319.86,2.4,86.7,2861262.0,23.8,49.9,2603.0,33800,34872,109.0,53370.0,352657.0,2082,790,892,103,1885,175,1679,Pulaski
Pushmataha County,OK,23.6,21.9,5.5,14.3,83.2,915.0,19.3,0.3,1.2,4.3,0.0,6.3,72.9,70.1,75.6,4477,6203.0,80500.0,2.46,37692,22435,0.8,1395.84,2.6,87.5,460737.5,29.3,51.0,978.0,10812,11572,8.3,4384.0,70600.0,1062,330,600,159,870,123,884,Pushmataha
Putnam County,FL,23.7,21.2,5.7,12.3,81.8,4248.0,0.7,0.7,16.4,10.2,0.1,1.8,80.3,71.2,70.7,28943,37611.0,89100.0,2.48,37670,20915,3.9,727.62,9.2,88.0,865758.0,31.3,50.5,7040.0,73321,74364,102.2,56864.0,633534.0,4849,1938,2398,1238,3446,600,4071,Putnam
Putnam County,GA,24.8,19.6,4.9,23.4,87.6,2000.0,0.5,0.6,26.3,6.2,0.2,1.2,71.1,66.1,77.0,8937,13380.0,160400.0,2.41,51606,31504,3.8,344.64,6.4,87.8,127240.0,26.4,51.4,1657.0,22047,21218,61.6,16433.0,157411.0,2059,684,1083,530,1455,200,1679,Putnam
Putnam County,IL,23.2,19.9,5.0,16.6,92.7,380.0,0.3,0.6,0.8,6.3,0.0,1.2,97.1,91.3,80.5,2413,3175.0,126800.0,2.37,63638,34438,2.6,160.16,5.7,89.6,741144.5,25.2,48.9,412.0,5637,6006,37.5,2492.0,29209.0,366,123,139,0,330,41,272,Putnam
Putnam County,IN,17.1,19.3,4.9,16.8,88.9,2089.0,0.4,1.2,3.8,2.0,0.0,1.5,93.0,91.4,71.6,13543,15280.0,128800.0,2.37,61047,26120,2.9,480.53,2.9,79.9,745596.0,26.0,47.6,2529.0,36726,37963,79.0,51403.0,349021.0,2563,777,1230,74,2372,161,2149,Putnam
Putnam County,MO,24.9,22.4,6.2,19.3,90.5,399.0,0.3,0.5,0.3,2.5,0.0,1.3,97.6,95.3,77.2,1744,2977.0,96600.0,2.68,42849,24758,0.6,517.32,4.4,92.6,468824.0,24.9,49.4,408.0,4681,4979,9.6,22307.0,50252.0,368,164,158,0,353,42,312,Putnam
Putnam County,NY,18.0,19.4,4.5,39.6,93.0,9661.0,0.5,2.3,3.9,16.4,0.1,1.9,91.3,77.1,81.8,34854,38713.0,358500.0,2.76,104486,47448,12.9,230.31,18.3,93.6,308619.0,39.6,50.1,3691.0,97668,99710,432.9,100356.0,952194.0,10790,3373,6376,1339,9078,756,9632,Putnam
Putnam County,OH,18.0,25.4,6.6,20.9,92.8,2094.0,0.4,0.3,0.6,6.6,0.0,0.8,98.0,92.0,81.6,13327,14001.0,155800.0,2.52,64822,31743,1.4,482.52,4.3,90.9,2677868.0,21.9,50.0,1701.0,34451,34499,71.5,75153.0,274838.0,2352,549,1324,30,2242,124,2054,Putnam
Putnam County,TN,16.8,20.8,5.6,26.4,86.6,6333.0,0.8,1.6,2.4,6.5,0.1,1.8,93.3,87.9,61.5,31424,35344.0,159600.0,2.36,44259,24946,4.6,401.1,6.2,82.3,1214437.0,22.7,50.3,4238.0,79854,72321,180.3,158810.0,1282887.0,7752,2335,4183,421,7058,677,6629,Putnam
Putnam County,WV,18.9,21.9,5.1,26.1,91.7,3069.0,0.3,0.8,1.2,1.3,0.0,1.3,96.3,95.2,81.8,21613,24315.0,167300.0,2.61,60097,31587,1.2,345.67,1.9,91.3,1948361.0,25.4,50.7,3816.0,57440,55486,160.5,74256.0,748541.0,4353,1290,2634,210,3927,631,3343,Putnam
Quay County,NM,25.7,21.4,5.4,17.1,81.9,384.0,2.8,1.2,2.3,46.0,0.2,2.7,90.9,48.9,61.5,3040,5724.0,72700.0,2.71,29035,19784,3.3,2874.35,21.7,91.9,268581.0,15.3,51.3,493.0,8746,9041,3.1,22882.0,263863.0,878,237,500,185,641,55,758,Quay
Queen Anne's County,MD,19.2,21.4,5.1,36.5,93.2,5037.0,0.5,1.2,6.3,4.3,0.1,2.0,89.8,86.3,81.0,18577,21539.0,353100.0,2.65,97034,44754,4.5,371.91,5.6,89.2,208329.0,37.3,50.4,3658.0,49874,47798,128.5,112975.0,547492.0,4907,1463,2873,216,4470,685,3951,Queen Anne's
Queens County,NY,16.3,20.0,6.1,32.2,82.0,266193.0,1.3,26.9,20.7,28.2,0.2,3.0,47.8,24.9,44.8,778932,869400.0,543800.0,2.9,68666,31930,47.2,108.53,55.7,91.7,4438082.0,44.4,51.5,42135.0,2405464,2230722,20553.6,3139120.0,17003207.0,265643,97982,154224,173633,87648,12513,249046,Queens
Quitman County,GA,30.7,18.7,5.8,7.1,64.7,133.0,0.7,0.3,48.5,2.0,-1.0,1.3,49.2,47.6,70.2,842,2079.0,59900.0,2.72,26667,18639,6.4,151.24,7.5,85.6,554410.0,26.7,52.3,84.0,2235,2513,16.6,33983.0,12118.0,155,74,77,68,82,0,121,Quitman
Quitman County,MS,18.1,22.7,6.2,10.3,71.3,522.0,0.3,0.2,71.7,1.8,0.0,1.3,26.5,25.3,58.7,3027,3563.0,50900.0,2.32,25283,15026,0.4,405.01,0.4,90.7,483799.0,27.8,53.6,228.0,6176,8223,20.3,26152.0,28594.0,524,175,269,266,216,27,453,Quitman
Rabun County,GA,28.1,16.6,4.3,24.2,84.8,1942.0,0.5,1.0,1.6,7.9,0.1,1.8,95.0,88.1,74.3,6662,12722.0,174500.0,2.43,42500,28266,5.4,369.99,8.7,92.7,554410.0,25.4,51.2,1350.0,16883,16276,44.0,47210.0,247664.0,1645,496,1034,109,1485,163,1400,Rabun
Racine County,WI,17.1,22.9,6.0,25.2,90.5,9775.0,0.7,1.3,12.0,13.6,0.1,2.6,83.3,71.4,67.6,76974,83140.0,176000.0,2.47,61336,31572,4.7,332.5,9.4,87.3,8100087.0,24.4,50.4,12363.0,197727,195408,587.7,251682.0,2181963.0,12568,4483,6366,1970,10050,1122,10808,Racine
Radford city,VA,8.7,10.6,3.1,38.0,91.2,1479.0,0.0,1.6,9.9,2.9,0.0,3.2,84.8,83.3,46.6,5573,11797.5,170800.0,2.64,36297,21797,2.6,9.87,5.1,73.9,712021.0,17.5,52.6,830.0,16070,16408,1662.2,35953.0,105816.0,705,200,418,35,612,70,565,Radford
Rains County,TX,25.0,20.2,5.2,13.7,85.4,984.0,1.2,0.8,2.7,9.4,0.1,1.7,93.5,84.8,77.7,4330,5460.0,127900.0,2.7,51579,27938,4.3,229.45,8.3,90.8,575658.0,35.7,50.1,1148.0,12164,10914,47.6,7103.0,149013.0,737,252,384,66,655,103,589,Rains
Raleigh County,WV,21.2,20.7,5.2,18.4,86.5,3513.0,0.3,0.9,8.0,1.7,0.0,2.0,88.8,87.5,73.4,31203,36148.0,108700.0,2.32,43748,25026,1.5,605.35,3.5,87.7,278552.0,23.9,49.8,5762.0,74591,78859,130.3,177800.0,1452444.0,4621,1576,2469,477,3880,506,3790,Raleigh
Ralls County,MO,22.2,21.1,5.0,14.9,89.7,748.0,0.2,0.3,1.4,1.3,0.1,1.5,96.4,95.2,83.3,4036,5194.0,136200.0,2.51,55377,27023,0.8,469.78,1.0,92.5,1405444.0,22.0,49.7,887.0,10355,10167,21.6,3028.0,52402.0,585,132,251,0,539,96,439,Ralls
Ramsey County,MN,14.9,23.3,6.8,42.3,90.3,39771.0,1.0,15.3,12.9,7.5,0.1,3.7,67.1,61.1,59.4,209043,221270.0,229600.0,2.53,64660,35013,16.0,152.21,23.4,82.4,6172047.0,24.2,51.2,22287.0,552352,508640,3341.7,1080379.0,6557022.0,47210,16937,24928,9506,35648,4197,40535,Ramsey
Ramsey County,ND,20.3,23.3,7.0,26.4,91.9,871.0,10.5,1.2,1.3,3.2,0.0,3.3,83.7,82.0,60.3,4828,5853.0,164700.0,2.3,58910,34041,2.3,1186.85,4.0,82.2,118152.0,16.4,49.0,755.0,11605,11451,9.6,29614.0,311701.0,1217,345,643,36,1092,199,926,Ramsey
Randall County,TX,15.6,23.9,6.2,32.4,92.3,11199.0,1.0,1.8,3.5,23.1,0.1,2.1,91.5,70.0,70.8,49389,55498.0,167800.0,2.66,68261,34293,5.2,911.54,11.9,81.6,575658.0,19.8,50.9,9465.0,140753,120725,132.4,164255.0,1805080.0,9585,3064,4961,1338,7835,1031,7917,Randall
Randolph County,AL,20.9,21.1,5.6,16.5,79.6,1427.0,0.5,0.5,19.2,3.0,0.1,1.7,78.0,75.4,76.6,8702,12157.0,96100.0,2.55,43395,24721,1.3,580.55,2.1,89.4,251564.0,27.9,51.2,1373.0,21967,22913,39.5,15587.0,158271.0,2071,644,1002,290,1725,223,1588,Randolph
Randolph County,AR,19.7,23.8,6.5,13.8,82.9,1290.0,0.6,0.4,1.2,2.2,1.8,1.7,94.3,92.4,71.7,7355,8641.0,87200.0,2.36,37218,23248,1.8,652.19,2.5,80.7,114959.0,25.9,50.4,1105.0,18571,17969,27.6,14727.0,170739.0,1560,420,922,55,1459,209,1302,Randolph
Randolph County,GA,24.7,20.3,5.4,10.3,74.5,444.0,0.1,0.6,61.5,2.7,0.1,0.8,36.9,35.1,57.2,2553,4099.0,71900.0,2.66,31699,16691,0.3,428.24,1.1,86.7,554410.0,22.0,53.7,305.0,6425,7719,18.0,2652.0,47645.0,497,183,262,204,270,57,415,Randolph
Randolph County,IL,19.4,19.1,5.2,13.3,84.3,1371.0,0.3,0.5,10.6,3.3,0.1,1.3,87.1,84.5,74.0,11883,13971.0,110200.0,2.39,53816,26558,1.4,575.5,4.2,86.6,609319.0,24.4,44.9,2248.0,30163,33476,58.2,29598.0,373355.0,1787,537,967,66,1639,239,1407,Randolph
Randolph County,IN,20.8,22.5,5.9,14.3,87.5,1385.0,0.5,0.4,0.7,3.7,0.1,1.3,97.0,93.7,76.3,10229,11693.0,81200.0,2.4,48036,24964,1.8,452.38,3.0,88.6,847556.0,25.0,50.8,1600.0,24502,26171,57.9,18751.0,443414.0,1894,605,991,75,1734,121,1677,Randolph
Randolph County,MO,17.2,21.6,5.8,15.1,86.9,1262.0,0.6,0.8,5.6,2.2,0.0,2.5,90.5,88.8,71.5,8626,10828.0,105000.0,2.63,47740,21240,1.3,482.68,2.3,87.9,218991.0,21.5,48.1,1765.0,24716,25414,52.7,26453.0,296693.0,1749,532,937,84,1552,110,1419,Randolph
Randolph County,NC,18.1,22.2,5.6,15.7,81.5,9940.0,1.2,1.5,6.6,12.0,0.1,1.8,88.8,78.4,71.8,56541,62925.0,124100.0,2.51,47288,24397,6.2,782.52,12.5,86.8,4557254.0,24.0,50.7,8982.0,144171,141752,181.1,158579.0,1107887.0,11207,3524,6353,1285,9635,907,9854,Randolph
Randolph County,WV,22.2,18.9,5.3,17.3,85.5,1453.0,0.3,0.5,1.6,1.1,0.0,1.2,96.4,95.5,71.5,11135,14253.0,110300.0,2.4,43320,24842,0.6,1039.68,1.0,88.1,189375.0,23.1,48.0,2168.0,27932,29405,28.3,38396.0,352705.0,2099,628,1158,47,1927,234,1698,Randolph
Rankin County,MS,15.7,22.8,5.7,29.0,89.5,13167.0,0.2,1.4,21.6,2.8,0.1,1.2,75.5,73.1,76.5,55909,61842.0,162500.0,2.63,65996,30835,2.9,775.49,4.5,85.2,1553239.0,25.4,51.9,7734.0,157031,141617,182.6,278454.0,2361153.0,13659,4394,7535,2121,11048,1501,11271,Rankin
Ransom County,ND,21.2,22.4,5.6,19.1,91.0,386.0,0.9,1.1,0.8,2.5,0.0,1.7,95.5,93.2,70.9,2371,2686.0,121700.0,2.18,63903,34665,3.7,862.36,5.1,90.6,118152.0,18.6,48.1,422.0,5703,5457,6.3,4833.0,66215.0,531,143,312,0,492,68,400,Ransom
Rapides Parish,LA,16.7,24.6,6.7,20.9,85.5,8234.0,0.9,1.4,32.0,3.2,0.0,2.0,63.7,61.0,61.7,48488,58721.0,143100.0,2.61,47269,25984,2.7,1317.96,5.2,86.0,1901186.0,23.2,51.6,9477.0,130023,131613,99.9,216767.0,2211513.0,9902,3017,5448,2108,7307,1077,7946,Rapides
Rappahannock County,VA,27.9,16.2,3.9,35.8,88.4,953.0,0.4,1.0,4.2,4.4,0.1,2.0,92.4,88.3,74.2,2913,3998.0,377700.0,2.53,74284,41792,4.4,266.23,5.3,93.3,476138.5,39.9,50.8,629.0,7348,7373,27.7,44317.0,29306.0,938,259,598,0,904,99,825,Rappahannock
Ravalli County,MT,26.5,18.8,4.6,27.8,91.6,4585.0,1.2,0.7,0.4,3.7,0.1,1.9,95.7,92.6,76.3,17354,19847.0,279300.0,2.43,53054,29761,2.0,2390.82,3.5,87.8,132350.0,23.9,50.4,4423.0,44174,40212,16.8,38387.0,330636.0,5449,1760,2557,244,5093,547,4547,Ravalli
Rawlins County,KS,27.9,21.8,6.7,24.1,95.8,264.0,0.7,0.9,0.9,7.7,0.1,2.1,95.3,88.7,74.1,1176,1460.0,101600.0,2.1,53207,28590,3.6,1069.42,7.8,87.2,9427.0,14.2,49.4,183.0,2561,2519,2.4,486.0,25140.0,517,212,239,0,484,29,448,Rawlins
Ray County,MO,18.9,22.4,5.8,14.6,88.1,1339.0,0.7,0.4,1.5,2.6,0.1,1.8,95.5,93.4,78.5,8868,10147.0,133700.0,2.55,61957,29524,0.8,568.81,2.4,89.0,468824.0,29.6,50.1,1690.0,23158,23494,41.3,8950.0,138698.0,1770,571,979,61,1676,249,1438,Ray
Reagan County,TX,11.1,29.0,7.7,10.5,82.2,343.0,1.1,0.6,3.5,70.6,-1.0,2.8,92.0,25.2,67.4,1084,1424.0,98800.0,3.44,74868,25600,17.7,1175.3,54.9,85.9,575658.0,18.2,46.6,115.0,3385,3367,2.9,33330.5,29158.0,405,156,116,201,189,55,333,Reagan
Real County,TX,30.5,16.4,4.4,17.4,83.3,470.0,2.0,0.4,1.1,27.8,0.3,1.9,94.3,68.4,76.5,1126,2697.0,113200.0,2.92,35862,18235,3.6,699.2,13.6,86.9,575658.0,15.6,50.6,305.0,2758,3309,4.7,4920.0,14638.0,558,160,275,122,397,71,441,Real
Red Lake County,MN,21.6,24.1,6.0,16.2,92.6,246.0,2.3,0.4,0.7,4.1,0.1,1.9,94.6,91.5,83.6,1669,1948.0,116000.0,2.39,58576,30037,1.1,432.41,3.3,92.5,763107.0,24.4,48.7,280.0,3935,4089,9.5,38159.0,61848.0,380,105,134,0,366,29,284,Red Lake
Red River County,TX,25.3,19.6,4.8,12.5,85.4,936.0,1.7,0.4,16.6,7.0,0.0,2.0,79.4,73.8,76.6,4963,6998.0,71100.0,2.41,39142,22689,2.6,1036.58,4.4,89.4,575658.0,28.8,51.4,539.0,11587,12860,12.4,33330.5,54756.0,1019,248,600,97,902,90,838,Red River
Red River Parish,LA,19.7,23.4,6.2,13.9,80.8,530.0,0.7,0.2,39.7,2.7,0.0,1.0,58.4,56.1,73.6,3372,4247.0,78700.0,2.49,33816,22924,0.1,389.09,0.9,91.1,1901186.0,30.5,52.1,419.0,7620,9091,23.4,61451.5,37289.0,631,181,361,270,342,44,515,Red River
Red Willow County,NE,21.1,22.2,6.1,19.1,92.5,933.0,0.9,0.4,1.3,5.6,0.0,1.4,96.0,91.2,72.9,4519,5319.0,109000.0,2.29,48808,27392,1.3,716.99,2.2,85.1,231681.5,13.4,50.1,709.0,10702,11055,15.4,21485.0,329205.0,1363,279,696,32,1254,175,955,Red Willow
Redwood County,MN,21.6,24.9,6.4,19.1,90.9,1072.0,5.0,2.6,1.1,3.8,0.1,2.3,88.9,86.4,78.5,6261,7342.0,106300.0,2.38,55404,28611,2.4,878.57,4.5,92.2,371752.0,18.0,50.1,891.0,15425,16059,18.3,97991.0,169590.0,1304,282,837,43,1194,177,1040,Redwood
Reeves County,TX,11.8,22.4,6.3,12.3,69.7,885.0,1.0,1.6,5.6,74.6,0.1,1.0,90.8,18.2,72.5,3518,4671.0,64800.0,3.87,53311,20020,18.7,2635.38,57.1,87.4,1952.0,18.4,38.8,706.0,14748,13783,5.2,33873.0,162022.0,764,181,441,417,282,73,621,Reeves
Refugio County,TX,23.3,22.1,5.7,11.5,80.3,484.0,1.2,0.9,6.3,50.6,-1.0,1.8,89.8,41.8,72.8,2547,3723.0,85600.0,2.74,50076,24248,1.8,770.44,28.9,88.8,346.0,22.6,50.5,493.0,6741,7383,9.6,33330.5,101099.0,645,125,421,291,306,112,464,Refugio
Reno County,KS,20.3,22.2,5.5,20.9,88.5,3775.0,0.9,0.6,3.4,9.7,0.1,2.5,92.6,83.9,69.3,25014,28532.0,101300.0,2.4,49936,27073,2.8,1255.35,6.6,84.6,1232830.0,18.0,49.7,4077.0,61898,64511,51.4,91648.0,818138.0,4898,1746,2106,256,4252,410,4007,Reno
Rensselaer County,NY,17.5,19.3,5.1,32.0,91.9,9244.0,0.3,2.8,8.1,5.2,0.1,2.6,86.2,82.6,62.8,64906,73425.0,188700.0,2.36,68991,35903,5.2,652.43,7.8,84.7,1246970.0,24.8,50.6,9397.0,161130,159429,244.4,209214.0,1572232.0,11067,3632,6444,1020,9610,1031,9500,Rensselaer
Renville County,MN,21.1,23.3,6.4,15.2,90.5,1049.0,1.6,0.9,0.6,9.0,0.0,1.4,95.5,87.3,78.0,6085,7353.0,106300.0,2.35,59028,31253,3.1,982.91,7.6,91.8,559293.0,19.4,49.0,871.0,14723,15730,16.0,8457.0,120636.0,1148,353,572,0,1065,79,968,Renville
Renville County,ND,20.8,22.6,5.4,20.1,95.3,181.0,0.9,0.3,0.4,2.8,0.2,1.6,96.6,94.5,82.6,950,1423.0,134700.0,2.52,73182,34452,3.2,877.05,3.5,87.8,118152.0,30.4,47.5,209.0,2282,2470,2.8,1401.0,81116.0,330,39,106,0,304,59,238,Renville
Republic County,KS,27.8,21.6,5.9,25.5,95.9,441.0,0.3,0.6,0.8,2.4,0.0,1.7,96.6,94.7,72.9,2218,2875.0,66000.0,2.06,47976,27424,1.4,717.37,1.7,89.2,328053.5,23.1,50.2,340.0,4674,4980,6.9,13223.0,48203.0,554,149,316,0,531,0,518,Republic
Reynolds County,MO,23.7,20.1,4.9,13.7,79.8,509.0,1.1,0.2,1.2,1.7,0.0,2.8,94.6,93.2,78.7,2596,4030.0,96000.0,2.34,40324,22720,0.4,808.48,1.1,87.3,44172.0,24.1,48.2,550.0,6096,6696,8.3,22307.0,29614.0,615,262,221,0,586,73,523,Reynolds
Rhea County,TN,18.8,22.4,6.0,16.9,80.8,1771.0,0.6,0.7,2.2,5.2,0.1,1.9,94.6,90.2,71.2,12177,14847.0,122600.0,2.61,42206,22336,2.6,315.38,4.7,83.8,848618.0,23.2,50.4,2130.0,32870,31809,100.9,30748.0,281055.0,1772,699,871,85,1605,89,1567,Rhea
Rice County,KS,19.6,22.6,5.7,22.8,91.6,650.0,1.3,1.3,1.7,11.6,0.1,2.7,92.9,82.7,74.5,3917,4600.0,74700.0,2.29,53012,26737,4.7,726.24,7.6,84.3,291155.0,17.7,49.8,499.0,9427,10083,13.9,13223.0,50020.0,818,162,435,0,730,62,688,Rice
Rice County,MN,15.8,21.7,5.8,28.3,91.1,4272.0,0.7,2.2,6.2,8.5,0.1,1.8,89.0,81.3,74.0,23005,25280.0,208600.0,2.51,68584,31221,7.8,495.68,13.5,86.1,1741876.0,23.5,48.9,3724.0,67097,64142,129.4,82566.0,683367.0,5138,1802,2716,264,4688,353,4454,Rice
Rich County,UT,18.4,29.4,7.1,23.0,95.7,277.0,0.7,0.3,0.4,6.8,0.1,1.3,97.2,91.2,71.7,635,3181.0,202500.0,3.75,57902,23464,5.3,1028.78,7.6,97.0,294994.0,24.0,48.4,134.0,2510,2264,2.2,9487.0,9629.0,335,75,154,0,320,0,294,Rich
Richardson County,NE,24.9,21.4,5.5,19.0,92.2,585.0,3.3,0.4,0.5,1.9,0.0,2.7,93.0,91.7,75.9,3704,4403.0,69200.0,2.11,47917,28309,1.1,551.84,0.8,92.1,40415.0,16.5,49.7,665.0,7871,8363,15.2,6146.0,94078.0,900,242,530,0,846,113,728,Richardson
Richland County,IL,21.1,22.6,6.2,21.0,89.1,1088.0,0.3,0.9,0.9,1.9,0.0,1.4,96.4,94.8,71.2,6452,7519.0,89600.0,2.4,48894,26358,1.6,359.99,3.1,85.6,143527.0,19.6,50.6,1023.0,15813,16233,45.1,38907.0,176422.0,1140,265,617,38,1031,93,876,Richland
Richland County,MT,15.4,25.0,6.4,18.9,92.3,945.0,2.7,0.5,0.5,5.5,0.0,2.9,93.4,88.9,66.0,4535,5286.0,230100.0,2.45,67205,33109,2.1,2084.14,5.3,83.7,16801.0,15.9,47.9,630.0,11491,9746,4.7,38445.0,215831.0,1256,353,619,27,1135,91,1045,Richland
Richland County,ND,18.7,21.9,6.2,21.3,90.7,1253.0,3.1,0.6,1.1,3.6,0.0,1.9,93.2,90.5,70.9,6777,7798.0,127900.0,2.22,61371,31346,0.9,1435.78,2.8,82.9,1276663.0,18.6,48.4,1031.0,16529,16321,11.4,89636.0,277250.0,1471,449,689,72,1308,90,1292,Richland
Richland County,OH,19.8,21.5,5.7,18.3,86.9,6980.0,0.2,0.8,9.6,2.1,0.0,2.3,87.0,85.4,67.4,48449,54113.0,110600.0,2.35,49547,25585,1.7,495.27,4.0,84.0,3122733.0,22.4,49.2,8921.0,124936,124475,251.3,190066.0,1501184.0,8585,2610,4643,609,7466,734,7293,Richland
Richland County,SC,13.2,21.4,5.7,39.1,91.5,29310.0,0.4,3.0,48.7,5.3,0.1,2.4,45.4,41.5,59.5,151853,177353.0,163100.0,2.51,54767,30175,5.7,757.07,8.7,77.9,5374991.0,22.1,51.8,30512.0,416147,384504,507.9,862224.0,4780665.0,31595,12297,16333,11676,18645,4010,25680,Richland
Richland County,WI,23.6,21.7,5.1,19.0,90.1,1205.0,0.5,0.8,0.9,2.5,0.1,1.1,96.6,94.4,74.7,7538,9062.0,139900.0,2.26,51947,27597,2.5,586.15,5.1,89.8,682138.0,26.0,49.5,1204.0,17304,18021,30.7,11273.0,200270.0,1652,426,945,71,1490,136,1413,Richland
Richland Parish,LA,18.1,23.2,6.2,13.2,78.3,1549.0,0.4,0.3,35.6,2.4,0.0,1.1,62.5,60.7,66.7,7459,9068.0,91900.0,2.59,34029,20107,0.5,559.04,2.7,89.5,396508.0,24.2,51.2,829.0,20043,20725,37.1,61451.5,250362.0,1699,531,820,444,1155,148,1384,Richland
Richmond County,GA,14.5,22.7,6.7,21.4,84.1,13144.0,0.4,1.8,57.7,5.1,0.2,2.7,37.1,33.7,52.6,71400,89459.0,108000.0,2.69,42728,22787,3.7,324.33,6.4,82.1,5452204.0,21.3,51.5,18374.0,206607,200549,618.4,446961.0,2627283.0,16003,7489,6974,8522,6714,1944,12919,Richmond
Richmond County,NC,18.3,23.0,6.1,15.7,80.9,2037.0,3.3,1.0,31.9,6.8,0.2,2.3,61.3,56.5,66.2,18380,21954.0,83200.0,2.37,36148,21228,3.8,473.82,6.2,85.9,794395.0,23.8,51.0,2477.0,42946,46639,98.4,42310.0,449820.0,2708,963,1315,703,1823,354,2162,Richmond
Richmond County,NY,16.7,21.8,5.7,33.9,88.7,38651.0,0.7,10.9,11.6,18.6,0.1,2.2,74.5,59.6,69.3,166246,181751.0,504800.0,2.82,82783,36907,23.3,58.37,32.6,93.9,285325.0,45.2,51.4,14964.0,495747,468730,8030.3,472571.0,3815951.0,39645,13921,22660,12318,26347,2407,36335,Richmond
Richmond County,VA,21.1,16.9,4.2,17.7,80.6,573.0,0.6,0.7,29.6,7.3,0.1,2.3,66.8,60.5,69.9,3069,3989.0,180300.0,2.36,49517,22853,4.1,191.49,8.5,83.5,476138.5,26.3,43.6,664.0,8923,9254,48.3,6176.0,68192.0,688,203,376,118,536,119,527,Richmond
Richmond city,VA,12.8,17.6,5.9,39.6,85.4,1479.0,0.4,2.1,46.9,6.9,0.0,3.4,45.5,40.8,42.6,90301,11797.5,230500.0,2.39,47250,33549,7.0,59.81,9.4,76.2,16885933.0,21.8,52.6,11806.0,226610,204214,3414.7,576491.0,1955177.0,18539,7426,9180,6859,10698,1673,15660,Richmond
Riley County,KS,9.8,16.3,5.4,45.6,95.8,3588.0,0.7,4.9,7.0,8.4,0.3,3.6,83.5,76.4,43.2,26490,31409.0,201000.0,2.46,51208,27272,8.1,609.77,11.2,71.3,94543.0,14.7,47.0,5160.0,71959,71115,116.6,146838.0,903931.0,4724,1508,2443,380,4049,479,3753,Riley
Ringgold County,IA,24.8,22.8,5.9,21.4,92.7,422.0,0.3,0.5,0.7,2.7,0.1,1.1,97.3,95.0,77.2,1971,2614.0,98700.0,2.41,55271,28756,1.4,535.5,3.7,88.0,3149.0,23.5,50.4,313.0,4663,5131,9.6,20428.0,79590.0,818,198,455,0,777,100,677,Ringgold
Rio Arriba County,NM,20.1,23.1,5.9,19.3,86.4,1767.0,19.4,0.8,0.9,71.1,0.2,2.0,76.6,12.8,76.9,12730,20302.0,167300.0,3.03,39952,22911,4.2,5860.84,59.7,94.0,268581.0,28.9,51.1,2132.0,40363,40246,6.9,70735.0,254591.0,2186,672,1161,1269,797,158,1893,Rio Arriba
Rio Blanco County,CO,16.4,24.3,6.0,22.7,91.9,582.0,1.5,0.7,1.2,10.7,0.1,2.7,93.7,84.2,70.8,2301,3421.0,197100.0,2.62,54357,26487,3.0,3220.93,5.4,81.1,80356.5,16.5,48.8,525.0,6529,6666,2.1,11544.0,54823.0,870,244,343,36,796,35,752,Rio Blanco
Rio Grande County,CO,20.9,22.4,5.6,24.5,87.0,1119.0,3.6,0.7,1.1,44.4,0.1,2.6,91.9,51.9,63.2,4823,6851.0,172000.0,2.3,39123,24582,4.1,911.96,24.7,87.6,10483.0,17.3,50.0,590.0,11539,11982,13.1,12817.0,99816.0,1293,575,411,349,860,65,1110,Rio Grande
Ripley County,IN,18.3,23.4,6.0,18.0,89.3,1780.0,0.4,0.9,0.5,1.9,0.0,1.2,97.1,95.5,75.9,10992,12513.0,152100.0,2.54,56332,28312,1.6,446.43,3.1,89.2,864940.0,28.4,50.2,2144.0,28995,28818,64.6,42848.0,222865.0,2200,582,1106,32,2029,227,1681,Ripley
Ripley County,MO,20.8,22.8,5.7,10.2,79.9,835.0,1.1,0.3,0.6,1.6,0.0,1.9,96.2,94.9,79.0,5059,6642.0,83800.0,2.67,34971,18119,0.7,629.54,1.5,86.1,468824.0,26.5,50.3,1080.0,10679,14100,22.4,7738.0,120189.0,1028,300,551,38,966,174,755,Ripley
Ritchie County,WV,23.0,19.6,5.0,11.3,84.6,615.0,0.2,0.2,0.5,0.9,-1.0,1.0,98.1,97.3,79.8,4049,5959.0,96700.0,2.42,43577,25606,1.1,451.99,0.8,90.5,258272.0,26.7,50.1,803.0,8444,10449,23.1,48291.0,73213.0,818,406,334,0,762,37,734,Ritchie
Riverside County,CA,14.8,24.9,6.3,22.3,82.0,176665.0,1.9,7.2,7.3,50.0,0.4,3.6,79.6,34.1,66.3,724893,857148.0,350100.0,3.28,67005,28596,21.6,7206.48,41.1,87.2,15137013.0,34.0,50.1,122308.0,2418185,2189641,303.8,5230919.0,25058857.0,175971,66313,90803,85804,84871,13760,156472,Riverside
Roane County,TN,23.2,18.6,4.6,19.8,88.9,3038.0,0.5,0.6,2.7,2.0,0.1,1.9,94.2,92.5,77.2,20901,25694.0,150300.0,2.5,53367,30209,1.9,360.71,2.8,86.9,270076.0,27.8,50.9,5297.0,53404,54181,150.2,51951.0,472342.0,3377,1215,1663,158,3065,382,2735,Roane
Roane County,WV,22.8,20.3,4.5,13.1,79.1,699.0,0.3,0.4,0.3,1.3,0.0,1.2,97.8,96.7,79.3,5562,7435.0,98900.0,2.5,37373,21711,0.4,483.56,1.0,90.7,45231.0,31.4,50.7,1093.0,14028,14926,30.9,48291.0,132613.0,1267,337,715,0,1212,206,981,Roane
Roanoke County,VA,21.8,19.7,4.4,35.6,92.3,5919.0,0.2,3.5,6.4,3.3,0.0,1.9,87.9,85.2,74.8,38222,41096.0,199800.0,2.4,68948,36469,5.7,250.52,6.9,88.1,815656.0,23.6,51.8,6541.0,96929,92376,368.7,128289.0,891006.0,6344,2241,3432,559,5523,721,5168,Roanoke
Roanoke city,VA,16.1,21.9,6.8,23.4,86.2,1479.0,0.2,3.0,29.0,6.3,0.0,4.4,62.4,58.5,51.5,41740,11797.5,135100.0,2.33,44230,27006,6.7,42.56,8.6,80.5,1629699.0,22.8,52.4,6467.0,100011,97032,2279.8,308073.0,2461000.0,8330,2806,4488,1661,6109,900,6737,Roanoke
Roberts County,SD,19.7,29.3,8.8,17.3,89.6,644.0,38.5,0.3,0.8,3.8,0.0,3.5,57.0,55.7,66.5,3873,5097.0,103600.0,2.6,50348,26243,0.8,1101.04,2.8,86.4,109693.0,18.0,49.1,582.0,10280,10149,9.2,4572.0,112527.0,847,333,329,84,664,42,677,Roberts
Roberts County,TX,22.6,23.2,5.9,25.0,92.7,99.0,1.3,0.2,0.1,11.0,-1.0,2.5,95.9,86.2,79.7,301,440.0,133000.0,2.67,68750,30955,2.6,924.06,5.3,89.9,575658.0,20.6,50.5,45.0,827,929,1.0,33330.5,209517.0,46,26,0,0,44,0,39,Roberts
Robertson County,KY,22.0,20.5,5.3,16.3,84.7,133.0,0.5,0.1,1.1,1.6,-1.0,1.5,96.8,95.6,74.9,861,1107.0,114700.0,2.39,41902,22552,0.1,99.91,3.5,86.6,559741.0,42.9,49.7,84.0,2193,2282,22.8,35974.5,170369.5,159,110,0,0,154,0,150,Robertson
Robertson County,TN,15.4,23.5,6.2,19.6,87.2,5727.0,0.6,0.7,7.8,7.4,0.1,1.7,89.0,82.6,74.0,25713,28034.0,194800.0,2.69,63307,29524,3.9,476.29,6.2,87.9,1792963.0,30.7,50.6,4203.0,72803,66283,139.2,65614.0,675221.0,5533,1793,3240,410,4981,574,4788,Robertson
Robertson County,TX,20.0,23.4,6.3,16.1,84.5,1332.0,1.1,0.8,20.2,21.9,0.1,1.7,76.1,56.6,76.1,6444,9049.0,108600.0,2.61,52928,26033,7.1,855.68,17.9,86.6,575658.0,27.1,50.8,797.0,16757,16622,19.4,15758.0,148603.0,1573,633,683,314,1176,77,1360,Robertson
Robeson County,NC,15.7,24.7,6.6,13.7,77.3,7458.0,42.3,0.7,23.6,9.2,0.2,2.7,30.6,24.7,65.6,45927,53384.0,75600.0,2.81,34976,18709,4.2,949.22,7.9,92.4,3081397.0,24.4,51.8,6792.0,116530,134168,141.3,139055.0,1395642.0,9090,4105,4509,5540,3296,1151,7619,Robeson
Rock County,MN,20.5,25.0,5.6,23.8,93.3,766.0,0.9,0.8,0.9,3.5,0.0,1.6,95.8,93.0,75.5,3914,4343.0,153000.0,2.34,63005,31345,1.6,482.46,2.6,87.7,86434.0,19.5,50.5,497.0,9704,9687,20.1,7467.0,103993.0,840,218,504,0,803,119,687,Rock
Rock County,NE,26.7,21.3,6.0,23.2,96.7,217.0,1.0,0.4,0.3,1.9,-1.0,0.5,97.8,96.3,79.8,623,920.0,96200.0,2.17,56250,36140,0.7,1008.32,1.9,86.6,231681.5,12.6,50.2,79.0,1262,1526,1.5,380.0,6786.0,217,128,68,0,198,0,208,Rock
Rock County,WI,17.1,22.9,6.0,22.1,90.8,8186.0,0.6,1.3,5.3,9.1,0.1,2.5,90.3,82.3,68.4,64739,69436.0,146200.0,2.46,57875,28945,4.6,718.14,8.1,86.0,4474211.0,22.9,50.7,10435.0,163687,160331,223.3,236242.0,2215179.0,11239,3404,6295,889,9902,1047,9473,Rock
Rock Island County,IL,19.8,22.2,6.1,23.5,88.6,6836.0,0.6,2.7,11.1,13.2,0.0,3.0,82.6,71.0,68.0,60546,66171.0,119400.0,2.3,54858,29756,8.0,427.64,13.7,85.1,6845358.0,19.8,50.7,9382.0,144672,147546,345.0,344404.0,1859102.0,9366,3061,5062,1612,7243,931,7762,Rock Island
Rockbridge County,VA,26.8,17.1,4.0,26.7,86.8,1531.0,0.6,0.7,3.3,2.0,0.0,1.8,93.5,91.9,75.2,9248,11532.0,199600.0,2.42,54600,31539,2.3,597.56,3.3,88.2,197599.0,25.9,50.5,1707.0,22650,22307,37.3,44317.0,360059.0,1562,497,843,76,1411,162,1313,Rockbridge
Rockcastle County,KY,18.8,21.2,5.4,11.4,78.4,897.0,0.4,0.1,0.5,1.0,0.0,1.2,97.8,96.9,76.2,6544,7901.0,81900.0,2.52,35720,20892,0.1,316.55,1.1,87.1,559741.0,23.2,50.9,764.0,16037,17056,53.9,12706.0,95229.0,1297,383,636,0,1256,127,1115,Rockcastle
Rockdale County,GA,14.9,24.2,5.8,26.3,88.8,9297.0,0.5,1.9,58.1,10.5,0.2,2.3,37.0,28.9,66.4,31076,34080.0,163900.0,2.86,60189,28320,9.9,129.79,11.4,86.4,2292152.0,32.9,53.0,6764.0,93570,85215,656.5,179045.0,1239582.0,8566,3560,4058,4487,3754,878,7210,Rockdale
Rockingham County,NC,20.9,20.1,5.1,15.1,82.7,4980.0,0.6,0.7,19.0,6.3,0.1,2.1,77.5,72.1,69.6,37388,44422.0,112800.0,2.4,43579,24209,3.8,565.55,5.9,89.8,4268306.0,26.4,51.7,4982.0,91096,93643,165.6,91128.0,866255.0,6193,2139,3278,1011,4982,521,5330,Rockingham
Rockingham County,NH,18.6,19.1,4.6,41.4,95.1,27736.0,0.2,2.2,1.1,3.3,0.0,1.5,94.9,92.2,77.7,121045,134190.0,326300.0,2.51,93756,47222,4.9,694.72,6.2,89.2,4580402.0,30.4,50.5,21737.0,314176,295223,425.0,810246.0,6764542.0,33297,9675,19358,1189,30901,4285,27120,Rockingham
Rockingham County,VA,19.5,21.8,5.6,26.3,84.0,5926.0,0.6,1.0,2.5,7.4,0.1,1.6,94.2,87.9,74.5,30994,36163.0,211500.0,2.53,61864,31275,5.8,849.09,9.3,87.8,5397079.0,21.9,50.9,4423.0,83757,76314,89.9,82711.0,429800.0,5281,1654,3079,183,4953,660,4445,Rockingham
Rockland County,NY,15.9,28.4,8.2,41.1,88.2,29017.0,0.6,6.2,13.1,18.4,0.1,2.1,77.9,62.7,68.3,100438,107002.0,443400.0,3.17,93024,39286,20.9,173.55,39.5,91.4,9613228.0,31.5,50.9,8706.0,338329,311687,1795.9,501167.0,4153693.0,31220,9433,18538,7478,22494,1931,27984,Rockland
Rockwall County,TX,12.8,26.6,6.1,40.7,92.7,10820.0,0.8,3.2,7.4,18.6,0.1,2.1,86.3,69.0,81.8,33032,37226.0,266200.0,2.92,100920,42346,9.1,127.04,16.4,86.4,285022.0,34.4,50.6,5776.0,107819,78337,616.7,194076.0,1444847.0,9125,3165,4894,1668,7099,806,7913,Rockwall
Roger Mills County,OK,22.0,24.4,6.3,16.2,88.4,382.0,6.8,0.6,0.7,7.4,0.1,2.8,89.0,83.4,75.0,1377,1910.0,109600.0,2.65,51302,30866,1.9,1141.14,4.3,89.4,460737.5,17.5,50.2,141.0,3442,3647,3.2,40216.0,31638.0,423,243,136,0,396,26,370,Roger Mills
Rogers County,OK,16.7,23.1,5.8,24.9,92.0,7056.0,13.6,1.5,1.3,5.0,0.1,8.5,75.1,71.2,78.2,34755,38965.0,162300.0,2.59,65434,32148,2.6,675.63,5.2,86.1,3040115.0,25.5,50.2,7119.0,95240,86905,128.6,308208.0,777295.0,7171,2308,3502,1215,5458,650,5986,Rogers
Rolette County,ND,12.2,33.7,8.6,19.6,87.5,626.0,78.0,0.2,0.5,2.1,0.0,2.9,18.4,17.9,71.3,4608,5577.0,84000.0,3.11,43158,20484,0.4,903.08,2.5,91.4,118152.0,15.5,50.1,591.0,12187,13937,15.4,43059.0,132860.0,870,440,367,480,350,96,737,Rolette
Rooks County,KS,23.1,22.2,5.6,23.1,88.7,537.0,0.5,0.8,0.8,2.4,0.1,1.6,96.1,94.1,77.0,2176,2745.0,78800.0,2.23,49415,26420,0.7,890.53,1.5,89.3,328053.5,15.1,51.3,344.0,4919,5181,5.8,3137.0,69237.0,652,123,365,0,623,67,558,Rooks
Roosevelt County,MT,11.8,33.5,9.8,17.4,87.5,486.0,60.5,0.6,0.4,4.1,0.0,3.8,34.7,33.3,62.9,3150,4140.0,112400.0,3.46,43194,18657,1.4,2354.79,4.7,88.7,16801.0,14.7,49.9,657.0,10794,10425,4.4,13723.0,159204.0,709,215,378,162,505,80,589,Roosevelt
Roosevelt County,NM,14.7,24.4,6.8,23.9,80.0,823.0,2.3,1.5,2.9,43.2,0.2,2.4,90.8,50.5,58.5,6814,8577.0,118200.0,2.61,42702,20123,11.1,2447.43,28.5,73.9,449814.0,16.8,50.3,1022.0,19191,19846,8.1,20467.0,156827.0,1147,312,506,306,758,106,922,Roosevelt
Roscommon County,MI,33.3,14.8,3.7,15.5,89.9,1510.0,1.0,0.7,0.7,2.1,0.0,1.5,96.2,94.4,82.0,11139,24611.0,108200.0,2.12,42054,25807,1.4,519.64,1.6,85.0,131725.0,24.9,49.9,2582.0,23459,24449,47.1,39776.0,331414.0,2158,561,1318,30,2005,284,1702,Roscommon
Roseau County,MN,18.1,24.2,5.8,20.3,92.9,1166.0,1.9,2.8,0.7,1.5,0.0,2.0,92.6,91.5,81.6,5980,7658.0,132800.0,2.53,62202,30193,3.9,1671.6,3.6,89.7,2082153.0,17.3,48.5,1019.0,15331,15629,9.3,28168.0,271221.0,1566,388,863,40,1475,65,1401,Roseau
Rosebud County,MT,16.5,28.7,8.2,17.8,90.0,447.0,39.7,1.0,0.4,5.4,0.0,3.0,55.8,54.2,69.2,3166,4148.0,114900.0,2.86,57992,24922,1.8,5010.4,9.8,91.3,16801.0,13.3,49.7,620.0,8329,9233,1.8,10796.0,56367.0,692,184,293,103,527,72,539,Rosebud
Ross County,OH,17.1,21.2,5.6,15.8,87.6,3883.0,0.3,0.6,5.6,1.4,0.0,2.7,90.7,89.7,70.9,28802,32019.0,123800.0,2.47,51092,24913,1.0,689.19,1.9,85.3,3928513.0,25.8,47.8,5844.0,77093,78064,113.3,115191.0,938920.0,5467,1543,3231,182,4985,535,4502,Ross
Routt County,CO,16.6,17.8,4.4,49.8,96.8,3938.0,0.7,0.9,1.1,6.9,0.1,1.5,95.7,89.6,71.2,9603,17114.0,535300.0,2.57,77443,43769,5.0,2362.03,6.3,86.2,17427.0,20.0,48.1,1267.0,24829,23509,10.0,241422.0,360942.0,4956,1529,2537,213,4558,251,4384,Routt
Rowan County,KY,14.5,19.5,5.4,25.1,84.2,1431.0,0.2,0.8,1.8,1.8,0.0,1.2,96.0,94.5,59.8,8623,10411.0,124200.0,2.5,38230,20488,2.3,279.8,4.6,80.6,291915.0,22.3,51.8,1174.0,24662,23333,83.4,46407.0,338996.0,2296,843,1091,64,2095,113,2046,Rowan
Rowan County,NC,17.9,22.1,5.8,18.5,85.6,9488.0,0.6,1.2,16.9,9.4,0.1,1.8,79.4,71.4,69.3,52843,62475.0,136400.0,2.57,49842,25630,4.7,511.37,9.4,86.3,3856641.0,25.6,50.6,9410.0,146875,138428,270.7,163161.0,1194600.0,10575,3463,5618,1546,8537,1090,8759,Rowan
Runnels County,TX,21.0,23.2,5.8,18.1,79.2,832.0,1.8,1.4,2.6,34.8,0.0,1.3,92.9,60.6,71.1,3896,5246.0,81400.0,2.58,44940,24402,4.1,1050.95,12.8,91.3,297877.0,23.4,49.3,638.0,9900,10501,10.0,33330.5,139795.0,1182,345,645,273,843,123,976,Runnels
Rush County,IN,18.7,22.6,5.7,13.9,87.4,1156.0,0.4,0.4,1.0,1.8,0.0,1.3,96.8,95.4,71.4,6667,7501.0,112600.0,2.46,54346,26301,0.7,408.12,2.7,88.9,1482367.0,25.9,50.8,990.0,16752,17392,42.6,14736.0,108090.0,1443,392,791,33,1347,210,1072,Rush
Rush County,KS,25.4,20.4,5.2,23.7,92.1,254.0,1.0,0.4,0.5,4.2,0.1,1.7,96.3,92.6,75.8,1421,1842.0,70800.0,2.08,47981,26552,0.6,717.76,2.2,90.2,328053.5,20.0,48.9,210.0,2956,3307,4.6,1491.0,29068.0,387,108,171,0,364,0,318,Rush
Rusk County,TX,16.9,22.1,5.5,15.5,80.6,3364.0,1.1,0.7,17.5,17.5,0.1,1.8,78.9,63.0,77.8,18108,21861.0,124900.0,2.7,55234,26658,7.0,924.03,14.5,81.4,333062.0,26.8,46.3,3215.0,52214,53330,57.7,33330.5,442106.0,2642,931,1261,514,1983,230,2238,Rusk
Rusk County,WI,24.8,20.3,5.2,16.6,88.0,1015.0,0.7,0.3,1.3,2.0,0.0,1.5,96.1,94.4,79.1,6376,9308.0,113400.0,2.18,47532,25854,1.1,913.59,2.8,87.2,423502.0,23.9,49.1,1166.0,14188,14755,16.2,8946.0,145300.0,1312,343,713,0,1262,43,1193,Rusk
Russell County,AL,14.8,24.1,6.9,17.8,83.8,3307.0,0.7,0.9,45.5,5.8,0.3,2.7,49.9,45.8,60.2,23262,28118.0,122000.0,2.47,42443,23470,3.7,641.14,6.6,82.0,1209152.0,24.8,52.1,5817.0,59183,52947,82.6,70237.0,499713.0,4546,1940,2331,1754,2657,625,3786,Russell
Russell County,KS,24.7,21.7,5.8,23.1,88.1,836.0,1.1,0.7,1.3,3.9,0.0,1.9,94.9,91.5,78.0,3015,3893.0,93400.0,2.26,44792,26090,2.2,886.26,4.2,85.8,328053.5,16.8,50.8,453.0,6691,6970,7.9,11620.0,76458.0,1087,398,552,39,1018,56,997,Russell
Russell County,KY,20.2,22.7,6.1,14.7,78.5,1355.0,0.5,0.5,0.9,4.0,0.0,1.4,96.7,93.2,74.1,6922,10203.0,95000.0,2.53,38390,20674,2.7,253.66,3.4,92.7,404049.0,19.8,50.8,953.0,17991,17565,69.2,16173.0,185886.0,1551,438,871,26,1451,108,1319,Russell
Russell County,VA,22.5,18.7,4.7,12.2,80.3,1152.0,0.3,0.2,1.1,1.4,0.0,0.8,97.6,96.6,76.1,10812,13536.0,98000.0,2.46,39758,21605,0.9,473.82,2.0,92.8,476138.5,28.0,51.2,1268.0,25781,28897,61.0,19329.0,233167.0,1627,439,1026,46,1528,58,1490,Russell
Rutherford County,NC,22.2,20.3,5.1,17.8,83.8,4124.0,0.4,0.6,9.9,4.8,0.1,2.1,87.0,82.8,71.5,26683,34582.0,118300.0,2.45,42608,23978,2.7,564.15,5.0,86.8,672462.0,25.6,51.7,4087.0,64444,67810,120.2,71845.0,600079.0,5034,1510,2879,470,4366,527,4235,Rutherford
Rutherford County,TN,10.8,24.5,6.5,32.2,91.8,24538.0,0.5,3.6,16.3,8.7,0.1,2.8,76.6,69.1,65.2,111676,125447.0,213200.0,2.78,67429,30159,7.4,619.36,11.3,83.0,11538970.0,29.1,50.9,18113.0,341486,262604,424.0,502674.0,3515344.0,19572,6859,10847,3309,15640,1945,16557,Rutherford
Rutland County,VT,22.7,17.6,4.4,30.8,92.6,4946.0,0.3,1.0,0.7,1.6,0.0,1.5,96.4,95.1,71.4,25338,34637.0,177400.0,2.24,56139,31391,2.7,929.82,4.5,91.9,613112.0,22.6,50.5,3510.0,60572,61642,66.3,130073.0,1082777.0,6735,2068,3587,154,6272,663,5658,Rutland
Sabine County,TX,31.0,18.1,4.8,17.6,84.7,701.0,1.0,0.4,6.9,4.9,0.1,1.7,89.9,85.6,88.2,4311,8428.0,116300.0,2.41,34992,24870,1.2,491.39,3.5,84.6,575658.0,28.2,51.1,1195.0,9894,10834,22.0,3899.0,65594.0,593,227,267,69,484,38,489,Sabine
Sabine Parish,LA,21.2,23.1,5.7,13.3,85.7,1378.0,9.3,0.4,16.8,3.9,0.0,4.0,69.5,67.4,68.2,9158,15332.0,94300.0,2.58,40336,22687,1.4,866.66,2.6,89.8,1901186.0,35.6,50.5,1519.0,22155,24233,28.0,61451.5,217198.0,1457,462,776,341,1067,168,1212,Sabine
Sac County,IA,23.9,22.8,6.0,20.0,92.8,865.0,0.2,0.5,0.4,3.8,0.2,1.3,97.3,93.8,79.4,4313,5400.0,95800.0,2.23,58232,32274,1.9,575.01,3.2,89.2,198015.0,18.2,50.6,672.0,9814,10350,18.0,20428.0,101639.0,1017,364,401,0,976,57,907,Sac
Sacramento County,CA,14.5,23.4,6.3,30.9,87.7,113355.0,1.5,17.0,10.9,23.6,1.3,6.5,62.8,43.8,56.4,543025,578937.0,351900.0,2.76,67151,32751,20.9,964.64,32.7,84.9,6960679.0,27.8,51.1,77463.0,1585055,1418788,1470.8,2422674.0,15227280.0,110172,40013,58846,43535,62814,9080,96579,Sacramento
Sagadahoc County,ME,22.8,19.0,4.8,36.4,94.0,3379.0,0.5,0.9,0.9,1.9,0.0,1.7,96.0,94.4,74.5,15980,19054.0,213400.0,2.21,63694,34675,4.0,253.7,4.6,88.7,747387.5,23.3,51.4,3690.0,36699,35293,139.1,54872.0,465508.0,4087,1264,2312,114,3842,470,3335,Sagadahoc
Saginaw County,MI,19.6,21.4,5.8,20.8,89.4,10640.0,0.6,1.4,19.3,8.7,0.1,2.4,76.3,69.1,71.3,78933,88036.0,101300.0,2.35,48000,28030,2.4,800.11,4.5,87.0,4523265.0,22.2,51.4,12182.0,190124,200169,250.2,373824.0,2913312.0,15312,6044,7180,3518,10939,1123,13105,Saginaw
Saguache County,CO,24.5,21.1,5.5,22.1,83.1,598.0,3.6,0.9,1.2,36.4,0.1,3.0,91.2,58.1,71.5,2860,4329.0,152700.0,2.3,38571,22511,10.0,3168.53,27.5,89.5,80356.5,20.3,50.3,473.0,6368,6108,1.9,1148.0,23274.0,740,229,393,40,679,78,643,Saguache
Salem County,NJ,19.0,21.4,5.6,21.0,88.8,2924.0,0.6,1.1,14.8,9.8,0.0,2.4,81.1,73.4,71.1,23933,27606.0,184600.0,2.57,66842,34047,3.8,331.9,7.9,89.8,3053144.0,26.4,51.0,3839.0,64837,66083,199.1,89248.0,627036.0,3760,951,2233,395,3137,312,3107,Salem
Salem city,VA,19.0,19.1,4.5,27.9,89.2,1479.0,0.1,1.7,6.7,3.3,0.1,3.0,87.4,85.3,63.6,9912,11797.5,181900.0,2.3,57165,31924,3.4,14.44,4.9,84.9,1335725.0,20.6,53.5,1747.0,25346,24802,1718.0,75592.0,507769.0,2039,545,1051,209,1642,161,1600,Salem
Saline County,AR,18.2,23.1,5.7,26.7,90.6,8448.0,0.6,1.3,8.4,5.1,0.1,1.6,87.9,83.4,78.1,44075,49584.0,156800.0,2.68,64412,30553,3.2,723.6,5.1,86.7,602802.0,25.8,51.2,8988.0,123416,107118,148.0,128278.0,1404835.0,8832,2669,4756,757,7864,881,7600,Saline
Saline County,IL,20.5,21.4,6.2,19.2,86.7,1425.0,0.5,0.6,3.8,1.7,0.1,2.1,92.9,91.6,74.5,9972,11706.0,73800.0,2.36,44090,25342,1.0,379.82,3.4,87.4,741144.5,23.6,50.8,1625.0,23768,24913,65.6,37246.0,353592.0,1713,513,838,81,1489,125,1409,Saline
Saline County,KS,18.3,23.3,6.3,27.3,91.5,3446.0,0.8,2.3,3.6,11.8,0.1,3.1,90.1,79.6,66.7,21959,24425.0,136800.0,2.42,52200,28813,5.9,720.23,9.9,83.4,328053.5,14.7,50.4,3799.0,54303,55606,77.2,119552.0,1120383.0,4376,1320,2133,255,3744,323,3644,Saline
Saline County,MO,18.7,22.3,5.5,19.4,84.0,1230.0,0.9,1.0,5.4,10.9,1.3,2.5,88.9,79.5,69.6,8272,10179.0,106600.0,2.61,44720,22942,6.2,755.5,9.6,84.7,747530.0,18.2,50.1,1240.0,23333,23370,30.9,17513.0,253042.0,1524,417,856,92,1332,259,1082,Saline
Saline County,NE,15.4,25.9,6.9,17.8,83.5,829.0,1.7,3.1,1.8,26.6,0.6,1.5,91.3,67.9,70.6,5157,5896.0,99300.0,2.59,51502,24627,15.3,574.02,22.8,83.4,2174979.0,20.3,48.6,656.0,14292,14200,24.7,10571.0,129196.0,1165,329,457,80,1047,81,1028,Saline
Salt Lake County,UT,11.2,26.6,7.2,35.6,90.8,93048.0,1.4,4.6,2.2,18.8,1.8,2.9,87.1,70.3,67.1,374820,411472.0,305700.0,2.99,74865,33238,12.8,742.28,21.2,83.6,22060397.0,22.4,49.8,39339.0,1185238,1029655,1387.1,2170867.0,17178419.0,100645,31113,54642,13055,82852,8064,86909,Salt Lake
Saluda County,SC,20.3,21.3,5.9,16.8,78.2,1042.0,1.4,0.4,26.0,15.9,1.0,1.4,69.8,58.3,74.1,7094,9499.0,108600.0,2.81,45714,22814,8.5,452.78,14.7,93.2,1460241.0,31.0,49.7,1161.0,18862,19875,43.9,65913.0,115090.0,1048,364,530,234,793,90,891,Saluda
Sampson County,NC,18.3,24.3,6.5,13.7,79.3,3670.0,3.7,0.6,26.6,20.6,0.3,2.3,66.6,50.3,69.3,23416,27982.0,89300.0,2.66,42151,22875,10.0,944.74,18.2,87.0,821833.0,26.7,50.8,3416.0,59036,63431,67.1,75439.0,593013.0,3605,1206,2109,945,2525,456,2958,Sampson
San Augustine County,TX,27.0,19.5,5.1,14.0,82.3,537.0,0.9,0.4,21.3,7.7,0.0,1.8,75.7,69.1,77.5,3451,5498.0,88000.0,2.33,40353,23683,2.6,530.66,4.6,86.8,575658.0,27.7,50.7,753.0,7918,8865,16.7,33330.5,58191.0,511,189,257,105,393,36,441,San Augustine
San Benito County,CA,13.1,25.5,6.5,19.7,80.5,3737.0,3.1,3.9,1.6,60.8,0.4,3.6,87.4,32.8,63.7,18135,19979.0,551500.0,3.31,86958,33174,19.9,1388.71,39.7,88.6,591100.0,35.7,49.9,2619.0,64209,55269,39.8,49887.0,345195.0,3867,1596,1694,1408,2306,296,3319,San Benito
San Bernardino County,CA,11.9,26.1,7.0,21.0,80.0,154048.0,2.1,8.0,9.4,54.4,0.5,3.6,76.6,27.3,59.8,636041,731400.0,328200.0,3.29,63362,25215,21.0,20056.94,42.1,86.8,17591611.0,31.6,50.2,90686.0,2181654,2035210,101.5,2857960.0,24380486.0,160500,63349,81064,98288,57667,11117,144106,San Bernardino
San Diego County,CA,14.5,21.4,6.1,38.8,87.4,292941.0,1.3,12.6,5.5,34.1,0.6,4.6,75.4,45.0,53.3,1125286,1233777.0,563700.0,2.87,78980,38073,23.4,4206.63,37.6,84.7,33320461.0,26.5,49.7,217188.0,3298634,3095313,735.8,10403824.0,39786069.0,293426,105329,154416,106472,175754,25354,255209,San Diego
San Francisco County,CA,16.1,13.4,4.5,58.1,88.5,100598.0,0.7,36.0,5.6,15.2,0.5,4.5,52.8,40.2,37.6,362354,406413.0,1097800.0,2.36,112449,68883,34.3,46.87,42.9,85.6,2696230.0,33.8,49.0,23619.0,873965,805235,17179.1,6142745.0,14632652.0,116803,40135,63864,46128,64708,6378,104957,San Francisco
San Jacinto County,TX,22.5,21.2,5.4,11.2,84.5,2040.0,1.0,0.5,9.5,13.8,0.1,2.1,86.7,74.3,80.6,10043,14680.0,114100.0,2.79,41614,23312,6.0,569.24,12.8,87.1,575658.0,42.9,50.2,2045.0,27402,26384,46.3,4352.0,59649.0,1626,559,946,277,1331,280,1279,San Jacinto
San Joaquin County,CA,13.1,26.8,6.9,18.8,79.3,42899.0,2.0,17.4,8.3,42.0,0.8,5.5,66.1,30.5,56.6,228567,248636.0,342100.0,3.17,64432,27521,23.3,1391.32,40.9,86.8,9212428.0,34.2,50.1,29013.0,779233,685306,492.6,808606.0,7059491.0,41940,14941,21962,20472,19915,3449,36663,San Joaquin
San Juan County,CO,25.8,12.5,3.7,35.7,93.8,126.0,1.1,0.8,0.3,12.5,-1.0,3.2,94.6,83.2,62.6,289,793.0,322400.0,2.04,54625,34502,2.9,387.49,17.0,90.0,80356.5,8.5,44.9,62.0,705,699,1.8,6237.0,6786.0,320,148,138,0,257,0,254,San Juan
San Juan County,NM,15.6,26.0,6.3,14.9,84.9,5045.0,41.6,0.6,0.8,20.6,0.1,2.9,54.1,37.5,71.0,43387,51480.0,151200.0,2.88,50518,23235,2.8,5513.07,32.0,88.0,268581.0,23.8,50.5,7025.0,121661,130044,23.6,201839.0,1801607.0,8178,2941,3652,2743,4858,747,6808,San Juan
San Juan County,UT,14.9,29.3,7.2,18.3,84.9,830.0,49.0,0.6,0.4,5.8,0.1,2.1,47.8,44.3,80.6,4311,6064.0,129700.0,3.46,45394,18987,0.9,7819.99,40.1,92.3,294994.0,22.4,50.0,558.0,14518,14746,1.9,65036.0,68740.0,1010,320,464,198,771,69,870,San Juan
San Juan County,WA,35.2,12.7,2.8,49.8,95.9,2838.0,1.1,1.5,0.8,6.8,0.2,2.6,93.9,88.0,74.6,8252,14381.0,488800.0,2.01,63622,45777,7.6,173.92,6.8,85.4,874205.0,16.3,51.7,1479.0,17788,15769,90.7,67819.0,150587.0,3641,1176,1504,214,3214,215,3151,San Juan
San Luis Obispo County,CA,20.9,17.5,4.5,35.4,91.3,26143.0,1.4,4.0,2.0,22.9,0.2,3.6,88.8,68.5,61.6,105981,123963.0,574000.0,2.51,73518,37233,10.1,3298.57,18.0,82.2,2854029.0,21.7,49.4,16767.0,282424,269637,81.7,824771.0,3624029.0,28626,9282,14544,4950,22457,2588,24340,San Luis Obispo
San Mateo County,CA,16.6,20.2,5.5,51.0,89.6,73688.0,0.9,30.6,2.8,24.0,1.5,4.8,59.5,38.7,60.2,263543,280450.0,1089400.0,2.87,122641,61545,34.8,448.41,45.7,88.0,2696230.0,29.3,50.5,25027.0,764442,718451,1602.2,2552854.0,11330620.0,75507,26594,39910,30914,40894,5141,66645,San Mateo
San Miguel County,CO,15.5,17.3,4.1,59.4,96.8,1763.0,1.3,0.8,0.9,11.4,0.1,1.9,95.0,85.2,61.0,3552,6989.0,479300.0,2.26,67038,47526,10.6,1286.61,15.7,87.0,10864.0,18.5,47.2,324.0,8072,7359,5.7,77191.0,79706.0,2214,560,1229,115,2028,200,1917,San Miguel
San Miguel County,NM,22.6,17.5,4.5,21.4,83.3,1265.0,3.3,1.5,2.1,77.6,0.2,2.0,90.9,17.9,70.3,11609,16073.0,135000.0,2.25,30946,20762,3.6,4715.82,53.7,88.5,9117.0,21.1,50.4,1981.0,27201,29393,6.2,34439.0,220926.0,1665,691,750,938,628,126,1422,San Miguel
San Patricio County,TX,15.3,26.4,7.0,15.6,79.9,4895.0,1.0,1.2,2.1,58.5,0.2,1.5,94.1,37.6,68.3,22898,28847.0,122100.0,2.89,56556,26054,5.5,693.45,35.3,82.3,575658.0,23.0,49.6,4280.0,68755,64804,93.5,103039.0,712217.0,5031,2022,2237,2227,2552,462,4291,San Patricio
San Saba County,TX,24.2,20.0,5.4,14.1,74.8,618.0,1.5,0.6,4.0,30.6,-1.0,1.9,92.0,63.4,68.4,2082,3206.0,109400.0,2.54,45083,24961,8.9,1135.3,23.1,87.9,575658.0,26.5,45.8,387.0,5730,6131,5.4,33330.5,45314.0,858,286,395,152,656,35,762,San Saba
Sanborn County,SD,20.2,25.0,7.3,21.6,93.4,192.0,0.5,0.2,0.4,3.2,0.0,1.9,97.0,94.2,73.3,1010,1213.0,87600.0,2.31,56875,32745,1.1,569.32,3.4,93.0,109693.0,21.7,48.2,136.0,2330,2355,4.1,1233.0,50485.0,251,42,138,0,243,0,191,Sanborn
Sanders County,MT,32.4,17.4,4.7,17.9,88.8,1108.0,4.2,0.5,0.3,3.3,0.0,2.7,92.3,89.8,77.6,5036,6764.0,228200.0,2.27,40823,25309,1.9,2760.52,3.6,88.9,37555.0,20.5,48.9,1313.0,12400,11413,4.1,12466.0,77984.0,1152,336,576,42,1059,123,934,Sanders
Sandoval County,NM,18.5,22.8,5.4,30.5,89.9,8567.0,14.1,1.7,2.7,39.9,0.2,3.1,78.2,42.5,78.6,51001,58146.0,200900.0,2.78,63802,29255,5.3,3710.65,26.5,89.3,268581.0,28.0,50.9,10956.0,148834,131561,35.5,160981.0,942290.0,8666,3967,3570,3368,4908,761,7449,Sandoval
Sandusky County,OH,19.3,22.1,5.6,16.1,90.4,3049.0,0.4,0.5,3.4,10.2,0.0,2.5,93.1,84.0,72.7,23574,26357.0,115400.0,2.45,54089,27319,1.5,408.45,4.5,90.0,3877996.0,19.7,50.5,3841.0,58896,60944,149.2,76358.0,629191.0,4166,1273,2274,343,3575,514,3323,Sandusky
Sangamon County,IL,18.4,22.1,5.8,34.5,92.5,12140.0,0.3,2.2,13.0,2.4,0.0,2.5,82.0,80.0,68.9,83711,92278.0,141200.0,2.3,61912,35509,3.2,868.3,4.9,84.7,741144.5,19.6,52.0,12642.0,196343,197465,227.4,439213.0,3128622.0,14862,5904,6901,2169,11804,1253,12473,Sangamon
Sanilac County,MI,22.1,21.4,5.3,14.2,88.4,3147.0,0.6,0.4,0.6,3.8,0.0,1.2,97.1,93.8,78.7,17499,23155.0,111200.0,2.32,47672,25871,1.8,962.57,5.4,89.6,729708.0,27.8,50.1,2793.0,40611,43114,44.8,27800.0,374184.0,3431,1058,2015,112,3246,343,2983,Sanilac
Sanpete County,UT,14.5,25.2,6.1,20.9,90.2,1922.0,1.7,0.8,1.2,9.5,0.6,1.8,94.0,86.0,77.7,8643,10863.0,189000.0,3.1,53838,20056,4.9,1590.15,11.0,79.2,174721.0,20.7,47.3,1198.0,28437,27822,17.5,10549.0,169467.0,2200,611,1130,74,2049,123,1855,Sanpete
Santa Barbara County,CA,15.7,22.1,6.1,34.2,80.9,35272.0,2.1,6.0,2.4,46.0,0.3,3.8,85.4,43.8,52.1,145856,159246.0,577400.0,2.91,74624,36039,23.0,2735.09,40.3,80.9,4157565.0,20.5,50.0,21027.0,448229,423895,155.0,1428929.0,4853808.0,39952,13911,20585,10340,27596,3254,34332,Santa Barbara
Santa Clara County,CA,13.9,21.6,5.8,52.4,88.4,149189.0,1.2,39.0,2.8,25.0,0.5,4.2,52.4,30.6,56.4,640215,686266.0,984000.0,2.95,124055,56248,39.2,1290.1,53.0,85.5,41450609.0,29.3,49.3,51472.0,1936259,1781642,1381.0,4809201.0,40336741.0,163130,58589,84501,82931,72818,9400,146384,Santa Clara
Santa Cruz County,AZ,18.5,26.6,6.9,20.4,76.6,4263.0,1.4,0.8,1.0,83.3,0.1,1.2,95.5,15.0,67.7,15853,18524.0,151200.0,2.91,41259,21480,33.1,1236.92,79.7,88.4,210952.0,24.0,51.8,1715.0,47669,47420,38.3,58552.0,498281.0,5122,1737,2723,3614,1268,286,4603,Santa Cruz
Santa Cruz County,CA,17.3,19.0,4.9,40.8,86.3,25378.0,1.8,5.3,1.5,34.0,0.2,4.2,87.0,56.8,60.1,95818,107149.0,756600.0,2.72,82234,41312,17.8,445.17,32.1,85.4,1213401.0,27.7,50.5,10208.0,270861,262382,589.4,586009.0,4367955.0,29325,10986,14998,6086,22079,2135,25951,Santa Cruz
Santa Fe County,NM,25.3,17.6,4.1,41.0,89.3,16612.0,4.3,1.6,1.2,50.9,0.2,2.1,90.6,43.2,70.9,61921,73551.0,291800.0,2.36,61200,38520,12.0,1909.41,33.9,90.1,131030.0,22.5,51.6,9715.0,154823,144170,75.5,592403.0,2324484.0,18945,8005,8664,4879,13108,1642,16204,Santa Fe
Santa Rosa County,FL,16.3,21.8,5.6,27.7,91.3,13056.0,0.9,2.2,6.5,5.9,0.2,3.4,86.9,82.0,76.0,63514,74433.0,199200.0,2.65,67949,31691,4.9,1011.61,6.2,81.7,124119.0,29.7,49.0,24374.0,188000,151372,149.6,145660.0,1259869.0,10584,3857,5512,1243,8914,1573,8380,Santa Rosa
Sarasota County,FL,37.3,14.0,3.5,35.4,93.1,45398.0,0.3,1.8,4.7,9.6,0.1,1.6,91.5,82.8,74.9,182842,249415.0,251600.0,2.26,62236,41081,12.4,555.87,12.9,84.8,1200117.0,24.5,52.4,41776.0,434006,379448,682.6,896229.0,5751661.0,43592,14035,23648,5731,36185,4487,36328,Sarasota
Saratoga County,NY,18.8,19.7,5.0,41.4,94.0,17073.0,0.2,2.9,2.0,3.4,0.0,1.9,92.9,90.1,72.2,94406,108311.0,258300.0,2.38,84291,43065,5.4,809.98,6.4,87.8,1977414.0,25.2,50.6,15389.0,235509,219607,271.1,446373.0,2980027.0,17631,5863,10201,1147,15968,1720,15131,Saratoga
Sargent County,ND,22.7,21.6,6.2,18.5,91.9,286.0,1.5,0.9,1.8,3.4,0.1,2.1,93.5,90.7,72.8,1864,2190.0,110200.0,2.06,63073,37105,3.5,858.51,6.0,90.5,118152.0,15.0,46.7,252.0,3862,3829,4.5,8750.0,20872.0,480,79,301,0,451,63,350,Sargent
Sarpy County,NE,12.1,27.2,7.1,39.8,95.5,11261.0,0.8,2.7,4.4,10.1,0.1,3.2,88.8,80.1,68.9,66260,71061.0,195300.0,2.72,82032,36058,5.1,238.99,8.3,84.7,791852.0,20.8,49.9,17961.0,190604,158840,664.6,224741.0,2926381.0,11541,3968,5794,1112,9946,1663,9138,Sarpy
Sauk County,WI,19.1,22.7,5.9,24.1,90.9,4603.0,1.4,0.7,1.3,5.4,0.0,1.4,95.1,90.4,68.9,26222,30744.0,182200.0,2.41,59943,30990,3.0,830.9,6.4,85.6,1669549.0,22.0,50.2,4127.0,65763,61976,74.6,542565.0,990808.0,5411,1399,2817,96,5082,465,4585,Sauk
Saunders County,NE,18.9,24.4,6.3,25.4,93.2,1872.0,0.5,0.4,0.6,2.4,0.0,1.5,97.0,94.9,78.1,8501,9906.0,165600.0,2.46,68682,33851,1.1,750.23,2.3,89.3,104625.0,25.3,49.3,1387.0,22278,20780,27.7,4370.0,161665.0,2410,657,1340,38,2276,138,2149,Saunders
Sawyer County,WI,26.7,19.2,4.7,24.2,92.3,1567.0,17.7,0.4,0.7,2.9,-1.0,3.1,78.2,76.7,74.0,7796,16671.0,168400.0,2.06,47714,31772,1.7,1257.31,4.5,86.0,256747.0,21.1,48.8,1290.0,18074,16557,13.2,67156.0,238120.0,2081,334,1259,136,1856,232,1654,Sawyer
Schenectady County,NY,17.3,21.6,5.9,32.1,90.7,8859.0,0.7,5.0,12.7,7.4,0.2,3.8,77.5,72.5,65.7,54302,70106.0,169600.0,2.77,65499,32417,11.1,204.52,9.7,88.7,1709342.0,23.1,51.2,8584.0,158061,154727,756.6,191655.0,1821118.0,10049,3414,5865,1742,7916,1007,8398,Schenectady
Schleicher County,TX,20.0,23.9,4.0,16.6,79.6,292.0,1.1,0.4,1.8,54.6,-1.0,2.3,94.5,42.9,78.9,1075,1515.0,77800.0,2.77,53229,26560,13.9,1310.63,46.1,96.5,575658.0,26.8,50.4,70.0,2451,3461,2.6,33330.5,12253.0,342,76,253,173,159,41,287,Schleicher
Schley County,GA,17.8,23.9,4.9,13.3,87.6,335.0,0.1,0.9,20.3,5.7,-1.0,2.9,75.8,72.1,71.5,1864,2230.0,125300.0,2.8,44448,20965,1.2,166.91,1.6,90.7,123726.0,25.7,52.3,300.0,4547,5010,30.0,897.0,19345.0,241,91,126,27,208,0,211,Schley
Schoharie County,NY,22.7,17.3,4.1,22.4,89.7,1865.0,0.3,0.8,1.6,3.4,0.0,1.7,95.7,92.9,75.8,12559,17588.0,144800.0,2.38,57714,30397,3.0,621.82,4.7,88.0,1246970.0,30.8,49.9,2384.0,29714,32749,52.7,23102.0,319042.0,2072,590,1357,58,1918,362,1633,Schoharie
Schoolcraft County,MI,27.5,17.2,4.3,15.6,90.6,447.0,9.3,0.3,0.4,1.3,-1.0,3.8,86.2,85.3,83.7,3468,6401.0,109900.0,2.28,45500,24647,0.6,1171.36,1.6,90.0,104366.0,18.4,50.8,671.0,8047,8485,7.2,11573.0,124635.0,611,115,344,0,505,74,426,Schoolcraft
Schuyler County,IL,23.4,18.2,4.2,20.4,89.4,458.0,0.2,0.4,3.6,2.3,-1.0,0.7,95.0,92.9,75.7,2775,3446.0,86600.0,2.19,52357,24831,3.1,437.27,3.5,86.7,741144.5,25.4,47.6,494.0,6902,7544,17.3,38907.0,38967.0,543,119,379,25,496,48,436,Schuyler
Schuyler County,MO,19.5,25.7,8.6,12.6,87.6,359.0,0.4,0.3,0.1,1.7,-1.0,1.2,98.0,96.4,69.3,1475,2100.0,71200.0,3.05,42694,19862,0.9,307.3,3.5,88.7,2883.0,27.6,50.4,234.0,4032,4431,14.4,22307.0,48362.0,300,74,217,0,290,67,224,Schuyler
Schuyler County,NY,22.0,18.6,4.7,23.5,90.4,1252.0,0.3,0.7,1.1,2.0,0.0,1.5,96.3,94.6,75.2,7324,9894.0,133100.0,2.42,52327,27678,1.8,328.33,3.3,93.4,1246970.0,26.3,50.2,1539.0,17898,18343,55.9,34915.0,141387.0,1452,440,886,0,1393,215,1122,Schuyler
Schuylkill County,PA,20.7,19.7,4.9,16.6,89.3,6646.0,0.4,0.6,3.6,5.2,0.0,1.3,94.1,90.1,75.7,58749,70013.0,102100.0,2.3,52280,27431,2.0,778.63,5.2,90.6,3400000.0,26.6,48.8,10717.0,143049,148289,190.4,124430.0,1381912.0,8492,2444,5145,390,7749,984,7027,Schuylkill
Scioto County,OH,18.6,21.6,5.8,15.7,84.9,3607.0,0.5,0.4,2.7,1.4,0.0,1.9,94.4,93.2,67.6,29858,34575.0,97800.0,2.43,41330,23719,0.8,610.21,1.3,85.2,1190566.0,25.3,50.5,4918.0,74008,79499,130.3,112768.0,784024.0,5322,1932,2878,196,4953,573,4498,Scioto
Scotland County,MO,18.5,28.8,8.0,14.2,79.9,508.0,0.3,0.2,0.1,1.1,-1.0,1.2,98.1,97.1,77.5,1768,2371.0,113000.0,2.72,50085,27706,0.3,436.67,9.3,86.4,468824.0,19.8,50.6,236.0,4716,4843,11.1,1919.0,39849.0,539,131,353,0,506,84,423,Scotland
Scotland County,NC,18.8,23.1,6.6,15.5,80.2,1860.0,12.8,0.9,38.9,3.3,0.1,2.7,44.6,42.5,60.5,12922,15324.0,85500.0,2.53,37238,19052,2.4,318.85,4.0,86.1,984247.0,23.2,50.4,2199.0,34174,36157,113.4,43786.0,351715.0,2120,1054,851,994,985,247,1744,Scotland
Scott County,AR,21.4,23.0,6.0,9.3,79.1,619.0,2.6,3.1,0.7,7.9,0.0,2.4,91.1,84.2,73.8,3944,5288.0,76300.0,2.61,36092,18281,1.6,892.32,3.4,85.0,297774.0,24.8,49.3,696.0,9836,11233,12.6,4666.0,50360.0,707,119,416,34,647,48,595,Scott
Scott County,IA,16.7,23.6,6.2,31.8,92.8,10665.0,0.4,2.9,8.0,7.0,0.1,3.1,85.5,79.5,69.0,67021,74929.0,163200.0,2.52,61183,33643,4.2,458.09,6.6,88.2,6704530.0,18.8,50.9,11851.0,174669,165224,360.7,440247.0,3098735.0,13534,5380,6403,1623,11334,1220,11381,Scott
Scott County,IL,19.6,21.1,5.0,15.8,93.5,335.0,0.2,0.2,0.6,1.4,0.5,1.0,97.4,96.2,79.9,1939,2451.0,89200.0,2.55,57118,27052,0.9,250.91,1.4,92.4,741144.5,27.9,50.8,364.0,4949,5355,21.3,2678.0,39059.0,434,178,237,0,423,64,360,Scott
Scott County,IN,17.1,22.5,5.8,12.0,83.2,1161.0,0.4,0.9,0.5,2.5,0.1,1.0,97.1,95.1,72.0,8971,10704.0,103000.0,2.6,48700,23646,1.2,190.4,3.2,86.0,866067.0,25.5,51.0,1556.0,24384,24181,127.0,42848.0,240179.0,1476,395,845,0,1324,176,1212,Scott
Scott County,KS,20.2,26.3,5.9,25.1,84.4,452.0,1.4,1.3,0.8,18.3,0.2,1.2,95.1,78.2,70.0,1967,2233.0,136200.0,2.46,65417,29315,7.5,717.54,13.6,84.6,328053.5,12.6,49.6,185.0,5151,4936,6.9,13223.0,56806.0,398,94,159,0,354,0,297,Scott
Scott County,KY,12.4,25.1,6.5,28.4,91.0,3503.0,0.4,1.4,5.5,4.3,0.0,2.0,90.7,87.0,70.0,20551,23110.0,189500.0,2.59,70817,32796,3.6,281.77,5.0,82.7,10844244.0,21.4,50.8,3507.0,57155,47173,167.4,89743.0,573312.0,4132,1572,2022,296,3690,347,3575,Scott
Scott County,MN,11.3,27.1,6.6,39.9,94.7,11234.0,1.1,6.4,5.4,5.3,0.1,2.5,84.5,80.1,82.8,49479,52722.0,299700.0,2.9,102152,42155,9.5,356.48,13.4,89.6,2301458.0,26.1,50.2,5480.0,150928,129928,364.5,581160.0,1337067.0,11337,4049,5762,1095,9924,694,10256,Scott
Scott County,MO,18.6,24.0,6.5,16.3,85.0,2328.0,0.4,0.5,12.1,2.4,0.1,1.9,85.1,83.1,66.7,15230,17342.0,109200.0,2.5,44139,24921,1.2,419.99,2.7,84.2,847667.0,20.9,51.5,2732.0,38059,39191,93.3,52755.0,415684.0,2882,879,1507,258,2464,442,2231,Scott
Scott County,MS,15.4,26.7,8.0,11.4,74.0,1622.0,0.7,0.6,38.6,11.9,0.4,1.5,58.2,48.9,74.1,10180,11810.0,71300.0,2.76,34943,22203,7.2,609.19,11.6,91.6,483799.0,26.0,50.9,1159.0,27990,28264,46.4,26372.0,243762.0,1818,710,881,616,1141,205,1520,Scott
Scott County,TN,17.2,24.1,6.1,9.2,79.8,1346.0,0.4,0.3,0.3,1.1,0.0,1.0,98.0,97.0,70.0,8664,10043.0,99000.0,2.49,38864,20849,0.4,532.3,1.0,88.8,113666.0,27.9,50.9,1406.0,21850,22228,41.8,14356.0,153345.0,1520,298,997,0,1467,219,1246,Scott
Scott County,VA,24.9,17.8,4.1,13.3,81.4,890.0,0.3,0.2,0.9,1.5,0.1,0.9,97.6,96.4,77.4,8773,11966.0,94800.0,2.41,39820,22898,1.2,535.53,1.7,90.7,486781.0,29.3,49.7,1498.0,21576,23177,43.3,44317.0,210545.0,1151,392,650,0,1080,25,1068,Scott
Scotts Bluff County,NE,19.6,24.7,6.6,22.9,88.0,2559.0,3.5,0.9,1.2,24.2,0.1,1.6,92.7,71.6,66.9,14732,16380.0,128100.0,2.4,49745,27978,3.8,739.4,11.9,84.1,270731.0,14.3,51.4,2213.0,36084,36970,50.0,4370.0,73832.0,3066,893,1453,426,2460,274,2569,Scotts Bluff
Screven County,GA,19.5,21.2,6.1,15.4,83.5,976.0,0.5,0.7,41.0,2.5,0.0,1.4,56.5,54.8,73.5,5098,6821.0,81200.0,2.66,39842,22213,1.7,645.1,2.5,90.9,173378.0,31.3,50.3,950.0,14067,14593,22.6,33983.0,74492.0,994,419,472,368,598,62,855,Screven
Scurry County,TX,15.4,24.8,6.7,16.2,78.7,1105.0,1.4,0.8,5.5,40.8,0.1,1.9,90.4,52.4,75.2,5941,7219.0,85500.0,2.55,54326,24552,6.5,905.44,26.3,88.3,43003.0,15.9,45.9,794.0,16932,16921,18.7,29442.0,242292.0,1298,298,750,190,1025,171,929,Scurry
Searcy County,AR,26.0,19.5,5.1,11.9,81.8,781.0,1.6,0.4,0.5,2.8,0.0,2.5,95.0,92.6,73.9,3327,4948.0,103500.0,2.35,36438,20410,1.0,666.1,0.8,88.3,602802.0,27.0,49.9,682.0,7828,8195,12.3,17679.0,49780.0,690,202,414,25,639,53,591,Searcy
Sebastian County,AR,16.4,24.0,6.7,21.3,84.1,8902.0,2.4,4.7,7.0,14.8,0.2,3.8,81.8,68.7,58.8,51228,57407.0,123100.0,2.45,46228,25961,9.0,531.91,15.1,82.6,5156484.0,19.0,51.1,8542.0,127799,125744,236.4,242106.0,1944468.0,11016,3316,5915,1627,8540,1202,8701,Sebastian
Sedgwick County,CO,27.1,19.6,4.4,19.5,87.0,195.0,1.2,1.4,0.9,16.3,0.2,2.6,93.6,79.9,71.4,967,1432.0,97100.0,2.36,43150,27527,2.9,548.04,7.1,86.5,80356.5,21.5,50.3,185.0,2404,2379,4.3,1440.0,28083.0,161,0,81,0,131,0,128,Sedgwick
Sedgwick County,KS,14.9,25.4,6.7,30.9,89.6,33067.0,1.3,4.6,9.3,15.0,0.1,3.9,80.9,67.6,62.9,197229,222269.0,140700.0,2.57,56524,29530,8.6,997.51,14.7,83.1,15547099.0,19.3,50.6,31794.0,523824,498365,499.6,1029758.0,7201507.0,39648,13493,20313,6300,31578,3558,33212,Sedgwick
Seminole County,FL,16.0,20.8,5.2,39.6,94.3,46371.0,0.5,5.0,13.1,22.5,0.1,2.9,78.6,58.9,64.6,173668,193936.0,242600.0,2.63,66768,35175,14.1,309.22,23.4,84.5,1567544.0,27.5,51.6,27558.0,470856,422718,1367.0,761114.0,6972028.0,46692,17156,24154,13200,31826,4420,40279,Seminole
Seminole County,GA,23.2,20.8,5.2,16.2,86.0,555.0,0.3,0.8,33.1,3.6,0.0,1.6,64.1,61.4,65.3,3363,4813.0,81100.0,2.44,33357,29614,0.7,235.23,1.4,92.2,554410.0,26.7,52.0,672.0,9147,8729,37.1,33983.0,73036.0,744,426,231,248,472,70,613,Seminole
Seminole County,OK,18.4,24.5,6.3,14.3,84.3,1333.0,20.1,0.4,4.3,5.3,0.1,7.9,67.2,64.1,68.0,9317,11724.0,74400.0,2.6,39373,20666,1.8,632.84,4.9,86.1,129749.0,23.4,51.0,1908.0,23556,25482,40.3,23610.0,233466.0,1853,650,833,260,1499,208,1435,Seminole
Seneca County,NY,19.6,20.0,5.1,21.1,84.8,1901.0,0.5,0.8,5.4,3.7,0.0,1.8,91.4,88.6,73.9,13564,16432.0,107100.0,2.31,54545,28245,2.5,323.71,7.3,87.0,674190.0,21.7,47.5,2369.0,33814,35251,108.9,35312.0,489878.0,2290,561,1418,63,2050,386,1719,Seneca
Seneca County,OH,18.6,21.7,5.6,16.8,91.7,2908.0,0.3,0.8,2.7,5.4,0.0,2.3,94.0,89.2,72.3,21648,24168.0,106500.0,2.41,52500,27100,1.9,551.02,3.9,85.3,1262602.0,21.9,50.0,3599.0,55069,56745,103.0,53377.0,586521.0,3494,1287,1600,148,3134,310,2913,Seneca
Sequatchie County,TN,20.8,20.6,5.4,15.1,81.6,1063.0,0.6,0.5,0.8,3.7,0.1,1.7,96.4,93.2,74.7,5528,6527.0,142500.0,2.64,49370,23050,2.0,265.86,3.0,90.6,674991.0,34.2,50.5,1262.0,15826,14112,53.1,40960.0,103989.0,1119,321,666,104,989,163,861,Sequatchie
Sequoyah County,OK,18.8,23.2,6.3,14.4,81.3,2958.0,22.5,0.8,1.8,4.3,0.1,9.9,64.8,62.3,71.9,15474,19483.0,97800.0,2.67,40351,20384,1.6,673.27,4.0,85.1,460737.5,25.0,50.7,2968.0,39281,42391,63.0,40216.0,387675.0,3104,913,1660,862,2088,209,2765,Sequoyah
Sevier County,AR,14.9,28.6,7.5,12.8,76.5,912.0,3.6,0.6,4.2,34.3,1.3,2.6,87.8,56.0,71.4,5885,6999.0,84300.0,2.88,47704,22320,16.4,565.13,32.6,92.0,602802.0,26.4,49.9,908.0,15839,17058,30.2,10251.0,190490.0,1042,280,604,151,841,178,806,Sevier
Sevier County,TN,20.3,20.4,5.4,17.4,85.0,8232.0,0.7,1.2,1.4,6.4,0.1,1.6,95.0,89.4,69.4,37210,58720.0,175500.0,2.58,49610,25283,5.2,592.5,6.9,86.3,263233.0,25.8,50.9,6485.0,98380,89889,151.7,832695.0,1561092.0,9157,2963,5318,522,8363,736,7937,Sevier
Sevier County,UT,16.5,28.9,7.4,18.5,90.6,1516.0,1.6,0.4,0.6,5.5,0.2,1.4,95.8,91.3,78.1,7364,8970.0,164800.0,2.84,54799,23514,2.0,1910.58,6.1,84.3,45129.0,17.3,49.0,1112.0,21522,20802,10.9,26906.0,331830.0,1521,433,743,68,1392,132,1321,Sevier
Seward County,KS,10.1,31.9,9.1,11.0,66.3,1298.0,1.7,3.0,4.6,63.1,0.2,1.9,88.7,28.9,66.7,7321,8275.0,105300.0,2.98,49291,20754,30.6,639.5,58.9,83.9,328053.5,15.5,48.8,541.0,21964,22952,35.9,40423.0,317140.0,1838,458,1011,495,1229,215,1473,Seward
Seward County,NE,17.2,23.6,5.9,28.9,94.0,1349.0,0.5,0.5,0.8,2.6,0.0,1.4,96.7,94.5,71.7,6600,7262.0,168200.0,2.38,70389,32040,1.5,571.43,3.3,84.3,576786.0,21.5,48.8,969.0,17609,16750,29.3,18581.0,105630.0,1400,303,654,0,1309,160,1153,Seward
Shackelford County,TX,21.2,22.8,5.6,30.5,86.4,506.0,1.0,0.5,1.8,11.3,0.1,1.8,94.8,85.2,79.6,1317,1787.0,91400.0,2.48,46935,24852,3.1,914.29,7.1,85.4,575658.0,21.5,51.1,230.0,3105,3378,3.7,33330.5,16127.0,508,116,270,0,479,31,420,Shackelford
Shannon County,MO,22.6,21.3,5.5,14.9,80.0,767.0,1.4,0.3,0.5,2.0,0.0,2.6,95.2,93.5,73.4,3064,4174.0,124900.0,2.64,34265,17387,0.2,1003.82,1.1,84.0,51073.0,25.3,50.2,687.0,7031,8441,8.4,3383.0,28433.0,859,243,453,35,808,62,782,Shannon
Sharkey County,MS,20.0,24.7,6.4,19.5,77.5,388.0,0.2,0.6,71.0,2.3,-1.0,0.8,27.5,25.9,64.1,1751,2158.0,64400.0,2.44,29394,19958,1.0,431.72,0.1,94.9,483799.0,23.8,52.2,139.0,3800,4916,11.4,26152.0,31541.0,407,191,186,229,155,43,336,Sharkey
Sharp County,AR,26.4,20.5,5.5,10.2,83.5,1187.0,1.1,0.6,1.0,2.6,0.1,2.1,95.1,92.8,77.2,7447,9900.0,80700.0,2.27,34671,21423,0.8,604.44,1.1,83.6,602802.0,22.2,50.8,1840.0,17271,17264,28.6,13138.0,152565.0,1449,493,774,35,1387,166,1200,Sharp
Shasta County,CA,21.1,21.6,5.8,22.2,91.1,11945.0,3.2,3.1,1.2,10.5,0.2,4.6,87.6,79.2,64.0,71181,78618.0,252300.0,2.47,54667,29720,5.5,3775.4,8.3,85.9,511871.0,20.5,50.9,13808.0,182155,177223,46.9,285536.0,2507063.0,13342,4162,7068,1752,10680,1422,10968,Shasta
Shawano County,WI,21.6,21.4,5.4,15.7,91.4,2482.0,8.6,0.5,0.6,2.9,0.1,2.2,88.0,86.2,77.3,17004,20989.0,136700.0,2.37,56531,29338,1.2,893.06,2.8,90.5,633221.0,23.6,49.6,2783.0,40881,41949,47.0,60591.5,397144.0,3375,631,2029,158,3060,249,2894,Shawano
Shawnee County,KS,18.8,23.3,6.0,30.9,92.2,9619.0,1.4,1.6,8.5,12.8,0.1,4.2,84.2,73.5,64.4,72267,80227.0,132500.0,2.39,56762,30974,4.1,544.02,8.3,85.9,2588284.0,18.0,51.6,12707.0,178909,177934,327.1,13223.0,2364323.0,13147,4379,6871,1431,10998,1204,10891,Shawnee
Sheboygan County,WI,18.5,21.9,5.5,25.1,93.2,5449.0,0.6,5.8,2.3,6.7,0.1,1.7,89.6,83.5,70.0,47738,51436.0,159700.0,2.35,60696,31510,5.6,511.27,9.6,88.2,7346168.0,18.2,49.6,6560.0,118034,115507,225.9,188755.0,1400026.0,7003,2082,3700,395,6268,557,5909,Sheboygan
Shelby County,AL,16.0,23.2,5.6,42.9,92.7,18361.0,0.4,2.3,13.3,5.8,0.1,1.4,82.5,77.2,80.5,79630,89133.0,211900.0,2.64,77799,38549,5.6,784.93,8.2,86.8,1700041.0,28.9,51.7,12648.0,223024,195085,248.5,334421.0,2567384.0,18665,5937,10504,2636,15391,2036,15653,Shelby
Shelby County,IA,23.1,22.5,5.2,22.2,92.4,963.0,0.5,0.6,1.2,3.3,0.1,1.0,96.7,94.1,77.5,5030,5591.0,121200.0,2.27,58000,32703,1.9,590.78,2.9,91.1,176310.0,18.9,50.4,821.0,11746,12167,20.6,20428.0,175303.0,1311,352,700,0,1241,112,1067,Shelby
Shelby County,IL,23.2,21.1,5.5,16.8,92.3,1278.0,0.3,0.3,0.4,1.2,0.0,1.0,98.0,97.0,81.0,9189,10639.0,96500.0,2.34,52953,27029,0.5,758.52,0.8,90.6,741144.5,24.7,50.2,1502.0,20990,22363,29.5,14212.0,155023.0,1653,526,885,0,1614,125,1366,Shelby
Shelby County,IN,17.5,22.6,5.9,18.7,87.3,2853.0,0.3,0.8,1.4,4.4,0.1,1.3,96.0,92.1,73.3,17823,19500.0,133200.0,2.45,60404,29583,2.5,411.15,4.2,88.3,2700713.0,24.3,50.3,2936.0,45055,44436,108.1,62618.0,502403.0,3602,1096,2042,95,3380,216,3152,Shelby
Shelby County,KY,15.8,22.4,6.0,24.9,86.5,3564.0,0.6,1.1,7.3,9.8,0.2,2.3,88.6,80.1,70.2,16624,18448.0,197300.0,2.75,67056,32468,5.8,379.64,9.2,87.3,1484511.0,26.5,51.3,2473.0,48065,42074,110.8,35974.5,569082.0,3461,1137,1711,226,3076,303,2848,Shelby
Shelby County,MO,21.8,24.1,6.6,18.1,90.7,434.0,0.4,0.2,0.9,2.2,-1.0,1.5,97.0,95.1,73.8,2432,3201.0,72200.0,2.36,44083,24304,0.9,500.86,3.6,86.8,468824.0,21.1,49.7,405.0,6103,6373,12.7,2277.0,58939.0,637,169,369,0,610,31,567,Shelby
Shelby County,OH,17.0,24.6,6.5,18.7,90.2,2805.0,0.2,1.2,2.3,1.6,0.1,2.1,93.9,92.6,71.2,18608,20525.0,145600.0,2.6,63806,29381,1.7,407.68,2.3,87.5,7166112.0,18.4,49.8,2944.0,48230,49423,121.2,58155.0,490002.0,3147,969,1692,63,2871,310,2607,Shelby
Shelby County,TN,14.0,24.8,6.9,31.6,88.4,84799.0,0.3,2.8,54.3,6.6,0.1,1.6,40.9,35.3,55.1,351194,407273.0,150400.0,2.62,51657,30104,6.5,763.17,9.6,85.2,22412702.0,22.8,52.6,50343.0,929744,927644,1215.5,1889742.0,22058481.0,95433,45031,43633,52295,40569,9486,82645,Shelby
Shelby County,TX,17.9,26.0,7.1,13.8,76.4,1725.0,1.0,1.4,17.8,18.7,0.1,1.5,78.2,61.3,73.6,9293,12432.0,78100.0,2.71,42522,21950,8.2,795.58,18.2,89.2,577292.0,25.5,50.4,1143.0,24022,25448,32.0,33330.5,302132.0,2031,559,1136,283,1660,216,1651,Shelby
Shenandoah County,VA,22.2,21.0,5.5,20.5,87.0,2968.0,0.5,1.1,2.9,7.4,0.1,1.9,93.6,87.2,70.9,17402,21335.0,213200.0,2.46,57252,28882,4.7,508.78,7.4,85.7,796165.0,29.5,50.9,3374.0,44186,41993,82.5,56039.0,499549.0,3319,1117,1619,251,2972,388,2703,Shenandoah
Sherburne County,MN,11.7,26.2,6.8,26.6,94.6,6717.0,0.6,1.3,3.2,2.8,0.0,2.1,92.8,90.5,83.6,32206,34757.0,230500.0,2.87,89250,35439,3.4,432.92,4.9,86.5,857742.0,32.4,48.7,5201.0,97183,88499,204.4,86303.0,795479.0,7665,2235,4370,261,7221,604,6628,Sherburne
Sheridan County,KS,23.7,24.4,6.0,22.0,96.1,267.0,0.6,0.4,0.8,5.7,0.0,1.1,97.1,92.2,76.7,1134,1252.0,113900.0,2.18,62885,35465,2.6,895.96,6.0,89.3,328053.5,16.0,49.5,171.0,2447,2556,2.9,13223.0,20966.0,304,71,216,0,282,0,208,Sheridan
Sheridan County,MT,23.3,20.9,5.9,23.9,91.9,308.0,2.4,0.5,0.6,4.2,-1.0,3.5,93.0,90.3,78.8,1639,2158.0,127500.0,2.07,55521,36091,2.1,1677.08,1.4,90.2,16801.0,17.2,48.6,246.0,3539,3384,2.0,6904.0,61058.0,605,151,279,0,572,59,517,Sheridan
Sheridan County,ND,34.1,17.9,4.9,14.6,87.5,107.0,1.5,0.3,0.3,1.4,0.1,1.8,96.0,95.0,79.8,731,930.0,84400.0,1.93,51055,32627,0.6,972.38,3.4,88.9,118152.0,23.7,49.6,98.0,1265,1321,1.4,8750.0,5513.0,144,90,49,0,138,0,129,Sheridan
Sheridan County,NE,26.7,22.0,6.2,22.8,90.6,428.0,11.1,0.4,0.4,6.1,0.3,3.8,84.0,80.7,68.8,2273,2912.0,72300.0,2.24,45371,29477,1.7,2440.86,4.4,86.3,231681.5,17.9,50.7,470.0,5127,5469,2.2,4800.0,55733.0,677,154,285,25,632,65,511,Sheridan
Sheridan County,WY,21.7,21.1,5.1,31.0,95.3,3633.0,1.3,0.9,0.9,4.4,0.1,1.7,95.0,91.4,68.8,13251,15214.0,272400.0,2.2,60807,35254,2.0,2523.99,3.2,84.9,102299.0,15.3,49.9,2563.0,30921,29116,11.5,68684.0,475916.0,3649,954,1859,115,3368,257,3137,Sheridan
Sherman County,KS,19.5,24.8,6.8,21.8,92.3,476.0,0.6,0.5,1.1,12.4,0.2,2.1,95.5,84.0,66.9,2544,3116.0,111400.0,2.25,54754,27919,3.8,1056.07,11.4,82.7,328053.5,12.2,50.0,240.0,5927,6010,5.7,13223.0,132257.0,740,203,414,51,648,41,637,Sherman
Sherman County,NE,28.1,21.3,5.2,20.2,93.0,260.0,0.4,0.4,0.3,2.2,-1.0,0.6,98.2,96.3,77.2,1368,1958.0,88700.0,2.17,50781,28448,1.5,565.83,3.3,94.4,231681.5,25.0,50.9,183.0,2959,3152,5.6,2506.0,59084.0,329,59,218,0,318,39,269,Sherman
Sherman County,OR,25.4,18.9,5.0,17.3,89.3,126.0,2.9,0.8,0.4,6.9,0.1,2.4,93.4,87.7,64.6,748,943.0,159800.0,2.18,51071,31615,1.3,823.69,3.4,89.4,579399.0,24.5,48.0,178.0,1870,1765,2.1,4627.0,557636.0,136,53,73,0,124,0,116,Sherman
Sherman County,TX,15.3,26.7,6.4,15.0,79.0,235.0,1.3,0.8,1.9,44.2,-1.0,1.3,94.7,52.9,72.6,1019,1350.0,99800.0,2.97,51926,30467,17.2,923.04,36.4,92.9,575658.0,22.7,47.8,150.0,2782,3034,3.3,33330.5,28484.0,311,106,173,46,257,0,296,Sherman
Shiawassee County,MI,19.0,20.8,5.2,17.0,92.2,4249.0,0.6,0.5,0.8,3.1,0.1,1.6,96.4,93.8,75.6,27593,30269.0,122300.0,2.45,56032,28437,0.9,530.67,1.7,90.2,466508.0,27.1,50.4,4768.0,68094,70648,133.1,61730.0,713931.0,5055,1378,3209,126,4791,465,4400,Shiawassee
Shoshone County,ID,23.1,20.5,6.2,11.5,86.2,803.0,1.8,0.7,0.7,3.6,0.2,2.7,94.0,91.1,70.0,5466,7164.0,127900.0,2.25,39386,23987,1.2,2629.67,4.4,81.7,172944.0,20.0,49.7,1226.0,13169,12765,4.9,11378.5,518234.0,797,321,322,25,731,74,661,Shoshone
Sibley County,MN,18.9,23.0,5.6,16.4,90.7,1057.0,0.5,0.7,0.8,9.3,0.1,1.4,96.5,88.0,79.1,6031,6630.0,159200.0,2.43,63439,32016,5.1,588.78,9.5,91.9,1018429.0,25.6,49.5,780.0,14836,15226,25.9,38159.0,75851.0,1233,389,612,44,1156,138,1019,Sibley
Sierra County,CA,32.0,16.5,4.6,17.9,92.4,259.0,2.6,0.9,0.7,12.7,0.1,3.1,92.6,82.1,75.4,1319,2368.0,231400.0,2.28,52148,33747,2.3,953.21,9.7,94.7,2696230.0,30.6,49.8,292.0,3236,3240,3.4,378595.0,5072.0,269,64,183,0,242,0,222,Sierra
Sierra County,NM,37.4,15.8,4.8,21.1,84.0,733.0,3.1,1.0,0.8,31.0,0.1,3.3,91.8,64.0,73.9,5555,8602.0,117400.0,1.94,29755,25344,4.5,4178.96,20.4,90.8,268581.0,18.2,49.8,1442.0,11576,11988,2.9,15787.0,102090.0,837,299,333,209,558,104,652,Sierra
Silver Bow County,MT,19.5,20.2,5.6,27.2,92.5,2315.0,2.3,0.7,0.7,4.7,0.1,2.4,93.7,90.2,68.9,14960,17466.0,149800.0,2.24,45718,27706,2.8,718.48,3.2,83.6,16801.0,15.3,49.7,2699.0,35133,34200,47.6,102350.0,610060.0,3068,1229,1129,177,2703,252,2530,Silver Bow
Simpson County,KY,16.7,23.7,6.4,14.2,87.0,1310.0,0.4,0.8,9.6,2.6,0.1,2.1,87.0,85.0,65.0,7028,8033.0,135200.0,2.53,48623,24458,1.2,234.2,2.7,90.3,1387332.0,20.3,50.9,1091.0,19594,17327,74.0,39974.0,389598.0,1531,339,904,80,1360,259,1135,Simpson
Simpson County,MS,18.1,23.3,5.6,16.2,79.7,1884.0,0.4,0.6,35.2,1.9,0.1,1.1,62.7,61.5,79.7,9486,12288.0,87900.0,2.77,43850,23520,1.1,589.16,1.7,86.7,483799.0,32.0,51.6,1389.0,25949,27503,46.7,31674.0,234747.0,2142,893,1043,778,1291,200,1852,Simpson
Sioux County,IA,16.3,26.9,7.0,29.1,90.2,2848.0,0.6,0.9,0.8,11.2,0.1,0.8,96.8,86.5,80.3,12248,13141.0,167500.0,2.66,69844,29360,5.9,768.33,9.1,90.6,1596616.0,12.9,49.7,1454.0,35872,33704,43.9,40619.0,433310.0,3219,725,1884,51,3002,288,2603,Sioux
Sioux County,ND,8.5,35.8,9.9,15.0,83.7,112.0,81.4,0.2,0.7,5.1,0.0,4.0,13.6,12.5,43.4,1112,1353.0,83800.0,3.88,38939,15649,0.2,1094.09,5.3,88.4,118152.0,18.3,49.9,157.0,3898,4153,3.8,8750.0,93240.0,204,79,89,99,98,36,158,Sioux
Sioux County,NE,30.5,17.3,4.5,30.6,93.2,107.0,1.5,0.3,0.3,5.3,-1.0,2.1,95.7,91.6,72.1,544,828.0,117700.0,2.24,48269,28646,2.3,2066.74,2.8,94.5,231681.5,21.6,48.3,87.0,1135,1311,0.6,4370.0,73832.0,48,0,0,0,40,0,39,Sioux
Siskiyou County,CA,26.1,20.1,5.0,23.2,90.2,3347.0,5.1,1.6,1.5,13.2,0.4,5.5,85.9,75.2,65.0,19240,24226.0,198900.0,2.23,45241,28615,5.4,6277.89,8.9,83.4,203399.0,18.4,50.3,3871.0,44076,44900,7.2,71463.0,426654.0,3489,1151,1626,411,2867,283,3028,Siskiyou
Sitka City and Borough,AK,16.1,20.6,5.0,33.4,94.7,1320.0,15.7,7.6,1.0,7.4,0.4,9.4,65.8,61.7,59.3,3547,4252.0,358600.0,2.36,73682,39615,8.4,2870.34,12.4,79.6,104944.0,10.9,49.0,593.0,8458,8881,3.1,30347.0,98539.0,1649,350,921,192,1369,168,1294,Sitka
Skagit County,WA,21.5,21.5,5.8,26.2,90.2,8065.0,2.7,2.3,1.1,18.6,0.4,3.2,90.3,74.1,68.6,48493,54914.0,306000.0,2.55,67028,33168,10.3,1731.2,17.1,84.4,11529427.0,26.0,50.5,10877.0,129523,116901,67.5,291510.0,1999168.0,9505,2889,4460,1028,8059,845,7902,Skagit
Skagway Municipality,AK,15.8,15.4,4.7,29.6,94.7,141.0,5.5,2.4,0.8,6.7,0.3,4.7,86.3,80.8,53.3,375,719.0,338500.0,2.51,73906,39453,8.9,452.33,11.0,76.2,104944.0,5.7,47.6,59.0,1240,968,2.1,13021.0,32222.0,191,55,80,0,139,0,140,Skagway
Skamania County,WA,22.1,18.3,4.3,24.5,91.6,752.0,2.0,1.1,0.7,6.8,0.3,3.2,92.8,87.0,74.5,4816,5992.0,296700.0,2.43,65181,32221,3.7,1655.68,4.1,91.6,874205.0,29.9,49.1,1170.0,12036,11066,6.7,32890.0,25226.0,752,262,326,41,629,111,498,Skamania
Slope County,ND,23.7,20.3,6.0,25.9,90.1,59.0,2.9,-1.0,1.1,4.1,-1.0,0.7,95.3,93.1,82.2,326,456.0,101800.0,2.28,63611,33798,0.3,1214.92,1.1,97.7,118152.0,24.4,48.0,43.0,706,727,0.6,8750.0,93240.0,53,0,47,0,51,0,52,Slope
Smith County,KS,28.0,20.7,6.2,22.3,93.0,329.0,0.5,0.5,0.3,2.3,0.1,2.5,96.1,94.2,77.1,1701,2232.0,70200.0,2.09,43429,28994,1.0,895.47,1.2,87.7,328053.5,14.4,49.7,305.0,3570,3853,4.3,13223.0,67418.0,456,126,233,0,418,84,336,Smith
Smith County,MS,20.5,22.9,5.9,12.2,79.2,993.0,0.2,0.1,23.7,1.8,0.0,0.7,75.3,73.9,83.0,5820,7439.0,102600.0,2.73,43105,23698,0.9,636.25,2.0,94.6,321111.0,34.2,51.7,810.0,14209,16491,25.9,26152.0,47195.0,936,376,439,223,697,118,792,Smith
Smith County,TN,17.3,22.3,6.0,14.4,85.3,1419.0,0.5,0.5,2.3,3.1,0.0,1.6,95.3,92.6,73.9,7603,8898.0,146900.0,2.57,48068,28797,1.8,314.29,1.9,91.0,674991.0,31.3,50.3,1089.0,19904,19166,61.0,40960.0,158860.0,1349,512,660,37,1271,52,1256,Smith
Smith County,TX,16.9,24.4,6.7,26.4,85.8,19718.0,0.8,1.6,17.8,20.1,0.1,1.8,77.8,59.1,66.4,77678,91845.0,158600.0,2.86,56810,28483,8.3,921.45,16.8,87.1,5066111.0,24.4,51.8,11784.0,233479,209714,227.6,427106.0,3388949.0,19447,5904,10654,4043,14586,1801,16475,Smith
Smyth County,VA,22.6,19.1,4.7,14.6,83.3,1397.0,0.2,0.5,2.5,2.0,0.0,1.1,95.7,94.0,71.5,12686,15352.0,95800.0,2.36,40932,21605,1.4,450.93,2.6,88.2,832988.0,21.9,51.1,2147.0,29800,32208,71.4,28962.0,271994.0,2013,644,1192,44,1890,294,1608,Smyth
Snohomish County,WA,14.0,22.4,6.3,32.8,92.3,51383.0,1.6,12.0,3.8,10.6,0.7,4.9,77.0,68.1,67.1,293823,318057.0,403000.0,2.68,86691,39527,16.1,2087.27,21.4,84.2,874205.0,32.6,49.8,51606.0,827957,713335,341.8,1168529.0,9130759.0,54719,18624,26532,10303,42134,5268,46036,Snohomish
Snyder County,PA,19.5,20.7,5.4,19.8,86.6,2912.0,0.2,0.7,1.4,2.2,0.1,1.1,96.6,94.9,72.2,14794,16530.0,166100.0,2.58,58997,27482,1.4,328.71,9.1,88.5,678674.0,23.4,50.4,2201.0,39736,39702,120.8,79939.0,630192.0,3550,1123,2077,94,3308,294,3063,Snyder
Socorro County,NM,20.1,22.2,5.6,22.0,81.8,725.0,14.7,2.3,1.4,49.8,0.1,2.7,78.8,33.5,73.4,4520,8289.0,124100.0,3.62,42083,18948,6.9,6646.68,39.1,88.6,268581.0,19.6,50.1,1173.0,16595,17866,2.7,24848.0,119801.0,961,332,461,434,425,107,774,Socorro
Solano County,CA,16.3,22.0,6.0,26.9,88.4,26699.0,1.3,16.2,14.8,27.3,1.0,7.1,59.6,37.2,61.5,149865,159806.0,406900.0,2.88,81472,35400,20.1,821.77,29.9,85.6,11412211.0,33.2,50.2,33337.0,453491,413344,503.0,625627.0,5106627.0,25724,10091,11695,11202,13085,2296,21710,Solano
Somerset County,MD,17.3,16.9,4.6,14.4,81.3,1449.0,0.5,1.0,41.5,4.0,0.1,2.7,54.2,51.4,65.0,8574,11476.0,139100.0,2.3,37803,18772,4.7,319.72,5.9,83.2,223208.0,24.4,45.9,1490.0,24620,26470,82.8,12769.0,112241.0,1692,481,940,291,1365,135,1466,Somerset
Somerset County,ME,21.3,18.8,4.7,16.5,88.4,3195.0,0.6,0.7,0.6,1.2,0.0,1.6,96.4,95.4,76.1,21321,31028.0,115700.0,2.33,44256,24386,1.7,3924.4,3.1,86.8,1607252.0,26.5,50.3,4303.0,50477,52228,13.3,43770.0,610982.0,4142,1061,2436,166,3846,558,3227,Somerset
Somerset County,NJ,16.2,21.5,5.0,54.7,94.5,28681.0,0.4,18.8,10.5,15.2,0.1,2.1,68.1,54.8,75.8,118193,127513.0,430700.0,2.75,113611,55828,25.1,301.81,31.4,90.8,4974693.0,32.5,51.1,9579.0,345361,323444,1071.7,739850.0,5609291.0,32335,9621,19101,8766,22289,2504,28249,Somerset
Somerset County,PA,23.0,17.7,4.6,15.9,88.2,4506.0,0.2,0.5,3.1,1.6,0.0,0.8,95.4,94.1,78.1,29644,38585.0,107000.0,2.33,49089,25781,0.9,1074.37,4.1,91.4,836124.0,25.2,47.7,5847.0,74129,77742,72.4,137192.0,781086.0,5941,1579,3513,98,5619,638,4851,Somerset
Somervell County,TX,19.4,22.0,5.0,26.4,89.6,903.0,1.7,1.1,1.3,18.1,0.0,2.2,93.7,77.8,80.3,3123,3907.0,219000.0,2.73,60632,29449,3.8,186.46,10.2,89.5,575658.0,30.0,50.6,476.0,9205,8490,45.5,22991.0,47757.0,730,206,426,128,567,81,606,Somervell
Sonoma County,CA,20.7,19.3,4.8,35.5,88.8,46153.0,2.2,4.6,2.1,27.3,0.4,4.0,86.8,62.9,61.5,189374,208305.0,609600.0,2.59,81018,42178,16.4,1575.85,25.6,86.5,6131694.0,25.6,51.2,25613.0,488863,483878,307.1,1058691.0,6016331.0,52975,19302,26518,9178,41571,4296,45989,Sonoma
Southampton County,VA,20.8,18.6,4.2,18.4,84.8,948.0,0.5,0.5,34.7,2.0,0.1,1.9,62.3,61.0,74.8,6562,7673.0,178500.0,2.5,61348,26600,0.5,599.15,1.6,87.9,106431.0,31.0,48.3,1852.0,17996,18570,31.0,3825.0,55663.0,1050,371,651,354,665,182,848,Southampton
Southeast Fairbanks Census Area,AK,15.6,24.9,7.7,19.7,89.9,539.0,12.0,2.5,2.1,7.0,0.6,5.4,77.4,72.4,73.5,2170,3904.0,170900.0,3.05,70056,32193,11.0,24768.81,19.1,79.6,104944.0,14.4,45.0,689.0,6808,7029,0.3,16534.0,78590.0,696,172,349,37,624,73,531,Southeast Fairbanks
Spalding County,GA,18.3,23.5,6.4,17.8,81.9,5166.0,0.5,1.0,34.9,5.0,0.1,1.9,61.5,57.5,62.5,24336,27795.0,122800.0,2.63,47111,24582,3.1,196.47,4.1,89.0,2404744.0,29.2,52.0,4422.0,67306,64073,326.1,86893.0,638821.0,5364,2148,2743,2038,3142,622,4495,Spalding
Spartanburg County,SC,16.4,23.1,6.1,24.5,85.7,21822.0,0.4,2.6,20.9,7.3,0.1,2.0,74.0,67.8,70.6,116645,134023.0,141400.0,2.57,52332,27240,6.3,807.93,10.1,85.5,15038106.0,23.0,51.4,18155.0,327997,284307,351.9,477921.0,3966747.0,21249,6698,12904,3525,16929,2670,17358,Spartanburg
Spencer County,IN,20.0,21.6,5.3,15.2,90.5,1158.0,0.3,0.3,1.0,3.0,-1.0,1.2,97.1,94.6,81.9,8127,9182.0,127700.0,2.48,57305,31287,1.6,396.74,3.0,90.9,1634151.0,26.3,49.6,1657.0,19810,20952,52.8,19385.0,130084.0,1540,421,907,40,1450,166,1265,Spencer
Spencer County,KY,14.6,22.5,5.7,20.3,90.4,1354.0,0.3,0.4,1.8,2.8,0.1,1.4,96.0,93.6,85.1,6763,7521.0,213300.0,2.74,80166,33661,0.8,186.68,1.7,90.2,559741.0,32.6,49.3,1115.0,19490,17061,91.4,7002.0,81095.0,1006,487,354,60,932,51,941,Spencer
Spink County,SD,21.2,23.0,6.4,21.8,91.1,508.0,2.7,0.2,0.7,3.4,0.0,1.0,95.4,93.4,74.2,2624,3269.0,82800.0,2.42,54423,35393,0.7,1503.93,5.6,89.4,109693.0,15.5,49.8,444.0,6361,6415,4.3,4797.0,46140.0,687,180,335,0,646,53,559,Spink
Spokane County,WA,16.6,22.0,6.0,30.8,93.8,32197.0,1.8,2.4,2.0,6.1,0.6,4.2,88.9,84.0,62.4,202811,223079.0,224800.0,2.41,56904,31146,5.4,1763.79,7.4,80.6,3943094.0,22.0,50.4,43294.0,539339,471221,267.2,1062633.0,6560827.0,36392,11526,17704,2726,32022,3801,29695,Spokane
Spotsylvania County,VA,14.7,24.5,6.1,31.7,91.2,9182.0,0.5,2.8,17.5,10.7,0.2,3.6,75.4,66.6,78.1,44436,49599.0,284000.0,2.98,88628,37212,6.8,401.5,10.1,87.9,476138.5,38.3,50.8,14009.0,140032,122397,304.9,190400.0,2160088.0,9151,3355,4528,2026,6770,1220,7301,Spotsylvania
St. Bernard Parish,LA,12.0,26.5,7.0,11.6,80.2,3809.0,0.9,2.3,24.0,10.3,0.1,2.7,70.1,61.7,67.7,15005,17268.0,151300.0,3.06,44661,20763,5.2,377.52,9.3,88.1,11904016.0,27.7,51.0,1644.0,43764,35897,95.1,61451.5,392214.0,3665,1200,2146,1217,2329,336,3217,St. Bernard
St. Charles County,MO,15.8,23.0,5.7,38.9,94.8,27327.0,0.2,2.8,5.3,3.4,0.1,2.1,89.6,86.6,80.6,146631,158393.0,219100.0,2.64,84978,38943,4.0,560.44,5.8,89.2,6851657.0,25.8,50.9,24194.0,405262,360485,643.2,918377.0,4971679.0,28383,9360,15095,2246,25092,2553,24488,St. Charles
St. Charles Parish,LA,14.1,24.2,6.0,25.3,90.0,4164.0,0.4,1.1,26.5,6.4,0.1,1.7,70.2,64.8,80.7,19212,21000.0,201700.0,2.72,69019,32935,3.3,279.08,7.1,91.7,29174840.0,28.0,51.0,2753.0,52549,52780,189.1,49287.0,402903.0,4349,1679,2096,1085,3071,572,3532,St. Charles
St. Clair County,AL,16.9,22.5,5.8,16.1,84.6,5822.0,0.4,0.9,9.7,2.4,0.1,1.5,87.5,85.4,79.9,32036,37258.0,154900.0,2.68,58308,26409,1.6,631.9,2.6,88.0,931311.0,29.6,50.5,6296.0,91103,83593,132.3,89759.0,704432.0,6119,1853,3678,504,5421,657,5196,St. Clair
St. Clair County,IL,16.4,23.3,6.3,28.0,91.1,14016.0,0.4,1.6,30.6,4.3,0.1,2.6,64.8,61.2,65.2,104105,121079.0,128000.0,2.48,55179,30807,3.1,657.76,5.7,87.2,2779890.0,25.0,51.8,24608.0,257400,270056,410.6,589311.0,3234241.0,18397,7393,9104,5427,12167,2289,15023,St. Clair
St. Clair County,MI,19.4,20.5,4.9,18.6,90.8,10500.0,0.5,0.6,2.6,3.5,0.0,2.3,94.0,91.0,77.3,64850,72584.0,154300.0,2.43,56951,30703,2.5,721.17,3.0,86.7,4027026.0,29.3,50.3,11243.0,160383,163040,226.1,191453.0,1759966.0,12391,4302,6640,864,11102,919,10898,St. Clair
St. Clair County,MO,27.6,19.8,5.5,13.9,84.5,744.0,0.9,0.3,0.7,2.3,0.0,1.7,96.3,94.4,78.3,4139,5650.0,91900.0,2.19,38870,22520,1.1,669.98,1.7,85.0,4918.0,28.4,49.4,1035.0,9284,9805,14.6,5400.0,87877.0,771,202,455,0,751,26,733,St. Clair
St. Croix County,WI,14.7,24.5,6.0,35.4,96.2,6639.0,0.5,1.1,0.9,2.6,0.0,1.6,95.9,93.6,76.8,34182,36822.0,244500.0,2.57,84756,39287,2.6,722.33,3.9,88.9,1307740.0,27.3,50.0,4700.0,93536,84345,116.8,122879.0,1107727.0,7327,2506,3961,283,6808,493,6414,St. Croix
St. Francis County,AR,16.8,20.9,6.2,10.4,81.9,1707.0,0.8,0.6,52.8,5.5,0.1,1.6,44.0,39.8,54.7,9388,10979.0,64600.0,2.41,35348,18447,1.6,634.77,4.0,86.5,602802.0,19.2,44.8,1329.0,23090,28258,44.5,27801.0,316233.0,2408,1122,1096,1073,1238,193,2011,St. Francis
St. Francois County,MO,16.6,21.0,5.4,14.3,84.8,3230.0,0.5,0.5,4.6,1.7,0.1,1.4,92.9,91.6,68.5,24898,30442.0,121000.0,2.39,46466,22578,1.1,451.89,1.7,82.5,272158.0,25.4,46.6,4414.0,66922,65359,144.6,76258.0,882776.0,4373,1386,2210,82,4146,388,3718,St. Francois
St. Helena Parish,LA,20.6,20.7,5.5,16.7,77.5,919.0,0.5,0.2,52.0,2.0,0.1,1.5,45.7,44.5,78.9,3857,5418.0,100100.0,2.63,43886,24380,1.7,408.4,3.7,90.5,1901186.0,37.9,52.1,446.0,10920,11203,27.4,61451.5,80033.0,788,353,399,479,287,69,696,St. Helena
St. James Parish,LA,17.7,22.9,6.2,16.3,85.4,1259.0,0.3,0.4,48.8,1.8,0.0,0.8,49.7,48.4,79.0,7719,9036.0,158500.0,2.73,51603,26739,0.9,241.54,2.5,93.4,1901186.0,27.1,51.8,809.0,20192,22102,91.5,61451.5,128589.0,1569,680,767,781,727,211,1271,St. James
St. John the Baptist Parish,LA,14.7,24.5,6.5,15.9,86.1,3127.0,0.5,1.2,58.4,6.7,0.2,1.4,38.4,33.1,78.5,15270,17879.0,153900.0,2.79,57429,25968,4.0,213.07,6.8,89.2,1901186.0,29.5,51.2,2104.0,42477,45924,215.5,58520.0,479166.0,3758,1632,1741,2152,1457,390,3182,St. John the Baptist
St. Johns County,FL,20.6,21.6,4.9,44.7,94.8,24012.0,0.3,3.3,5.6,7.5,0.1,2.2,88.6,81.9,80.4,88773,116385.0,304700.0,2.73,82252,43194,7.2,600.66,8.5,82.7,409766.0,27.4,51.3,20491.0,273425,190039,316.4,517853.0,2502633.0,18723,6712,9513,2536,15512,2088,15394,St. Johns
St. Joseph County,IN,16.2,23.4,6.4,29.6,88.5,16013.0,0.6,2.7,13.8,9.1,0.1,3.1,79.7,71.8,68.2,101872,117522.0,129000.0,2.53,52769,28215,6.5,457.85,10.0,86.3,6508615.0,21.3,51.3,12975.0,272912,266931,583.0,485566.0,3775345.0,18889,6518,9875,3453,14644,1880,15953,St. Joseph
St. Joseph County,MI,18.5,24.1,6.4,16.2,87.0,3531.0,0.6,0.7,2.5,8.4,0.0,2.5,93.8,86.1,74.6,24150,28058.0,122300.0,2.49,52086,26248,3.5,500.59,9.9,87.0,3542402.0,21.8,50.0,3966.0,60939,61295,122.4,57916.0,631761.0,3787,1172,2053,361,3288,282,3295,St. Joseph
St. Landry Parish,LA,16.6,26.5,7.3,14.8,76.7,5806.0,0.4,0.5,41.5,2.4,0.0,1.3,56.2,54.5,68.3,30485,37241.0,108400.0,2.69,36403,21162,0.9,923.88,8.0,90.0,3421198.0,27.8,51.8,3005.0,82540,83384,90.3,76611.0,976781.0,6711,2329,3412,1767,4678,657,5671,St. Landry
St. Lawrence County,NY,18.0,20.1,5.0,23.8,88.7,4821.0,1.0,1.1,2.6,2.4,0.1,1.5,93.7,92.0,73.0,41933,53481.0,93600.0,2.32,50940,25378,3.8,2680.38,7.1,86.4,1302898.0,20.8,49.0,7564.0,108505,111944,41.8,131557.0,1446567.0,5882,1744,3274,204,5395,659,4786,St. Lawrence
St. Louis County,MN,20.1,18.9,5.0,29.3,94.5,12014.0,2.4,1.1,1.7,1.8,0.1,2.5,92.2,90.9,71.3,85807,105306.0,157900.0,2.22,55646,31537,2.5,6247.4,3.7,83.4,763107.0,20.0,49.9,14085.0,200231,200226,32.0,525888.0,3008058.0,15584,4394,8418,589,14157,1734,12494,St. Louis
St. Louis County,MO,18.5,21.9,5.8,43.6,93.5,79706.0,0.2,4.7,25.0,3.0,0.0,2.2,67.9,65.3,68.6,405984,442301.0,198800.0,2.41,67420,41426,7.4,507.8,9.3,85.6,15922870.0,24.4,52.5,55575.0,1004125,998954,1967.2,2628838.0,25262702.0,94670,33835,50097,19406,71842,9572,80302,St. Louis
St. Louis city,MO,13.1,19.4,6.4,36.3,87.8,1234.5,0.3,3.4,46.4,4.0,0.1,2.4,46.5,43.6,43.7,141952,8723.0,138700.0,2.1,43896,30542,7.2,61.91,9.7,81.7,10736982.0,24.4,51.6,16074.0,301578,319294,5157.5,1255664.0,2471933.0,30040,13086,13943,11994,16498,2924,25309,St. Louis
St. Lucie County,FL,24.7,19.5,5.0,21.6,86.3,28819.0,0.6,2.0,21.4,19.9,0.1,2.3,73.6,55.9,73.2,114761,146068.0,186900.0,2.7,52322,27121,16.8,571.93,23.4,86.4,605702.0,27.9,51.2,24495.0,329226,277789,485.7,329276.0,3709492.0,25489,9105,13468,9005,15770,2426,21869,St. Lucie
St. Martin Parish,LA,15.7,23.9,6.6,14.5,81.9,4632.0,0.7,1.0,30.0,3.0,0.0,1.4,66.8,64.7,78.8,19749,23821.0,124900.0,2.71,48656,24997,1.8,737.65,16.4,91.7,1901186.0,28.5,50.9,2206.0,51767,52160,70.7,63152.0,558979.0,4800,1790,2369,1265,3382,450,4181,St. Martin
St. Mary Parish,LA,17.0,23.9,6.9,10.2,82.8,3901.0,2.2,1.7,31.9,7.2,0.1,2.4,61.8,56.1,60.7,19856,23598.0,106900.0,2.52,40485,22839,4.0,555.38,8.5,86.4,1901186.0,20.9,50.7,2114.0,49406,54650,98.4,201137.0,605218.0,4878,1610,2497,1287,3414,399,4099,St. Mary
St. Mary's County,MD,13.4,23.9,6.3,31.9,89.8,6998.0,0.5,2.9,14.9,5.6,0.1,3.6,78.1,73.5,71.0,40552,46807.0,301300.0,2.7,89845,40354,5.1,357.18,7.3,86.5,1377488.5,31.5,50.0,10376.0,113777,105151,294.4,166600.0,1226984.0,7357,2941,3323,1256,5780,598,6193,St. Mary's
St. Tammany Parish,LA,17.5,23.7,5.9,33.8,90.5,25992.0,0.6,1.5,12.7,5.9,0.0,2.0,83.2,78.0,78.4,92962,105699.0,218500.0,2.72,68905,34658,4.1,845.55,6.6,87.7,1901186.0,30.7,51.4,16817.0,264570,233740,276.4,443798.0,3550739.0,27045,8280,15129,3783,22452,2933,22675,St. Tammany
Stafford County,KS,23.1,23.3,6.3,25.2,90.7,392.0,2.1,0.5,0.7,13.4,0.0,2.2,94.4,83.0,81.2,1771,2352.0,65900.0,2.29,49375,28060,5.3,792.05,9.6,88.2,328053.5,19.9,49.3,236.0,4072,4437,5.6,13223.0,34774.0,569,136,314,0,534,53,469,Stafford
Stafford County,VA,10.7,25.9,6.4,39.9,93.2,9954.0,0.8,3.6,20.0,14.2,0.2,4.5,70.9,59.3,77.4,47075,51376.0,346100.0,3.04,111108,42126,9.8,268.96,14.4,84.9,171086.0,40.5,49.5,20297.0,156927,128961,479.5,161438.0,1247882.0,8581,3285,4496,2242,6066,1355,6816,Stafford
Stanislaus County,CA,13.4,27.0,7.1,17.1,78.9,30181.0,2.0,6.1,3.5,47.6,0.9,4.2,83.3,40.4,57.8,173898,182978.0,291600.0,3.09,60704,26258,20.3,1494.83,42.9,87.9,11703620.0,29.9,50.4,21051.0,552878,514453,344.2,705698.0,5933581.0,33036,11455,16930,13341,18348,2914,28584,Stanislaus
Stanley County,SD,20.4,25.2,7.1,32.1,94.9,340.0,7.1,0.3,0.7,2.4,-1.0,3.6,88.3,86.2,78.9,1344,1546.0,163300.0,2.24,71382,42838,0.7,1444.43,1.9,89.3,109693.0,15.8,49.0,169.0,2980,2966,2.1,4783.0,53152.0,269,54,182,0,253,25,227,Stanley
Stanly County,NC,19.3,21.5,5.8,17.3,85.3,4130.0,0.5,2.0,11.4,4.4,0.3,1.5,84.4,80.8,74.4,23332,28177.0,138900.0,2.55,52623,25863,3.5,395.09,6.5,87.6,832859.0,27.0,50.1,3626.0,62504,60585,153.3,70639.0,618069.0,4331,1061,2550,392,3758,449,3451,Stanly
Stanton County,KS,17.3,27.9,6.8,19.0,78.5,200.0,2.5,0.3,1.0,38.0,0.2,3.6,92.4,57.1,74.4,733,996.0,92600.0,2.76,52054,23033,11.5,680.35,35.0,95.1,328053.5,10.8,50.1,42.0,2084,2235,3.3,13223.0,69237.0,170,36,93,35,118,0,137,Stanton
Stanton County,NE,18.7,24.4,6.3,17.8,93.7,509.0,0.9,0.4,1.0,5.7,0.0,1.3,96.5,91.5,82.1,2418,2703.0,119500.0,2.44,63986,29117,3.9,427.95,5.3,91.1,231681.5,18.6,49.3,381.0,5842,6129,14.3,1711.0,17939.0,338,116,148,0,322,0,307,Stanton
Stark County,IL,22.8,21.5,5.4,17.0,91.3,357.0,0.2,0.7,0.9,2.0,0.1,1.6,96.6,94.9,78.5,2315,2655.0,87700.0,2.31,54907,30018,1.2,288.08,2.1,92.0,741144.5,26.1,50.4,388.0,5400,5994,20.8,310.0,68105.0,474,130,283,0,451,66,369,Stark
Stark County,ND,13.9,27.1,8.6,22.4,90.5,2668.0,1.7,1.6,3.0,5.7,0.1,2.0,91.7,86.8,61.1,12524,14880.0,239000.0,2.42,72045,38103,3.0,1334.74,4.7,81.3,431836.0,18.3,48.3,1747.0,33646,24199,18.1,111619.0,883353.0,3772,959,2210,98,3492,286,3238,Stark
Stark County,OH,19.9,21.3,5.6,22.8,91.6,24514.0,0.3,1.0,8.0,2.2,0.0,2.7,88.0,86.2,68.2,153460,167205.0,134300.0,2.37,53860,29495,2.1,575.27,3.4,87.2,12182868.0,22.1,51.4,24872.0,374853,375586,652.9,630105.0,5330262.0,29680,9393,16950,2358,26257,2906,25334,Stark
Starke County,IN,19.0,22.5,5.8,11.9,84.9,1181.0,0.5,0.2,0.4,4.1,-1.0,1.2,97.6,93.8,80.1,8549,11222.0,115500.0,2.68,51190,24673,2.0,309.13,3.0,90.2,253063.0,29.5,50.1,1497.0,23371,23363,75.6,14237.0,170659.0,1392,565,599,30,1330,167,1157,Starke
Starr County,TX,11.4,32.6,9.4,9.9,53.3,7161.0,0.4,0.2,0.4,96.4,0.0,0.3,98.6,3.3,75.1,16188,19884.0,71900.0,3.92,30387,14179,28.6,1223.18,95.2,92.1,2315.0,27.0,51.2,626.0,65920,60968,49.8,35456.0,435384.0,7885,3265,4246,7322,409,407,7383,Starr
Staunton city,VA,21.0,19.0,5.9,33.4,89.7,1479.0,0.3,1.4,11.3,3.1,0.1,3.2,83.4,81.1,57.3,10597,11797.5,169000.0,2.18,52611,30166,3.7,19.98,5.4,81.1,87309.0,21.6,54.3,1764.0,25750,23746,1188.8,59531.0,432665.0,2336,766,1336,154,2025,140,1908,Staunton
Ste. Genevieve County,MO,20.1,21.9,5.6,19.7,89.4,1189.0,0.3,0.3,0.9,1.3,0.7,1.2,96.7,95.6,80.1,7121,8758.0,166200.0,2.47,60129,29742,0.9,499.15,2.2,86.6,400371.0,28.4,49.2,1353.0,18479,18145,36.4,22307.0,103418.0,1435,435,584,0,1367,31,1229,Ste. Genevieve
Stearns County,MN,15.5,23.2,6.5,27.5,91.7,11153.0,0.4,2.4,7.8,3.6,0.1,1.8,87.5,84.6,68.1,59479,65662.0,184900.0,2.53,62789,30994,6.8,1343.13,9.8,81.7,3539446.0,21.1,49.6,9508.0,158292,150642,112.2,266719.0,2917927.0,14324,3936,8014,811,12950,1360,11733,Stearns
Steele County,MN,18.3,24.6,5.9,26.0,92.5,2437.0,0.5,1.1,3.5,8.2,0.0,1.5,93.3,85.8,75.2,14692,15824.0,169300.0,2.46,64903,32477,4.9,429.65,7.8,86.3,1539842.0,18.0,50.2,2126.0,37406,36576,85.1,61538.0,568130.0,3076,880,1460,111,2770,353,2422,Steele
Steele County,ND,25.2,22.0,6.7,30.9,96.3,151.0,1.3,0.2,0.6,2.2,-1.0,1.1,96.8,94.8,84.7,777,1192.0,85300.0,2.24,70724,39011,1.3,712.22,1.9,94.8,118152.0,18.0,48.4,141.0,1798,1975,2.8,1000.0,34424.0,210,0,148,0,195,59,132,Steele
Stephens County,GA,19.8,22.5,6.3,21.0,82.1,1701.0,0.6,0.8,11.0,3.9,0.1,2.5,85.0,81.9,69.8,9543,12615.0,105300.0,2.62,47164,23546,2.2,179.13,3.2,85.2,511616.0,22.3,51.8,1807.0,26784,26175,146.1,24860.0,262500.0,2245,603,1364,259,1864,425,1621,Stephens
Stephens County,OK,20.3,23.0,5.8,16.9,87.3,3153.0,6.1,0.7,2.1,8.2,0.1,4.8,86.2,79.5,72.4,16720,20670.0,107700.0,2.58,47214,25769,2.7,870.24,5.7,86.0,1935461.0,20.9,51.6,3180.0,42848,45048,51.8,50063.0,550401.0,3913,951,2098,396,3254,404,3148,Stephens
Stephens County,TX,20.2,22.0,5.6,16.2,78.5,915.0,1.3,0.8,3.0,24.4,0.1,1.3,93.4,70.4,82.1,3247,4983.0,74300.0,2.75,46232,25015,4.9,896.72,17.1,84.2,575658.0,18.7,47.3,484.0,9101,9630,10.7,33330.5,83991.0,1343,440,711,206,1110,232,1053,Stephens
Stephenson County,IL,23.4,21.3,5.6,19.6,92.5,2719.0,0.3,0.7,10.4,4.3,0.0,3.1,85.4,81.8,69.9,19739,21879.0,97800.0,2.24,48805,27911,2.5,564.52,3.8,86.8,1145224.0,22.1,51.4,3191.0,44630,47711,84.5,47609.0,521557.0,3177,1229,1580,440,2593,255,2738,Stephenson
Sterling County,TX,14.4,28.5,7.1,9.5,89.4,162.0,2.3,0.4,2.1,40.8,0.1,1.7,93.4,54.6,85.6,458,632.0,59000.0,2.61,59868,28757,6.5,923.45,27.0,90.6,575658.0,17.1,49.4,38.0,1372,1143,1.2,33330.5,209517.0,137,0,69,27,103,0,123,Sterling
Steuben County,IN,21.0,20.2,5.3,21.8,91.1,2182.0,0.4,0.7,0.9,3.7,0.1,1.2,96.8,93.4,77.8,14261,20270.0,148800.0,2.32,58279,29949,1.6,308.94,3.9,84.1,1279179.0,21.6,49.3,2214.0,34435,34185,110.7,60145.0,613763.0,2994,696,1727,88,2743,317,2320,Steuben
Steuben County,NY,20.1,21.3,5.4,23.6,90.5,5305.0,0.3,1.6,1.7,1.7,0.0,1.6,94.8,93.4,72.7,39861,49801.0,99600.0,2.37,53663,29886,3.2,1390.56,5.1,89.0,1236991.0,21.9,50.2,7990.0,93584,98990,71.2,132211.0,1074034.0,5985,1741,3750,255,5489,892,4822,Steuben
Stevens County,KS,16.7,28.1,6.2,13.7,78.2,384.0,1.9,0.7,0.9,37.4,0.1,1.9,94.5,59.3,70.2,1814,2331.0,114900.0,3.03,57806,24652,19.5,727.29,34.6,88.9,328053.5,13.9,50.8,209.0,5250,5724,7.9,4983.0,37008.0,423,71,278,44,358,0,389,Stevens
Stevens County,MN,17.4,21.4,6.1,30.5,94.0,669.0,1.8,2.2,1.3,7.7,0.1,2.4,92.2,85.8,68.5,3624,4268.0,160100.0,2.6,60559,32542,6.2,563.6,9.2,82.0,763107.0,11.4,50.0,363.0,9671,9726,17.3,16471.0,210056.0,1007,254,549,0,912,120,721,Stevens
Stevens County,WA,23.9,21.2,5.2,18.7,90.6,2686.0,5.8,0.8,0.6,3.8,0.2,3.4,89.2,86.3,78.1,17554,22079.0,199200.0,2.53,51775,26896,3.1,2477.77,4.2,88.7,282239.0,29.3,50.1,4516.0,46445,43531,17.6,28426.0,283156.0,2913,861,1369,151,2601,426,2280,Stevens
Stewart County,GA,15.0,10.8,2.9,12.2,68.1,242.0,0.9,3.2,48.5,33.4,0.0,1.7,45.7,22.3,73.5,1816,2341.0,49200.0,2.26,29732,16705,33.1,458.73,22.8,67.2,554410.0,30.5,31.7,386.0,5314,6058,13.2,1280.0,17101.0,388,177,192,217,157,51,326,Stewart
Stewart County,TN,20.7,20.7,5.4,15.6,87.2,759.0,0.8,1.0,1.9,3.5,0.1,2.0,94.2,91.2,75.0,5178,6896.0,123100.0,2.57,45809,24113,2.2,459.33,2.5,87.2,37084.0,35.5,50.0,1521.0,13657,13324,29.0,40960.0,86634.0,869,344,436,52,775,87,717,Stewart
Stillwater County,MT,23.5,21.1,4.3,25.0,94.0,882.0,1.2,0.6,0.3,4.3,0.0,2.0,95.9,92.4,80.7,3761,4873.0,255500.0,2.48,64645,32301,1.0,1795.35,3.5,91.0,16801.0,24.7,49.1,692.0,8963,9117,5.1,10954.0,103189.0,1303,385,691,65,1176,151,1065,Stillwater
Stoddard County,MO,20.3,21.8,5.6,13.3,80.9,2016.0,0.5,0.4,1.3,1.8,0.0,1.2,96.7,95.2,68.0,11530,13751.0,104200.0,2.51,41062,22138,0.4,823.22,1.4,88.0,1242783.0,22.3,50.9,2217.0,28672,29968,36.4,24544.0,423988.0,2463,884,1129,0,2317,296,1887,Stoddard
Stokes County,NC,21.8,18.5,4.5,14.1,83.8,2861.0,0.5,0.4,4.1,3.3,0.0,1.3,93.7,90.9,77.6,19578,22357.0,137000.0,2.31,48054,26279,1.7,448.86,3.3,92.0,489711.0,29.3,51.0,3153.0,44520,47401,105.6,35129.0,222118.0,2843,984,1615,158,2611,323,2439,Stokes
Stone County,AR,27.9,19.1,4.9,13.9,81.2,1162.0,0.9,0.5,0.4,1.9,0.0,1.9,96.2,94.5,74.6,4787,6962.0,121100.0,2.58,38188,20695,0.7,606.41,1.4,91.4,10458.0,22.8,50.4,1040.0,12359,12394,20.4,14776.0,107472.0,1449,359,816,37,1376,133,1152,Stone
Stone County,MO,31.6,16.4,4.0,18.6,87.2,2783.0,0.9,0.4,0.4,2.4,0.2,1.6,96.5,94.6,81.7,12783,21398.0,172600.0,2.44,49656,29026,1.9,464.03,2.1,87.3,11550.0,29.6,50.8,3326.0,31076,32202,69.4,48916.0,216792.0,2815,754,1379,55,2629,297,2232,Stone
Stone County,MS,16.8,21.6,5.6,15.8,82.2,1284.0,0.6,0.4,19.1,2.1,0.1,1.4,78.4,76.8,74.5,6334,7584.0,112800.0,2.77,45483,23820,0.8,445.49,1.9,90.9,251931.0,33.2,49.9,1587.0,18333,17786,39.9,21001.0,166593.0,1434,447,735,236,1149,197,1169,Stone
Stonewall County,TX,26.7,22.4,5.8,14.8,81.3,151.0,1.7,1.3,3.3,17.9,-1.0,2.1,91.6,75.6,75.5,580,935.0,55600.0,2.46,51250,25638,1.9,916.31,13.9,82.5,575658.0,16.9,51.3,101.0,1245,1490,1.6,771.0,8928.0,168,46,101,0,142,0,156,Stonewall
Storey County,NV,32.2,12.1,2.1,31.4,93.6,323.0,1.9,2.4,1.7,8.0,0.5,2.5,90.9,83.6,90.4,1627,2073.0,240700.0,2.43,66292,37941,3.7,262.92,5.9,87.0,17283.0,28.9,48.8,471.0,4104,4010,15.3,9357.0,6021.0,331,65,223,57,267,34,284,Storey
Story County,IA,12.6,16.5,4.4,51.6,97.2,5610.0,0.3,8.1,3.1,3.7,0.0,1.9,86.6,83.5,53.5,37811,41317.0,185800.0,2.28,56756,29539,9.4,572.82,10.9,69.6,2787172.0,18.0,47.8,3773.0,98537,89542,156.3,172582.0,1084213.0,6835,1985,3868,427,6067,717,5726,Story
Strafford County,NH,15.4,18.2,4.5,35.8,92.8,8313.0,0.3,3.7,1.4,2.8,0.1,2.0,92.5,90.2,66.0,48982,54825.0,235900.0,2.45,72960,35601,5.2,368.98,6.8,80.8,924434.0,26.4,50.9,9099.0,130889,123143,333.7,182791.0,1619448.0,10133,2939,5841,551,9191,1137,8519,Strafford
Stutsman County,ND,19.9,20.0,5.3,23.7,90.9,1428.0,1.8,0.9,1.8,2.6,0.1,1.7,93.7,91.8,65.6,8908,10268.0,155500.0,2.17,57674,31991,1.9,2221.72,3.2,80.7,500581.0,15.0,48.8,1357.0,21593,21100,9.5,40205.0,379132.0,1684,454,920,52,1491,202,1205,Stutsman
Sublette County,WY,20.5,22.1,5.3,22.8,96.0,1105.0,1.2,0.8,0.9,7.1,0.0,1.6,95.5,89.1,82.1,3340,6108.0,275100.0,2.94,77403,35874,4.4,4886.54,8.5,80.1,102299.0,20.6,46.4,827.0,8728,10247,2.1,24420.0,94740.0,1592,375,895,75,1468,150,1324,Sublette
Suffolk County,MA,12.3,16.4,5.1,46.1,86.3,65274.0,0.7,9.3,24.3,23.3,0.2,3.7,61.7,45.2,36.1,309844,345414.0,496500.0,2.41,69669,42765,29.6,58.15,39.9,81.2,3805223.0,31.3,51.7,19116.0,797936,722023,12415.7,4550958.0,8850957.0,66834,21877,38307,20276,42276,5091,57225,Suffolk
Suffolk County,NY,17.3,20.9,5.4,36.3,90.6,137044.0,0.6,4.2,8.8,20.2,0.1,2.0,84.2,66.6,80.6,489301,577512.0,397400.0,2.97,101031,44465,15.6,912.05,22.7,93.3,15887385.0,32.7,50.8,61090.0,1525920,1493350,1637.4,2990403.0,23693357.0,153688,48272,93193,29731,120295,12248,136467,Suffolk
Suffolk city,VA,14.2,24.3,6.6,29.5,89.9,1479.0,0.2,2.0,41.8,4.4,0.0,3.8,51.5,49.3,68.7,33774,11797.5,254400.0,2.65,74884,34940,3.5,400.17,5.1,85.0,1521003.0,29.5,51.5,10917.0,94324,84585,211.4,122870.0,958895.0,5504,2402,2563,2222,3040,608,4598,Suffolk
Sullivan County,IN,18.5,19.0,5.1,12.1,88.7,921.0,0.3,0.3,4.9,1.8,0.0,1.4,93.1,91.6,74.4,7644,8990.0,86000.0,2.43,50245,24356,1.0,447.14,1.1,86.2,1482367.0,23.2,45.5,1304.0,20817,21475,48.0,15352.0,138157.0,1225,469,547,37,1137,152,972,Sullivan
Sullivan County,MO,20.8,22.4,6.5,11.7,84.3,365.0,1.4,0.6,3.2,18.6,0.5,1.1,93.2,76.7,74.5,2128,3335.0,77000.0,2.83,46481,22370,8.8,647.98,16.7,93.3,468824.0,16.9,49.0,310.0,5999,6714,10.4,22307.0,50377.0,409,102,247,0,369,28,348,Sullivan
Sullivan County,NH,22.1,18.6,4.7,28.1,91.2,3161.0,0.4,1.0,0.8,1.7,0.0,1.7,96.0,94.6,73.3,17328,22760.0,173600.0,2.44,61312,33042,2.9,537.31,3.8,88.5,578762.0,24.5,50.5,3610.0,43063,43742,81.4,37051.0,561236.0,4521,1515,2557,116,4290,516,3811,Sullivan
Sullivan County,NY,19.3,21.0,5.7,24.8,86.7,5670.0,0.8,2.0,10.0,16.8,0.1,3.0,84.3,70.7,68.3,28184,51270.0,172800.0,2.53,57426,30446,9.4,968.13,15.7,90.9,354034.0,30.6,48.7,4407.0,78624,77547,80.1,139639.0,771510.0,7128,2105,4130,1022,5754,650,6144,Sullivan
Sullivan County,PA,29.0,10.5,2.9,17.2,89.6,459.0,0.6,0.4,3.9,1.8,-1.0,1.0,94.1,92.6,82.0,2723,6386.0,154400.0,2.09,47407,30375,1.5,449.94,2.7,89.1,1779025.0,33.9,47.7,641.0,5840,6428,14.3,125825.5,64679.0,619,150,378,0,580,62,534,Sullivan
Sullivan County,TN,22.2,19.1,4.8,23.6,87.2,10025.0,0.4,0.8,2.3,2.0,0.0,1.6,94.8,93.1,71.8,66511,75905.0,141300.0,2.32,46684,28429,1.7,413.36,2.6,86.3,6361356.0,21.4,51.3,12303.0,158163,156823,379.4,286384.0,2095865.0,11716,3751,6587,491,10706,1326,9654,Sullivan
Sully County,SD,26.1,21.4,5.3,25.0,95.6,216.0,2.8,0.1,0.4,2.4,-1.0,2.0,94.6,92.8,85.9,569,913.0,144100.0,2.28,62153,39226,0.0,1006.82,1.4,93.4,109693.0,12.7,47.5,86.0,1446,1373,1.4,4783.0,42592.0,242,68,122,0,230,35,189,Sully
Summers County,WV,26.1,16.1,3.9,14.5,85.0,471.0,0.4,0.3,4.4,1.8,0.0,1.7,93.2,91.7,76.2,5566,7713.0,92200.0,2.15,38187,21437,0.6,360.46,1.1,88.2,3092.0,28.0,54.5,1072.0,11959,13927,38.6,9617.0,68368.0,664,171,420,0,625,108,498,Summers
Summit County,CO,14.3,16.2,4.6,52.4,92.9,4502.0,0.8,1.5,1.4,14.6,0.2,1.5,94.7,81.5,65.5,10641,32085.0,579600.0,2.84,79277,41281,11.4,608.36,15.2,87.8,40649.0,16.6,45.3,1265.0,31055,27994,46.0,311333.0,627160.0,5813,1769,3307,344,5170,525,4916,Summit
Summit County,OH,18.5,20.7,5.6,32.5,91.7,38961.0,0.2,3.9,15.1,2.3,0.0,2.6,78.2,76.4,65.8,224726,246432.0,146800.0,2.37,57181,33606,5.2,412.75,6.7,87.8,9557116.0,23.2,51.5,31705.0,540428,541781,1312.6,974735.0,8439725.0,48524,16202,27691,6741,40023,5093,41130,Summit
Summit County,UT,13.4,24.0,5.2,55.0,94.9,6616.0,0.6,1.9,1.2,11.5,0.1,1.7,94.5,84.0,77.4,14220,28656.0,641900.0,2.87,102958,56575,9.6,1871.71,14.6,83.8,294994.0,24.6,48.8,1386.0,42357,36324,19.4,323222.0,1013623.0,7014,1936,3734,340,6387,335,6156,Summit
Sumner County,KS,19.2,24.3,5.9,23.3,92.3,1437.0,1.3,0.6,1.3,5.6,0.0,2.7,94.0,89.2,74.1,9416,11026.0,89800.0,2.4,55000,26954,1.2,1181.94,2.5,87.4,328053.5,22.7,49.9,1443.0,22382,24132,20.4,19275.0,159781.0,1851,490,1091,109,1669,206,1539,Sumner
Sumner County,TN,16.2,23.4,6.0,28.1,89.7,16607.0,0.4,1.6,8.3,5.3,0.1,2.0,87.6,83.0,73.6,67089,75354.0,234200.0,2.71,67204,33851,4.7,529.45,6.4,85.9,2158366.0,29.3,51.2,11978.0,196281,160645,303.4,195563.0,1503612.0,14834,4157,8794,1270,13177,1265,12858,Sumner
Sumter County,AL,18.7,19.0,5.7,21.6,86.7,709.0,0.2,1.9,71.4,1.2,0.0,0.8,25.6,24.9,64.1,5202,6929.0,74400.0,2.29,24320,16799,1.6,903.89,3.4,93.7,778187.0,26.0,54.3,481.0,12345,13763,15.2,10677.0,62101.0,875,372,430,571,261,70,762,Sumter
Sumter County,FL,58.2,7.1,1.9,31.8,92.1,7013.0,0.4,1.0,7.3,5.9,0.1,1.0,90.3,85.1,89.7,56230,74242.0,258600.0,2.06,57226,35560,5.3,546.93,7.1,87.5,461865.0,24.9,50.3,19431.0,129752,93420,170.8,117207.0,908807.0,5386,1932,2858,719,4507,857,4245,Sumter
Sumter County,GA,17.5,22.6,6.2,18.3,81.4,1858.0,0.5,1.4,52.9,6.2,0.2,1.2,43.8,39.0,55.5,11510,13879.0,95700.0,2.43,36681,20654,4.5,482.7,6.2,81.4,492493.0,19.4,53.2,1486.0,29616,32819,68.0,37225.0,310986.0,2271,926,1112,950,1210,266,1853,Sumter
Sumter County,SC,16.9,23.8,6.6,19.3,85.5,6244.0,0.6,1.5,47.9,4.2,0.1,2.1,47.9,44.8,64.6,41776,48613.0,115700.0,2.5,45661,23460,2.9,665.07,5.6,85.2,1817534.0,22.3,51.9,10824.0,105556,107456,161.6,126977.0,1096828.0,7518,2803,4045,2825,4428,1057,6049,Sumter
Sunflower County,MS,14.4,21.7,5.5,15.4,74.9,1604.0,0.4,0.4,73.8,2.0,0.0,0.7,24.7,23.6,53.6,8322,9658.0,78400.0,2.63,30838,15646,0.6,697.75,1.4,88.2,137773.0,18.8,46.6,866.0,25971,29450,42.2,18340.0,244070.0,1786,792,823,1073,619,158,1474,Sunflower
Surry County,NC,20.8,20.9,5.3,18.0,79.5,4883.0,0.7,0.8,4.2,11.1,0.1,1.3,92.9,83.2,73.5,29153,34413.0,126900.0,2.43,43597,25500,5.3,532.17,9.8,93.0,967760.0,26.3,51.3,3817.0,71359,73673,138.4,105381.0,1067104.0,5681,1677,3312,397,5087,389,5035,Surry
Surry County,VA,23.9,16.6,4.5,20.6,85.0,392.0,0.5,0.5,41.5,2.7,0.1,2.2,55.2,53.3,74.3,2730,3611.0,197800.0,2.39,57962,30260,1.1,278.95,1.3,93.3,476138.5,41.3,50.4,707.0,6561,7058,25.3,1606.0,14869.0,244,59,146,74,158,0,222,Surry
Susquehanna County,PA,24.3,18.4,4.6,18.6,89.8,3125.0,0.2,0.4,0.7,1.8,0.1,1.1,97.6,96.1,77.1,17235,23393.0,167700.0,2.36,54966,31309,1.7,823.44,2.5,90.3,124024.0,28.3,49.8,3390.0,38434,43356,52.7,44071.0,533564.0,3968,828,2563,34,3866,354,3383,Susquehanna
Sussex County,DE,28.7,18.3,5.0,28.3,88.1,17711.0,1.1,1.4,12.2,9.3,0.2,2.2,83.0,75.4,80.3,91697,144074.0,258600.0,2.41,63162,35491,7.4,936.08,11.0,89.2,3619873.0,26.4,51.6,18366.0,237378,197145,210.6,544342.0,3142078.0,18619,6355,9740,2279,15713,2121,15304,Sussex
Sussex County,NJ,18.0,19.4,4.6,36.1,94.9,11404.0,0.3,2.0,2.7,9.2,0.0,1.7,93.3,85.1,83.1,53322,62623.0,267500.0,2.61,94520,44728,7.6,519.01,9.5,91.8,465836.0,37.8,50.3,7188.0,144221,149265,287.6,222300.0,1819816.0,12238,3366,7489,924,10972,1212,10439,Sussex
Sussex County,VA,18.6,15.2,4.0,12.7,80.3,461.0,0.6,0.5,56.1,3.3,0.0,1.6,41.3,38.9,69.2,3794,4837.0,125800.0,2.38,49487,21652,2.3,490.22,4.7,84.8,476138.5,34.9,40.4,974.0,10829,12087,24.7,11703.0,112569.0,530,253,250,152,353,0,485,Sussex
Sutter County,CA,15.6,25.8,6.9,18.2,78.2,6251.0,2.4,17.0,2.7,31.9,0.4,4.8,72.7,44.9,57.7,32636,34583.0,279400.0,2.91,59050,27371,22.2,602.41,37.3,85.3,543504.0,27.5,50.2,5986.0,99633,94737,157.3,116640.0,1069489.0,5461,1806,2907,1957,3108,542,4598,Sutter
Sutton County,TX,19.1,23.6,6.4,17.1,73.9,396.0,1.4,0.5,1.0,63.8,0.0,1.0,96.1,35.1,69.2,1412,2065.0,91800.0,2.69,54306,26904,13.6,1453.93,53.9,89.0,575658.0,14.7,48.9,286.0,3372,4128,2.8,12035.0,49512.0,668,178,448,222,427,139,511,Sutton
Suwannee County,FL,21.7,21.0,5.4,15.5,82.3,2704.0,0.7,0.6,12.6,9.9,0.1,1.7,84.2,75.3,74.3,14888,19551.0,101300.0,2.85,47839,22808,4.9,688.55,8.9,90.1,778359.5,28.5,48.6,4218.0,43474,41551,60.3,34134.0,343072.0,2712,814,1470,523,2100,344,2210,Suwannee
Swain County,NC,19.6,22.0,6.1,18.2,79.8,1330.0,30.1,0.7,1.2,5.8,0.0,4.9,63.1,60.7,71.5,5620,9145.0,139100.0,2.49,39317,23139,2.8,528.0,5.9,87.4,1006562.0,19.3,52.1,769.0,14117,13981,26.5,49985.0,107087.0,1589,647,668,471,1052,170,1356,Swain
Sweet Grass County,MT,27.4,20.5,5.0,25.4,94.6,472.0,1.2,0.6,0.4,2.9,0.0,2.5,95.2,92.7,72.3,1566,2164.0,255100.0,2.33,49886,30050,0.9,1855.21,1.3,87.4,16801.0,22.2,49.2,343.0,3678,3651,2.0,6389.0,39476.0,430,211,158,0,416,74,332,Sweet Grass
Sweetwater County,WY,13.0,25.9,6.6,22.5,92.8,2215.0,1.5,1.1,1.4,16.0,0.2,2.1,93.8,79.3,76.2,15523,19909.0,205600.0,2.77,74843,32603,4.7,10426.65,10.4,82.8,1575543.0,19.6,48.5,2749.0,42272,43806,4.2,128948.0,921443.0,3473,908,1755,364,2891,307,2890,Sweetwater
Swift County,MN,22.4,23.2,6.4,19.6,90.6,638.0,0.8,0.6,1.2,5.2,0.9,2.0,94.6,90.1,70.3,4263,4836.0,104100.0,2.16,51620,31765,2.7,742.08,5.5,88.3,763107.0,19.3,49.7,565.0,9838,9783,13.2,8834.0,93660.0,1048,339,606,0,1008,120,858,Swift
Swisher County,TX,17.6,24.7,6.0,15.3,73.3,479.0,1.6,0.7,8.6,45.1,0.2,2.2,86.6,44.8,71.0,2505,3178.0,80600.0,2.7,39771,19697,14.4,890.16,29.7,83.3,575658.0,21.8,46.5,295.0,6971,7854,8.8,33330.5,51470.0,690,189,390,179,488,67,600,Swisher
Switzerland County,IN,17.4,24.6,6.0,10.9,83.9,611.0,0.3,0.4,1.4,1.9,0.0,1.1,96.8,95.2,74.8,4349,5463.0,116400.0,2.43,49383,24944,1.9,220.63,4.4,88.8,1482367.0,36.2,48.5,1000.0,9737,10613,48.1,42848.0,20191.0,636,223,366,0,605,85,531,Switzerland
Talbot County,GA,25.5,16.3,4.7,12.1,82.3,417.0,0.7,0.3,55.1,2.9,0.0,1.3,42.6,40.8,79.0,2809,3443.0,86400.0,2.24,38549,21357,1.0,391.39,1.9,93.3,554410.0,32.2,52.5,559.0,5733,6865,17.5,33983.0,11696.0,439,187,220,188,244,56,350,Talbot
Talbot County,MD,29.7,18.2,4.7,40.6,91.2,4331.0,0.4,1.4,12.8,7.2,0.2,1.8,83.3,77.4,70.3,16826,20294.0,336800.0,2.18,73547,49136,6.2,268.54,7.8,86.1,1377488.5,28.1,52.7,3203.0,37526,37782,140.7,131400.0,670169.0,5538,1821,2917,538,4775,664,4581,Talbot
Taliaferro County,GA,28.0,16.9,4.8,8.1,71.0,118.0,0.2,1.3,55.1,4.0,-1.0,2.3,41.1,38.1,69.0,593,1026.0,80200.0,2.71,37446,21416,4.0,194.61,5.5,94.0,554410.0,32.2,51.3,109.0,1559,1717,8.8,33983.0,2329.0,160,0,137,66,72,0,153,Taliaferro
Talladega County,AL,18.5,20.9,5.3,15.0,80.3,4128.0,0.4,0.7,33.0,2.4,0.0,1.8,64.1,62.3,71.3,31395,38092.0,105300.0,2.45,41325,23305,1.5,736.78,3.3,86.7,778187.0,24.6,51.9,5252.0,82149,82291,111.7,51801.0,743404.0,4812,1857,2477,1158,3451,434,4106,Talladega
Tallahatchie County,MS,15.3,19.6,5.7,10.3,69.5,809.0,0.4,1.0,57.0,6.9,0.1,1.3,40.2,34.5,72.0,4369,5669.0,66400.0,2.7,29864,16742,3.0,645.29,7.6,91.5,483799.0,27.0,44.5,540.0,12715,15378,23.8,3364.0,54117.0,1180,470,623,544,589,118,1031,Tallahatchie
Tallapoosa County,AL,22.3,20.4,5.3,18.4,80.7,2668.0,0.4,0.6,27.0,2.5,0.1,1.4,70.5,68.7,74.9,16205,22664.0,109300.0,2.46,45828,25217,1.5,716.52,2.6,90.2,456294.0,28.0,51.5,2787.0,41311,41616,58.1,36964.0,361849.0,2602,701,1675,396,2067,304,2152,Tallapoosa
Tama County,IA,19.9,24.0,6.6,15.8,91.3,1100.0,8.6,0.5,1.0,10.8,0.2,3.0,86.8,79.4,75.8,6767,7784.0,110400.0,2.46,56037,28585,4.8,721.01,12.0,87.9,116913.0,22.3,49.9,1090.0,17135,17767,24.6,20428.0,122316.0,1515,390,868,75,1399,187,1202,Tama
Taney County,MO,22.1,20.9,5.5,19.9,88.9,4619.0,1.1,1.2,1.8,6.2,0.1,2.3,93.5,88.2,61.7,22272,31220.0,139800.0,2.4,46031,23776,4.1,632.44,5.6,81.5,84248.0,22.7,51.7,4369.0,56066,51675,81.7,553026.0,939921.0,5560,1489,2922,268,5008,592,4402,Taney
Tangipahoa Parish,LA,14.9,24.4,7.1,20.0,83.6,10518.0,0.4,0.7,30.4,4.4,0.1,1.6,66.8,63.1,69.0,47597,57547.0,162800.0,2.7,47832,25163,2.0,791.28,4.3,85.1,681164.0,31.6,51.5,6831.0,133157,121097,153.0,185756.0,1769717.0,11232,3882,5886,3105,7756,1136,9396,Tangipahoa
Taos County,NM,27.5,17.4,4.3,28.7,90.1,3304.0,7.5,1.0,0.9,56.5,0.1,2.7,87.9,35.8,76.4,12103,21158.0,239500.0,2.66,38329,25646,6.1,2203.11,45.4,90.7,268581.0,20.4,51.1,2629.0,34489,32937,15.0,92195.0,304066.0,4407,1669,2104,1548,2694,413,3787,Taos
Tarrant County,TX,11.6,26.0,6.8,32.3,86.1,186406.0,0.9,5.8,17.9,29.5,0.3,2.6,72.6,45.3,60.5,708252,791743.0,188500.0,2.86,67700,33292,16.1,863.61,29.0,83.8,45771009.0,27.4,51.1,108329.0,2110640,1809034,2094.7,4483569.0,28908781.0,173389,66250,89352,71133,96361,16470,149220,Tarrant
Tate County,MS,17.2,22.6,5.9,15.8,83.0,2149.0,0.3,0.3,30.9,2.8,0.0,1.3,67.1,65.0,74.8,10324,11755.0,119200.0,2.57,51030,23340,1.7,404.76,2.7,86.3,303756.0,32.4,52.0,1292.0,28064,28886,71.4,17493.0,191949.0,2156,900,1056,753,1328,275,1790,Tate
Tattnall County,GA,15.0,20.4,5.0,13.2,75.8,1319.0,0.7,0.7,29.5,12.2,0.2,1.8,67.2,57.5,67.2,8241,10082.0,89200.0,2.31,40730,18319,5.0,479.4,13.1,78.2,7330.0,25.1,42.7,1889.0,22842,25520,53.2,33983.0,103023.0,1512,667,786,322,1164,231,1253,Tattnall
Taylor County,FL,21.0,19.7,5.4,8.3,78.8,1007.0,1.0,0.9,19.9,4.2,0.0,2.1,76.0,72.3,77.4,7405,11174.0,85100.0,2.44,40306,17391,3.2,1043.31,8.7,83.8,691715.0,25.1,45.7,1397.0,21796,22570,21.6,19866.0,205220.0,1157,483,554,299,774,79,992,Taylor
Taylor County,GA,20.9,19.9,5.1,12.6,78.5,495.0,0.3,0.9,37.6,2.6,0.0,1.4,59.8,57.9,70.5,3473,4627.0,83600.0,2.3,33832,21298,1.6,376.69,4.5,94.2,554410.0,29.9,52.4,500.0,7816,8906,23.6,1171.0,36939.0,639,240,308,253,364,111,506,Taylor
Taylor County,IA,22.7,23.4,6.5,14.5,90.2,575.0,0.4,0.5,0.6,7.8,0.1,1.1,97.4,90.1,78.2,2616,3109.0,80600.0,2.32,50431,29778,4.0,531.9,7.1,88.7,237486.0,22.8,49.0,468.0,5896,6317,11.9,20428.0,32606.0,681,122,374,0,647,0,609,Taylor
Taylor County,KY,18.3,22.4,6.4,19.6,87.1,1759.0,0.2,0.9,5.3,2.5,0.1,2.0,91.6,89.3,60.3,9857,10998.0,120200.0,2.47,44522,23602,1.7,266.33,1.8,79.9,559741.0,18.9,51.1,1358.0,26023,24512,92.0,35241.0,342109.0,2412,600,1328,54,2261,349,1930,Taylor
Taylor County,TX,14.6,24.8,7.3,25.2,89.3,10474.0,1.0,2.3,8.4,25.0,0.2,3.0,85.2,62.7,58.4,49868,57952.0,124500.0,2.61,53143,27162,6.4,915.55,17.3,78.7,913867.0,16.7,51.4,10564.0,143208,131506,143.6,303161.0,2223491.0,11399,3441,6444,2331,8467,1344,9085,Taylor
Taylor County,WI,19.6,23.3,5.7,15.1,88.4,1408.0,0.5,0.6,0.5,2.4,0.1,1.1,97.3,95.3,76.6,8614,10789.0,137800.0,2.34,53020,27506,1.4,974.88,4.4,89.3,817649.0,22.8,49.1,1274.0,19913,20689,21.2,12969.0,238340.0,1707,471,1008,0,1644,183,1433,Taylor
Taylor County,WV,21.0,19.8,4.7,17.3,89.3,753.0,0.3,0.5,1.2,1.0,0.0,1.1,96.9,96.0,78.0,6614,7510.0,107000.0,2.49,48578,25214,1.0,172.77,1.4,89.2,258272.0,29.3,49.3,1806.0,16705,16895,97.8,48291.0,110917.0,884,238,510,0,796,227,544,Taylor
Tazewell County,IL,19.3,22.5,5.6,26.3,92.7,6599.0,0.3,0.9,1.4,2.5,0.0,1.5,95.9,93.7,76.4,54291,58958.0,142000.0,2.41,63454,33507,1.8,648.97,2.8,88.2,5850340.0,21.3,50.8,8727.0,131343,135394,208.6,358486.0,1942339.0,8230,2610,4308,380,7533,885,6845,Tazewell
Tazewell County,VA,23.1,19.3,5.1,14.9,81.7,1964.0,0.2,0.7,3.2,1.1,0.0,1.1,94.8,93.8,74.5,16531,20708.0,99700.0,2.42,42099,23738,0.9,518.85,1.2,90.0,297825.0,25.1,50.4,2429.0,40429,45078,86.9,59632.0,804594.0,2778,843,1562,121,2471,229,2305,Tazewell
Tehama County,CA,19.6,23.8,6.1,15.7,84.5,3307.0,3.3,1.4,1.1,25.8,0.2,3.7,90.2,67.3,65.4,24189,27840.0,215900.0,2.61,44514,24301,8.4,2949.71,18.9,87.1,449524.0,23.4,50.3,4392.0,65829,63463,21.5,65144.0,654574.0,3954,1140,2219,784,3001,464,3282,Tehama
Telfair County,GA,18.8,16.0,4.3,8.6,70.3,702.0,0.4,0.7,36.9,15.2,0.1,1.4,60.6,49.0,67.0,4668,7312.0,64600.0,2.74,32405,17202,12.1,437.3,12.5,93.6,554410.0,23.3,41.3,871.0,12477,16500,37.7,33983.0,59835.0,818,372,415,274,518,52,738,Telfair
Teller County,CO,23.2,16.9,3.9,37.7,97.2,2735.0,1.4,1.1,1.0,7.1,0.1,2.6,93.8,88.0,82.5,10248,13511.0,292700.0,2.38,66592,35703,3.3,557.06,3.7,83.2,6521.0,32.9,49.3,3274.0,24710,23350,41.9,110822.0,207796.0,2898,1061,1329,151,2635,488,2281,Teller
Tensas Parish,LA,25.7,22.4,5.9,11.4,77.5,336.0,0.2,0.2,54.5,2.4,-1.0,1.3,43.8,41.9,67.5,1792,3455.0,66400.0,2.53,27500,15912,0.9,602.78,2.6,93.3,1901186.0,22.2,50.8,155.0,4147,5252,8.7,61451.5,27660.0,487,180,229,142,327,71,359,Tensas
Terrebonne Parish,LA,14.9,25.1,6.9,15.6,79.0,8397.0,6.2,1.1,19.2,5.1,0.1,2.7,70.7,66.5,71.5,39972,45766.0,152500.0,2.77,48747,25924,3.5,1231.82,9.8,88.1,1538295.0,24.8,50.8,4964.0,109580,111860,90.8,295200.0,1929399.0,10681,3350,5461,2022,8150,897,9239,Terrebonne
Terrell County,GA,20.1,23.0,5.9,11.2,77.5,690.0,0.6,0.4,60.1,2.9,0.2,1.4,37.4,35.7,55.0,3399,4165.0,92100.0,2.47,34768,20045,2.1,335.44,2.2,88.8,554410.0,25.9,52.4,532.0,9185,9315,27.8,33983.0,68043.0,735,301,367,410,298,41,643,Terrell
Terrell County,TX,32.9,18.8,5.3,18.4,86.5,92.0,3.6,1.2,1.7,51.4,-1.0,2.4,91.1,43.2,93.1,418,701.0,76400.0,2.14,43208,25687,2.0,2358.03,57.2,96.2,575658.0,25.5,49.6,74.0,760,984,0.4,356.0,5041.0,168,53,104,51,114,0,141,Terrell
Terry County,TX,15.1,27.2,7.6,11.4,68.4,795.0,1.4,0.6,4.7,56.0,0.1,1.5,91.7,38.4,69.6,4061,4861.0,76500.0,2.84,44627,20627,10.7,888.84,40.1,78.5,575658.0,18.5,47.3,381.0,11831,12651,14.2,15400.0,131525.0,1074,303,681,422,616,91,943,Terry
Teton County,ID,13.1,23.8,5.8,41.0,93.8,1647.0,0.9,0.6,0.5,16.7,0.2,1.4,96.6,81.3,77.7,3707,6172.0,346600.0,3.08,74216,31191,7.8,449.46,14.4,83.1,172944.0,29.3,47.5,289.0,11630,10170,22.6,15028.0,66098.0,1559,596,713,97,1411,100,1371,Teton
Teton County,MT,23.2,24.4,7.0,24.9,92.0,592.0,1.9,0.9,0.3,1.7,0.0,2.4,94.5,93.2,69.9,2464,2922.0,172700.0,2.39,55000,28022,1.3,2272.38,2.5,88.2,2963.0,19.2,50.9,497.0,6226,6073,2.7,5192.0,69705.0,734,198,311,30,637,64,523,Teton
Teton County,WY,15.8,17.9,4.8,57.0,95.2,5647.0,0.9,1.7,0.7,15.1,0.1,1.6,95.0,81.0,60.4,9019,14186.0,866600.0,2.47,84678,54051,11.8,3995.38,19.2,81.5,34144.0,15.8,48.3,999.0,23331,21294,5.3,343991.0,512610.0,6235,1989,3000,334,5493,447,5362,Teton
Texas County,MO,21.5,21.3,5.6,13.5,83.6,1752.0,0.9,0.4,3.8,2.2,0.1,2.1,92.8,90.8,72.4,9728,11737.0,111700.0,2.49,35067,19973,1.4,1177.27,2.9,86.4,157768.0,25.0,47.5,2608.0,24487,26008,22.1,22307.0,172472.0,1863,585,773,31,1718,88,1581,Texas
Texas County,OK,11.8,28.2,8.5,22.1,72.3,1173.0,1.9,3.4,5.0,47.0,0.6,1.8,87.3,43.5,68.0,6768,8244.0,115100.0,3.0,52282,22003,27.0,2041.26,43.8,83.9,460737.5,14.6,46.8,368.0,21384,20640,10.1,29178.0,226474.0,1847,550,986,631,1110,99,1623,Texas
Thayer County,NE,25.5,23.3,6.1,18.8,92.4,421.0,0.5,0.3,0.4,3.1,0.0,1.5,97.3,94.3,78.6,2244,2761.0,71400.0,2.19,51821,29632,0.8,573.81,2.7,92.5,231681.5,12.8,50.4,340.0,5034,5228,9.1,7615.0,56066.0,423,107,150,0,396,36,363,Thayer
Thomas County,GA,18.7,23.7,6.2,24.7,84.9,3313.0,0.6,1.0,36.2,3.9,0.1,1.5,60.6,57.6,61.2,17595,20896.0,146800.0,2.49,43740,27454,2.5,544.6,4.3,82.4,674930.0,19.6,52.7,2707.0,45798,44720,82.1,59295.0,564630.0,3630,1563,1708,1234,2209,366,3062,Thomas
Thomas County,KS,18.1,23.5,7.4,22.6,93.3,793.0,1.1,0.8,1.2,7.5,0.1,1.6,95.3,88.9,67.6,3375,3614.0,129700.0,2.2,60124,30442,5.2,1074.69,5.2,83.5,328053.5,11.9,51.2,357.0,7930,7900,7.4,21829.0,233536.0,1044,195,576,0,986,189,676,Thomas
Thomas County,NE,26.5,22.6,5.4,24.7,93.9,90.0,1.8,0.3,1.2,3.9,-1.0,1.1,95.6,91.8,76.5,277,405.0,119300.0,2.33,59432,36572,0.8,713.24,2.1,84.7,231681.5,13.3,49.4,38.0,669,647,0.9,4370.0,8002.0,38,0,0,0,36,0,33,Thomas
Throckmorton County,TX,29.6,19.3,4.2,21.7,86.6,221.0,1.3,0.5,0.9,14.3,-1.0,1.3,95.9,82.3,72.9,668,1084.0,56300.0,2.14,40000,30463,0.8,912.55,10.0,86.6,575658.0,17.4,52.2,95.0,1440,1641,1.8,33330.5,7133.0,156,27,118,32,118,0,146,Throckmorton
Thurston County,NE,11.8,35.8,10.6,16.4,89.1,293.0,58.7,0.7,0.5,6.2,0.0,2.8,37.3,35.3,60.8,2176,2446.0,79800.0,3.28,51034,20141,1.4,393.58,3.7,90.4,231681.5,16.2,50.5,315.0,6773,6940,17.6,2510.0,73014.0,221,57,136,65,138,0,186,Thurston
Thurston County,WA,17.9,21.2,5.7,35.7,93.7,16142.0,1.8,6.3,3.6,9.4,1.0,5.8,81.5,74.1,65.4,109983,119558.0,287900.0,2.51,72003,35169,8.1,721.96,11.6,80.8,910527.0,26.8,51.1,28830.0,294793,252264,349.4,419185.0,3330812.0,18842,6797,8970,2758,15115,2288,15225,Thurston
Tift County,GA,15.4,24.7,6.9,18.1,81.9,3088.0,0.5,1.5,30.7,12.2,0.1,1.4,65.7,55.1,60.0,15144,16966.0,118100.0,2.54,45639,22974,5.3,258.92,12.0,91.3,528105.0,18.1,51.6,1788.0,41344,40118,154.9,100793.0,805567.0,3483,1234,1960,1051,2209,298,2921,Tift
Tillamook County,OR,26.4,18.8,4.7,21.8,89.6,2078.0,1.6,1.0,0.7,10.5,0.4,3.0,93.4,84.0,69.3,10784,19291.0,254300.0,2.39,49895,27659,5.4,1102.58,9.7,85.0,708295.0,19.9,49.5,2358.0,27390,25250,22.9,51246.0,248872.0,2574,763,1200,101,2347,243,2170,Tillamook
Tillman County,OK,20.2,23.1,5.5,17.3,77.5,411.0,5.1,0.5,8.1,28.1,0.2,4.5,81.7,57.8,75.8,2807,3985.0,56800.0,2.51,42280,21974,7.4,871.13,19.2,82.6,460737.5,20.4,49.3,478.0,6968,7992,9.2,3516.0,27847.0,567,265,218,90,427,80,429,Tillman
Tioga County,NY,20.9,20.6,4.9,26.0,91.2,2764.0,0.3,0.8,1.1,2.1,0.0,1.4,96.4,94.7,76.9,20030,22609.0,119700.0,2.4,62999,31822,2.0,518.6,2.5,89.4,438230.0,23.4,50.3,3561.0,48455,51125,98.6,36169.0,372881.0,3228,1020,1831,107,3029,291,2808,Tioga
Tioga County,PA,22.6,19.9,5.2,19.1,90.4,2494.0,0.3,0.6,0.8,1.3,0.0,1.2,97.2,96.1,72.8,16310,21886.0,142100.0,2.47,51324,26301,1.3,1133.79,1.3,88.2,591709.0,24.5,50.4,3638.0,41045,41981,37.0,65506.0,563857.0,3850,846,2558,71,3669,533,3092,Tioga
Tippah County,MS,16.9,24.1,6.2,15.2,79.9,1486.0,0.4,0.3,16.7,4.8,0.0,1.6,80.9,76.8,72.3,7834,9971.0,86900.0,2.77,39246,19501,2.2,457.82,4.4,92.1,400318.0,25.9,51.3,864.0,21815,22232,48.6,26152.0,133775.0,1595,473,967,141,1404,132,1324,Tippah
Tippecanoe County,IN,11.9,20.6,5.8,38.7,91.6,9707.0,0.4,8.8,5.9,8.7,0.1,2.2,82.7,74.8,55.1,70526,78324.0,153000.0,2.48,53130,27451,12.0,499.81,16.2,73.4,11875017.0,17.7,48.9,7485.0,186251,172780,345.7,362102.0,2225672.0,10868,3645,5206,1563,8779,925,9100,Tippecanoe
Tipton County,IN,21.4,20.4,5.4,24.7,89.3,1036.0,0.4,0.6,0.7,2.9,0.0,1.1,97.1,94.6,81.7,6376,7028.0,116000.0,2.34,58118,31025,1.3,260.54,2.4,87.5,236282.0,24.5,50.2,1141.0,15359,15936,61.2,12888.0,180565.0,964,238,560,0,911,95,741,Tipton
Tipton County,TN,14.9,24.2,5.9,17.3,87.8,4023.0,0.5,0.8,18.5,2.9,0.1,2.2,77.9,75.6,71.3,21452,24104.0,150000.0,2.83,61291,28457,1.7,458.37,2.8,87.8,446259.0,33.4,50.7,5628.0,60970,61081,133.3,39539.0,393600.0,4297,1863,1939,935,3150,481,3547,Tipton
Tishomingo County,MS,20.8,21.5,5.5,11.4,80.4,1123.0,0.4,0.2,2.5,3.4,0.0,1.0,95.9,92.8,75.5,7635,10493.0,88100.0,2.51,37681,20390,0.4,424.25,1.8,87.0,298775.0,21.9,51.2,1088.0,18850,19593,46.2,26152.0,114266.0,1384,507,764,47,1298,126,1163,Tishomingo
Titus County,TX,14.8,28.7,7.9,16.3,76.7,1981.0,2.4,1.2,9.9,44.1,0.2,1.6,84.8,44.4,67.0,10893,12550.0,105100.0,2.98,50196,21730,19.8,406.05,39.1,92.4,1341048.0,18.8,51.0,1735.0,31247,32334,79.6,54776.0,477816.0,2439,787,1148,623,1670,123,2035,Titus
Todd County,KY,16.2,26.5,7.4,13.2,77.5,924.0,0.3,0.3,8.1,4.4,0.1,1.7,89.6,85.8,67.5,4644,5370.0,106300.0,2.61,44005,23143,2.5,374.5,11.5,90.5,108925.0,25.9,50.2,681.0,12243,12460,33.3,3124.0,77294.0,1024,285,565,49,926,92,819,Todd
Todd County,MN,22.1,23.9,6.7,15.1,87.0,1691.0,0.7,0.5,0.7,6.8,0.3,1.6,96.3,90.4,82.6,9819,13394.0,153400.0,2.46,53585,26678,3.6,944.98,10.5,89.4,885940.0,24.4,48.3,1826.0,25262,24895,26.3,18331.0,156783.0,2067,456,1205,0,2001,175,1768,Todd
Todd County,SD,7.5,41.7,11.9,15.6,79.9,200.0,86.8,2.3,0.6,4.2,-1.0,2.2,8.0,7.4,43.7,2700,3186.0,26000.0,3.75,24331,10739,2.0,1388.56,11.2,94.1,7025.0,20.0,51.6,226.0,9319,9612,6.9,647.0,42981.0,302,148,106,219,62,29,247,Todd
Tolland County,CT,16.3,17.2,4.1,41.8,95.0,9675.0,0.3,5.0,3.9,5.9,0.1,2.0,88.6,83.8,71.8,55683,60285.0,253100.0,2.44,87069,41371,6.9,410.21,10.7,86.0,903563.0,26.3,50.0,8584.0,149788,152691,372.2,219058.0,1303051.0,9914,3449,5444,835,8809,1091,8423,Tolland
Tom Green County,TX,15.6,23.8,6.7,24.5,86.3,8912.0,1.1,1.4,4.4,40.7,0.2,2.3,90.6,52.4,63.5,43314,48907.0,141500.0,2.58,53903,29505,6.3,1521.97,25.7,83.1,575658.0,17.8,50.2,9305.0,120003,110224,72.4,33330.5,1821683.0,9893,3135,5538,2238,7243,1194,8187,Tom Green
Tompkins County,NY,15.1,14.7,3.8,53.5,94.4,7936.0,0.5,10.4,4.4,5.4,0.1,3.5,81.2,77.0,54.9,39618,44634.0,204600.0,2.25,60240,33075,12.9,474.65,15.0,74.4,861091.0,19.4,50.9,3952.0,105740,101564,214.0,231655.0,1111981.0,9063,2989,4847,1093,7454,673,7854,Tompkins
Tooele County,UT,9.3,32.2,7.9,24.2,91.3,3467.0,1.3,0.8,0.9,12.9,0.7,2.2,94.1,82.5,80.9,20478,23163.0,223400.0,3.27,74562,25949,4.4,6941.35,8.2,84.2,884305.0,28.8,49.2,3506.0,72698,58218,8.4,46352.0,496798.0,3141,1090,1370,401,2593,141,2748,Tooele
Toole County,MT,19.4,20.8,6.7,15.2,88.8,307.0,5.2,0.8,1.0,4.4,0.1,3.3,89.7,86.1,59.4,1867,2380.0,137900.0,2.23,50721,27528,3.4,1915.65,8.1,81.1,7030.0,13.5,43.8,447.0,4971,5324,2.8,11960.0,83483.0,574,79,397,0,539,115,418,Toole
Toombs County,GA,17.0,26.3,6.9,16.2,80.1,1908.0,0.8,0.8,26.3,11.8,0.1,1.5,70.4,60.1,60.5,10030,12249.0,95300.0,2.65,40175,24399,5.7,364.01,11.9,83.1,554410.0,22.0,52.7,1429.0,27030,27223,74.8,49523.0,406390.0,2842,1121,1400,673,2032,387,2185,Toombs
Torrance County,NM,21.5,20.2,5.2,14.8,84.6,804.0,4.2,0.6,2.2,43.8,0.3,2.9,89.8,50.3,83.2,5644,8093.0,114300.0,2.69,36120,20876,4.3,3344.85,21.6,89.7,268581.0,32.7,47.4,1590.0,15045,16383,4.9,63779.5,154041.0,1084,366,569,317,728,115,893,Torrance
Towner County,ND,25.3,21.7,5.7,17.0,91.4,209.0,5.1,0.1,0.4,2.7,-1.0,1.5,92.9,90.3,73.1,1058,1447.0,70200.0,2.07,52300,37239,5.1,1024.56,4.5,88.0,118152.0,14.4,49.1,124.0,2162,2246,2.2,1312.0,30368.0,349,92,221,0,336,0,319,Towner
Towns County,GA,34.9,12.7,3.7,30.1,89.9,1266.0,0.4,0.9,1.2,3.2,0.1,1.1,96.3,93.4,78.3,4898,8363.0,230500.0,2.2,48219,25972,2.6,166.56,3.3,89.6,554410.0,20.4,52.4,1148.0,12493,10471,62.9,32408.0,87113.0,1035,267,571,38,957,56,948,Towns
Traill County,ND,20.0,22.8,6.0,28.9,93.4,621.0,1.5,0.6,0.9,3.7,0.0,2.2,94.8,91.6,71.5,3383,3853.0,150600.0,2.25,64453,33321,1.9,861.95,3.3,86.6,118152.0,20.2,49.0,524.0,7997,8121,9.4,7707.0,97203.0,856,246,431,0,799,179,590,Traill
Transylvania County,NC,31.4,15.4,4.0,32.6,89.0,3254.0,0.5,0.7,3.5,3.4,0.1,1.9,93.4,90.4,76.0,14567,19818.0,221900.0,2.23,50212,29549,2.9,378.53,4.5,85.5,61066.0,23.6,51.8,3379.0,32986,33090,87.4,68533.0,311288.0,3488,1153,1908,215,3172,257,3018,Transylvania
Traverse County,MN,25.4,20.9,6.0,17.5,93.3,281.0,6.6,0.5,0.7,4.0,0.1,2.4,89.8,86.9,79.6,1608,2103.0,81400.0,2.0,51957,32548,1.9,573.9,3.9,90.9,5429.0,17.5,49.3,238.0,3360,3558,6.2,38159.0,46699.0,332,105,137,27,291,0,256,Traverse
Travis County,TX,10.2,21.2,6.1,50.0,89.3,132806.0,1.2,7.4,8.9,33.6,0.1,2.7,79.7,48.9,52.4,472361,545693.0,324800.0,2.54,75887,43658,17.8,990.2,31.2,80.9,12281855.0,25.6,49.5,51361.0,1290188,1024266,1034.4,3726774.0,15583650.0,120533,42186,64679,35323,79883,9520,105236,Travis
Treasure County,MT,28.9,21.1,8.0,25.4,89.8,40.0,3.0,1.0,-1.0,4.2,-1.0,2.4,93.5,90.2,68.1,351,434.0,118200.0,1.9,43047,29763,3.1,977.4,4.7,84.0,16801.0,20.2,50.3,61.0,762,718,0.7,399.0,72429.0,145,66,42,0,142,0,131,Treasure
Trego County,KS,27.3,17.6,4.2,24.8,93.2,306.0,0.4,0.5,0.7,2.6,0.1,1.7,96.6,94.3,74.9,1379,1662.0,99300.0,2.0,57966,34230,2.0,889.48,0.5,82.7,328053.5,18.5,49.1,242.0,2808,3001,3.4,4762.0,47737.0,474,120,178,0,432,30,409,Trego
Trempealeau County,WI,18.4,25.1,7.1,19.3,90.7,2082.0,1.2,0.7,0.6,9.0,0.1,1.2,96.3,88.9,73.0,12005,13328.0,156000.0,2.42,58548,28902,4.4,732.97,9.1,89.4,1786735.0,22.8,49.4,1717.0,30760,28816,39.3,25387.0,322776.0,2759,763,1404,72,2597,203,2357,Trempealeau
Treutlen County,GA,18.7,22.8,5.9,12.4,73.7,481.0,0.3,0.3,31.9,3.0,0.0,1.2,66.3,63.8,66.9,2490,3037.0,69400.0,2.53,32241,21830,3.5,199.44,3.6,86.6,554410.0,24.4,50.3,563.0,6406,6885,34.5,1372.0,29934.0,388,210,146,136,239,45,313,Treutlen
Trigg County,KY,23.2,21.2,5.2,16.6,88.0,1004.0,0.4,0.3,6.9,2.4,0.1,2.4,90.0,87.9,81.0,5892,7977.0,129400.0,2.44,50536,28264,1.3,441.43,6.0,84.0,136556.0,27.1,50.3,1563.0,14061,14339,32.5,35974.5,95247.0,911,176,668,43,840,193,666,Trigg
Trimble County,KY,17.8,21.8,5.4,14.1,82.8,464.0,0.7,0.6,0.8,3.3,0.1,1.5,96.2,93.6,77.1,3498,4017.0,124000.0,2.43,53056,27237,1.6,151.65,1.1,86.3,559741.0,24.7,49.8,647.0,8474,8809,58.1,35974.5,25571.0,547,225,246,0,521,0,527,Trimble
Trinity County,CA,28.3,17.3,4.6,19.5,92.4,915.0,5.2,1.5,0.8,7.4,0.2,5.3,87.0,81.9,68.9,5939,9013.0,287700.0,2.09,40846,26523,4.7,3179.25,8.6,88.7,2696230.0,21.6,48.6,1150.0,16112,13786,4.3,13381.0,72655.0,1123,434,543,214,838,240,805,Trinity
Trinity County,TX,27.0,19.7,5.2,12.9,83.1,1015.0,1.1,0.5,8.9,10.7,0.1,1.7,87.7,77.9,77.4,6030,9114.0,83700.0,2.4,41357,25026,3.8,693.61,8.2,86.4,79860.0,36.5,51.9,1536.0,13602,14585,21.0,14713.0,62037.0,851,313,487,165,664,141,687,Trinity
Tripp County,SD,22.8,23.6,7.6,22.3,90.9,594.0,15.8,0.4,0.6,2.6,-1.0,2.8,80.5,79.6,76.2,2356,3112.0,101200.0,2.25,57720,27036,1.6,1612.45,4.0,90.4,109693.0,14.3,49.8,213.0,5624,5644,3.5,7972.0,104251.0,626,131,300,48,545,39,553,Tripp
Troup County,GA,15.2,24.3,6.5,19.0,83.4,5166.0,0.4,2.3,36.5,3.7,0.2,1.8,58.8,55.8,57.4,24928,28732.0,136700.0,2.74,45649,23124,4.3,413.99,5.2,85.9,12011071.0,24.6,52.2,3903.0,69426,67044,161.9,96667.0,911111.0,5856,2158,3216,2438,3043,696,4829,Troup
Trousdale County,TN,13.0,17.9,5.2,13.8,84.4,636.0,0.6,0.5,11.4,2.5,0.0,1.9,85.6,83.6,78.8,3189,3781.0,155700.0,2.92,56321,24795,1.0,114.19,2.2,87.4,674991.0,35.7,41.1,743.0,11615,7870,68.9,4301.0,56195.0,697,250,379,100,550,101,549,Trousdale
Trumbull County,OH,22.1,20.3,5.3,18.7,89.4,13051.0,0.2,0.6,8.6,1.9,0.0,2.2,88.4,86.9,70.6,85621,95617.0,102600.0,2.3,47280,26935,1.6,618.3,4.9,90.5,9668411.0,23.3,51.2,15654.0,201977,210312,340.1,516287.0,2495337.0,15885,5359,8573,1214,13951,1629,13249,Trumbull
Tucker County,WV,26.8,14.7,3.9,19.4,87.8,446.0,0.3,0.3,0.4,0.9,0.0,1.0,98.0,97.2,78.5,3142,5350.0,121600.0,2.17,49118,25686,0.5,418.92,0.7,90.8,258272.0,28.6,49.1,530.0,6762,7141,17.0,48291.0,50121.0,565,159,342,0,535,97,447,Tucker
Tulare County,CA,11.6,30.5,7.8,14.6,70.8,21098.0,2.8,4.0,2.2,65.6,0.2,2.7,88.2,27.7,57.1,138238,151603.0,205000.0,3.3,49687,21380,21.8,4824.22,51.3,88.6,8362447.0,22.6,50.0,14633.0,473117,442179,91.7,451880.0,3903527.0,23310,8115,12168,11023,11406,1677,20452,Tulare
Tulsa County,OK,14.8,25.1,7.0,31.8,89.4,52636.0,6.9,3.6,10.8,13.3,0.2,6.2,72.4,61.2,58.8,252661,285858.0,156400.0,2.53,55517,32044,8.9,570.25,14.6,81.4,18770155.0,19.9,51.2,37136.0,669279,603403,1058.1,1425259.0,10454539.0,60309,19933,31808,12730,44541,6109,50654,Tulsa
Tunica County,MS,12.9,29.1,8.6,16.9,83.5,645.0,0.3,0.8,77.6,2.5,0.1,1.0,20.2,18.6,40.2,3930,5023.0,107100.0,2.51,39370,20579,2.7,454.67,3.7,87.1,483799.0,22.0,53.2,397.0,9782,10778,23.7,873212.0,107394.0,1017,441,459,533,409,80,859,Tunica
Tuolumne County,CA,27.0,16.8,4.4,20.5,90.7,4246.0,2.3,1.5,2.0,12.7,0.3,3.6,90.3,79.7,71.3,22502,31700.0,289200.0,2.24,60108,34702,4.8,2220.88,7.9,83.6,173104.0,26.9,48.2,5190.0,55620,55365,24.9,92814.0,573262.0,4466,1484,2140,350,3939,444,3596,Tuolumne
Turner County,GA,20.0,24.5,7.1,11.7,81.2,698.0,0.6,1.0,40.0,4.8,0.2,1.4,56.9,53.4,69.1,3169,3942.0,79700.0,2.39,37039,19527,3.0,285.39,6.4,86.1,92770.0,22.7,51.7,616.0,9006,8930,31.3,8793.0,66689.0,576,256,277,138,422,64,495,Turner
Turner County,SD,21.4,24.4,6.2,23.7,92.0,772.0,1.1,0.2,0.6,2.6,0.0,1.2,96.8,94.7,78.3,3498,4074.0,122400.0,2.32,59242,30677,1.1,617.06,2.7,89.6,109693.0,25.5,49.9,552.0,8673,8347,13.5,3479.0,46633.0,811,265,380,0,737,87,687,Turner
Tuscaloosa County,AL,13.8,21.0,6.0,30.7,88.3,12880.0,0.4,1.6,32.4,4.0,0.1,1.3,64.2,60.8,63.7,72461,92792.0,170400.0,2.72,53326,26789,3.8,1321.76,5.5,82.6,14291085.0,22.8,51.9,10059.0,227036,194656,147.3,51801.0,2619255.0,14255,5171,7482,3303,10334,1328,12014,Tuscaloosa
Tuscarawas County,OH,20.0,22.8,6.3,17.4,86.0,6199.0,0.5,0.4,1.0,3.2,0.2,1.5,96.3,94.0,70.7,36631,40237.0,132100.0,2.49,53243,27057,1.7,567.64,7.7,86.1,2276097.0,23.8,50.7,5858.0,93263,92582,163.1,112079.0,1180250.0,6827,2000,3735,166,6390,573,5896,Tuscarawas
Tuscola County,MI,20.8,20.3,5.2,13.5,89.3,3339.0,0.7,0.3,1.3,3.6,0.0,1.4,96.2,93.1,82.4,21777,24525.0,104000.0,2.38,49988,25996,0.9,803.13,2.6,89.0,513558.0,30.4,49.7,3911.0,53323,55729,69.4,29304.0,481924.0,4098,1179,2656,165,3848,500,3442,Tuscola
Twiggs County,GA,23.3,19.2,4.9,11.8,74.2,619.0,0.4,0.3,40.7,2.7,0.0,1.8,56.7,55.1,80.9,3044,4278.0,65100.0,2.68,34879,20979,1.5,358.4,2.4,95.0,554410.0,32.4,51.1,595.0,8022,9023,25.2,33983.0,27933.0,638,235,274,341,289,69,521,Twiggs
Twin Falls County,ID,15.6,27.4,7.1,20.6,87.1,6019.0,1.4,1.8,0.9,17.1,0.3,2.0,93.7,78.2,68.9,31146,34199.0,166800.0,2.69,52919,25352,9.0,1921.21,14.4,83.3,172944.0,18.3,50.7,5647.0,90046,77230,40.2,132516.0,1233518.0,7501,2039,3831,496,6691,507,6368,Twin Falls
Tyler County,TX,22.6,19.3,4.9,13.4,82.0,1264.0,0.8,0.6,11.2,8.3,0.1,1.5,85.8,78.5,84.0,7100,10969.0,88100.0,2.66,44497,20249,3.0,924.5,9.6,82.3,575658.0,31.9,46.0,1736.0,19798,21766,23.5,9555.0,115804.0,1228,365,621,94,986,125,1065,Tyler
Tyler County,WV,23.4,19.3,4.7,14.1,89.2,376.0,0.3,0.5,0.3,0.8,0.0,1.1,97.7,97.1,82.7,3207,5036.0,96300.0,2.72,43087,24924,0.9,256.29,1.6,94.2,258272.0,27.6,49.6,626.0,8313,9208,35.9,48291.0,44110.0,451,246,172,0,431,36,397,Tyler
Tyrrell County,NC,20.2,18.1,4.7,10.6,74.0,266.0,0.9,1.9,38.1,9.4,0.0,2.3,56.7,49.1,68.3,1594,2090.0,114800.0,2.1,35300,19743,3.1,389.04,8.4,86.6,9593.0,30.9,43.6,323.0,3245,4407,11.3,75439.0,35975.0,397,96,233,48,333,45,334,Tyrrell
Uinta County,WY,15.0,28.4,6.7,16.0,92.7,1537.0,1.4,0.5,0.8,9.3,0.2,1.8,95.3,87.3,77.1,7597,9108.0,175000.0,2.66,63403,28159,2.9,2081.26,4.9,87.0,204237.0,22.6,49.5,1069.0,20450,21118,10.1,35485.0,389868.0,2008,519,919,113,1801,213,1651,Uinta
Uintah County,UT,11.3,32.9,8.2,15.8,85.7,1917.0,7.9,0.6,0.7,8.4,0.4,2.4,88.1,81.5,75.9,10569,13832.0,197000.0,3.38,65264,25759,2.4,4479.69,9.3,85.6,52126.0,19.5,49.3,1359.0,35620,32588,7.3,57501.0,503191.0,2572,634,1220,193,2255,125,2263,Uintah
Ulster County,NY,20.4,17.4,4.3,32.5,90.7,16953.0,0.5,2.1,7.2,10.6,0.1,2.8,87.3,78.8,68.3,69320,85608.0,230500.0,2.41,64304,34834,7.8,1124.24,11.1,89.2,1246970.0,29.0,50.4,8801.0,181851,182493,162.3,367274.0,2324885.0,18362,6287,10455,1793,16060,1072,16579,Ulster
Umatilla County,OR,16.0,25.1,6.4,17.2,82.4,3348.0,4.3,1.1,1.2,27.6,0.3,2.7,90.4,65.1,65.7,26908,30919.0,170900.0,2.69,54699,24444,10.4,3215.51,22.9,83.1,858132.0,18.7,47.7,5210.0,80075,75889,23.6,194451.0,802759.0,4648,1428,2191,528,3822,444,3764,Umatilla
Unicoi County,TN,23.3,18.5,4.5,14.8,85.0,866.0,0.5,0.3,0.5,5.5,0.0,1.2,97.4,92.5,71.9,7658,8921.0,129500.0,2.25,41890,23455,3.2,186.17,5.4,88.8,440662.0,21.4,50.5,1637.0,17928,18313,98.4,15936.0,129509.0,832,323,333,32,755,132,652,Unicoi
Union County,AR,18.4,24.0,6.6,21.1,84.9,2832.0,0.5,0.7,33.0,4.2,0.1,1.7,64.0,60.7,75.4,15726,20134.0,86500.0,2.48,44663,25193,1.8,1039.21,4.3,90.9,4719215.0,19.6,51.3,2238.0,39054,41639,40.1,45405.0,511069.0,3745,1328,1803,657,2932,393,3059,Union
Union County,FL,15.2,19.8,5.2,9.2,76.5,594.0,0.5,0.6,22.6,5.6,0.0,1.8,74.5,69.8,66.1,3960,4683.0,118400.0,2.42,44270,17010,2.8,243.56,5.6,75.3,778359.5,24.7,35.4,1575.0,16147,15535,63.8,3631.0,44787.0,720,183,343,52,626,58,592,Union
Union County,GA,33.7,15.4,3.8,22.5,89.0,2443.0,0.5,0.5,0.9,3.6,0.0,1.3,96.8,93.6,77.2,9743,14995.0,196500.0,2.33,50021,28953,2.9,321.93,3.7,87.0,54045.0,24.4,51.6,2233.0,24632,21356,66.3,28414.0,242915.0,2242,516,1379,83,1993,243,1717,Union
Union County,IA,21.0,22.3,5.2,18.0,90.3,775.0,0.5,0.7,1.4,3.2,0.0,1.0,96.4,93.7,70.4,5176,5946.0,104000.0,2.33,49900,27750,2.3,423.65,5.3,84.2,283966.0,17.3,51.2,869.0,12138,12534,29.6,14297.0,174851.0,1166,262,644,25,1075,190,886,Union
Union County,IL,21.9,21.1,5.4,21.7,88.4,1009.0,0.7,0.5,1.3,5.3,0.0,1.7,95.7,91.0,77.3,6654,8010.0,109900.0,2.48,50625,25879,2.8,413.46,4.6,93.4,741144.5,24.6,49.9,1207.0,17244,17808,43.1,38907.0,167103.0,1322,440,785,118,1153,198,1036,Union
Union County,IN,19.7,20.8,5.5,18.5,87.4,458.0,0.3,0.4,1.0,1.8,0.0,1.6,96.7,95.1,72.0,2823,3270.0,116300.0,2.5,50375,25661,2.0,161.22,2.5,83.7,1482367.0,25.1,50.6,515.0,7087,7516,46.6,3767.0,32903.0,570,204,274,0,532,32,523,Union
Union County,KY,17.2,18.1,4.7,11.1,90.0,732.0,0.3,0.7,13.2,2.1,0.1,2.0,83.8,82.1,70.8,5374,6249.0,92100.0,2.43,46673,23097,1.5,342.85,2.6,82.4,142815.0,22.6,47.7,934.0,13668,15007,43.8,35974.5,195949.0,781,212,346,46,638,35,624,Union
Union County,MS,16.9,25.1,6.6,13.4,78.1,2131.0,0.3,1.2,15.4,4.5,0.1,1.8,81.3,77.6,73.1,9808,12087.0,100600.0,2.87,45754,21705,2.6,415.6,3.6,89.6,2379293.0,24.7,51.1,1118.0,27777,27134,65.3,26152.0,297195.0,2307,537,1524,211,2003,234,1963,Union
Union County,NC,13.0,26.4,5.6,35.4,89.6,19542.0,0.6,3.6,12.5,11.5,0.1,2.0,81.1,71.1,81.3,76346,83989.0,241400.0,3.0,80033,36362,9.5,631.52,14.9,87.6,3645446.0,29.8,50.7,12215.0,238267,201292,318.7,192873.0,1943631.0,17701,5541,10054,2977,14176,1743,15167,Union
Union County,NJ,14.7,23.3,6.3,36.0,86.4,48345.0,0.8,5.7,23.8,32.8,0.1,2.2,67.4,39.2,58.6,190101,203054.0,367200.0,2.88,80198,41603,30.1,102.86,44.0,90.4,20139410.0,31.7,51.1,14080.0,575345,536499,5216.1,819132.0,7376336.0,50710,15395,31393,20768,28234,3401,45572,Union
Union County,NM,21.9,18.7,4.8,11.7,81.9,255.0,3.5,0.7,2.3,43.1,0.1,2.5,91.0,51.7,64.9,1395,2358.0,88000.0,2.5,35884,22116,5.6,3823.74,19.8,86.3,268581.0,19.5,43.8,335.0,4079,4549,1.2,6334.0,33231.0,358,69,160,119,196,0,280,Union
Union County,OH,12.7,24.5,6.4,35.5,93.4,3956.0,0.3,4.9,2.7,2.0,0.0,1.7,90.5,88.8,78.5,20212,22410.0,203800.0,2.65,86715,37384,4.4,431.73,5.9,83.5,10102685.0,25.7,52.0,2871.0,62784,52300,121.1,63933.0,631051.0,3936,1247,2151,114,3575,318,3359,Union
Union County,OR,21.5,21.8,5.6,24.5,92.7,1627.0,1.3,1.3,0.8,5.2,1.3,2.7,92.6,88.2,64.5,10708,11922.0,185400.0,2.39,52171,27646,2.9,2036.61,5.0,81.0,275911.0,17.1,50.5,2052.0,26196,25748,12.6,33801.0,318494.0,1961,672,898,114,1757,223,1522,Union
Union County,PA,18.6,17.6,4.6,26.0,86.8,2827.0,0.6,1.7,7.5,6.1,0.1,1.5,88.7,84.2,72.4,14533,17477.0,189500.0,2.46,59399,27079,2.8,315.98,10.6,83.4,353280.0,21.5,45.4,2628.0,42681,44947,142.2,89339.0,479155.0,3035,732,1977,64,2866,437,2444,Union
Union County,SC,20.6,21.2,5.7,11.3,81.2,1132.0,0.3,0.4,32.0,1.8,0.0,1.9,65.4,64.3,68.3,11432,14123.0,80000.0,2.36,41186,23470,0.9,514.17,1.4,88.1,524484.0,26.9,52.7,1713.0,27244,28961,56.3,20987.0,195675.0,1694,572,862,239,1383,235,1345,Union
Union County,SD,18.6,24.3,6.2,30.6,92.6,1451.0,0.9,1.5,1.5,3.7,0.1,1.7,94.3,91.0,69.2,6619,7412.0,179300.0,2.31,70378,42411,3.3,460.54,3.4,85.4,109693.0,19.2,49.4,1056.0,16811,14399,31.3,18476.0,153199.0,1641,469,873,47,1527,96,1369,Union
Union County,TN,18.6,21.5,5.5,9.9,77.1,1325.0,0.5,0.2,0.5,1.9,0.1,1.3,97.4,95.9,75.4,7405,9573.0,124700.0,2.61,44671,24010,1.0,223.55,2.1,89.5,125906.0,33.7,50.5,1397.0,19802,19109,85.5,7368.0,87645.0,1070,294,646,26,997,97,898,Union
Union Parish,LA,21.1,21.5,5.7,17.2,85.7,1502.0,0.6,0.3,25.0,4.9,0.1,1.0,73.1,69.1,81.7,7582,12027.0,89200.0,2.88,44100,24030,1.8,876.99,2.6,92.7,1901186.0,30.4,50.4,1164.0,21107,22721,25.9,61451.5,141267.0,1500,501,764,296,1090,265,1101,Union
Upshur County,TX,18.7,23.8,5.8,17.1,85.8,3080.0,1.1,0.5,7.9,9.1,0.1,2.1,88.3,80.3,78.8,14108,17189.0,141200.0,2.87,52162,25285,3.8,582.95,6.1,85.4,113281.0,28.0,50.7,2695.0,40892,39309,67.4,33330.5,203441.0,3117,988,1847,381,2640,361,2622,Upshur
Upshur County,WV,21.0,20.3,5.0,16.9,85.4,1246.0,0.3,0.5,1.1,1.4,0.0,1.2,96.9,95.6,73.7,9713,11466.0,119000.0,2.39,40322,24070,0.6,354.64,1.2,87.2,285273.0,25.5,50.4,1830.0,23816,24254,68.4,29968.0,264182.0,1550,524,862,0,1466,262,1195,Upshur
Upson County,GA,18.5,22.6,6.3,13.4,82.3,1704.0,0.5,0.6,28.4,2.4,0.1,1.6,68.7,67.1,67.6,10154,12140.0,93300.0,2.53,37640,21747,2.0,323.44,2.9,86.1,554410.0,23.2,52.6,1749.0,27700,27153,84.0,25286.0,207861.0,2058,819,983,618,1345,187,1767,Upson
Upton County,TX,14.7,28.6,7.0,9.6,75.6,275.0,2.9,0.6,3.4,54.4,0.0,1.7,91.4,40.9,73.0,1332,1561.0,66900.0,2.7,52171,25447,11.7,1241.32,38.9,88.0,575658.0,24.8,49.6,176.0,3308,3355,2.7,33330.5,22301.0,406,112,91,127,263,0,264,Upton
Utah County,UT,7.9,32.9,9.2,40.8,94.6,51419.0,0.8,1.9,0.8,12.2,0.9,2.8,92.7,81.7,67.6,165991,186554.0,305500.0,3.55,74665,26215,7.4,2003.45,15.1,78.7,5945690.0,21.9,49.5,14296.0,659399,516564,257.8,569426.0,6039379.0,47840,13891,24359,4196,41982,3003,42366,Utah
Uvalde County,TX,16.9,26.8,7.2,17.9,75.8,2683.0,1.2,0.9,1.3,72.7,0.1,1.0,95.5,25.2,73.3,8841,11222.0,89000.0,2.99,41679,20329,11.2,1551.95,51.7,88.5,149450.0,19.0,50.9,1548.0,24564,26405,17.0,58075.0,424200.0,3413,1185,1899,1960,1314,395,2883,Uvalde
Val Verde County,TX,14.3,28.4,8.3,18.4,68.2,3708.0,1.0,0.9,2.1,82.3,0.2,1.2,94.6,14.7,63.5,15779,19317.0,103400.0,2.98,46147,21370,22.2,3144.75,67.6,84.8,575658.0,18.3,48.9,2925.0,47586,48879,15.5,77844.0,583549.0,3558,1186,1982,2572,851,310,3032,Val Verde
Valencia County,NM,18.2,23.3,5.7,18.5,84.5,3374.0,6.4,0.8,1.8,61.1,0.2,2.4,88.5,31.9,81.5,27010,31576.0,142600.0,2.76,48945,23675,6.8,1066.18,30.6,89.1,268581.0,28.4,49.9,6203.0,76205,76569,71.8,63779.5,601288.0,4019,1646,1725,2100,1695,334,3505,Valencia
Valley County,ID,25.9,18.3,4.7,30.4,94.6,1363.0,1.2,0.6,0.5,4.7,0.1,1.8,95.8,92.0,80.8,3869,12710.0,314800.0,2.72,64475,33709,0.7,3664.52,5.4,80.8,3999.0,14.6,48.1,1092.0,11746,9862,2.7,40134.0,105911.0,1377,328,744,62,1236,122,1185,Valley
Valley County,MT,23.7,22.6,5.9,21.5,93.9,528.0,9.2,0.9,0.5,2.8,0.1,2.8,86.5,84.5,74.9,3386,4897.0,151400.0,2.17,53162,27946,1.6,4925.82,2.5,89.8,16801.0,14.8,49.6,533.0,7578,7369,1.5,16425.0,158665.0,1122,480,388,49,1022,80,877,Valley
Valley County,NE,25.8,22.8,5.6,24.2,92.3,399.0,0.3,0.4,0.4,3.4,0.0,1.1,97.8,94.5,74.3,1865,2301.0,110400.0,2.22,55324,29378,1.4,568.05,2.3,89.8,231681.5,16.1,50.1,322.0,4059,4260,7.5,4370.0,116530.0,671,95,359,50,598,62,551,Valley
Van Buren County,AR,26.7,19.4,4.7,14.5,85.1,1229.0,1.0,0.4,0.6,3.2,0.0,2.0,95.9,93.2,78.6,6813,10521.0,101700.0,2.41,38499,22168,1.3,708.14,1.9,86.2,602802.0,30.2,50.2,1229.0,15796,17295,24.4,15795.0,168365.0,1675,319,1063,61,1558,149,1382,Van Buren
Van Buren County,IA,22.5,22.7,6.0,14.4,89.2,652.0,0.3,0.6,0.2,1.8,0.0,1.5,97.4,95.7,81.3,2894,3651.0,92800.0,2.44,48591,27252,1.5,484.79,6.4,91.3,203708.0,22.6,48.5,534.0,7203,7570,15.6,20428.0,40472.0,822,215,472,0,804,181,624,Van Buren
Van Buren County,MI,18.7,23.1,6.0,21.7,87.1,4841.0,1.2,0.7,4.0,11.7,0.1,2.6,91.5,81.0,77.0,29411,37554.0,139400.0,2.51,54485,28049,5.2,607.47,9.6,86.0,1224112.0,23.7,50.3,4649.0,75587,76258,125.5,97168.0,634610.0,5011,1426,3117,520,4332,613,4173,Van Buren
Van Buren County,TN,23.4,19.7,5.7,7.8,79.0,427.0,0.4,0.2,0.9,2.0,0.1,1.5,96.8,95.1,81.5,2141,2695.0,98000.0,2.64,42724,20634,1.3,273.42,4.5,88.4,674991.0,30.7,49.6,389.0,6168,5548,20.3,40960.0,9445.0,216,89,98,0,206,0,203,Van Buren
Van Wert County,OH,19.4,23.2,6.3,16.6,91.3,1662.0,0.4,0.3,1.1,3.7,0.0,1.4,96.6,93.5,77.1,11544,12709.0,104900.0,2.42,54254,27115,0.6,409.16,2.3,89.3,1505673.0,20.2,50.7,1619.0,28931,28744,70.3,31163.0,282687.0,2295,606,1290,39,2136,164,1879,Van Wert
Van Zandt County,TX,20.3,23.0,5.9,15.8,84.6,4686.0,1.0,0.6,2.9,11.7,0.2,1.7,93.6,82.9,78.0,20156,23633.0,132300.0,2.7,54654,27900,4.6,842.56,7.7,87.8,142799.0,35.8,51.2,3725.0,59541,52579,62.4,44790.0,430718.0,3870,1258,2008,295,3475,453,3153,Van Zandt
Vance County,NC,19.1,23.4,6.2,14.8,80.4,2408.0,1.0,0.8,51.5,8.3,0.1,1.6,45.1,39.0,56.5,16875,20164.0,101400.0,2.59,40529,23049,5.2,253.52,7.8,86.5,756187.0,25.2,53.3,2159.0,42578,45422,179.2,56983.0,527895.0,2930,1074,1538,1125,1677,354,2438,Vance
Vanderburgh County,IN,17.4,21.5,6.0,27.0,90.1,9790.0,0.3,1.4,9.9,2.8,0.2,2.8,85.4,83.1,64.8,75607,84629.0,129000.0,2.31,49708,29638,2.8,233.48,4.0,81.8,3972513.0,19.4,51.5,11348.0,180136,179703,769.7,566505.0,3141650.0,12386,3974,6648,977,10630,1183,10343,Vanderburgh
Venango County,PA,23.1,19.1,4.7,18.7,90.2,2787.0,0.2,0.5,1.1,1.1,0.0,1.3,96.8,95.9,75.1,22050,27647.0,89400.0,2.3,49945,26969,0.7,674.28,1.8,89.1,1388108.0,22.7,50.5,4455.0,50454,54984,81.5,55043.0,636855.0,3590,1080,2022,129,3249,406,2842,Venango
Ventura County,CA,16.2,22.6,5.7,33.8,85.0,70479.0,1.9,7.9,2.4,43.2,0.3,3.5,84.1,44.7,63.2,271040,291512.0,588400.0,3.08,88131,38595,21.8,1843.13,38.4,89.7,8333976.0,27.2,50.5,39781.0,843843,823318,446.7,1597442.0,11194185.0,76285,26682,39995,25161,48210,5861,67137,Ventura
Vermilion County,IL,19.8,23.3,6.3,14.7,88.5,3880.0,0.4,0.9,14.0,5.3,0.0,2.5,82.2,77.8,69.6,31151,36100.0,79900.0,2.4,46515,25307,2.3,898.37,4.7,88.6,2353160.0,19.6,50.2,5178.0,74188,81625,90.9,86000.0,850294.0,5491,2491,2268,904,4338,605,4512,Vermilion
Vermilion Parish,LA,15.8,25.2,6.5,14.2,77.9,4686.0,0.4,2.1,14.3,3.6,0.0,1.7,81.5,78.4,77.2,22086,26935.0,122200.0,2.69,51945,25342,2.6,1173.2,15.7,87.1,1901186.0,28.4,51.7,3278.0,57359,57999,49.4,49373.0,577337.0,4612,1590,2263,786,3664,375,4015,Vermilion
Vermillion County,IN,20.3,22.0,5.5,14.2,91.0,741.0,0.3,0.3,0.5,1.3,0.0,1.4,97.4,96.3,73.1,6664,7498.0,79700.0,2.3,50243,26493,0.8,256.88,2.1,88.6,1482367.0,25.3,50.1,1246.0,15439,16212,63.1,24512.0,194074.0,1455,270,970,0,1399,165,1228,Vermillion
Vernon County,MO,19.7,23.6,6.1,18.9,88.3,1377.0,0.8,0.7,1.0,2.3,0.1,1.9,95.6,93.6,71.7,8207,9595.0,98300.0,2.43,43276,24312,1.1,826.4,3.9,85.4,468824.0,18.1,51.0,1276.0,19707,21159,25.6,22307.0,238628.0,1707,397,950,0,1598,259,1309,Vernon
Vernon County,WI,20.0,26.0,6.8,22.4,89.4,2537.0,0.3,0.4,0.5,1.6,0.0,1.1,97.7,96.3,77.8,12071,14268.0,157200.0,2.5,52459,26198,1.2,791.58,9.8,92.0,275805.0,25.3,49.6,1666.0,30714,29773,37.6,19452.0,320360.0,2985,979,1380,39,2876,164,2677,Vernon
Vernon Parish,LA,12.7,24.6,8.2,17.5,86.8,2104.0,1.6,1.9,14.7,9.4,0.5,3.6,77.6,69.9,53.0,17696,22385.0,119300.0,2.68,49141,24554,4.0,1327.91,8.1,80.8,1901186.0,21.8,47.4,5701.0,48750,52334,39.4,58797.0,426706.0,2743,829,1349,458,2115,387,2168,Vernon
Victoria County,TX,16.6,25.3,6.8,20.0,83.8,6880.0,0.9,1.4,6.6,47.8,0.1,1.6,89.5,43.9,66.2,32255,37289.0,142800.0,2.82,56834,29199,6.8,882.14,25.1,84.0,575658.0,19.8,51.0,5629.0,91319,86793,98.4,186962.0,1657687.0,8666,3169,4253,3054,5180,831,7273,Victoria
Vigo County,IN,16.7,20.4,5.6,25.1,88.4,4892.0,0.4,2.1,7.4,2.8,0.0,2.5,87.6,85.2,61.8,41994,47535.0,97500.0,2.36,45230,25113,3.0,403.31,4.6,78.5,3512863.0,20.5,49.5,6974.0,106153,107848,267.4,230111.0,1588274.0,7194,2132,3479,620,6159,613,5944,Vigo
Vilas County,WI,31.0,16.9,4.4,29.1,93.7,2448.0,10.9,0.6,0.4,2.8,0.0,1.5,86.5,84.9,77.7,10921,26371.0,202900.0,1.97,47072,33316,1.6,856.6,2.9,88.1,38978.0,19.9,49.2,2059.0,23047,21430,25.0,125995.0,269126.0,2550,694,1233,88,2366,262,2166,Vilas
Vinton County,OH,18.6,21.7,5.8,12.8,80.7,653.0,0.5,0.2,0.6,0.9,-1.0,1.6,97.0,96.3,76.0,5140,6283.0,91500.0,2.53,45673,21781,0.6,412.36,3.4,89.9,98206.0,30.9,49.7,799.0,12800,13435,32.6,75153.0,43695.0,678,254,337,0,656,62,595,Vinton
Virginia Beach city,VA,13.7,22.3,6.3,36.0,93.5,1479.0,0.3,6.7,19.0,8.2,0.1,5.6,66.3,61.7,63.7,170798,11797.5,280800.0,2.58,76610,37776,9.4,249.02,12.5,82.3,1954166.0,23.6,50.8,56598.0,459470,437994,1758.9,1202733.0,5671477.0,35359,13466,18195,8893,25052,5384,27836,Virginia Beach
Volusia County,FL,24.9,17.5,4.7,23.7,90.5,44735.0,0.5,2.0,11.5,15.0,0.1,2.2,83.7,70.6,70.3,216495,264113.0,175000.0,2.43,49494,28517,7.5,1101.03,13.9,86.3,778359.5,25.9,51.2,50328.0,553543,494593,449.2,895766.0,6168254.0,44316,16181,22866,10012,32791,4849,37271,Volusia
Wabash County,IL,21.4,22.1,6.1,18.2,90.6,750.0,0.3,1.2,1.0,3.2,0.0,1.6,95.8,93.0,78.0,4839,5572.0,82800.0,2.37,50770,27781,1.9,223.25,3.8,89.1,43307.0,20.3,49.6,934.0,11361,11947,53.5,11801.0,81119.0,1073,353,550,0,1040,100,894,Wabash
Wabash County,IN,21.3,20.6,5.3,18.1,88.8,1757.0,0.8,0.6,0.9,2.7,0.0,1.3,96.5,94.1,74.0,12862,14181.0,100500.0,2.29,54259,27149,1.5,412.43,3.4,85.2,1312006.0,20.8,51.5,1837.0,30976,32888,79.7,40232.0,324490.0,2407,836,1235,72,2214,175,2101,Wabash
Wabasha County,MN,22.6,21.6,5.6,23.7,93.4,1550.0,0.3,0.6,0.7,3.0,0.0,1.2,97.2,94.6,78.6,9020,10306.0,183900.0,2.36,65226,34442,1.9,522.98,3.4,89.6,523088.0,24.6,49.8,1542.0,21387,21676,41.4,20597.0,223854.0,1875,502,1067,44,1788,152,1606,Wabasha
Wabaunsee County,KS,20.9,23.0,5.7,24.2,95.4,478.0,0.9,0.3,0.7,4.6,-1.0,2.6,95.4,91.4,85.5,2744,3320.0,146700.0,2.48,61178,27876,1.2,794.3,2.0,91.3,328053.5,27.4,48.8,513.0,6877,7053,8.9,1295.0,36684.0,603,225,340,44,548,54,518,Wabaunsee
Wadena County,MN,21.3,25.9,6.8,13.8,90.6,1014.0,0.8,0.5,1.1,2.1,0.0,2.1,95.5,93.7,76.5,5666,7199.0,132000.0,2.33,46605,24214,1.5,536.27,3.3,89.0,43121.0,21.8,50.4,891.0,14065,13843,25.8,11212.0,164261.0,1152,382,598,0,1097,162,906,Wadena
Wagoner County,OK,16.8,24.0,5.8,23.2,90.6,5597.0,10.5,1.7,3.8,6.7,0.1,7.5,76.3,70.8,78.6,29208,33203.0,159000.0,2.7,62795,29415,3.9,561.56,6.3,86.7,746526.0,26.2,50.6,6211.0,80981,73085,130.1,40216.0,389735.0,6001,1947,3370,1023,4797,547,5159,Wagoner
Wahkiakum County,WA,33.0,17.1,3.5,19.4,92.1,341.0,1.7,1.8,0.7,5.7,0.2,4.5,91.2,86.5,86.7,1897,2180.0,218800.0,2.22,53227,31110,4.7,263.38,5.2,92.4,874205.0,37.2,50.1,522.0,4422,3978,15.1,97825.5,10069.0,337,89,177,60,237,0,283,Wahkiakum
Wake County,NC,12.0,23.6,6.0,52.8,93.0,95345.0,0.8,7.7,21.0,10.4,0.1,2.6,67.9,59.6,63.9,400172,453345.0,281700.0,2.62,80591,40982,13.5,835.22,17.2,82.1,13105152.0,25.5,51.4,51269.0,1129410,900993,1078.8,2165178.0,14359328.0,92382,32914,48936,24275,64622,9507,78368,Wake
Wakulla County,FL,15.9,20.7,5.2,18.3,87.7,2163.0,0.7,0.7,13.9,3.9,0.1,2.2,82.4,79.2,82.0,11200,13897.0,144000.0,2.58,61410,25733,2.5,606.42,5.9,88.1,778359.5,33.6,45.9,2812.0,33764,30776,50.8,19671.0,176058.0,2120,643,1274,276,1725,399,1611,Wakulla
Waldo County,ME,23.3,18.2,4.4,31.4,92.2,3981.0,0.5,0.6,0.6,1.6,0.0,1.6,96.6,95.3,79.2,17236,22758.0,163000.0,2.26,51931,29674,2.2,729.92,3.9,87.2,168387.0,27.4,50.6,3318.0,39607,38786,53.1,46184.0,365668.0,4286,1266,2375,61,4077,607,3417,Waldo
Walker County,AL,19.5,22.2,6.1,11.3,81.8,3673.0,0.6,0.6,6.2,2.6,0.1,1.6,90.9,88.8,77.2,25019,31352.0,104300.0,2.53,43629,23882,1.5,791.19,2.3,86.3,505651.0,28.4,51.2,3882.0,65342,67023,84.7,75287.0,963493.0,4641,1608,2597,472,3997,367,4018,Walker
Walker County,GA,18.9,21.5,5.7,16.6,82.0,4184.0,0.4,0.8,4.4,2.5,0.1,1.7,92.7,90.5,71.8,25975,30531.0,120600.0,2.6,46157,24247,1.5,446.38,2.3,86.5,1753651.0,28.0,50.8,4315.0,67654,68756,154.0,33983.0,355081.0,4043,1218,2397,319,3614,375,3490,Walker
Walker County,TX,13.8,14.7,4.1,20.8,86.0,4696.0,0.8,1.1,23.6,18.1,0.1,1.6,72.7,56.1,51.4,21963,27058.0,152300.0,2.5,43742,18544,8.3,784.17,17.5,80.7,352735.0,27.5,41.9,4939.0,76400,67861,86.5,92101.0,759659.0,4493,1519,2246,1278,2993,322,3868,Walker
Walla Walla County,WA,18.7,20.7,5.3,29.8,88.3,3386.0,1.4,1.7,2.2,21.7,0.4,2.8,91.4,71.3,64.8,22646,25103.0,224800.0,2.44,57858,29035,10.1,1270.13,19.4,78.5,874205.0,16.0,49.1,4590.0,62584,58781,46.3,92688.0,555488.0,3921,1110,1868,415,3178,238,3362,Walla Walla
Wallace County,KS,24.2,24.5,6.9,32.4,94.7,166.0,0.6,0.1,0.9,9.1,-1.0,2.5,95.9,88.2,75.9,636,773.0,89400.0,2.44,63269,27966,3.9,913.65,4.1,86.3,328053.5,13.0,49.9,120.0,1512,1485,1.6,13223.0,7622.0,205,0,97,0,194,0,191,Wallace
Waller County,TX,11.8,24.1,6.5,21.1,82.5,4483.0,1.5,1.4,24.4,31.0,0.1,1.6,71.0,42.5,68.3,15171,17567.0,197400.0,3.11,59642,25401,13.9,513.43,26.4,86.1,919367.0,29.9,50.2,1828.0,56794,43205,84.1,33247.0,303486.0,3450,1094,1844,1141,2176,366,2871,Waller
Wallowa County,OR,29.7,18.8,4.7,26.4,93.1,875.0,0.9,0.5,0.5,3.6,0.1,2.4,95.6,92.6,69.7,3214,4282.0,239100.0,2.14,51224,30485,2.2,3146.19,2.8,87.6,579399.0,16.3,50.8,606.0,7391,7008,2.2,9698.0,63593.0,1091,346,428,0,1057,82,968,Wallowa
Walsh County,ND,21.5,23.0,6.7,17.2,85.4,800.0,2.3,0.9,0.7,12.0,0.1,1.8,94.3,83.5,76.4,4780,5623.0,91100.0,2.17,55700,34194,3.9,1281.93,7.7,87.5,111231.0,17.0,48.9,626.0,10563,11119,8.7,12034.0,123142.0,1232,288,655,54,1104,64,1073,Walsh
Walthall County,MS,19.9,22.5,5.7,14.4,81.7,1139.0,0.5,0.5,43.2,2.2,0.1,1.4,54.3,52.9,87.9,5601,7333.0,95800.0,2.56,30961,21123,0.3,403.94,1.3,90.5,483799.0,34.0,51.6,578.0,13884,15443,38.2,8097.0,111319.0,1324,598,550,466,800,84,1195,Walthall
Walton County,FL,20.2,20.4,5.6,28.5,89.1,8981.0,0.8,1.4,5.3,6.5,0.2,2.8,89.6,84.0,74.6,27420,54801.0,229500.0,2.42,58093,34475,6.0,1037.63,8.4,82.6,778359.5,28.0,49.5,6634.0,75305,55043,53.0,373781.0,817442.0,7360,2603,3663,753,6233,921,5825,Walton
Walton County,GA,15.7,24.4,6.0,21.7,86.9,8713.0,0.4,1.7,18.9,4.9,0.1,1.7,77.2,73.2,74.3,31670,34799.0,190300.0,2.86,61599,27889,4.8,325.68,5.3,88.7,777897.0,33.3,51.2,4783.0,96673,83768,257.2,72861.0,744471.0,7707,2875,4065,1614,5917,926,6462,Walton
Walworth County,SD,24.3,23.3,7.3,24.9,90.0,483.0,14.3,1.9,0.5,2.4,0.0,3.3,80.0,78.4,73.9,2258,3077.0,88200.0,2.24,55583,32563,1.1,708.63,3.6,81.1,109693.0,13.9,49.9,434.0,5315,5438,7.7,27102.0,88827.0,690,148,374,0,633,26,578,Walworth
Walworth County,WI,18.4,20.3,4.8,28.8,90.8,7105.0,0.5,1.1,1.2,11.2,0.1,1.4,95.8,85.3,68.6,40874,52946.0,203400.0,2.45,63776,32302,5.7,555.13,9.5,83.5,2705756.0,24.3,50.0,5057.0,106478,102228,184.2,288060.0,1234449.0,8511,2415,4918,444,7778,851,7221,Walworth
Wapello County,IA,18.4,22.7,6.4,18.8,88.1,1672.0,0.9,1.6,3.8,11.1,1.1,1.7,90.9,81.0,71.5,14481,16092.0,82100.0,2.37,46246,26424,7.7,431.83,11.9,85.8,528536.5,18.3,50.1,2379.0,35437,35625,82.5,47000.0,538406.0,2281,818,1008,148,1971,166,1861,Wapello
Ward County,ND,13.2,23.8,7.7,29.3,93.7,4412.0,2.6,1.8,4.8,6.4,0.2,3.2,87.4,82.2,59.5,28277,33171.0,213100.0,2.36,68871,34923,4.7,2013.28,6.1,80.2,118152.0,18.6,47.7,5793.0,69919,61675,30.6,211626.0,1902314.0,6218,1592,3615,276,5626,474,5246,Ward
Ward County,TX,13.6,28.8,7.9,12.5,78.6,792.0,1.6,0.6,5.3,55.2,0.1,2.2,90.2,38.4,71.5,3978,4842.0,86800.0,2.9,62986,25931,8.9,835.6,36.2,84.1,575658.0,22.0,49.3,517.0,11644,10658,12.8,22343.0,105397.0,666,115,424,260,335,0,584,Ward
Ware County,GA,17.6,24.3,6.9,15.2,81.4,1926.0,0.5,1.0,30.2,4.4,0.1,1.9,66.3,62.9,63.6,13823,16903.0,83100.0,2.39,36869,20411,1.3,892.46,4.0,85.7,554410.0,20.8,50.1,1770.0,36251,36312,40.7,59324.0,627405.0,2898,1054,1483,570,2195,384,2320,Ware
Warren County,GA,23.1,20.1,5.2,12.3,73.2,442.0,0.3,0.7,58.3,1.7,-1.0,1.1,39.5,38.3,66.6,2244,2987.0,66200.0,2.32,37203,23448,1.4,284.3,1.3,91.6,554410.0,27.6,52.7,210.0,5215,5834,20.5,443.0,14481.0,264,138,108,142,110,47,205,Warren
Warren County,IA,16.0,24.6,6.2,31.9,95.4,3749.0,0.4,0.7,0.9,3.1,0.1,1.4,96.4,93.6,79.0,19258,20666.0,187200.0,2.51,77048,36496,1.6,569.83,2.4,86.3,78570.0,24.4,50.7,3080.0,52403,46225,81.1,32875.0,367801.0,3783,1219,1696,132,3489,284,3227,Warren
Warren County,IL,20.2,21.5,6.1,22.8,86.7,864.0,0.5,2.4,2.9,9.9,0.2,1.9,92.1,83.2,74.3,6862,7677.0,83900.0,2.33,50310,25730,5.9,542.41,10.0,83.7,632670.0,19.4,50.6,966.0,16835,17707,32.6,20631.0,143243.0,969,347,409,32,893,31,788,Warren
Warren County,IN,20.6,22.2,5.8,19.4,92.0,504.0,0.3,0.6,0.4,2.2,0.1,1.2,97.4,95.3,83.9,3357,3779.0,122100.0,2.43,60553,31104,0.8,364.68,0.8,88.8,165333.0,25.1,50.4,622.0,8440,8508,23.3,42848.0,22102.0,498,204,206,0,471,79,390,Warren
Warren County,KY,13.1,22.9,6.5,32.2,88.1,10027.0,0.3,4.6,9.7,5.6,0.5,2.4,82.5,77.6,58.7,48224,55942.0,167600.0,2.52,52270,28558,9.2,541.6,12.0,77.4,5110055.0,20.8,51.0,6907.0,134554,113792,210.1,264110.0,1692096.0,11327,3372,6572,898,9930,1085,9425,Warren
Warren County,MO,17.8,23.6,6.4,19.1,88.7,2195.0,0.6,0.5,2.3,3.5,0.0,2.0,94.6,91.7,78.9,12654,16041.0,180000.0,2.7,60125,28641,1.5,428.6,2.7,85.1,453245.0,30.7,50.1,2744.0,35532,32513,75.9,22307.0,298045.0,2621,698,1352,99,2348,187,2196,Warren
Warren County,MS,17.2,23.6,6.4,22.4,87.1,2937.0,0.3,0.9,49.3,2.2,0.0,1.1,48.4,46.8,66.1,18235,22110.0,128400.0,2.52,45113,25661,1.9,588.5,3.0,90.6,483799.0,20.2,52.4,2501.0,44722,48773,82.9,345525.0,606937.0,3424,1212,1816,1151,2046,368,2808,Warren
Warren County,NC,26.2,17.9,4.5,15.8,81.6,1027.0,5.7,0.4,51.4,3.9,0.0,2.0,40.5,38.2,73.2,7786,12079.0,94600.0,2.43,36466,23432,2.9,428.46,3.7,90.2,128855.0,28.3,50.5,1325.0,18642,20972,48.9,8908.0,72351.0,1031,379,571,417,580,162,821,Warren
Warren County,NJ,18.7,19.3,4.5,33.0,91.5,7402.0,0.4,2.9,5.7,10.2,0.1,1.7,89.2,80.4,71.7,41587,45636.0,264200.0,2.5,81307,39802,9.8,356.92,12.0,90.6,2050257.0,36.0,51.0,5386.0,109632,108692,304.5,122154.0,1573822.0,8149,2395,4930,911,6893,696,7024,Warren
Warren County,NY,22.9,18.1,4.4,31.3,91.9,4924.0,0.3,1.0,1.5,2.8,0.0,1.8,95.5,93.3,70.7,28015,40285.0,196500.0,2.26,61024,35271,3.4,866.95,5.1,87.9,928859.0,22.9,50.9,4927.0,65737,65707,75.8,306076.0,1549138.0,6283,1902,3727,201,5729,679,5155,Warren
Warren County,OH,14.9,24.2,5.6,43.0,93.8,17563.0,0.2,6.3,3.7,2.9,0.1,1.8,87.9,85.3,77.7,82957,89763.0,222500.0,2.67,87125,41792,6.6,401.31,8.6,86.8,3803378.0,25.8,49.6,13605.0,242337,212693,530.0,386559.0,2924249.0,16128,5030,9035,1240,14307,1726,13518,Warren
Warren County,PA,23.5,19.3,5.3,19.5,92.9,2083.0,0.3,0.5,0.6,1.1,0.1,1.0,97.6,96.6,76.9,17115,23614.0,98000.0,2.28,50250,28230,1.4,884.14,3.4,91.1,3515528.0,20.0,49.9,3727.0,38587,41815,47.3,42301.0,674640.0,2370,476,1697,49,2181,360,1860,Warren
Warren County,TN,17.9,23.3,5.9,14.5,79.5,3083.0,0.5,0.9,3.8,9.4,0.1,1.8,92.9,84.6,69.5,15727,18053.0,112500.0,2.55,41125,22802,6.2,432.68,7.0,89.1,1311698.0,24.3,50.3,2378.0,40953,39839,92.1,32310.0,376362.0,3674,1054,2117,209,3309,425,3051,Warren
Warren County,VA,16.8,21.6,5.9,21.7,86.9,2801.0,0.6,1.3,5.0,5.3,0.1,2.6,90.5,86.0,76.7,14651,16606.0,244800.0,2.64,69116,32086,4.4,213.47,6.1,88.7,811775.0,41.7,50.2,3200.0,40727,37575,176.0,61205.0,444630.0,2947,797,1735,241,2565,436,2328,Warren
Warrick County,IN,17.9,23.4,5.5,30.3,93.2,3992.0,0.3,2.7,1.8,2.0,0.0,1.6,93.6,92.0,78.5,24514,26632.0,168200.0,2.51,73482,37466,3.7,384.82,4.2,86.7,1853159.0,23.9,50.9,3881.0,63898,59689,155.1,44134.0,391113.0,4336,1244,2486,175,4045,495,3644,Warrick
Wasatch County,UT,12.3,30.7,7.4,39.9,94.6,3423.0,0.7,1.0,0.8,13.7,0.2,1.7,95.4,83.2,73.0,9879,14322.0,419900.0,3.19,85166,35641,7.6,1175.5,12.4,82.0,41491.0,24.0,49.1,1019.0,34788,23530,20.0,63070.0,267372.0,2945,940,1575,99,2758,233,2594,Wasatch
Wasco County,OR,21.0,22.1,6.2,19.6,86.4,1383.0,3.8,1.1,0.8,19.2,0.7,2.6,91.0,73.6,62.2,10305,11773.0,212900.0,2.42,53105,27445,8.0,2381.52,15.5,86.0,93565.0,18.2,49.8,2385.0,26670,25213,10.6,66708.0,389437.0,1967,551,998,156,1689,130,1671,Wasco
Waseca County,MN,18.6,23.2,5.7,21.4,93.0,1149.0,0.8,0.9,2.3,6.4,0.0,1.6,94.5,88.7,77.5,7425,7959.0,158900.0,2.38,56762,29929,3.6,423.36,5.1,88.1,1061479.0,21.2,51.6,1112.0,18968,19136,45.2,12481.0,180647.0,1442,467,786,50,1298,51,1312,Waseca
Washakie County,WY,22.2,22.9,5.1,23.4,89.8,687.0,1.8,0.8,0.6,14.2,0.1,2.3,94.5,82.2,76.5,3365,3868.0,165800.0,2.34,54158,28101,1.6,2238.55,7.3,86.9,187499.0,12.2,49.2,719.0,7685,8533,3.8,11642.0,95392.0,847,258,328,71,727,76,685,Washakie
Washburn County,WI,27.4,18.8,4.5,23.0,92.2,1458.0,1.8,0.7,0.4,2.0,0.1,1.7,95.4,93.9,80.0,7236,13425.0,157400.0,2.14,50280,29584,1.1,797.11,1.9,88.9,198882.0,24.5,50.4,1492.0,16623,15911,20.0,24973.0,195998.0,2041,532,1068,52,1943,152,1742,Washburn
Washington County,AL,19.7,22.1,5.5,12.7,82.6,992.0,8.0,1.1,23.3,1.6,0.1,1.4,66.0,65.0,82.7,5990,8634.0,89100.0,2.74,41370,26752,2.7,1080.21,1.3,93.4,778187.0,33.4,51.0,961.0,15388,17581,16.3,51801.0,75720.0,1176,402,583,341,789,132,998,Washington
Washington County,AR,12.1,24.1,6.7,33.3,85.0,17827.0,1.6,2.6,3.8,17.1,2.8,2.9,86.3,70.4,52.6,87325,96310.0,173400.0,2.57,50451,27790,11.1,941.97,18.0,81.0,3487047.0,21.2,50.0,11960.0,245871,203065,215.6,399430.0,2925758.0,18555,5948,9550,2400,15226,1629,15097,Washington
Washington County,CO,21.4,22.4,5.7,15.4,91.9,394.0,0.6,0.4,1.2,10.9,0.1,2.0,95.7,85.7,66.9,2087,2476.0,151300.0,2.19,50094,27860,2.8,2518.03,4.9,77.0,80356.5,24.6,47.9,353.0,4817,4814,1.9,1013.0,31591.0,308,94,124,0,287,28,232,Washington
Washington County,FL,17.2,19.9,5.2,12.5,81.3,1631.0,1.3,0.6,15.1,3.8,0.4,2.4,80.2,77.1,77.7,8827,10991.0,113200.0,2.48,37022,18401,3.2,582.8,5.3,85.6,778359.5,30.8,45.8,1922.0,25318,24896,42.7,21873.0,174668.0,1402,490,795,221,1134,217,1133,Washington
Washington County,GA,17.8,21.6,5.6,12.3,81.3,1271.0,0.2,0.6,53.8,2.6,0.0,1.3,44.1,42.2,66.6,7503,9490.0,84800.0,2.46,38068,20303,1.9,678.45,2.9,83.7,157522.0,21.9,48.9,1078.0,19988,21187,31.2,18256.0,186951.0,1530,649,669,633,831,168,1251,Washington
Washington County,IA,20.0,24.4,6.6,21.8,91.4,1812.0,0.3,0.7,1.2,6.5,0.1,1.4,96.3,90.4,71.0,8832,9830.0,151600.0,2.46,62556,30547,4.1,568.84,8.8,87.8,398816.0,21.7,50.7,1451.0,22565,21704,38.2,20428.0,256079.0,2147,676,1093,77,1971,240,1780,Washington
Washington County,ID,25.9,22.6,5.6,16.3,85.0,608.0,1.7,1.0,0.6,16.8,0.2,2.3,94.3,79.1,72.5,4035,4689.0,148900.0,2.46,40992,22650,6.3,1452.98,11.5,86.0,172944.0,18.8,50.2,706.0,10500,10198,7.0,5383.0,83709.0,739,172,443,81,620,177,499,Washington
Washington County,IL,20.7,21.1,5.6,20.9,92.2,902.0,0.2,0.5,1.0,1.4,0.0,1.0,97.2,96.0,77.5,6020,6682.0,113500.0,2.29,61763,32838,0.9,562.57,1.9,89.4,445603.0,24.6,50.0,997.0,13761,14716,26.2,38907.0,200849.0,1360,434,781,27,1264,181,1056,Washington
Washington County,IN,17.3,23.0,5.9,13.4,85.0,1749.0,0.3,0.3,0.5,1.4,0.0,1.0,97.9,96.7,77.8,10940,12513.0,118100.0,2.52,47983,25015,0.7,513.73,2.2,89.5,339004.0,32.3,50.1,1839.0,28182,28262,55.0,42848.0,215448.0,1788,327,1027,32,1647,168,1467,Washington
Washington County,KS,23.9,22.6,6.8,20.3,91.6,460.0,0.6,0.8,0.6,4.0,0.1,1.2,96.8,93.3,77.9,2332,2933.0,82000.0,2.29,50588,27841,2.6,894.76,3.2,94.1,35093.0,20.2,49.1,347.0,5530,5799,6.5,3247.0,45554.0,578,180,253,0,546,0,530,Washington
Washington County,KY,18.5,23.0,6.3,18.8,84.0,839.0,0.2,0.8,5.5,4.0,0.1,1.8,91.6,87.9,75.0,4581,5228.0,128300.0,2.52,53743,26035,2.3,297.27,5.6,89.3,248287.0,24.7,50.5,531.0,12027,11717,39.4,35974.5,75956.0,780,248,396,39,715,131,623,Washington
Washington County,MD,17.5,21.7,5.7,21.9,87.2,8918.0,0.3,1.9,12.5,5.8,0.1,3.1,82.0,77.4,65.9,56035,61767.0,210300.0,2.52,60860,30464,5.2,457.78,7.5,85.6,2735043.0,30.1,49.1,10548.0,154705,147430,322.1,258678.0,2457555.0,10639,3830,5409,1342,8658,978,8878,Washington
Washington County,ME,24.8,18.9,4.6,22.0,89.3,3719.0,5.3,0.5,0.7,2.6,0.0,2.1,91.3,89.3,76.5,13791,23426.0,112400.0,2.21,41347,25157,4.0,2562.66,6.0,86.5,359160.0,21.1,51.0,2995.0,31095,32856,12.8,28163.0,433142.0,4798,1034,2981,182,4474,500,3889,Washington
Washington County,MN,15.6,24.3,5.8,44.3,96.1,19068.0,0.6,6.4,5.0,4.5,0.1,2.5,85.4,81.6,81.1,94431,100996.0,289400.0,2.67,96671,45822,6.9,384.28,9.8,88.7,5767053.0,25.9,50.6,13322.0,267568,238136,619.7,399030.0,2976360.0,21302,7729,11035,2089,18613,1932,18414,Washington
Washington County,MO,17.2,22.6,5.7,9.9,76.9,1104.0,0.5,0.3,2.5,1.5,0.0,1.5,95.2,94.0,79.4,9231,11079.0,94400.0,2.57,41483,20581,0.3,759.91,1.0,89.8,290144.0,32.4,48.5,1956.0,23514,25195,33.2,22307.0,122281.0,1126,336,638,0,1069,103,926,Washington
Washington County,MS,16.7,25.6,6.9,17.9,78.8,3298.0,0.3,0.8,72.4,1.7,0.1,0.7,25.8,24.8,52.9,17988,21594.0,75600.0,2.53,29705,20174,1.1,724.74,2.5,88.4,711304.0,16.9,53.9,1708.0,44922,51137,70.6,121891.0,656607.0,4060,1808,1823,2243,1601,398,3428,Washington
Washington County,NC,25.3,19.9,5.1,11.5,83.7,603.0,0.9,0.4,48.9,5.6,0.0,2.0,47.7,44.2,66.5,4977,6450.0,85400.0,2.37,35979,23431,1.6,348.14,2.3,89.0,394643.0,24.2,52.8,937.0,11003,13228,38.0,75439.0,127671.0,865,370,395,199,597,221,573,Washington
Washington County,NE,18.6,24.1,5.5,29.9,95.6,1628.0,0.5,0.4,0.8,3.0,0.1,1.3,96.9,94.3,78.3,8185,8713.0,196100.0,2.45,71430,35145,1.1,389.96,2.4,89.1,1549714.0,22.5,49.8,1518.0,20865,20234,51.9,16086.0,747416.0,2109,476,1260,69,1979,247,1732,Washington
Washington County,NY,20.1,18.6,4.7,20.5,87.9,3729.0,0.3,0.6,3.5,2.9,0.0,1.4,94.1,92.0,74.0,24014,29650.0,149000.0,2.43,57258,28530,2.6,831.18,5.2,86.6,1206239.0,26.5,48.3,4237.0,61302,63216,76.1,38023.0,498799.0,4420,1484,2393,149,4051,442,3639,Washington
Washington County,OH,21.6,19.7,5.0,18.8,90.6,3784.0,0.3,0.7,1.3,1.2,0.0,1.8,95.9,94.9,73.6,25197,28215.0,132400.0,2.33,50021,28782,1.3,631.97,2.1,88.4,2276097.0,23.0,50.8,4909.0,59771,61778,97.8,75153.0,756318.0,5390,1271,3148,109,4986,478,4458,Washington
Washington County,OK,19.8,23.8,6.3,28.5,90.4,3264.0,10.8,2.3,2.7,6.3,0.1,6.9,77.2,72.3,70.8,20455,23838.0,120600.0,2.5,54997,30847,4.5,415.45,6.9,85.0,253243.0,18.9,51.2,3450.0,52455,50976,122.7,90957.0,652236.0,4082,1037,2275,575,3246,480,3273,Washington
Washington County,OR,13.9,22.5,5.8,44.4,92.2,40983.0,1.1,11.7,2.5,17.1,0.5,4.5,79.6,64.6,61.6,219053,234162.0,386600.0,2.66,82215,39679,17.7,724.23,24.8,83.8,13525848.0,25.2,50.5,31391.0,600372,529710,731.4,970572.0,8389744.0,43536,16207,21357,7571,33958,4102,36745,Washington
Washington County,PA,21.0,19.4,5.0,30.0,93.1,13129.0,0.2,1.2,3.3,1.8,0.0,1.9,93.3,91.9,75.6,84948,96616.0,167900.0,2.38,63543,35537,1.9,856.99,2.9,87.7,3561898.0,26.7,50.8,14405.0,209349,207820,242.5,318020.0,2342057.0,15079,4718,8876,679,13752,1591,12689,Washington
Washington County,RI,21.5,16.2,3.6,46.1,94.9,12132.0,0.9,2.0,1.5,3.4,0.0,2.0,93.5,90.8,74.0,49102,64706.0,343000.0,2.43,85531,42869,4.7,329.24,6.2,89.9,1883612.0,26.9,51.6,7933.0,129839,126979,385.7,342394.0,1675737.0,14292,4541,8101,539,13302,1436,12316,Washington
Washington County,TN,18.8,18.9,4.9,31.8,88.8,8697.0,0.5,1.7,4.5,3.6,0.1,2.1,91.3,88.2,64.4,53859,61196.0,163000.0,2.28,48334,29656,4.1,326.47,4.8,81.7,1503724.0,20.7,51.1,10879.0,133001,122979,376.7,278536.0,2011547.0,9519,2685,5333,576,8536,1126,7559,Washington
Washington County,TX,22.0,21.4,5.6,26.8,86.7,3532.0,0.6,1.8,17.6,16.7,0.1,1.4,78.6,63.4,74.1,12625,16560.0,179100.0,2.6,54971,32625,7.3,603.95,14.7,87.7,883567.0,20.8,51.1,2139.0,35805,33718,55.8,54915.0,569231.0,3632,1019,2057,831,2624,297,3188,Washington
Washington County,UT,22.0,25.6,6.5,28.1,92.9,15006.0,1.7,1.0,0.9,10.9,0.9,2.2,93.2,83.8,70.4,57144,74129.0,283800.0,2.87,59839,29010,5.4,2426.36,9.7,84.7,415267.0,17.3,50.4,10725.0,180279,138115,56.9,282277.0,1900834.0,15167,4106,7910,692,13931,1272,12834,Washington
Washington County,VA,23.6,18.0,4.3,22.8,85.7,3428.0,0.2,0.5,1.5,1.6,0.1,0.9,96.7,95.3,75.2,22321,26018.0,151800.0,2.34,48495,27524,1.4,560.98,1.9,88.3,1095566.0,25.5,50.7,3537.0,53935,54876,97.8,44317.0,820491.0,4551,1204,2722,189,4124,542,3669,Washington
Washington County,VT,20.2,18.5,4.7,41.8,93.7,6161.0,0.3,1.0,0.9,2.0,0.0,2.0,95.8,94.1,70.4,24828,31002.0,226900.0,2.26,62791,35236,3.0,687.23,3.8,89.0,819797.0,22.9,50.3,3367.0,59807,59534,86.6,123864.0,1112638.0,7606,2428,4049,271,6930,806,6301,Washington
Washington County,WI,18.5,21.6,5.2,31.5,94.9,8576.0,0.4,1.5,1.4,3.3,0.0,1.3,95.5,92.5,77.5,54302,57523.0,236200.0,2.47,77663,39055,2.6,430.7,4.0,90.6,3740659.0,24.5,50.3,8387.0,136761,131887,306.2,165449.0,1813644.0,10017,2886,5376,308,9220,864,8330,Washington
Washington Parish,LA,18.5,23.8,6.7,11.6,79.5,3078.0,0.5,0.3,30.4,2.5,0.0,1.5,67.3,65.4,67.4,17613,21962.0,101000.0,2.53,37570,20177,1.2,669.53,4.3,84.2,616109.0,31.3,50.6,3043.0,45463,47168,70.4,33545.0,297031.0,3691,1608,1919,993,2616,519,3082,Washington
Washita County,OK,18.7,24.5,6.2,20.8,90.1,846.0,4.2,0.6,1.4,10.0,0.0,3.2,90.6,82.9,70.9,4224,5397.0,84700.0,2.59,53274,26265,2.2,1003.17,4.3,86.3,460737.5,24.7,50.5,682.0,10924,11629,11.6,40216.0,86009.0,1001,256,619,72,890,204,754,Washita
Washoe County,NV,16.8,21.3,5.8,30.8,88.6,33976.0,2.2,5.8,2.8,25.0,0.7,3.9,84.6,62.3,58.3,182180,205417.0,334100.0,2.47,64791,36071,14.1,6302.37,23.7,81.6,6427397.0,22.1,49.5,32421.0,486492,421407,66.9,1860761.0,6167020.0,37029,12047,18503,5881,28801,4272,29568,Washoe
Washtenaw County,MI,14.5,18.4,4.8,55.9,95.3,30716.0,0.4,9.4,12.3,4.9,0.1,3.6,74.2,70.2,61.1,141245,152262.0,263600.0,2.45,72586,41399,12.5,705.97,15.2,77.5,5419884.0,24.2,50.4,13636.0,372258,344791,488.4,764915.0,4461115.0,33195,12250,17453,5988,25666,2488,28981,Washtenaw
Watauga County,NC,16.4,12.7,3.3,42.2,90.8,4985.0,0.4,1.2,1.9,4.0,0.0,1.7,94.8,91.4,60.1,21077,34285.0,238000.0,2.32,47526,26882,2.9,312.56,4.4,74.0,107955.0,20.5,50.2,2723.0,54086,51079,163.4,142099.0,762864.0,6304,1630,3514,319,5727,675,5247,Watauga
Watonwan County,MN,20.5,24.3,7.3,15.5,84.5,648.0,1.3,1.1,1.2,26.9,0.1,1.2,95.1,70.4,76.9,4310,5050.0,96900.0,2.51,54065,28341,12.2,434.95,21.2,93.1,343197.0,19.9,50.6,650.0,11253,11211,25.8,38159.0,64331.0,926,237,501,60,796,59,756,Watonwan
Waukesha County,WI,19.2,21.3,5.2,44.5,96.2,28498.0,0.3,3.8,1.8,4.9,0.1,1.5,92.5,88.0,76.3,158808,167953.0,282300.0,2.49,87277,46073,5.1,549.57,7.1,88.9,15221210.0,24.0,50.8,20616.0,406978,389891,709.4,725232.0,6616826.0,35566,10082,20304,1895,32227,3090,29954,Waukesha
Waupaca County,WI,21.3,20.2,5.0,19.9,91.8,3083.0,0.8,0.6,0.5,3.3,0.0,1.2,96.8,94.0,73.7,22305,26005.0,149900.0,2.23,58693,32000,2.1,747.71,3.9,87.9,2587243.0,23.4,49.3,4324.0,51812,52410,70.1,64515.0,541573.0,4388,1133,2328,89,4138,274,3861,Waupaca
Waushara County,WI,25.0,18.2,4.7,16.3,86.8,1560.0,0.8,0.5,2.1,6.4,0.1,1.3,95.2,89.5,81.6,9934,15195.0,146100.0,2.31,52810,28580,2.9,626.15,7.8,89.2,369452.0,27.0,47.4,2072.0,24520,24496,39.1,24769.0,219479.0,1908,564,1079,71,1756,273,1532,Waushara
Wayne County,GA,16.0,24.3,6.3,13.0,83.4,1710.0,0.6,0.8,20.2,6.5,0.1,2.1,76.3,71.1,63.5,10400,12364.0,105400.0,2.66,45483,21090,2.4,641.78,5.6,88.0,554410.0,26.0,48.8,2024.0,30144,30099,46.9,34492.0,293052.0,2012,844,1020,520,1390,197,1701,Wayne
Wayne County,IA,22.5,24.9,6.5,12.7,87.9,618.0,0.2,0.6,0.5,1.6,0.0,1.4,97.3,95.8,81.1,2689,3191.0,81100.0,2.35,44768,25628,1.3,525.44,10.5,91.9,102130.0,23.0,50.3,400.0,6497,6403,12.2,2127.0,70108.0,738,279,284,0,707,48,664,Wayne
Wayne County,IL,22.2,22.5,6.1,15.4,87.9,1306.0,0.3,0.6,0.6,1.6,0.0,1.0,97.4,96.0,76.6,7051,8009.0,86400.0,2.32,50251,26313,0.8,713.81,3.4,89.6,741144.5,24.7,50.6,1030.0,16179,16760,23.5,38907.0,157578.0,1445,361,930,51,1314,135,1208,Wayne
Wayne County,IN,19.5,22.0,5.8,18.2,86.5,3644.0,0.4,1.1,5.0,3.2,0.1,2.9,90.5,87.8,66.9,26644,31523.0,100500.0,2.39,46516,26510,2.4,401.74,5.3,85.0,2155071.0,20.2,51.6,4655.0,66553,68917,171.5,120334.0,950798.0,5002,1306,2776,282,4449,550,4008,Wayne
Wayne County,KY,21.8,20.3,5.5,12.3,74.6,1157.0,0.4,0.5,2.0,3.7,0.1,1.5,95.6,92.8,73.5,8231,10971.0,88800.0,2.46,34914,25707,2.2,458.17,2.9,92.6,267156.0,24.4,50.2,1237.0,19555,20813,45.4,35974.5,157655.0,1454,357,961,49,1368,156,1241,Wayne
Wayne County,MI,15.8,23.6,6.6,23.9,86.5,132583.0,0.5,3.5,38.7,6.1,0.0,2.6,54.6,49.4,62.0,682282,815510.0,113000.0,2.54,47301,27282,9.1,612.08,14.6,87.3,56638522.0,25.4,51.8,79330.0,1793561,1820584,2974.4,4238773.0,17409409.0,151746,71897,69371,70996,77652,12688,134610,Wayne
Wayne County,MO,24.3,20.3,5.0,9.6,76.2,632.0,0.6,0.3,0.9,1.8,0.0,2.3,96.0,94.5,73.5,5426,8115.0,85100.0,2.41,34316,19457,0.6,759.18,1.1,91.6,63062.0,28.3,50.8,1298.0,10974,13521,17.8,8898.0,72270.0,908,184,616,52,824,187,688,Wayne
Wayne County,MS,17.6,24.3,6.6,15.3,79.3,1518.0,0.3,0.3,39.8,1.6,0.0,1.0,58.6,57.5,83.5,7683,9532.0,85800.0,2.63,37706,23668,0.8,810.75,1.7,94.1,279850.0,33.5,52.0,768.0,19779,20747,25.6,26152.0,183856.0,1547,614,852,589,914,76,1426,Wayne
Wayne County,NC,16.9,23.6,6.6,19.0,84.5,6621.0,0.9,1.3,32.4,12.4,0.2,2.5,62.8,52.7,62.1,48343,54732.0,123500.0,2.49,44416,25277,7.5,553.09,13.5,83.0,1691320.0,22.2,51.3,12045.0,117333,122623,221.7,161664.0,1557491.0,7136,2486,3839,1845,4999,964,5594,Wayne
Wayne County,NE,16.7,19.6,5.3,32.4,96.0,644.0,0.8,0.6,1.7,6.6,0.1,1.4,95.2,89.3,64.1,3708,3997.0,137200.0,2.18,56456,27671,3.5,442.92,6.4,80.9,217557.0,16.8,49.8,496.0,9697,9595,21.7,11538.0,69563.0,727,212,386,0,681,65,624,Wayne
Wayne County,NY,19.5,21.2,5.5,22.6,89.2,4818.0,0.4,0.7,3.1,4.7,0.0,2.3,93.4,89.5,76.4,36720,41894.0,123800.0,2.42,59449,31043,3.0,603.83,5.2,88.8,1656757.0,24.7,50.3,6291.0,91283,93772,155.3,71674.0,822602.0,5739,1837,3351,385,5109,576,4886,Wayne
Wayne County,OH,18.3,24.2,6.5,22.2,86.5,9355.0,0.2,1.1,1.6,2.1,0.0,1.8,95.2,93.5,73.0,43824,46948.0,148900.0,2.56,58300,27884,2.1,554.93,11.4,86.6,3203754.0,20.5,50.3,6123.0,116894,114520,206.4,125602.0,1060028.0,10450,2503,6229,187,10006,1000,8897,Wayne
Wayne County,PA,24.6,16.3,4.0,20.4,89.6,3913.0,0.3,0.7,3.7,4.9,0.0,1.2,94.0,89.9,81.0,18841,32481.0,181300.0,2.52,56096,27412,2.7,725.6,4.8,89.9,104108.0,29.3,46.9,4486.0,51155,52822,72.8,144575.0,711105.0,5270,1043,3336,179,4893,653,4239,Wayne
Wayne County,TN,19.9,16.6,4.1,9.7,80.2,994.0,0.4,0.3,6.7,2.2,0.0,1.1,91.4,89.5,77.4,5764,7366.0,95200.0,2.54,41427,20689,1.1,734.1,1.7,92.5,79925.0,31.7,44.6,1260.0,16232,17021,23.2,7064.0,64965.0,1057,299,647,28,999,104,898,Wayne
Wayne County,UT,22.0,23.9,5.9,23.4,88.4,377.0,1.2,1.0,0.5,7.0,0.2,1.3,95.8,89.9,73.9,1000,1703.0,205700.0,2.64,44245,22038,3.2,2460.68,10.1,89.0,1674.0,16.7,48.8,108.0,2486,2778,1.1,12758.0,32083.0,373,87,232,0,351,0,354,Wayne
Wayne County,WV,21.7,20.1,4.9,15.1,79.7,1591.0,0.3,0.3,0.6,0.7,0.0,1.1,97.6,97.1,73.5,15124,19340.0,99100.0,2.65,37988,21553,1.0,505.98,1.5,88.8,446126.0,27.2,51.1,2354.0,38982,42481,84.0,48291.0,254945.0,1938,560,1206,38,1809,379,1433,Wayne
Waynesboro city,VA,17.6,23.3,6.4,27.1,86.1,1479.0,0.5,1.1,14.2,8.1,0.3,2.1,81.4,75.1,57.7,9193,11797.5,174100.0,2.39,45011,27033,3.8,15.04,6.8,83.2,465496.0,22.4,51.1,1587.0,22196,21006,1396.8,67898.0,474273.0,1693,484,959,272,1218,153,1331,Waynesboro
Weakley County,TN,19.0,19.2,5.2,21.6,85.1,1767.0,0.5,1.2,7.7,2.9,0.1,1.7,88.9,86.5,65.3,13640,15645.0,97800.0,2.27,39937,22755,1.7,580.36,2.0,84.3,674991.0,20.7,51.2,2137.0,32902,35021,60.3,35463.0,297356.0,2292,631,1392,160,2027,235,1905,Weakley
Webb County,TX,9.7,32.4,8.9,18.9,67.6,26302.0,0.6,0.6,0.7,95.4,0.1,0.4,97.6,3.6,62.2,74789,85812.0,125900.0,3.61,46475,18466,25.9,3361.48,89.9,89.5,339566.0,21.3,50.8,4910.0,267114,250304,74.5,423690.0,3217642.0,28459,11040,14535,25633,1846,1602,25918,Webb
Weber County,UT,11.9,27.8,7.5,24.5,90.6,15078.0,1.4,1.6,1.7,18.7,0.4,2.7,92.2,75.6,73.4,83632,94283.0,220600.0,2.97,67244,27828,6.9,576.08,14.0,84.3,4799010.0,22.6,49.7,13753.0,262223,231236,401.4,268645.0,2991603.0,16247,5023,8712,1612,14018,1215,13996,Weber
Webster County,GA,23.7,18.5,4.8,14.7,79.3,158.0,0.5,0.6,42.2,5.0,-1.0,1.8,55.0,51.3,83.9,1140,1544.0,65700.0,2.29,37297,24102,4.1,209.12,9.6,91.7,554410.0,29.8,50.3,103.0,2348,2799,13.4,33983.0,8978.0,88,29,56,40,46,0,76,Webster
Webster County,IA,18.8,21.6,5.9,19.9,90.5,2020.0,0.6,1.2,4.7,5.5,0.1,2.1,91.3,86.6,68.0,15306,17053.0,99100.0,2.2,47466,26498,2.8,715.62,4.0,85.1,1549820.0,16.7,48.3,2456.0,36999,38013,53.1,61873.0,595768.0,3047,1087,1458,174,2689,280,2543,Webster
Webster County,KY,18.1,23.3,6.7,10.0,82.5,621.0,0.4,0.5,4.1,5.6,0.4,1.7,93.0,88.3,71.8,4953,5983.0,75600.0,2.56,42119,22911,3.7,331.94,5.7,86.0,189362.0,26.1,50.5,685.0,13017,13621,41.0,35974.5,79997.0,711,213,380,25,661,84,577,Webster
Webster County,MO,15.7,26.8,7.4,16.8,86.1,3198.0,0.8,0.4,1.2,2.2,0.0,1.9,95.7,94.0,75.0,13575,14887.0,136200.0,2.78,50560,22961,0.9,592.56,6.5,84.5,206221.0,28.6,48.8,2561.0,39085,36202,61.1,23525.0,376701.0,3074,862,1610,70,2868,211,2586,Webster
Webster County,MS,17.9,23.5,5.9,18.5,84.9,840.0,0.3,0.2,18.7,1.5,0.0,1.1,79.6,78.4,76.3,3782,4885.0,84000.0,2.56,45730,22011,0.3,420.94,0.6,89.7,483799.0,32.2,51.2,443.0,9926,10253,24.4,5660.0,52627.0,898,272,524,154,717,139,732,Webster
Webster County,NE,23.4,21.8,5.3,23.0,93.8,277.0,0.5,0.4,0.5,5.4,0.4,2.0,96.1,91.0,79.6,1507,1908.0,78400.0,2.3,46188,29969,0.9,574.91,2.3,86.4,231681.5,19.9,50.3,235.0,3395,3812,6.6,582.0,29339.0,369,42,263,0,354,71,277,Webster
Webster County,WV,24.0,19.4,4.5,11.4,79.3,284.0,0.1,0.2,0.5,0.7,0.0,1.4,97.8,97.1,72.6,3781,5452.0,69500.0,2.2,34927,22054,0.0,553.47,0.1,92.0,258272.0,29.1,49.7,604.0,8378,9154,16.5,48291.0,42861.0,518,198,289,0,496,99,397,Webster
Webster Parish,LA,20.2,22.4,6.1,15.4,83.9,2565.0,0.6,0.4,34.3,2.1,0.0,1.5,63.2,61.6,66.9,16551,19884.0,81500.0,2.31,28951,18962,1.1,593.03,2.0,92.1,1901186.0,27.7,51.3,2254.0,36967,41207,69.5,34802.0,549383.0,3426,1230,1732,919,2379,360,2887,Webster
Weld County,CO,12.4,25.9,7.1,27.5,88.1,24243.0,1.7,1.8,1.6,30.0,0.2,2.3,92.4,64.9,72.9,104671,115897.0,299000.0,2.85,74150,31793,8.7,3987.24,19.3,83.3,5991440.0,27.7,49.4,16070.0,328981,252825,63.4,273945.0,2707571.0,22381,8221,11009,3432,18038,2181,19120,Weld
Wells County,IN,18.6,24.6,6.2,18.2,92.2,1745.0,0.3,0.7,0.9,3.3,0.0,1.2,96.9,93.9,78.9,10888,11969.0,127600.0,2.52,59237,28663,1.4,368.09,2.8,86.4,1126496.0,22.9,50.6,1786.0,28180,27636,75.1,20470.0,231484.0,1875,516,1077,66,1703,178,1546,Wells
Wells County,ND,28.7,20.5,5.7,22.2,87.0,349.0,0.6,0.3,0.4,1.2,0.1,1.4,97.3,96.2,78.7,1943,2513.0,94800.0,2.0,57582,35134,0.3,1271.05,1.7,89.8,29950.0,16.7,49.8,213.0,3982,4207,3.3,4810.0,80395.0,440,132,207,0,354,0,350,Wells
West Baton Rouge Parish,LA,14.3,24.1,7.0,22.0,87.2,1893.0,0.2,0.7,39.9,3.4,0.1,1.4,57.6,54.8,73.1,9643,11752.0,200000.0,2.61,65385,29697,1.0,192.39,3.2,87.7,7272323.0,23.2,50.8,1199.0,27199,23788,123.6,49147.0,455478.0,1966,713,1051,758,1121,138,1734,West Baton Rouge
West Carroll Parish,LA,19.4,22.3,5.2,11.7,78.8,677.0,0.8,0.3,16.3,4.3,0.0,1.4,81.2,77.8,76.9,4084,5204.0,90300.0,2.6,38500,22439,1.5,359.65,4.7,94.1,1901186.0,24.6,49.3,445.0,9751,11604,32.3,6302.0,87440.0,658,168,426,78,546,74,545,West Carroll
West Feliciana Parish,LA,15.5,16.4,4.2,24.2,82.1,840.0,0.2,0.6,44.3,1.7,0.0,1.0,53.8,52.6,73.2,3869,5547.0,229500.0,3.09,59637,26945,1.9,403.21,3.3,91.3,1901186.0,29.0,35.0,1024.0,15310,15625,38.8,14670.0,86610.0,1061,290,697,271,771,74,967,West Feliciana
Westchester County,NY,17.4,21.7,5.5,48.9,88.1,102917.0,1.0,6.5,16.7,25.5,0.1,2.6,73.2,52.6,61.4,349292,377297.0,540600.0,2.7,96610,57049,25.5,430.5,33.5,89.9,4492932.0,35.1,51.5,28127.0,1004457,949113,2204.7,2020014.0,14514240.0,114575,39870,64997,33391,77686,8037,102812,Westchester
Westmoreland County,PA,23.3,18.2,4.5,29.1,94.4,21831.0,0.1,1.0,2.6,1.3,0.0,1.6,94.7,93.7,77.2,152283,170864.0,153100.0,2.26,60471,34274,1.6,1027.55,2.6,91.1,7681478.0,26.6,51.1,26075.0,354663,365169,355.4,516556.0,4671741.0,27796,8449,16593,906,25985,3055,23377,Westmoreland
Westmoreland County,VA,25.6,19.1,5.4,19.2,84.5,1204.0,0.8,0.9,26.1,6.9,0.1,2.9,69.2,63.8,73.2,7923,11060.0,199100.0,2.22,53853,32996,3.9,229.38,5.9,88.0,167041.0,42.6,51.2,2024.0,18477,17454,76.1,44317.0,109793.0,1250,464,680,216,996,256,907,Westmoreland
Weston County,WY,21.3,20.4,5.1,20.0,93.7,607.0,1.9,1.7,0.7,4.1,0.0,2.5,93.2,90.0,83.0,2891,3568.0,166300.0,2.32,57031,28531,1.7,2398.09,1.7,84.4,102299.0,24.0,47.7,576.0,6838,7208,3.0,9392.0,76514.0,742,197,323,0,693,184,508,Weston
Wetzel County,WV,23.2,19.7,5.1,12.0,86.2,530.0,0.1,0.3,0.5,1.1,-1.0,1.2,97.8,96.9,79.4,5762,8201.0,103600.0,2.65,43107,22546,0.3,358.06,0.6,91.1,258272.0,29.0,51.1,900.0,14442,16583,46.3,28220.0,208708.0,958,249,512,0,836,73,777,Wetzel
Wexford County,MI,19.6,23.0,6.1,18.2,89.6,2206.0,0.8,0.7,0.7,2.1,0.1,2.0,95.8,94.1,76.8,12963,17070.0,108300.0,2.54,47193,25149,1.2,565.0,2.3,85.9,1118962.0,21.3,49.8,2736.0,33673,32735,57.9,46585.0,497382.0,2642,821,1394,49,2448,204,2228,Wexford
Wharton County,TX,17.4,25.8,6.8,18.0,78.3,3552.0,0.8,0.6,13.6,42.6,0.1,1.1,83.8,43.5,67.0,15199,17782.0,128100.0,2.7,48310,25298,9.9,1086.15,25.9,89.7,400840.0,23.6,50.9,1836.0,41570,41280,38.0,47512.0,563800.0,4345,1513,2222,1528,2641,228,3847,Wharton
Whatcom County,WA,18.0,19.2,5.1,34.3,92.8,16490.0,3.4,4.8,1.3,9.8,0.3,4.0,86.2,78.3,61.9,86523,99210.0,345700.0,2.49,62984,32267,10.1,2106.86,11.6,79.6,14932180.0,22.0,50.6,14306.0,226847,201140,95.5,492949.0,3103604.0,18054,5810,8898,1802,15340,1751,15060,Whatcom
Wheatland County,MT,25.4,21.3,5.1,19.6,81.8,134.0,3.3,0.5,0.5,4.7,-1.0,3.0,92.8,90.4,74.7,792,1209.0,95400.0,2.66,39655,21619,3.0,1423.2,17.8,94.5,16801.0,8.1,48.2,115.0,2069,2168,1.5,3516.0,16677.0,194,91,68,0,183,0,180,Wheatland
Wheeler County,GA,14.8,16.9,4.5,13.6,80.8,375.0,0.1,0.4,37.8,5.4,0.0,1.3,60.4,56.1,63.3,1862,2635.0,58800.0,4.14,30192,14654,0.2,295.48,1.1,94.6,554410.0,30.9,35.6,388.0,7471,7421,25.1,997.0,21249.0,294,134,137,92,196,52,236,Wheeler
Wheeler County,NE,28.5,19.2,5.6,19.4,95.6,84.0,0.5,0.4,-1.0,1.5,-1.0,1.4,97.7,96.4,67.1,346,584.0,97800.0,2.26,51591,29037,0.5,575.18,1.8,85.3,231681.5,17.7,49.2,44.0,774,818,1.4,243.0,73832.0,41,0,0,0,33,0,36,Wheeler
Wheeler County,OR,36.3,13.9,3.6,14.9,91.6,147.0,2.6,1.1,0.2,5.9,0.2,4.1,91.9,87.0,76.1,640,919.0,155300.0,2.18,40926,21702,2.9,1714.75,4.2,86.1,579399.0,24.0,51.4,166.0,1451,1441,0.8,857.0,557636.0,225,71,105,0,173,38,170,Wheeler
Wheeler County,TX,19.8,25.4,6.2,16.8,80.2,475.0,1.9,0.9,3.1,25.2,-1.0,1.8,92.4,69.1,66.6,2183,2723.0,84000.0,2.42,49315,27093,8.0,914.52,20.0,91.0,575658.0,21.2,49.8,256.0,4990,5410,5.9,19744.0,71600.0,677,129,413,35,601,104,548,Wheeler
White County,AR,16.8,23.0,5.9,20.9,84.4,5399.0,0.7,0.9,4.6,4.4,0.1,2.0,91.7,87.7,66.1,29055,34035.0,120100.0,2.58,44029,23702,3.0,1035.08,6.2,80.2,1031011.0,24.5,51.3,4692.0,76822,77076,74.5,113612.0,911665.0,6198,1954,3266,389,5576,664,5218,White
White County,GA,23.3,19.6,4.8,22.7,85.2,2724.0,0.6,0.6,2.0,3.4,0.1,1.7,95.1,92.1,75.9,11695,16409.0,176300.0,2.49,52493,27406,2.3,240.69,4.3,86.1,122909.0,28.7,51.3,2707.0,28003,27144,112.8,63851.0,279668.0,2809,863,1628,142,2610,342,2370,White
White County,IL,21.4,22.2,5.8,15.5,89.9,1081.0,0.4,0.6,0.7,1.6,0.1,1.1,97.1,95.9,80.6,6041,7164.0,71500.0,2.23,49290,26746,1.8,494.77,1.8,88.7,741144.5,24.4,51.0,999.0,13877,14665,29.6,38907.0,142853.0,1512,391,851,26,1435,109,1259,White
White County,IN,20.3,23.2,6.1,16.4,88.8,1457.0,0.7,0.6,0.9,8.8,0.1,1.3,96.4,88.8,77.5,9879,13192.0,113500.0,2.41,54576,27461,4.2,505.13,7.9,86.2,926372.0,25.5,50.2,1854.0,24688,24643,48.8,23191.0,302857.0,1982,572,1086,96,1811,291,1571,White
White County,TN,20.5,21.8,5.8,12.3,83.2,2054.0,0.5,0.4,1.8,2.8,0.1,1.6,95.5,93.1,80.0,10048,12102.0,117000.0,2.63,41998,22040,1.3,376.67,1.3,88.9,561058.0,24.0,51.0,1919.0,27351,25841,68.6,40960.0,209411.0,2304,643,1473,53,2193,298,1878,White
White Pine County,NV,18.3,20.3,5.4,13.2,88.1,450.0,5.1,1.1,5.1,16.7,0.2,2.9,85.6,71.0,75.6,3516,4536.0,154100.0,2.33,60827,25675,3.8,8875.65,9.2,79.7,712978.0,16.6,41.8,708.0,9080,10030,1.1,31245.0,110995.0,548,119,315,76,430,71,445,White Pine
Whiteside County,IL,21.3,21.9,5.8,18.2,90.6,2757.0,0.5,0.6,1.8,12.3,0.0,1.8,95.3,84.0,74.9,23084,25809.0,106700.0,2.38,54232,29856,3.2,684.25,7.7,87.5,1453219.0,19.0,50.5,3963.0,55691,58498,85.5,66539.0,577968.0,3622,1191,1899,175,3208,202,3106,Whiteside
Whitfield County,GA,14.4,25.8,6.5,15.7,69.5,6147.0,1.4,1.6,4.4,36.3,0.2,1.7,90.6,57.1,64.6,35629,40371.0,133400.0,2.88,48623,23974,18.7,290.46,31.2,91.7,5805314.0,20.9,50.2,3714.0,102864,102599,353.2,33983.0,1302376.0,7105,2338,3871,1574,5133,780,5779,Whitfield
Whitley County,IN,18.5,22.9,6.0,20.7,91.8,2187.0,0.4,0.5,0.5,2.2,0.0,1.3,97.3,95.3,82.2,13742,15041.0,143100.0,2.42,61741,31843,1.4,335.57,4.0,89.2,2199735.0,24.0,50.1,2101.0,34191,33292,99.2,39470.0,343433.0,2604,742,1390,53,2422,214,2240,Whitley
Whitley County,KY,16.0,25.3,7.4,20.4,81.4,2289.0,0.3,0.4,0.9,1.4,0.0,1.3,97.0,95.7,68.8,12620,15530.0,92500.0,2.71,39005,20547,0.9,437.83,1.8,88.0,227986.0,21.7,50.8,1905.0,36712,35637,81.4,52970.0,442623.0,3151,922,1794,99,2947,342,2563,Whitley
Whitman County,WA,10.7,15.0,4.1,49.8,95.5,2224.0,0.9,8.4,2.4,6.5,0.3,4.2,83.8,78.4,43.6,17999,21262.0,217600.0,2.35,42745,23560,11.3,2159.09,15.2,63.6,874205.0,16.1,49.1,2084.0,47973,44776,20.7,62120.0,333569.0,2522,787,1155,268,2127,156,2055,Whitman
Wibaux County,MT,25.8,20.2,5.7,23.4,88.7,74.0,1.3,0.6,0.4,3.7,-1.0,1.0,96.6,93.0,79.7,498,580.0,113500.0,2.21,53958,25591,2.8,889.27,6.7,88.5,16801.0,19.0,49.1,94.0,937,1017,1.1,1484.0,6264.0,107,0,56,0,102,0,99,Wibaux
Wichita County,KS,20.2,26.3,6.3,20.6,86.6,183.0,1.2,0.4,1.7,30.7,0.0,1.7,95.0,66.4,73.3,934,1051.0,88900.0,2.25,57978,29126,13.5,718.57,26.7,88.7,328053.5,14.9,48.2,119.0,2152,2234,3.1,13223.0,19767.0,297,86,141,47,231,29,241,Wichita
Wichita County,TX,15.0,22.5,6.3,23.1,86.6,7797.0,1.3,2.1,11.1,19.8,0.2,2.9,82.4,64.6,60.3,48356,56200.0,100000.0,2.41,48650,24872,6.6,627.78,13.8,80.0,1400778.0,15.5,48.3,11085.0,129350,131500,209.5,33330.5,1991029.0,9239,2560,5118,1470,7218,1248,7035,Wichita
Wicomico County,MD,16.3,21.9,6.1,27.2,87.2,6531.0,0.4,3.0,27.3,5.5,0.1,2.8,66.2,62.0,57.7,37793,42531.0,175700.0,2.6,56956,28080,8.3,374.44,11.2,81.1,1216805.0,21.9,52.7,6409.0,103588,98733,263.7,187129.0,1608264.0,7546,2636,3697,1718,5376,637,6290,Wicomico
Wilbarger County,TX,19.0,22.1,5.9,15.2,77.2,701.0,1.6,3.1,8.2,29.8,0.1,2.5,84.5,56.9,60.7,5180,6217.0,68300.0,2.34,45302,23696,4.5,970.84,17.2,78.5,575658.0,14.0,50.8,690.0,12887,13535,13.9,20809.0,254627.0,1427,415,651,326,1012,53,1307,Wilbarger
Wilcox County,AL,20.3,23.3,6.3,12.5,76.5,530.0,0.2,0.2,71.1,1.4,0.0,0.8,27.6,26.9,67.9,3854,5840.0,79400.0,2.71,31014,16841,0.6,888.5,2.7,93.1,778187.0,27.1,52.5,382.0,10600,11670,13.1,51801.0,72837.0,862,315,467,512,314,137,669,Wilcox
Wilcox County,GA,18.2,19.0,5.1,12.2,82.1,532.0,0.3,0.8,34.5,5.0,0.0,1.6,62.8,58.9,76.1,2575,3533.0,61800.0,2.61,36964,16183,3.6,377.71,5.2,88.6,554410.0,27.7,40.2,515.0,8766,9255,24.5,611.0,23371.0,584,203,302,154,419,31,494,Wilcox
Wilkes County,GA,23.7,20.9,5.1,13.8,83.7,652.0,0.2,0.9,41.1,5.4,0.0,2.0,55.8,51.4,67.5,3979,5156.0,87200.0,2.45,37838,24674,3.2,469.49,5.7,88.6,175655.0,26.6,52.2,569.0,9565,10593,22.6,6718.0,70376.0,787,268,458,272,479,56,695,Wilkes
Wilkes County,NC,22.2,20.1,5.1,15.8,80.1,4441.0,0.4,0.6,4.7,6.9,0.1,1.5,92.7,86.7,75.7,28753,33766.0,126300.0,2.35,44107,25202,4.1,754.28,6.4,93.4,1156115.0,25.3,50.9,4197.0,65969,69340,91.9,65660.0,1365239.0,5280,1315,3274,377,4721,462,4512,Wilkes
Wilkin County,MN,19.7,22.5,6.1,23.8,94.9,486.0,1.8,0.5,0.6,3.1,0.0,1.8,95.3,92.8,78.1,2818,3157.0,140000.0,2.18,60595,34543,0.5,750.96,1.4,94.5,763107.0,17.6,48.0,357.0,6506,6576,8.8,4250.0,68398.0,709,158,497,30,631,39,592,Wilkin
Wilkinson County,GA,20.2,22.6,5.6,10.9,84.4,667.0,0.5,0.4,38.0,3.1,0.0,1.8,59.3,56.8,75.2,3185,4502.0,70700.0,2.8,38996,22141,1.8,447.31,2.5,93.0,554410.0,26.8,52.0,418.0,8877,9563,21.4,1003.0,32512.0,718,376,307,422,277,68,621,Wilkinson
Wilkinson County,MS,17.8,20.8,5.3,13.7,74.8,581.0,0.3,0.1,70.6,1.0,0.0,0.8,28.2,27.6,79.9,3170,5237.0,70300.0,2.43,27313,15475,0.0,678.11,0.1,91.8,483799.0,27.0,46.0,291.0,8587,9878,14.6,26152.0,54406.0,752,266,367,317,407,94,601,Wilkinson
Will County,IL,13.5,24.4,5.8,34.3,91.0,50716.0,0.5,6.0,12.2,18.2,0.1,2.0,79.2,62.5,81.3,229498,246655.0,232000.0,2.96,86961,36524,12.3,836.91,20.5,90.3,20627242.0,33.0,50.4,29993.0,696355,677560,809.6,1313535.0,7862106.0,53577,18811,29269,14156,37883,3804,47833,Will
Willacy County,TX,14.3,23.5,6.3,8.9,65.7,1322.0,0.7,0.9,2.7,88.5,0.1,0.6,95.0,8.5,70.5,5782,7401.0,55300.0,3.52,35521,14888,14.9,590.55,63.5,91.9,575658.0,21.5,44.7,581.0,20164,22134,37.5,13133.0,118428.0,1342,611,606,1127,150,151,1128,Willacy
Williams County,ND,9.2,29.4,9.9,23.6,90.5,2798.0,4.3,0.9,5.1,9.0,0.2,3.7,85.8,78.2,52.6,14320,19659.0,247400.0,2.42,87161,44235,6.1,2077.4,9.1,79.7,125073.0,16.8,46.1,2055.0,40950,22398,10.8,259135.0,797514.0,3170,808,1666,175,2762,476,2306,Williams
Williams County,OH,19.2,22.6,5.8,15.2,90.5,2197.0,0.4,0.6,1.3,4.9,0.0,1.1,96.6,92.1,77.0,15090,16666.0,105400.0,2.37,53183,27124,1.2,420.97,2.8,86.1,2466266.0,18.5,50.2,2374.0,37102,37642,89.4,34994.0,326557.0,2782,769,1601,87,2589,196,2427,Williams
Williamsburg County,SC,21.7,20.4,5.1,12.3,80.1,1679.0,0.6,0.9,64.5,2.3,0.0,1.0,33.0,31.6,73.0,12686,15633.0,68300.0,2.35,32485,18257,1.8,934.16,3.3,92.3,1777975.0,31.1,52.5,1755.0,31026,34423,36.8,65913.0,225217.0,2270,1049,1046,1105,1098,322,1754,Williamsburg
Williamsburg city,VA,15.7,10.4,3.5,56.8,94.7,1479.0,0.4,6.5,15.0,7.1,0.0,3.6,73.4,67.7,49.3,4706,11797.5,306000.0,2.24,57463,29758,6.9,9.02,13.9,62.6,954.0,19.1,53.6,1009.0,15425,14068,1559.3,217464.0,348742.0,1382,274,709,177,1081,128,928,Williamsburg
Williamson County,IL,19.5,21.7,5.9,24.3,92.3,4188.0,0.5,1.3,4.6,2.7,0.0,1.9,91.6,89.3,70.1,27029,31570.0,114900.0,2.41,50734,28375,1.8,420.15,3.6,87.9,793015.0,22.4,50.2,5298.0,67153,66357,157.9,123702.0,1116282.0,5350,1499,2985,303,4761,463,4499,Williamson
Williamson County,TN,13.5,26.8,5.9,59.8,95.3,29249.0,0.3,5.2,4.5,4.9,0.1,1.8,88.2,83.8,80.6,77855,87541.0,449000.0,2.89,112962,52702,7.6,582.6,8.5,84.6,558319.0,27.9,50.9,9928.0,247726,183182,314.4,485174.0,3968591.0,25780,7549,14409,1932,22787,2945,21354,Williamson
Williamson County,TX,12.4,25.2,6.3,41.3,93.2,50155.0,0.9,8.0,7.4,24.8,0.2,2.9,80.6,58.0,68.4,180160,205609.0,262300.0,3.02,87337,37242,12.6,1118.3,21.8,82.6,1886336.0,28.4,50.7,34924.0,609017,422679,378.0,817019.0,8584959.0,38356,13316,20610,10020,27023,3588,32883,Williamson
Wilson County,KS,22.0,24.0,6.3,16.5,88.5,606.0,1.7,0.5,0.5,3.7,0.1,2.8,94.5,91.5,73.3,3712,4664.0,73500.0,2.3,48341,27471,1.1,570.42,1.4,89.4,181484.0,16.2,50.5,505.0,8624,9409,16.5,13223.0,57664.0,820,174,471,43,722,48,724,Wilson
Wilson County,NC,18.7,22.7,5.9,19.6,80.3,4834.0,0.6,1.3,40.5,10.8,0.1,1.6,55.8,46.8,59.1,32014,36508.0,123600.0,2.5,43877,24790,6.4,368.17,10.9,89.0,13159851.0,21.6,52.6,5575.0,78784,81234,220.6,139263.0,992692.0,5990,2183,3099,1834,3784,614,4905,Wilson
Wilson County,TN,16.0,23.4,6.0,32.4,91.6,12736.0,0.5,1.8,7.5,4.6,0.1,2.0,88.1,84.1,76.8,49664,56410.0,264600.0,2.72,75991,34575,4.9,570.83,6.1,86.7,1281590.0,30.8,50.8,8999.0,147737,113993,199.7,190016.0,1432589.0,11452,3318,6839,966,10157,1415,9403,Wilson
Wilson County,TX,16.5,23.8,5.8,21.8,87.6,3850.0,1.0,0.7,1.9,40.2,0.1,1.4,95.0,56.5,84.4,15733,17873.0,199600.0,3.09,76692,32312,3.7,803.73,20.6,89.8,121856.0,35.9,49.8,4588.0,49753,42918,53.4,36842.0,452449.0,3893,1032,2444,1265,2560,470,3202,Wilson
Winchester city,VA,15.9,22.9,6.7,35.1,84.1,1479.0,0.2,2.2,10.1,17.8,0.0,4.2,82.0,66.0,44.3,10490,11797.5,244900.0,2.56,58818,30859,13.2,9.23,19.9,82.0,866228.0,25.6,50.9,1745.0,28120,26203,2838.1,119057.0,888461.0,2857,733,1484,379,2174,138,2313,Winchester
Windham County,CT,17.2,19.7,5.0,24.3,88.4,6918.0,0.7,1.5,3.2,12.4,0.1,2.5,92.0,82.0,69.0,44953,49966.0,204400.0,2.47,66550,32732,4.9,512.91,12.3,87.2,2146052.0,26.5,50.4,7875.0,116418,118428,230.9,158585.0,1296178.0,8262,2477,4750,706,7235,736,6930,Windham
Windham County,VT,23.9,17.6,4.4,38.1,92.4,5257.0,0.3,1.2,1.5,2.4,0.1,2.2,94.7,92.7,67.3,18943,30948.0,214200.0,2.17,51985,32535,3.4,785.31,3.9,87.5,421354.0,22.2,51.1,2821.0,45905,44513,56.7,151451.0,604405.0,7029,2151,3569,180,6542,754,5788,Windham
Windsor County,VT,24.2,17.9,4.3,38.2,93.4,6219.0,0.3,1.0,1.0,1.8,0.0,1.8,95.9,94.3,73.8,24298,35188.0,224500.0,2.24,60987,36252,3.7,969.34,4.2,88.7,442582.0,23.5,51.0,3744.0,57753,56670,58.5,176798.0,726304.0,7844,2265,4439,159,7431,816,6490,Windsor
Winkler County,TX,12.0,29.1,7.4,8.2,69.2,753.0,2.1,0.9,3.4,61.8,0.0,1.2,92.4,33.9,79.6,2619,3100.0,62700.0,2.97,60366,24467,13.4,841.11,38.8,90.0,575658.0,18.8,48.3,303.0,7791,7110,8.5,33330.5,53591.0,689,276,307,252,387,46,601,Winkler
Winn Parish,LA,19.1,20.6,5.8,13.9,81.8,708.0,0.9,0.3,31.1,2.1,0.0,1.5,66.3,64.6,67.2,5483,7342.0,77700.0,2.26,38353,22107,1.1,950.09,1.8,87.4,1901186.0,30.2,46.4,645.0,13755,15313,16.1,61451.5,113872.0,889,182,477,79,749,114,706,Winn
Winnebago County,IA,22.0,21.8,5.4,21.8,92.4,862.0,0.5,1.0,1.7,5.1,0.0,1.6,95.3,90.8,76.0,4577,5198.0,94800.0,2.16,49870,28342,2.3,400.49,4.8,88.2,734717.0,16.9,50.7,613.0,10679,10866,27.1,20428.0,131378.0,900,239,464,0,821,114,640,Winnebago
Winnebago County,IL,18.0,23.3,6.3,22.9,87.7,17456.0,0.6,2.8,14.0,13.5,0.1,3.0,79.6,67.7,65.9,114779,125708.0,120400.0,2.44,54489,29278,8.4,513.36,14.7,86.6,8145553.0,22.6,51.2,16663.0,285350,295266,575.2,490045.0,3752072.0,23044,8694,11942,5003,17098,2482,19109,Winnebago
Winnebago County,WI,16.8,20.4,5.5,28.3,92.9,8625.0,0.8,3.1,2.5,4.4,0.1,1.8,91.8,88.0,65.2,70594,76303.0,152500.0,2.3,58543,32571,3.5,434.49,6.4,83.0,11476462.0,18.5,49.7,11081.0,171730,166994,384.3,234584.0,2064921.0,10556,2819,6103,581,9309,1299,8403,Winnebago
Winneshiek County,IA,21.1,18.5,4.5,30.6,95.2,1914.0,0.2,1.2,0.9,2.4,0.0,0.9,96.9,94.9,79.3,8257,9057.0,177300.0,2.18,65263,32075,1.9,689.87,3.5,86.6,300910.0,18.3,50.2,1050.0,20070,21056,30.5,32422.0,292986.0,2760,832,1472,52,2607,250,2371,Winneshiek
Winona County,MN,17.6,17.8,4.7,30.1,93.5,2930.0,0.5,2.6,1.8,3.1,0.0,1.3,93.7,91.0,70.4,19442,21327.0,167300.0,2.41,59329,30013,3.3,626.21,6.2,81.9,1567927.0,18.2,50.5,3071.0,49671,51461,82.2,76409.0,681881.0,3637,1081,1898,79,3370,372,3034,Winona
Winston County,AL,21.9,20.2,5.3,12.8,78.8,1648.0,0.9,0.4,1.0,3.3,0.2,1.7,95.9,93.3,79.4,9592,13765.0,86100.0,2.44,35788,22952,1.5,612.98,2.5,88.7,608159.0,31.4,50.8,1376.0,23540,24484,39.9,51801.0,165007.0,1836,638,919,40,1667,253,1517,Winston
Winston County,MS,20.5,22.4,5.4,14.7,81.7,1289.0,1.3,0.3,46.8,1.4,0.0,0.9,50.7,49.6,73.1,7269,8803.0,84900.0,2.44,34724,25263,0.3,607.25,1.8,84.5,328925.0,28.1,51.0,1009.0,17714,19198,31.6,20790.0,209587.0,1641,445,1086,508,1080,278,1302,Winston
Wirt County,WV,20.8,21.3,4.6,11.2,82.9,259.0,0.2,0.3,0.4,0.9,0.0,1.3,97.7,96.9,83.7,2505,3336.0,95800.0,2.31,46048,23568,0.2,232.51,2.5,94.2,258272.0,39.2,49.1,487.0,5194,5717,24.6,48291.0,19762.0,402,174,218,0,391,98,296,Wirt
Wise County,TX,15.1,24.7,6.2,18.0,85.3,5989.0,1.2,0.7,1.6,20.0,0.1,1.7,94.8,76.0,77.9,22369,25166.0,170300.0,2.92,64536,29418,7.8,904.42,16.0,88.1,550225.0,32.2,49.9,4823.0,68632,59127,65.4,75925.0,757064.0,4846,1304,2923,668,4019,534,4045,Wise
Wise County,VA,19.2,19.1,4.6,15.0,75.9,1510.0,0.2,0.4,5.8,1.2,0.0,1.1,92.5,91.4,66.6,14925,17916.0,85500.0,2.37,38888,21500,1.1,403.19,1.7,86.2,476138.5,22.3,47.9,2193.0,36130,41452,102.8,42130.0,500864.0,2086,633,1016,29,1961,274,1709,Wise
Wolfe County,KY,19.9,23.1,6.7,8.7,71.8,432.0,0.5,0.1,0.4,1.0,-1.0,1.0,98.0,97.1,63.4,2898,3754.0,64400.0,2.44,24623,14923,0.2,222.17,2.3,82.6,559741.0,29.6,51.1,341.0,6562,7355,33.1,35974.5,58172.0,422,159,193,0,383,0,383,Wolfe
Wood County,OH,15.7,20.3,5.3,33.5,94.3,7827.0,0.3,1.8,2.8,5.7,0.0,1.9,93.1,88.0,65.3,50589,54130.0,163600.0,2.44,62390,32431,3.2,617.21,4.7,79.4,4256031.0,20.5,50.7,6997.0,132248,125488,203.3,263878.0,1813370.0,9574,3033,5362,606,8502,1010,7985,Wood
Wood County,TX,27.5,18.9,4.8,16.6,84.7,3799.0,1.0,0.6,5.6,10.4,0.1,1.6,91.1,82.0,80.2,16510,21402.0,137500.0,2.59,53394,29005,3.6,645.23,8.9,84.6,575658.0,30.7,50.4,4153.0,44843,41964,65.0,40611.0,393700.0,3800,1311,1931,357,3315,465,3081,Wood
Wood County,WI,21.1,21.6,5.7,21.6,92.7,3960.0,1.0,2.0,1.0,3.2,0.0,1.3,94.7,92.0,72.4,32332,35488.0,131900.0,2.23,54913,31425,2.4,793.12,4.6,87.9,2482409.0,19.5,50.8,5264.0,74207,74749,94.2,78641.0,1101719.0,4860,1240,2660,138,4482,403,3982,Wood
Wood County,WV,20.9,20.9,5.5,21.9,89.9,3914.0,0.2,0.6,1.2,1.2,0.0,1.7,96.2,95.1,71.5,35488,40283.0,124200.0,2.37,47321,27725,1.2,366.26,1.8,88.6,2261861.0,20.0,51.5,6414.0,84296,86956,237.4,181833.0,1396592.0,6122,1995,3479,174,5610,770,4858,Wood
Woodbury County,IA,15.4,25.9,7.0,23.1,87.1,5570.0,2.9,2.9,4.7,17.4,0.5,3.0,86.0,71.1,66.4,39016,42518.0,123300.0,2.56,59224,28688,8.2,872.83,16.3,89.3,4061248.0,18.3,50.2,5325.0,105941,102172,117.1,240746.0,1776121.0,7667,2310,4153,856,6419,672,6328,Woodbury
Woodford County,IL,18.6,23.9,5.8,33.2,94.8,2567.0,0.3,0.8,0.7,1.9,0.0,1.2,97.0,95.3,81.8,14499,15653.0,168700.0,2.6,72808,37170,1.3,527.8,2.0,90.2,1363577.0,22.4,50.0,2438.0,38467,38664,73.3,28526.0,337838.0,3279,955,1703,71,3109,214,2816,Woodford
Woodford County,KY,19.4,21.8,5.5,33.8,91.1,2319.0,0.3,0.7,5.0,6.9,0.2,1.7,92.1,86.0,70.7,10355,11316.0,203000.0,2.51,63820,32264,4.6,188.78,6.4,86.4,644128.0,20.6,52.0,1667.0,26871,24939,132.1,35974.5,230255.0,2307,597,1244,115,2070,90,1965,Woodford
Woodruff County,AR,23.4,21.4,5.6,14.0,81.7,418.0,0.6,0.3,26.2,2.2,0.1,2.1,70.8,69.2,65.4,2932,3880.0,66400.0,2.19,32845,23423,0.4,586.79,0.3,90.4,602802.0,18.9,51.6,328.0,6269,7260,12.4,17679.0,74228.0,589,170,329,156,414,26,536,Woodruff
Woods County,OK,17.4,20.5,5.9,30.3,89.8,740.0,3.1,1.3,3.5,7.5,0.1,3.2,88.8,82.5,68.4,3281,4408.0,107000.0,2.49,54282,27427,1.4,1286.45,5.5,77.9,460737.5,13.7,46.5,440.0,8624,8878,6.9,19181.0,168565.0,982,329,459,32,886,95,773,Woods
Woodson County,KS,25.2,21.4,5.7,17.2,90.7,261.0,1.8,0.1,0.6,3.3,-1.0,2.6,94.8,92.2,77.1,1434,2026.0,73600.0,2.2,39643,22672,0.2,497.82,1.0,90.1,328053.5,20.4,49.8,248.0,3115,3309,6.6,13223.0,21952.0,276,50,188,0,263,0,247,Woodson
Woodward County,OK,16.4,24.1,6.5,19.4,87.7,1519.0,3.6,0.9,2.1,13.4,0.1,2.5,90.8,79.1,71.2,7495,9084.0,124800.0,2.62,60147,28915,6.4,1242.4,12.2,81.4,448442.0,17.9,47.3,1212.0,20470,20081,16.2,50905.0,435221.0,2238,640,1200,180,1917,153,1913,Woodward
Worcester County,MA,16.1,20.9,5.3,36.4,90.7,57923.0,0.4,5.4,6.1,12.2,0.1,2.3,85.7,75.7,65.1,309951,337882.0,280600.0,2.56,74679,37574,12.1,1510.77,19.7,89.1,10475792.0,29.7,50.7,43487.0,862111,798552,528.6,1266930.0,10916535.0,61953,19245,36840,7583,52298,6519,52634,Worcester
Worcester County,MD,28.2,17.0,4.1,29.0,91.3,5309.0,0.4,1.5,13.0,3.7,0.0,1.9,83.0,80.0,75.1,22089,56652.0,262200.0,2.31,63499,38080,4.6,468.28,5.5,86.4,241724.0,24.8,51.5,4390.0,52460,51454,109.9,552278.0,835579.0,6413,2100,3534,481,5743,700,5315,Worcester
Worth County,GA,19.9,22.0,5.6,11.0,82.9,1357.0,0.3,0.7,28.0,2.4,0.1,1.3,69.6,67.7,65.4,8002,9370.0,98700.0,2.54,45398,24415,1.6,570.7,2.3,92.5,554410.0,25.7,52.1,1351.0,20784,21679,38.0,33983.0,117096.0,1733,711,968,436,1260,173,1522,Worth
Worth County,IA,20.9,20.7,5.7,17.5,93.3,570.0,0.4,0.6,1.0,3.4,0.0,1.4,96.6,93.8,77.6,3172,3514.0,106700.0,2.31,57130,31949,0.8,400.12,1.3,90.8,257392.0,22.6,49.3,557.0,7443,7598,19.0,20428.0,36654.0,897,162,638,0,851,82,756,Worth
Worth County,MO,25.9,19.6,5.1,20.0,89.8,191.0,0.3,0.2,0.9,1.8,-1.0,1.1,97.4,95.9,76.4,859,1270.0,63800.0,2.31,53580,26137,1.2,266.61,1.0,89.2,468824.0,34.5,51.8,123.0,1973,2171,8.1,22307.0,18182.0,275,38,169,0,266,0,218,Worth
Wrangell City and Borough,AK,24.5,19.7,4.2,19.4,86.5,319.0,16.7,3.2,0.6,3.0,0.0,10.8,68.8,66.6,67.9,1027,1464.0,216200.0,2.38,53894,32286,2.8,2541.48,3.9,90.7,104944.0,9.7,48.0,224.0,2127,2369,0.9,2858.0,27665.0,441,121,242,41,383,70,313,Wrangell
Wright County,IA,23.1,24.4,6.6,17.2,92.4,869.0,0.5,0.6,1.2,13.2,0.2,1.4,96.0,84.0,71.7,5718,6519.0,85500.0,2.19,53333,29622,5.4,580.42,9.8,87.9,1437311.0,17.1,49.7,828.0,12943,13229,22.8,20428.0,117908.0,1028,271,509,29,948,81,820,Wright
Wright County,MN,13.0,27.7,6.8,29.6,94.9,9887.0,0.4,1.4,1.8,3.1,0.0,1.9,94.4,91.7,81.6,48242,53282.0,238500.0,2.76,84974,36260,2.8,661.46,4.1,90.3,1184940.0,30.5,49.4,6895.0,141337,124700,188.5,123821.0,1713538.0,11975,3471,6487,302,11318,900,10475,Wright
Wright County,MO,19.6,25.7,7.2,10.2,80.4,1468.0,0.8,0.4,0.6,2.3,0.1,1.5,96.5,94.6,70.0,7063,8688.0,103600.0,2.55,34776,19850,0.6,681.77,5.4,84.5,468824.0,27.2,51.0,1322.0,18188,18815,27.6,10815.0,245556.0,1691,446,909,63,1555,132,1459,Wright
Wyandot County,OH,19.9,22.5,5.6,17.2,91.9,1366.0,0.3,0.7,0.4,3.4,0.0,1.1,97.4,94.5,74.1,9081,9970.0,122200.0,2.39,55767,28541,1.7,406.87,3.5,89.5,958776.0,21.6,50.2,1415.0,21900,22615,55.6,22550.0,228794.0,1644,546,840,0,1532,184,1276,Wyandot
Wyandotte County,KS,12.6,27.6,7.8,18.1,78.9,8246.0,1.4,5.4,22.6,29.8,0.3,3.2,67.1,40.3,57.4,60128,68397.0,100300.0,2.72,46881,22335,16.8,151.6,28.1,85.8,11105920.0,21.2,50.2,7928.0,169245,157505,1039.0,284597.0,1769413.0,9481,3680,4624,3475,5356,859,7902,Wyandotte
Wyoming County,NY,18.6,18.7,4.6,17.7,89.9,2101.0,0.5,0.5,5.6,3.3,0.0,1.2,92.2,89.9,76.9,15917,18402.0,115900.0,2.37,58052,27947,2.2,592.75,4.1,89.6,473744.0,25.4,45.8,2549.0,40531,42155,71.1,31724.0,375976.0,2331,799,1348,30,2219,194,2029,Wyoming
Wyoming County,PA,21.9,19.4,4.9,19.6,92.2,1772.0,0.3,0.5,1.0,2.0,0.0,1.1,97.1,95.4,77.2,10790,13507.0,167900.0,2.46,59415,29584,1.1,397.32,1.7,89.1,1779025.0,26.2,49.8,2000.0,26069,28276,71.2,33694.0,393453.0,2119,573,1240,44,1949,282,1657,Wyoming
Wyoming County,WV,22.0,20.4,4.7,9.3,80.2,697.0,0.2,0.2,0.7,0.7,0.0,1.2,97.7,97.0,84.2,8805,10881.0,71500.0,2.41,42332,22703,0.4,499.45,0.2,94.5,258272.0,30.6,50.6,1462.0,21382,23796,47.6,48291.0,154322.0,869,282,481,28,797,48,757,Wyoming
Wythe County,VA,22.1,19.8,5.1,19.0,86.2,1518.0,0.2,0.6,3.0,1.4,0.0,1.6,94.6,93.5,78.0,11983,14422.0,128400.0,2.39,49364,27381,0.6,461.82,1.4,91.5,1292873.0,23.3,51.1,2240.0,28290,29235,63.3,78309.0,905499.0,2033,562,1188,81,1837,212,1654,Wythe
Yadkin County,NC,20.5,20.8,5.2,11.6,82.3,2342.0,0.7,0.5,3.4,11.5,0.1,1.3,93.9,83.8,76.2,15425,17450.0,133100.0,2.42,44682,25218,4.9,334.83,9.7,92.1,748255.0,26.6,50.5,2478.0,37214,38406,114.7,34414.0,242856.0,3022,813,1862,118,2805,338,2515,Yadkin
Yakima County,WA,14.0,29.5,7.8,16.7,73.7,9513.0,6.7,1.6,1.6,50.2,0.3,2.9,87.0,42.3,62.7,83048,89762.0,175900.0,2.96,51637,23459,18.7,4295.4,41.2,86.2,2622245.0,19.0,50.0,10966.0,256728,243231,56.6,281517.0,2560166.0,14064,4389,6871,3121,10338,1340,11821,Yakima
Yakutat City and Borough,AK,21.1,17.6,5.2,22.6,91.2,110.0,41.1,6.0,2.1,4.7,1.2,14.9,34.7,31.4,66.2,219,471.0,202300.0,2.65,71607,32198,4.9,7649.46,12.5,78.0,104944.0,6.6,44.6,40.0,662,662,0.1,3682.0,5210.0,102,0,50,39,50,0,82,Yakutat
Yalobusha County,MS,21.0,22.0,6.2,13.8,83.3,898.0,0.4,0.2,38.9,1.7,0.0,1.2,59.3,58.0,70.0,5181,6587.0,79700.0,2.35,41464,20690,0.5,467.13,2.3,90.4,483799.0,24.1,52.1,493.0,12481,12678,27.1,4253.0,71965.0,1146,321,730,171,947,124,986,Yalobusha
Yamhill County,OR,17.8,21.8,5.5,26.9,88.9,6697.0,2.0,2.0,1.2,16.2,0.3,3.2,91.4,76.8,70.0,36808,39899.0,295900.0,2.7,63902,31314,8.1,715.86,13.8,85.6,1893589.0,26.1,50.0,7694.0,107722,99193,138.6,129254.0,886639.0,7366,2469,3468,664,6389,703,6163,Yamhill
Yancey County,NC,26.3,18.2,4.7,20.3,84.5,1642.0,0.8,0.3,1.1,5.5,0.3,1.1,96.4,92.0,73.3,7510,11295.0,157100.0,2.35,42222,24487,3.4,312.6,4.5,92.6,145004.0,28.4,50.8,850.0,18470,17818,57.0,11639.0,144943.0,1715,495,1022,38,1606,233,1331,Yancey
Yankton County,SD,19.5,21.0,5.9,25.7,90.9,1661.0,3.3,0.9,2.2,5.1,0.0,1.8,91.8,87.7,65.2,9445,10345.0,148300.0,2.22,58342,31772,2.1,521.16,4.3,82.3,849174.0,15.6,47.9,1799.0,23310,22438,43.1,44800.0,368586.0,2365,659,1391,67,2205,245,1901,Yankton
Yates County,NY,21.3,22.0,6.2,25.2,86.4,2032.0,0.3,0.8,0.9,2.3,0.0,1.2,96.8,94.8,80.0,8919,13955.0,136300.0,2.66,56563,28270,2.1,338.14,15.2,91.7,188491.0,22.3,51.3,1400.0,24774,25348,75.0,22715.0,208863.0,1925,557,1039,0,1779,316,1421,Yates
Yavapai County,AZ,32.5,15.9,4.1,25.9,91.0,19895.0,2.2,1.3,0.9,14.7,0.2,2.3,93.3,80.2,72.0,98386,120646.0,252000.0,2.26,52451,30341,6.2,8123.5,11.0,83.7,706930.0,23.4,51.1,26219.0,236209,211033,26.0,407489.0,2504262.0,20528,7126,9600,1955,17439,1843,17058,Yavapai
Yazoo County,MS,12.8,20.7,5.2,13.4,78.9,1604.0,0.7,0.6,57.1,8.5,0.0,1.1,40.5,33.5,63.2,8542,10151.0,88900.0,2.78,33279,19972,3.3,922.95,7.3,85.8,483799.0,26.1,40.2,1532.0,26743,28065,30.4,18175.0,177376.0,1881,830,767,903,893,164,1612,Yazoo
Yell County,AR,18.1,24.3,6.1,12.8,78.2,1144.0,1.1,1.4,2.1,20.5,0.1,1.5,93.9,74.6,71.5,7503,9883.0,109400.0,2.82,43923,22015,9.9,929.98,19.0,87.5,571023.0,20.9,49.9,1158.0,20263,22185,23.9,17679.0,121382.0,1507,564,751,218,1238,210,1240,Yell
Yellow Medicine County,MN,20.8,23.1,5.8,17.2,91.3,800.0,3.9,0.6,0.9,5.1,0.1,1.7,92.9,88.7,79.4,4087,4763.0,110000.0,2.33,59210,29908,2.1,759.1,4.0,90.8,177929.0,18.4,49.6,591.0,9528,10438,13.8,41546.0,99950.0,954,227,548,32,877,84,777,Yellow Medicine
Yellowstone County,MT,17.4,23.3,6.1,32.1,94.1,12253.0,4.9,0.8,0.8,5.8,0.1,3.0,90.5,85.9,68.4,66385,73862.0,226000.0,2.34,61264,34451,2.1,2633.29,3.9,84.1,6880315.0,19.0,50.8,11655.0,164731,147972,56.2,452246.0,3272215.0,15344,4715,7995,725,13775,1460,12709,Yellowstone
Yoakum County,TX,11.9,32.7,9.0,12.7,63.5,579.0,1.8,0.6,1.5,67.5,0.0,1.3,94.8,29.7,78.0,2617,3044.0,116400.0,3.3,70005,24582,26.2,799.71,60.9,92.6,575658.0,21.0,49.1,158.0,7694,7879,9.9,8120.0,61648.0,637,164,393,243,338,88,518,Yoakum
Yolo County,CA,12.9,20.8,5.3,41.4,86.5,13931.0,1.8,15.1,3.0,31.9,0.6,5.6,74.0,46.0,51.6,74296,79263.0,424900.0,2.81,70228,34515,23.2,1014.69,38.0,79.3,2538431.0,24.0,51.5,7678.0,216403,200849,197.9,656580.0,1968762.0,13884,5186,6840,4258,8826,1078,11829,Yolo
York County,ME,21.2,18.4,4.6,32.5,93.2,17922.0,0.4,1.4,1.0,1.8,0.0,1.7,95.4,93.9,73.9,85314,112080.0,252300.0,2.36,67830,36093,3.2,990.71,6.6,87.5,2762312.0,27.9,51.2,16896.0,211972,197131,199.0,562413.0,2448708.0,19930,6332,11084,545,18831,2262,16611,York
York County,NE,20.9,23.2,6.3,28.4,93.6,1100.0,0.8,0.8,1.6,5.2,0.1,1.6,95.1,90.6,71.6,5656,6380.0,135200.0,2.25,60298,32975,2.0,572.51,5.3,85.2,359326.0,17.1,51.0,821.0,14125,13665,23.9,32190.0,290248.0,1543,420,744,0,1406,127,1275,York
York County,PA,18.0,22.0,5.7,24.9,89.9,26828.0,0.4,1.5,7.1,8.1,0.1,2.3,88.7,82.6,74.9,172421,185661.0,177100.0,2.53,66457,32623,4.2,904.18,7.7,87.9,11489433.0,27.4,50.6,29354.0,456438,434972,481.1,593286.0,5192354.0,30435,9569,17577,2376,26851,3169,25844,York
York County,SC,14.7,24.0,5.9,33.3,90.8,19113.0,0.8,2.8,19.3,5.9,0.1,2.2,74.8,69.7,72.0,101211,112633.0,201100.0,2.59,65361,34010,5.3,680.6,7.4,84.5,3111140.0,27.8,51.8,17751.0,282090,226073,332.2,336900.0,2845178.0,16984,6059,8860,3095,13317,2063,13984,York
York County,VA,16.6,23.5,5.3,47.1,94.7,3975.0,0.5,6.1,13.8,6.9,0.3,3.9,75.4,70.1,71.3,25103,28522.0,327100.0,2.65,92069,41201,7.9,104.78,11.1,84.0,476138.5,22.9,50.9,9508.0,70045,65464,624.8,269881.0,884399.0,4158,1694,2024,859,3099,701,3150,York
Young County,TX,21.0,23.7,5.9,19.3,83.0,2084.0,1.4,0.8,1.7,19.4,0.1,1.5,94.5,76.9,75.6,7307,8728.0,96800.0,2.43,50635,27423,5.8,914.47,14.0,89.8,252197.0,16.3,50.3,1208.0,17867,18550,20.3,21926.0,215476.0,2635,595,1414,123,2349,289,2054,Young
Yuba County,CA,13.1,27.4,7.8,17.1,82.3,3742.0,2.9,7.3,4.5,29.1,0.6,6.4,78.4,54.0,60.5,26354,29049.0,257100.0,2.84,58054,25583,12.8,631.84,25.3,83.1,107200.0,30.0,49.4,5882.0,81575,72155,114.2,54774.0,390218.0,3432,1357,1687,958,2345,311,2935,Yuba
Yukon-Koyukuk Census Area,AK,15.7,27.9,7.7,13.6,86.0,351.0,68.7,0.6,1.0,3.1,0.2,6.0,23.5,22.2,72.4,1856,4085.0,76500.0,2.69,41413,22718,1.3,145504.79,13.4,87.5,104944.0,8.8,47.2,373.0,5343,5588,0.0,5120.0,32871.0,415,132,199,196,195,50,313,Yukon-Koyukuk
Yuma County,AZ,19.3,25.1,7.1,15.0,73.3,9896.0,2.3,1.5,2.6,64.6,0.3,2.1,91.2,30.1,67.1,73098,94641.0,127900.0,2.79,45243,21758,26.3,5513.99,53.2,82.6,884322.0,20.5,48.5,15382.0,203881,195751,35.5,307540.0,1995974.0,10846,4298,4529,5749,4476,839,9265,Yuma
Yuma County,CO,18.7,27.4,7.5,21.8,88.6,1020.0,1.0,0.5,0.6,25.1,0.2,1.1,96.5,72.9,66.9,4028,4565.0,191800.0,2.45,52022,27955,12.1,2364.41,18.6,84.9,164774.0,15.4,49.9,525.0,9988,10043,4.2,8501.0,125565.0,1492,391,797,45,1350,66,1278,Yuma
Zapata County,TX,13.2,33.1,8.6,11.6,61.9,1452.0,0.5,0.2,0.6,94.7,0.0,0.4,98.4,4.6,74.8,4503,6544.0,77800.0,3.17,33952,20169,24.5,998.41,89.3,87.5,575658.0,21.4,50.3,408.0,13889,14018,14.0,33330.5,75681.0,1964,818,1003,1680,235,181,1738,Zapata
Zavala County,TX,14.6,28.4,7.2,10.9,66.9,837.0,1.1,0.3,1.3,94.0,0.2,0.7,96.5,4.9,72.0,3571,4415.0,50000.0,3.33,34459,13835,7.1,1297.41,72.2,89.3,575658.0,15.9,49.1,383.0,9670,11677,9.0,8808.0,45596.0,1232,486,674,1062,159,42,1178,Zavala
Ziebach County,SD,9.6,27.5,5.5,16.4,84.1,87.0,71.1,0.3,0.5,4.0,0.0,3.6,24.5,23.8,57.2,754,1004.0,57700.0,3.7,37400,16555,0.7,1961.27,22.6,97.2,109693.0,23.0,50.2,79.0,2413,2801,1.4,4783.0,15757.0,78,0,42,29,36,0,54,Ziebach
