county_name,state_name,state_abbr,fips,votes_tot,votes_trump,votes_harris,votes_stein,pct_trump,pct_harris,pct_stein,winner_2024,winner_2020,winner_2016,margin_votes,margin_pct,competitiveness_score
Autauga County,Alabama,AL,01001,28230,20447,7429,48,72.43,26.32,0.16999999999999998,Trump,Trump,Trump,13018,46.11,53.89
Baldwin County,Alabama,AL,01003,121413,95144,24763,169,78.36,20.4,0.13999999999999999,Trump,Trump,Trump,70381,57.96,42.04
Barbour County,Alabama,AL,01005,9789,5578,4120,13,56.98,42.089999999999996,0.13,Trump,Trump,Trump,1458,14.89,85.11
Bibb County,Alabama,AL,01007,9246,7563,1617,4,81.8,17.49,0.04,Trump,Trump,Trump,5946,64.31,35.69
Blount County,Alabama,AL,01009,28072,25271,2569,39,90.02,9.15,0.13999999999999999,Trump,Trump,Trump,22702,80.87,19.13
Bullock County,Alabama,AL,01011,4109,1099,2983,1,26.75,72.6,0.02,Harris,Biden,Clinton,1884,45.85,54.15
Butler County,Alabama,AL,01013,8472,5167,3248,5,60.99,38.34,0.06,Trump,Trump,Trump,1919,22.65,77.35
Calhoun County,Alabama,AL,01015,48558,34841,13170,84,71.75,27.12,0.16999999999999998,Trump,Trump,Trump,21671,44.63,55.37
Chambers County,Alabama,AL,01017,14234,8704,5402,14,61.150000000000006,37.95,0.1,Trump,Trump,Trump,3302,23.2,76.8
Cherokee County,Alabama,AL,01019,12987,11342,1550,14,87.33,11.940000000000001,0.11,Trump,Trump,Trump,9792,75.39,24.61
Chilton County,Alabama,AL,01021,19743,16901,2697,16,85.61,13.66,0.08,Trump,Trump,Trump,14204,71.95,28.05
Choctaw County,Alabama,AL,01023,6643,4094,2511,2,61.629999999999995,37.8,0.03,Trump,Trump,Trump,1583,23.83,76.17
Clarke County,Alabama,AL,01025,11939,6956,4917,7,58.26,41.18,0.06,Trump,Trump,Trump,2039,17.08,82.92
Clay County,Alabama,AL,01027,6719,5693,986,4,84.73,14.67,0.06,Trump,Trump,Trump,4707,70.06,29.94
Cleburne County,Alabama,AL,01029,7647,6984,605,3,91.33,7.91,0.04,Trump,Trump,Trump,6379,83.42,16.58
Coffee County,Alabama,AL,01031,22263,17457,4585,28,78.41,20.59,0.13,Trump,Trump,Trump,12872,57.82,42.18
Colbert County,Alabama,AL,01033,27014,19614,7092,37,72.61,26.25,0.13999999999999999,Trump,Trump,Trump,12522,46.36,53.64
Conecuh County,Alabama,AL,01035,6051,3423,2580,6,56.57,42.64,0.1,Trump,Trump,Trump,843,13.93,86.07
Coosa County,Alabama,AL,01037,5257,3750,1475,1,71.33,28.060000000000002,0.02,Trump,Trump,Trump,2275,43.27,56.73
Covington County,Alabama,AL,01039,17077,14664,2309,13,85.87,13.52,0.08,Trump,Trump,Trump,12355,72.35,27.65
Crenshaw County,Alabama,AL,01041,6475,4993,1453,5,77.11,22.439999999999998,0.08,Trump,Trump,Trump,3540,54.67,45.33
Cullman County,Alabama,AL,01043,43104,38669,4033,24,89.71000000000001,9.36,0.06,Trump,Trump,Trump,34636,80.35,19.65
Dale County,Alabama,AL,01045,19130,14473,4478,30,75.66000000000001,23.41,0.16,Trump,Trump,Trump,9995,52.25,47.75
Dallas County,Alabama,AL,01047,15542,5188,10233,23,33.379999999999995,65.84,0.15,Harris,Biden,Clinton,5045,32.46,67.54
DeKalb County,Alabama,AL,01049,29657,25631,3757,32,86.42,12.67,0.11,Trump,Trump,Trump,21874,73.75,26.25
Elmore County,Alabama,AL,01051,41576,31336,9764,46,75.37,23.48,0.11,Trump,Trump,Trump,21572,51.89,48.11
Escambia County,Alabama,AL,01053,14929,10866,3956,9,72.78,26.5,0.06,Trump,Trump,Trump,6910,46.28,53.72
Etowah County,Alabama,AL,01055,45894,35470,9969,70,77.29,21.72,0.15,Trump,Trump,Trump,25501,55.57,44.43
Fayette County,Alabama,AL,01057,8364,7154,1141,13,85.53,13.639999999999999,0.16,Trump,Trump,Trump,6013,71.89,28.11
Franklin County,Alabama,AL,01059,12082,10404,1566,12,86.11,12.959999999999999,0.1,Trump,Trump,Trump,8838,73.15,26.85
Geneva County,Alabama,AL,01061,12394,10924,1389,7,88.14,11.21,0.06,Trump,Trump,Trump,9535,76.93,23.07
Greene County,Alabama,AL,01063,4037,885,3131,2,21.92,77.56,0.05,Harris,Biden,Clinton,2246,55.64,44.36
Hale County,Alabama,AL,01065,7292,3363,3861,10,46.12,52.949999999999996,0.13999999999999999,Harris,Biden,Clinton,498,6.83,93.17
Henry County,Alabama,AL,01067,9310,6983,2259,7,75.01,24.26,0.08,Trump,Trump,Trump,4724,50.75,49.25
Houston County,Alabama,AL,01069,44037,32255,11258,66,73.25,25.56,0.15,Trump,Trump,Trump,20997,47.69,52.31
Jackson County,Alabama,AL,01071,23554,20073,3274,18,85.22,13.900000000000002,0.08,Trump,Trump,Trump,16799,71.32,28.68
Jefferson County,Alabama,AL,01073,298280,130991,161828,992,43.919999999999995,54.25,0.33,Harris,Biden,Clinton,30837,10.33,89.67
Lamar County,Alabama,AL,01075,6884,6028,805,7,87.57000000000001,11.690000000000001,0.1,Trump,Trump,Trump,5223,75.88,24.12
Lauderdale County,Alabama,AL,01077,43515,32615,10299,65,74.95,23.669999999999998,0.15,Trump,Trump,Trump,22316,51.28,48.72
Lawrence County,Alabama,AL,01079,16050,12961,2975,12,80.75,18.54,0.06999999999999999,Trump,Trump,Trump,9986,62.21,37.79
Lee County,Alabama,AL,01081,72862,45883,25672,157,62.970000000000006,35.23,0.22,Trump,Trump,Trump,20211,27.74,72.26
Limestone County,Alabama,AL,01083,52836,37524,14452,110,71.02000000000001,27.35,0.21,Trump,Trump,Trump,23072,43.67,56.33
Lowndes County,Alabama,AL,01085,5650,1755,3865,6,31.06,68.41000000000001,0.11,Harris,Biden,Clinton,2110,37.35,62.65
Macon County,Alabama,AL,01087,7818,1681,6069,14,21.5,77.63,0.18,Harris,Biden,Clinton,4388,56.13,43.87
Madison County,Alabama,AL,01089,197007,105149,87509,674,53.37,44.42,0.33999999999999997,Trump,Trump,Trump,17640,8.95,91.05
Marengo County,Alabama,AL,01091,9667,4990,4621,6,51.62,47.8,0.06,Trump,Biden,Clinton,369,3.82,96.18
Marion County,Alabama,AL,01093,13535,12238,1196,9,90.42,8.84,0.06999999999999999,Trump,Trump,Trump,11042,81.58,18.42
Marshall County,Alabama,AL,01095,40285,34350,5535,37,85.27,13.74,0.09,Trump,Trump,Trump,28815,71.53,28.47
Mobile County,Alabama,AL,01097,173591,99981,71279,361,57.599999999999994,41.06,0.21,Trump,Trump,Trump,28702,16.54,83.46
Monroe County,Alabama,AL,01099,9801,5997,3736,9,61.19,38.12,0.09,Trump,Trump,Trump,2261,23.07,76.93
Montgomery County,Alabama,AL,01101,89510,30404,57734,213,33.97,64.5,0.24,Harris,Biden,Clinton,27330,30.53,69.47
Morgan County,Alabama,AL,01103,53355,40310,12343,67,75.55,23.13,0.13,Trump,Trump,Trump,27967,52.42,47.58
Perry County,Alabama,AL,01105,4460,1268,3170,1,28.43,71.08,0.02,Harris,Biden,Clinton,1902,42.65,57.35
Pickens County,Alabama,AL,01107,8899,5455,3385,7,61.3,38.04,0.08,Trump,Trump,Trump,2070,23.26,76.74
Pike County,Alabama,AL,01109,13206,8213,4882,18,62.19,36.97,0.13999999999999999,Trump,Trump,Trump,3331,25.22,74.78
Randolph County,Alabama,AL,01111,11086,9098,1919,11,82.07,17.31,0.1,Trump,Trump,Trump,7179,64.76,35.24
Russell County,Alabama,AL,01113,20642,10047,10379,40,48.67,50.28,0.19,Harris,Biden,Clinton,332,1.61,98.39
St. Clair County,Alabama,AL,01115,42726,34873,7483,46,81.62,17.51,0.11,Trump,Trump,Trump,27390,64.11,35.89
Shelby County,Alabama,AL,01117,114412,79522,32947,315,69.5,28.799999999999997,0.27999999999999997,Trump,Trump,Trump,46575,40.7,59.3
Sumter County,Alabama,AL,01119,5304,1542,3722,3,29.07,70.17,0.06,Harris,Biden,Clinton,2180,41.1,58.9
Talladega County,Alabama,AL,01121,33200,22070,10878,32,66.47999999999999,32.769999999999996,0.1,Trump,Trump,Trump,11192,33.71,66.29
Tallapoosa County,Alabama,AL,01123,20019,14881,4974,17,74.33,24.85,0.08,Trump,Trump,Trump,9907,49.48,50.52
Tuscaloosa County,Alabama,AL,01125,85071,50617,33322,155,59.5,39.17,0.18,Trump,Trump,Trump,17295,20.33,79.67
Walker County,Alabama,AL,01127,29704,25393,4092,19,85.49,13.780000000000001,0.06,Trump,Trump,Trump,21301,71.71,28.29
Washington County,Alabama,AL,01129,8429,6526,1859,4,77.42,22.05,0.05,Trump,Trump,Trump,4667,55.37,44.63
Wilcox County,Alabama,AL,01131,5262,1793,3449,0,34.07,65.55,0.0,Harris,Biden,Clinton,1656,31.48,68.52
Winston County,Alabama,AL,01133,11146,10190,882,8,91.42,7.91,0.06999999999999999,Trump,Trump,Trump,9308,83.51,16.49
Apache County,Arizona,AZ,04001,32019,12795,18872,160,39.96,58.940000000000005,0.5,Harris,Biden,Clinton,6077,18.98,81.02
Cochise County,Arizona,AZ,04003,58923,35936,22296,311,60.99,37.84,0.53,Trump,Trump,Trump,13640,23.15,76.85
Coconino County,Arizona,AZ,04005,70067,27576,41504,479,39.36,59.230000000000004,0.6799999999999999,Harris,Biden,Clinton,13928,19.87,80.13
Gila County,Arizona,AZ,04007,27648,18901,8504,105,68.36,30.759999999999998,0.38,Trump,Trump,Trump,10397,37.6,62.4
Graham County,Arizona,AZ,04009,15183,11177,3867,52,73.61999999999999,25.47,0.33999999999999997,Trump,Trump,Trump,7310,48.15,51.85
Greenlee County,Arizona,AZ,04011,3308,2308,954,19,69.77,28.84,0.5700000000000001,Trump,Trump,Trump,1354,40.93,59.07
La Paz County,Arizona,AZ,04012,7624,5470,2101,25,71.75,27.560000000000002,0.33,Trump,Trump,Trump,3369,44.19,55.81
Maricopa County,Arizona,AZ,04013,2053945,1051531,980016,11661,51.2,47.71,0.5700000000000001,Trump,Biden,Trump,71515,3.49,96.51
Mohave County,Arizona,AZ,04015,110450,85683,24081,285,77.58,21.8,0.26,Trump,Trump,Trump,61602,55.78,44.22
Navajo County,Arizona,AZ,04017,50706,29480,20754,197,58.14,40.93,0.38999999999999996,Trump,Trump,Trump,8726,17.21,82.79
Pima County,Arizona,AZ,04019,513176,214669,292450,3209,41.83,56.989999999999995,0.63,Harris,Biden,Clinton,77781,15.16,84.84
Pinal County,Arizona,AZ,04021,209552,126926,80656,886,60.57,38.49,0.42,Trump,Trump,Trump,46270,22.08,77.92
Santa Cruz County,Arizona,AZ,04023,19121,7699,11265,76,40.26,58.91,0.4,Harris,Biden,Clinton,3566,18.65,81.35
Yavapai County,Arizona,AZ,04025,149402,99346,48717,555,66.5,32.61,0.37,Trump,Trump,Trump,50629,33.89,66.11
Yuma County,Arizona,AZ,04027,68195,40745,26823,299,59.75,39.33,0.44,Trump,Trump,Trump,13922,20.42,79.58
Arkansas County,Arkansas,AR,05001,5547,3951,1503,22,71.23,27.1,0.4,Trump,Trump,Trump,2448,44.13,55.87
Ashley County,Arkansas,AR,05003,7030,5145,1774,15,73.19,25.230000000000004,0.21,Trump,Trump,Trump,3371,47.96,52.04
Baxter County,Arkansas,AR,05005,20954,16253,4341,46,77.57,20.72,0.22,Trump,Trump,Trump,11912,56.85,43.15
Benton County,Arkansas,AR,05007,128595,79907,45231,568,62.13999999999999,35.17,0.44,Trump,Trump,Trump,34676,26.97,73.03
Boone County,Arkansas,AR,05009,17112,13968,2854,37,81.63,16.68,0.22,Trump,Trump,Trump,11114,64.95,35.05
Bradley County,Arkansas,AR,05011,3209,2213,961,2,68.96,29.95,0.06,Trump,Trump,Trump,1252,39.01,60.99
Calhoun County,Arkansas,AR,05013,2092,1674,379,6,80.02,18.12,0.29,Trump,Trump,Trump,1295,61.9,38.1
Carroll County,Arkansas,AR,05015,11538,7470,3812,46,64.74,33.040000000000006,0.4,Trump,Trump,Trump,3658,31.7,68.3
Chicot County,Arkansas,AR,05017,3490,1658,1796,9,47.510000000000005,51.459999999999994,0.26,Harris,Biden,Clinton,138,3.95,96.05
Clark County,Arkansas,AR,05019,7657,4526,2959,23,59.11,38.64,0.3,Trump,Trump,Trump,1567,20.47,79.53
Clay County,Arkansas,AR,05021,4967,3968,907,15,79.89,18.26,0.3,Trump,Trump,Trump,3061,61.63,38.37
Cleburne County,Arkansas,AR,05023,12739,10595,1941,17,83.17,15.24,0.13,Trump,Trump,Trump,8654,67.93,32.07
Cleveland County,Arkansas,AR,05025,3374,2804,524,6,83.11,15.53,0.18,Trump,Trump,Trump,2280,67.58,32.42
Columbia County,Arkansas,AR,05027,7940,5367,2466,14,67.58999999999999,31.06,0.18,Trump,Trump,Trump,2901,36.53,63.47
Conway County,Arkansas,AR,05029,8541,5893,2449,27,69.0,28.67,0.32,Trump,Trump,Trump,3444,40.33,59.67
Craighead County,Arkansas,AR,05031,37242,25152,11210,138,67.54,30.099999999999998,0.37,Trump,Trump,Trump,13942,37.44,62.56
Crawford County,Arkansas,AR,05033,23834,18615,4753,66,78.10000000000001,19.939999999999998,0.27999999999999997,Trump,Trump,Trump,13862,58.16,41.84
Crittenden County,Arkansas,AR,05035,14681,7028,7362,40,47.870000000000005,50.14999999999999,0.27,Harris,Biden,Clinton,334,2.28,97.72
Cross County,Arkansas,AR,05037,6534,4753,1642,7,72.74000000000001,25.130000000000003,0.11,Trump,Trump,Trump,3111,47.61,52.39
Dallas County,Arkansas,AR,05039,2324,1482,798,5,63.77,34.339999999999996,0.22,Trump,Trump,Trump,684,29.43,70.57
Desha County,Arkansas,AR,05041,3505,1805,1638,5,51.5,46.73,0.13999999999999999,Trump,Biden,Clinton,167,4.77,95.23
Drew County,Arkansas,AR,05043,6365,4203,2050,18,66.03,32.21,0.27999999999999997,Trump,Trump,Trump,2153,33.82,66.18
Faulkner County,Arkansas,AR,05045,54465,35357,17752,194,64.92,32.59,0.36,Trump,Trump,Trump,17605,32.33,67.67
Franklin County,Arkansas,AR,05047,6971,5582,1232,10,80.07,17.669999999999998,0.13999999999999999,Trump,Trump,Trump,4350,62.4,37.6
Fulton County,Arkansas,AR,05049,5043,4040,906,9,80.11,17.97,0.18,Trump,Trump,Trump,3134,62.14,37.86
Garland County,Arkansas,AR,05051,42327,28359,13015,121,67.0,30.75,0.29,Trump,Trump,Trump,15344,36.25,63.75
Grant County,Arkansas,AR,05053,8078,6755,1192,19,83.62,14.760000000000002,0.24,Trump,Trump,Trump,5563,68.86,31.14
Greene County,Arkansas,AR,05055,15820,12617,2935,26,79.75,18.55,0.16,Trump,Trump,Trump,9682,61.2,38.8
Hempstead County,Arkansas,AR,05057,6089,4193,1776,19,68.86,29.17,0.31,Trump,Trump,Trump,2417,39.69,60.31
Hot Spring County,Arkansas,AR,05059,12283,9226,2818,34,75.11,22.939999999999998,0.27999999999999997,Trump,Trump,Trump,6408,52.17,47.83
Howard County,Arkansas,AR,05061,4473,3246,1158,5,72.57000000000001,25.89,0.11,Trump,Trump,Trump,2088,46.68,53.32
Independence County,Arkansas,AR,05063,14011,11023,2689,34,78.67,19.189999999999998,0.24,Trump,Trump,Trump,8334,59.48,40.52
Izard County,Arkansas,AR,05065,5925,4854,949,15,81.92,16.02,0.25,Trump,Trump,Trump,3905,65.9,34.1
Jackson County,Arkansas,AR,05067,4775,3509,1183,8,73.49,24.77,0.16999999999999998,Trump,Trump,Trump,2326,48.72,51.28
Jefferson County,Arkansas,AR,05069,21608,8468,12802,35,39.190000000000005,59.25,0.16,Harris,Biden,Clinton,4334,20.06,79.94
Johnson County,Arkansas,AR,05071,9059,6766,2107,24,74.69,23.26,0.26,Trump,Trump,Trump,4659,51.43,48.57
Lafayette County,Arkansas,AR,05073,2325,1589,698,4,68.34,30.020000000000003,0.16999999999999998,Trump,Trump,Trump,891,38.32,61.68
Lawrence County,Arkansas,AR,05075,5692,4608,965,11,80.96,16.950000000000003,0.19,Trump,Trump,Trump,3643,64.01,35.99
Lee County,Arkansas,AR,05077,2520,1181,1270,7,46.87,50.4,0.27999999999999997,Harris,Biden,Clinton,89,3.53,96.47
Lincoln County,Arkansas,AR,05079,3372,2502,813,11,74.2,24.11,0.33,Trump,Trump,Trump,1689,50.09,49.91
Little River County,Arkansas,AR,05081,4899,3744,1084,9,76.42,22.13,0.18,Trump,Trump,Trump,2660,54.29,45.71
Logan County,Arkansas,AR,05083,8205,6567,1464,21,80.04,17.84,0.26,Trump,Trump,Trump,5103,62.2,37.8
Lonoke County,Arkansas,AR,05085,30620,23225,6790,86,75.85,22.18,0.27999999999999997,Trump,Trump,Trump,16435,53.67,46.33
Madison County,Arkansas,AR,05087,7501,5885,1491,24,78.46,19.88,0.32,Trump,Trump,Trump,4394,58.58,41.42
Marion County,Arkansas,AR,05089,7851,6230,1501,14,79.35,19.12,0.18,Trump,Trump,Trump,4729,60.23,39.77
Miller County,Arkansas,AR,05091,15803,11842,3769,30,74.94,23.849999999999998,0.19,Trump,Trump,Trump,8073,51.09,48.91
Mississippi County,Arkansas,AR,05093,10717,6963,3574,11,64.97,33.35,0.1,Trump,Trump,Trump,3389,31.62,68.38
Monroe County,Arkansas,AR,05095,2433,1385,1002,3,56.93,41.18,0.12,Trump,Trump,Trump,383,15.75,84.25
Montgomery County,Arkansas,AR,05097,3707,2987,645,17,80.58,17.4,0.45999999999999996,Trump,Trump,Trump,2342,63.18,36.82
Nevada County,Arkansas,AR,05099,2907,2002,849,7,68.87,29.21,0.24,Trump,Trump,Trump,1153,39.66,60.34
Newton County,Arkansas,AR,05101,3770,3063,644,20,81.25,17.080000000000002,0.53,Trump,Trump,Trump,2419,64.17,35.83
Ouachita County,Arkansas,AR,05103,8626,5056,3412,26,58.60999999999999,39.550000000000004,0.3,Trump,Trump,Trump,1644,19.06,80.94
Perry County,Arkansas,AR,05105,4584,3559,923,18,77.64,20.14,0.38999999999999996,Trump,Trump,Trump,2636,57.5,42.5
Phillips County,Arkansas,AR,05107,4938,2098,2754,8,42.49,55.769999999999996,0.16,Harris,Biden,Clinton,656,13.28,86.72
Pike County,Arkansas,AR,05109,4358,3746,560,9,85.96000000000001,12.85,0.21,Trump,Trump,Trump,3186,73.11,26.89
Poinsett County,Arkansas,AR,05111,7079,5731,1235,11,80.96,17.45,0.16,Trump,Trump,Trump,4496,63.51,36.49
Polk County,Arkansas,AR,05113,8288,6987,1145,18,84.3,13.819999999999999,0.22,Trump,Trump,Trump,5842,70.48,29.52
Pope County,Arkansas,AR,05115,24191,18118,5487,80,74.9,22.68,0.33,Trump,Trump,Trump,12631,52.22,47.78
Prairie County,Arkansas,AR,05117,3200,2628,524,8,82.13000000000001,16.38,0.25,Trump,Trump,Trump,2104,65.75,34.25
Pulaski County,Arkansas,AR,05119,153924,57977,92038,867,37.669999999999995,59.79,0.5599999999999999,Harris,Biden,Clinton,34061,22.12,77.88
Randolph County,Arkansas,AR,05121,6636,5367,1138,13,80.88,17.150000000000002,0.2,Trump,Trump,Trump,4229,63.73,36.27
St. Francis County,Arkansas,AR,05123,5979,2909,2953,9,48.65,49.39,0.15,Harris,Biden,Clinton,44,0.74,99.26
Saline County,Arkansas,AR,05125,57609,39736,16609,146,68.97999999999999,28.83,0.25,Trump,Trump,Trump,23127,40.15,59.85
Scott County,Arkansas,AR,05127,3384,2913,425,2,86.08,12.559999999999999,0.06,Trump,Trump,Trump,2488,73.52,26.48
Searcy County,Arkansas,AR,05129,3869,3305,511,7,85.42,13.209999999999999,0.18,Trump,Trump,Trump,2794,72.21,27.79
Sebastian County,Arkansas,AR,05131,45452,30719,13652,189,67.58999999999999,30.04,0.42,Trump,Trump,Trump,17067,37.55,62.45
Sevier County,Arkansas,AR,05133,4714,3772,862,10,80.02,18.29,0.21,Trump,Trump,Trump,2910,61.73,38.27
Sharp County,Arkansas,AR,05135,7437,5978,1316,18,80.38,17.7,0.24,Trump,Trump,Trump,4662,62.68,37.32
Stone County,Arkansas,AR,05137,6030,4808,1089,19,79.73,18.060000000000002,0.32,Trump,Trump,Trump,3719,61.67,38.33
Union County,Arkansas,AR,05139,15448,10196,5019,29,66.0,32.49,0.19,Trump,Trump,Trump,5177,33.51,66.49
Van Buren County,Arkansas,AR,05141,7621,6023,1437,19,79.03,18.86,0.25,Trump,Trump,Trump,4586,60.17,39.83
Washington County,Arkansas,AR,05143,97158,50243,43779,719,51.71,45.06,0.74,Trump,Trump,Trump,6464,6.65,93.35
White County,Arkansas,AR,05145,30837,24514,5641,71,79.5,18.29,0.22999999999999998,Trump,Trump,Trump,18873,61.21,38.79
Woodruff County,Arkansas,AR,05147,2318,1513,760,2,65.27,32.79,0.09,Trump,Trump,Trump,753,32.48,67.52
Yell County,Arkansas,AR,05149,6477,5147,1213,17,79.47,18.73,0.26,Trump,Trump,Trump,3934,60.74,39.26
Alameda County,California,CA,06001,669907,140789,499551,13916,21.02,74.57000000000001,2.08,Harris,Biden,Clinton,358762,53.55,46.45
Alpine County,California,CA,06003,738,243,479,5,32.93,64.91,0.6799999999999999,Harris,Biden,Clinton,236,31.98,68.02
Amador County,California,CA,06005,22403,14018,7783,74,62.57,34.74,0.33,Trump,Trump,Trump,6235,27.83,72.17
Butte County,California,CA,06007,94556,47179,44228,692,49.9,46.77,0.73,Trump,Biden,Trump,2951,3.13,96.87
Calaveras County,California,CA,06009,26480,16625,9181,108,62.78,34.67,0.41000000000000003,Trump,Trump,Trump,7444,28.11,71.89
Colusa County,California,CA,06011,7021,4414,2431,21,62.870000000000005,34.62,0.3,Trump,Trump,Trump,1983,28.25,71.75
Contra Costa County,California,CA,06013,528987,155308,356008,6701,29.360000000000003,67.30000000000001,1.27,Harris,Biden,Clinton,200700,37.94,62.06
Del Norte County,California,CA,06015,10565,5999,4266,63,56.779999999999994,40.38,0.6,Trump,Trump,Trump,1733,16.4,83.6
El Dorado County,California,CA,06017,111908,61109,47703,700,54.61,42.63,0.63,Trump,Trump,Trump,13406,11.98,88.02
Fresno County,California,CA,06019,326049,165924,151628,1983,50.89,46.5,0.61,Trump,Biden,Clinton,14296,4.39,95.61
Glenn County,California,CA,06021,10442,6904,3260,33,66.12,31.22,0.32,Trump,Trump,Trump,3644,34.9,65.1
Humboldt County,California,CA,06023,64232,21559,39800,1096,33.56,61.96,1.71,Harris,Biden,Clinton,18241,28.4,71.6
Imperial County,California,CA,06025,54038,26546,26083,239,49.120000000000005,48.27,0.44,Trump,Biden,Clinton,463,0.85,99.15
Inyo County,California,CA,06027,8953,4468,4201,71,49.91,46.92,0.79,Trump,Biden,Trump,267,2.99,97.01
Kern County,California,CA,06029,283284,167879,108241,1344,59.260000000000005,38.21,0.47000000000000003,Trump,Trump,Trump,59638,21.05,78.95
Kings County,California,CA,06031,41508,25074,15519,118,60.41,37.39,0.27999999999999997,Trump,Trump,Trump,9555,23.02,76.98
Lake County,California,CA,06033,26761,13161,12794,177,49.18,47.81,0.66,Trump,Biden,Clinton,367,1.37,98.63
Lassen County,California,CA,06035,11371,8619,2478,23,75.8,21.790000000000003,0.2,Trump,Trump,Trump,6141,54.01,45.99
Los Angeles County,California,CA,06037,3729089,1189862,2417109,41171,31.91,64.82,1.0999999999999999,Harris,Biden,Clinton,1227247,32.91,67.09
Madera County,California,CA,06039,54632,32344,20981,268,59.199999999999996,38.4,0.49,Trump,Trump,Trump,11363,20.8,79.2
Marin County,California,CA,06041,144129,24054,116152,1598,16.689999999999998,80.58999999999999,1.11,Harris,Biden,Clinton,92098,63.9,36.1
Mariposa County,California,CA,06043,9509,5625,3622,60,59.150000000000006,38.09,0.63,Trump,Trump,Trump,2003,21.06,78.94
Mendocino County,California,CA,06045,39219,13528,24049,507,34.489999999999995,61.31999999999999,1.29,Harris,Biden,Clinton,10521,26.83,73.17
Merced County,California,CA,06047,86411,43955,40190,427,50.870000000000005,46.51,0.49,Trump,Biden,Clinton,3765,4.36,95.64
Modoc County,California,CA,06049,4016,2884,1008,14,71.81,25.1,0.35000000000000003,Trump,Trump,Trump,1876,46.71,53.29
Mono County,California,CA,06051,6064,2294,3522,60,37.830000000000005,58.08,0.9900000000000001,Harris,Biden,Clinton,1228,20.25,79.75
Monterey County,California,CA,06053,146754,49226,93060,1214,33.54,63.41,0.83,Harris,Biden,Clinton,43834,29.87,70.13
Napa County,California,CA,06055,65561,20357,43212,477,31.05,65.91,0.73,Harris,Biden,Clinton,22855,34.86,65.14
Nevada County,California,CA,06057,62144,26177,33784,611,42.120000000000005,54.36,0.98,Harris,Biden,Clinton,7607,12.24,87.76
Orange County,California,CA,06059,1391307,654815,691731,16534,47.06,49.72,1.1900000000000002,Harris,Biden,Clinton,36916,2.66,97.34
Placer County,California,CA,06061,234871,123941,103958,1645,52.769999999999996,44.26,0.7000000000000001,Trump,Trump,Trump,19983,8.51,91.49
Plumas County,California,CA,06063,10070,5725,4020,57,56.85,39.92,0.5700000000000001,Trump,Trump,Trump,1705,16.93,83.07
Riverside County,California,CA,06065,940510,463677,451782,7350,49.3,48.04,0.7799999999999999,Trump,Biden,Clinton,11895,1.26,98.74
Sacramento County,California,CA,06067,656747,252140,381564,7669,38.39,58.099999999999994,1.17,Harris,Biden,Clinton,129424,19.71,80.29
San Benito County,California,CA,06069,27652,11702,15179,158,42.32,54.89000000000001,0.5700000000000001,Harris,Biden,Clinton,3477,12.57,87.43
San Bernardino County,California,CA,06071,761846,378416,362114,5711,49.669999999999995,47.53,0.75,Trump,Biden,Clinton,16302,2.14,97.86
San Diego County,California,CA,06073,1478028,593270,841372,14207,40.14,56.93,0.96,Harris,Biden,Clinton,248102,16.79,83.21
San Francisco County,California,CA,06075,402997,62594,323719,6896,15.53,80.33,1.71,Harris,Biden,Clinton,261125,64.8,35.2
San Joaquin County,California,CA,06077,263709,128996,126647,2583,48.92,48.03,0.98,Trump,Biden,Clinton,2349,0.89,99.11
San Luis Obispo County,California,CA,06079,150812,64932,81314,1055,43.05,53.92,0.7000000000000001,Harris,Biden,Clinton,16382,10.87,89.13
San Mateo County,California,CA,06081,330565,76616,242957,4124,23.18,73.5,1.25,Harris,Biden,Clinton,166341,50.32,49.68
Santa Barbara County,California,CA,06083,184781,64870,114149,1427,35.11,61.78,0.77,Harris,Biden,Clinton,49279,26.67,73.33
Santa Clara County,California,CA,06085,750606,210924,510744,12164,28.1,68.04,1.6199999999999999,Harris,Biden,Clinton,299820,39.94,60.06
Santa Cruz County,California,CA,06087,134155,27978,100998,1762,20.849999999999998,75.28,1.31,Harris,Biden,Clinton,73020,54.43,45.57
Shasta County,California,CA,06089,88919,59539,27130,348,66.96,30.509999999999998,0.38999999999999996,Trump,Trump,Trump,32409,36.45,63.55
Sierra County,California,CA,06091,1755,1066,641,5,60.74,36.52,0.27999999999999997,Trump,Trump,Trump,425,24.22,75.78
Siskiyou County,California,CA,06093,21498,12461,8329,138,57.96,38.74,0.64,Trump,Trump,Trump,4132,19.22,80.78
Solano County,California,CA,06095,189883,70345,113997,1478,37.05,60.040000000000006,0.7799999999999999,Harris,Biden,Clinton,43652,22.99,77.01
Sonoma County,California,CA,06097,251465,63426,179600,2354,25.22,71.41999999999999,0.9400000000000001,Harris,Biden,Clinton,116174,46.2,53.8
Stanislaus County,California,CA,06099,197525,106986,85347,984,54.16,43.21,0.5,Trump,Biden,Clinton,21639,10.95,89.05
Sutter County,California,CA,06101,39339,25372,13016,199,64.5,33.09,0.51,Trump,Trump,Trump,12356,31.41,68.59
Tehama County,California,CA,06103,26536,18503,7415,77,69.73,27.939999999999998,0.29,Trump,Trump,Trump,11088,41.79,58.21
Trinity County,California,CA,06105,5646,2979,2449,64,52.76,43.38,1.13,Trump,Trump,Trump,530,9.38,90.62
Tulare County,California,CA,06107,138309,81854,53221,589,59.18,38.48,0.43,Trump,Trump,Trump,28633,20.7,79.3
Tuolumne County,California,CA,06109,28816,17210,10909,115,59.72,37.86,0.4,Trump,Trump,Trump,6301,21.86,78.14
Ventura County,California,CA,06111,387704,158901,217424,3025,40.99,56.08,0.7799999999999999,Harris,Biden,Clinton,58523,15.09,84.91
Yolo County,California,CA,06113,92621,27844,61405,1176,30.06,66.3,1.27,Harris,Biden,Clinton,33561,36.24,63.76
Yuba County,California,CA,06115,30072,18491,10725,149,61.49,35.66,0.5,Trump,Trump,Trump,7766,25.83,74.17
Adams County,Colorado,CO,08001,233336,103024,124056,1132,44.15,53.169999999999995,0.49,Harris,Biden,Clinton,21032,9.02,90.98
Alamosa County,Colorado,CO,08003,7519,4057,3244,29,53.959999999999994,43.14,0.38999999999999996,Trump,Trump,Clinton,813,10.82,89.18
Arapahoe County,Colorado,CO,08005,325451,125311,190725,2545,38.5,58.599999999999994,0.7799999999999999,Harris,Biden,Clinton,65414,20.1,79.9
Archuleta County,Colorado,CO,08007,9355,5218,3904,34,55.779999999999994,41.730000000000004,0.36,Trump,Trump,Trump,1314,14.05,85.95
Baca County,Colorado,CO,08009,2004,1686,275,7,84.13000000000001,13.719999999999999,0.35000000000000003,Trump,Trump,Trump,1411,70.41,29.59
Bent County,Colorado,CO,08011,2189,1496,645,5,68.34,29.470000000000002,0.22999999999999998,Trump,Trump,Trump,851,38.87,61.13
Boulder County,Colorado,CO,08013,196150,40758,150149,1499,20.78,76.55,0.76,Harris,Biden,Clinton,109391,55.77,44.23
Broomfield County,Colorado,CO,08014,46817,16071,29426,306,34.33,62.849999999999994,0.65,Harris,Biden,Clinton,13355,28.52,71.48
Chaffee County,Colorado,CO,08015,14416,6034,7992,64,41.86,55.44,0.44,Harris,Biden,Trump,1958,13.58,86.42
Cheyenne County,Colorado,CO,08017,1055,930,108,2,88.14999999999999,10.24,0.19,Trump,Trump,Trump,822,77.91,22.09
Clear Creek County,Colorado,CO,08019,6101,2452,3464,30,40.19,56.779999999999994,0.49,Harris,Biden,Clinton,1012,16.59,83.41
Conejos County,Colorado,CO,08021,4104,2358,1627,8,57.46,39.64,0.19,Trump,Trump,Trump,731,17.82,82.18
Costilla County,Colorado,CO,08023,2080,850,1155,8,40.87,55.53,0.38,Harris,Biden,Clinton,305,14.66,85.34
Crowley County,Colorado,CO,08025,1706,1231,422,8,72.16,24.740000000000002,0.47000000000000003,Trump,Trump,Trump,809,47.42,52.58
Custer County,Colorado,CO,08027,3867,2583,1188,9,66.8,30.72,0.22999999999999998,Trump,Trump,Trump,1395,36.08,63.92
Delta County,Colorado,CO,08029,19476,12948,6030,80,66.47999999999999,30.959999999999997,0.41000000000000003,Trump,Trump,Trump,6918,35.52,64.48
Denver County,Colorado,CO,08031,363076,74765,278634,3092,20.59,76.74,0.8500000000000001,Harris,Biden,Clinton,203869,56.15,43.85
Dolores County,Colorado,CO,08033,1419,1076,325,2,75.83,22.900000000000002,0.13999999999999999,Trump,Trump,Trump,751,52.93,47.07
Douglas County,Colorado,CO,08035,243758,127451,110408,952,52.290000000000006,45.29,0.38999999999999996,Trump,Trump,Trump,17043,7.0,93.0
Eagle County,Colorado,CO,08037,27798,10148,16943,119,36.51,60.95,0.43,Harris,Biden,Clinton,6795,24.44,75.56
Elbert County,Colorado,CO,08039,20417,15209,4768,40,74.49,23.35,0.2,Trump,Trump,Trump,10441,51.14,48.86
El Paso County,Colorado,CO,08041,380813,203933,166597,1756,53.55,43.75,0.45999999999999996,Trump,Trump,Trump,37336,9.8,90.2
Fremont County,Colorado,CO,08043,25467,17313,7526,71,67.97999999999999,29.549999999999997,0.27999999999999997,Trump,Trump,Trump,9787,38.43,61.57
Garfield County,Colorado,CO,08045,30372,14493,15128,134,47.72,49.81,0.44,Harris,Biden,Trump,635,2.09,97.91
Gilpin County,Colorado,CO,08047,4129,1729,2254,37,41.870000000000005,54.59,0.8999999999999999,Harris,Biden,Clinton,525,12.72,87.28
Grand County,Colorado,CO,08049,9883,4822,4743,53,48.79,47.99,0.54,Trump,Trump,Trump,79,0.8,99.2
Gunnison County,Colorado,CO,08051,10939,3689,6887,58,33.72,62.96000000000001,0.53,Harris,Biden,Clinton,3198,29.24,70.76
Hinsdale County,Colorado,CO,08053,606,332,257,1,54.790000000000006,42.41,0.16999999999999998,Trump,Trump,Trump,75,12.38,87.62
Huerfano County,Colorado,CO,08055,4438,2346,1965,15,52.86,44.28,0.33999999999999997,Trump,Trump,Trump,381,8.58,91.42
Jackson County,Colorado,CO,08057,834,634,173,2,76.02,20.74,0.24,Trump,Trump,Trump,461,55.28,44.72
Jefferson County,Colorado,CO,08059,361504,140505,210875,1949,38.87,58.330000000000005,0.54,Harris,Biden,Clinton,70370,19.46,80.54
Kiowa County,Colorado,CO,08061,863,744,102,2,86.21,11.82,0.22999999999999998,Trump,Trump,Trump,642,74.39,25.61
Kit Carson County,Colorado,CO,08063,3698,3083,556,2,83.37,15.040000000000001,0.05,Trump,Trump,Trump,2527,68.33,31.67
Lake County,Colorado,CO,08065,3911,1557,2199,39,39.81,56.230000000000004,1.0,Harris,Biden,Clinton,642,16.42,83.58
La Plata County,Colorado,CO,08067,35681,14024,20677,205,39.300000000000004,57.95,0.5700000000000001,Harris,Biden,Clinton,6653,18.65,81.35
Larimer County,Colorado,CO,08069,225482,89680,129376,1187,39.77,57.379999999999995,0.53,Harris,Biden,Clinton,39696,17.61,82.39
Las Animas County,Colorado,CO,08071,7792,4328,3276,35,55.54,42.04,0.44999999999999996,Trump,Trump,Trump,1052,13.5,86.5
Lincoln County,Colorado,CO,08073,2571,2090,432,2,81.28999999999999,16.8,0.08,Trump,Trump,Trump,1658,64.49,35.51
Logan County,Colorado,CO,08075,10162,7855,2098,14,77.3,20.65,0.13999999999999999,Trump,Trump,Trump,5757,56.65,43.35
Mesa County,Colorado,CO,08077,91600,55839,33573,280,60.96,36.65,0.31,Trump,Trump,Trump,22266,24.31,75.69
Mineral County,Colorado,CO,08079,753,417,317,2,55.379999999999995,42.1,0.27,Trump,Trump,Trump,100,13.28,86.72
Moffat County,Colorado,CO,08081,6671,5358,1167,17,80.32000000000001,17.49,0.25,Trump,Trump,Trump,4191,62.83,37.17
Montezuma County,Colorado,CO,08083,15136,8972,5793,80,59.28,38.269999999999996,0.53,Trump,Trump,Trump,3179,21.01,78.99
Montrose County,Colorado,CO,08085,25617,16704,8354,69,65.21000000000001,32.61,0.27,Trump,Trump,Trump,8350,32.6,67.4
Morgan County,Colorado,CO,08087,13458,9830,3291,37,73.04,24.45,0.27,Trump,Trump,Trump,6539,48.59,51.41
Otero County,Colorado,CO,08089,8925,5520,3164,20,61.85000000000001,35.449999999999996,0.22,Trump,Trump,Trump,2356,26.4,73.6
Ouray County,Colorado,CO,08091,4098,1573,2442,16,38.379999999999995,59.589999999999996,0.38999999999999996,Harris,Biden,Clinton,869,21.21,78.79
Park County,Colorado,CO,08093,12044,6828,4841,51,56.69,40.19,0.42,Trump,Trump,Trump,1987,16.5,83.5
Phillips County,Colorado,CO,08095,2354,1888,412,0,80.2,17.5,0.0,Trump,Trump,Trump,1476,62.7,37.3
Pitkin County,Colorado,CO,08097,11167,2992,7932,53,26.790000000000003,71.03,0.47000000000000003,Harris,Biden,Clinton,4940,44.24,55.76
Prowers County,Colorado,CO,08099,5144,3833,1227,8,74.51,23.849999999999998,0.16,Trump,Trump,Trump,2606,50.66,49.34
Pueblo County,Colorado,CO,08101,85107,43688,39328,313,51.33,46.21,0.37,Trump,Biden,Trump,4360,5.12,94.88
Rio Blanco County,Colorado,CO,08103,3690,2988,637,5,80.97999999999999,17.26,0.13999999999999999,Trump,Trump,Trump,2351,63.72,36.28
Rio Grande County,Colorado,CO,08105,6194,3743,2306,15,60.42999999999999,37.230000000000004,0.24,Trump,Trump,Trump,1437,23.2,76.8
Routt County,Colorado,CO,08107,16335,5676,10208,73,34.75,62.49,0.44999999999999996,Harris,Biden,Clinton,4532,27.74,72.26
Saguache County,Colorado,CO,08109,3400,1577,1704,28,46.379999999999995,50.12,0.8200000000000001,Harris,Biden,Clinton,127,3.74,96.26
San Juan County,Colorado,CO,08111,588,188,376,3,31.97,63.949999999999996,0.51,Harris,Biden,Clinton,188,31.98,68.02
San Miguel County,Colorado,CO,08113,4804,1154,3529,34,24.02,73.46000000000001,0.7100000000000001,Harris,Biden,Clinton,2375,49.44,50.56
Sedgwick County,Colorado,CO,08115,1358,1048,283,4,77.17,20.84,0.29,Trump,Trump,Trump,765,56.33,43.67
Summit County,Colorado,CO,08117,17542,5244,11762,80,29.89,67.05,0.45999999999999996,Harris,Biden,Clinton,6518,37.16,62.84
Teller County,Colorado,CO,08119,16326,10856,5065,47,66.5,31.019999999999996,0.29,Trump,Trump,Trump,5791,35.48,64.52
Washington County,Colorado,CO,08121,2806,2436,329,0,86.81,11.72,0.0,Trump,Trump,Trump,2107,75.09,24.91
Weld County,Colorado,CO,08123,179854,106469,68752,573,59.199999999999996,38.23,0.32,Trump,Trump,Trump,37717,20.97,79.03
Yuma County,Colorado,CO,08125,4663,3807,758,3,81.64,16.259999999999998,0.06,Trump,Trump,Trump,3049,65.38,34.62
Kent County,Delaware,DE,10001,88141,42458,44222,0,48.17,50.17,0.0,Harris,Biden,Trump,1764,2.0,98.0
New Castle County,Delaware,DE,10003,275917,90868,180700,0,32.93,65.49000000000001,0.0,Harris,Biden,Clinton,89832,32.56,67.44
Sussex County,Delaware,DE,10005,147639,81025,64836,0,54.879999999999995,43.919999999999995,0.0,Trump,Trump,Trump,16189,10.96,89.04
District of Columbia,District of Columbia,DC,11001,325869,21076,294185,0,6.47,90.28,0.0,Harris,Biden,Clinton,273109,83.81,16.19
Alachua County,Florida,FL,12001,136548,52939,81578,887,38.769999999999996,59.74,0.65,Harris,Biden,Clinton,28639,20.97,79.03
Baker County,Florida,FL,12003,14977,12926,1982,15,86.31,13.23,0.1,Trump,Trump,Trump,10944,73.08,26.92
Bay County,Florida,FL,12005,97777,71497,25201,447,73.11999999999999,25.77,0.45999999999999996,Trump,Trump,Trump,46296,47.35,52.65
Bradford County,Florida,FL,12007,13932,10920,2946,16,78.38000000000001,21.15,0.11,Trump,Trump,Trump,7974,57.23,42.77
Brevard County,Florida,FL,12009,361449,216533,141233,1316,59.91,39.07,0.36,Trump,Trump,Trump,75300,20.84,79.16
Broward County,Florida,FL,12011,874539,358952,507328,4494,41.04,58.01,0.51,Harris,Biden,Clinton,148376,16.97,83.03
Calhoun County,Florida,FL,12013,6428,5367,1021,13,83.49,15.879999999999999,0.2,Trump,Trump,Trump,4346,67.61,32.39
Charlotte County,Florida,FL,12015,123676,82480,40450,274,66.69,32.71,0.22,Trump,Trump,Trump,42030,33.98,66.02
Citrus County,Florida,FL,12017,98237,71356,26276,191,72.64,26.75,0.19,Trump,Trump,Trump,45080,45.89,54.11
Clay County,Florida,FL,12019,126811,87711,37926,374,69.17,29.909999999999997,0.29,Trump,Trump,Trump,49785,39.26,60.74
Collier County,Florida,FL,12021,216370,143267,71720,528,66.21000000000001,33.15,0.24,Trump,Trump,Trump,71547,33.06,66.94
Columbia County,Florida,FL,12023,33592,25108,8250,90,74.74,24.560000000000002,0.27,Trump,Trump,Trump,16858,50.18,49.82
DeSoto County,Florida,FL,12027,12488,8888,3525,23,71.17,28.23,0.18,Trump,Trump,Trump,5363,42.94,57.06
Dixie County,Florida,FL,12029,8148,6920,1183,16,84.93,14.52,0.2,Trump,Trump,Trump,5737,70.41,29.59
Duval County,Florida,FL,12031,471282,236285,229365,2336,50.13999999999999,48.67,0.5,Trump,Biden,Trump,6920,1.47,98.53
Escambia County,Florida,FL,12033,162755,96407,64601,566,59.230000000000004,39.69,0.35000000000000003,Trump,Trump,Trump,31806,19.54,80.46
Flagler County,Florida,FL,12035,79968,51014,28431,196,63.79,35.55,0.25,Trump,Trump,Trump,22583,28.24,71.76
Franklin County,Florida,FL,12037,6758,4831,1870,26,71.49,27.67,0.38,Trump,Trump,Trump,2961,43.82,56.18
Gadsden County,Florida,FL,12039,21868,7495,14203,52,34.27,64.95,0.24,Harris,Biden,Clinton,6708,30.68,69.32
Gilchrist County,Florida,FL,12041,10686,8931,1662,31,83.58,15.55,0.29,Trump,Trump,Trump,7269,68.03,31.97
Glades County,Florida,FL,12043,5279,4034,1222,7,76.42,23.150000000000002,0.13,Trump,Trump,Trump,2812,53.27,46.73
Gulf County,Florida,FL,12045,8697,6684,1970,10,76.85,22.650000000000002,0.11,Trump,Trump,Trump,4714,54.2,45.8
Hamilton County,Florida,FL,12047,5733,3964,1727,8,69.14,30.12,0.13999999999999999,Trump,Trump,Trump,2237,39.02,60.98
Hardee County,Florida,FL,12049,8143,6336,1751,17,77.81,21.5,0.21,Trump,Trump,Trump,4585,56.31,43.69
Hendry County,Florida,FL,12051,13460,9253,4096,35,68.74,30.43,0.26,Trump,Trump,Trump,5157,38.31,61.69
Hernando County,Florida,FL,12053,110691,75446,34431,300,68.16,31.11,0.27,Trump,Trump,Trump,41015,37.05,62.95
Highlands County,Florida,FL,12055,51905,36382,15227,73,70.09,29.34,0.13999999999999999,Trump,Trump,Trump,21155,40.75,59.25
Hillsborough County,Florida,FL,12057,671993,342017,321455,4158,50.9,47.839999999999996,0.62,Trump,Biden,Clinton,20562,3.06,96.94
Holmes County,Florida,FL,12059,9116,8193,882,11,89.87,9.68,0.12,Trump,Trump,Trump,7311,80.19,19.81
Indian River County,Florida,FL,12061,99017,62737,35654,246,63.36000000000001,36.01,0.25,Trump,Trump,Trump,27083,27.35,72.65
Jackson County,Florida,FL,12063,22098,16074,5892,27,72.74000000000001,26.66,0.12,Trump,Trump,Trump,10182,46.08,53.92
Jefferson County,Florida,FL,12065,8502,5011,3429,15,58.940000000000005,40.33,0.18,Trump,Trump,Trump,1582,18.61,81.39
Lafayette County,Florida,FL,12067,3756,3296,441,6,87.75,11.74,0.16,Trump,Trump,Trump,2855,76.01,23.99
Lake County,Florida,FL,12069,226788,140500,84546,624,61.95,37.28,0.27999999999999997,Trump,Trump,Trump,55954,24.67,75.33
Lee County,Florida,FL,12071,392532,250661,139240,917,63.85999999999999,35.47,0.22999999999999998,Trump,Trump,Trump,111421,28.39,71.61
Leon County,Florida,FL,12073,156802,60397,94520,742,38.519999999999996,60.28,0.47000000000000003,Harris,Biden,Clinton,34123,21.76,78.24
Levy County,Florida,FL,12075,24378,18245,5994,39,74.83999999999999,24.59,0.16,Trump,Trump,Trump,12251,50.25,49.75
Liberty County,Florida,FL,12077,3490,2898,566,4,83.04,16.220000000000002,0.11,Trump,Trump,Trump,2332,66.82,33.18
Madison County,Florida,FL,12079,9156,5874,3231,8,64.14999999999999,35.29,0.09,Trump,Trump,Trump,2643,28.86,71.14
Manatee County,Florida,FL,12081,228860,140486,86674,623,61.39,37.87,0.27,Trump,Trump,Trump,53812,23.52,76.48
Marion County,Florida,FL,12083,214106,140173,72436,482,65.47,33.83,0.22999999999999998,Trump,Trump,Trump,67737,31.64,68.36
Martin County,Florida,FL,12085,98291,64121,33539,269,65.24,34.12,0.27,Trump,Trump,Trump,30582,31.12,68.88
Miami-Dade County,Florida,FL,12086,1094105,605590,480355,3813,55.35,43.9,0.35000000000000003,Trump,Biden,Clinton,125235,11.45,88.55
Monroe County,Florida,FL,12087,44328,26064,17933,152,58.8,40.46,0.33999999999999997,Trump,Trump,Trump,8131,18.34,81.66
Nassau County,Florida,FL,12089,65625,47945,17143,146,73.06,26.119999999999997,0.22,Trump,Trump,Trump,30802,46.94,53.06
Okaloosa County,Florida,FL,12091,113636,80309,32074,311,70.67,28.23,0.27,Trump,Trump,Trump,48235,42.44,57.56
Okeechobee County,Florida,FL,12093,16058,12315,3671,28,76.69,22.86,0.16999999999999998,Trump,Trump,Trump,8644,53.83,46.17
Orange County,Florida,FL,12095,607199,258279,340807,4181,42.54,56.13,0.69,Harris,Biden,Clinton,82528,13.59,86.41
Osceola County,Florida,FL,12097,172780,86713,84205,846,50.19,48.74,0.49,Trump,Biden,Clinton,2508,1.45,98.55
Palm Beach County,Florida,FL,12099,745709,366836,372512,3125,49.19,49.95,0.42,Harris,Biden,Clinton,5676,0.76,99.24
Pasco County,Florida,FL,12101,318471,197779,117450,1390,62.1,36.88,0.44,Trump,Trump,Trump,80329,25.22,74.78
Pinellas County,Florida,FL,12103,517074,269472,242452,2193,52.11,46.89,0.42,Trump,Biden,Trump,27020,5.22,94.78
Polk County,Florida,FL,12105,348931,209044,136879,1027,59.91,39.23,0.29,Trump,Trump,Trump,72165,20.68,79.32
Putnam County,Florida,FL,12107,36272,26700,9354,62,73.61,25.790000000000003,0.16999999999999998,Trump,Trump,Trump,17346,47.82,52.18
St. Johns County,Florida,FL,12109,197457,128759,66862,714,65.21000000000001,33.86,0.36,Trump,Trump,Trump,61897,31.35,68.65
St. Lucie County,Florida,FL,12111,185131,100293,83517,529,54.169999999999995,45.11,0.29,Trump,Trump,Trump,16776,9.06,90.94
Santa Rosa County,Florida,FL,12113,112425,84314,27035,298,75.0,24.05,0.27,Trump,Trump,Trump,57279,50.95,49.05
Sarasota County,Florida,FL,12115,277866,163219,112668,750,58.74,40.550000000000004,0.27,Trump,Trump,Trump,50551,18.19,81.81
Seminole County,Florida,FL,12117,253727,129735,120717,1665,51.129999999999995,47.58,0.66,Trump,Biden,Trump,9018,3.55,96.45
Sumter County,Florida,FL,12119,105218,72134,32551,155,68.56,30.94,0.15,Trump,Trump,Trump,39583,37.62,62.38
Suwannee County,Florida,FL,12121,21891,17561,4217,47,80.22,19.259999999999998,0.21,Trump,Trump,Trump,13344,60.96,39.04
Taylor County,Florida,FL,12123,9997,7954,1991,18,79.56,19.919999999999998,0.18,Trump,Trump,Trump,5963,59.64,40.36
Union County,Florida,FL,12125,6231,5224,971,7,83.84,15.58,0.11,Trump,Trump,Trump,4253,68.26,31.74
Volusia County,Florida,FL,12127,310498,187691,120132,1018,60.45,38.690000000000005,0.33,Trump,Trump,Trump,67559,21.76,78.24
Wakulla County,Florida,FL,12129,19856,14246,5441,49,71.75,27.400000000000002,0.25,Trump,Trump,Trump,8805,44.35,55.65
Walton County,Florida,FL,12131,49601,38970,10287,97,78.57,20.74,0.2,Trump,Trump,Trump,28683,57.83,42.17
Washington County,Florida,FL,12133,12584,10370,2140,22,82.41000000000001,17.01,0.16999999999999998,Trump,Trump,Trump,8230,65.4,34.6
Appling County,Georgia,GA,13001,8334,6761,1560,5,81.13,18.72,0.06,Trump,Trump,Trump,5201,62.41,37.59
Atkinson County,Georgia,GA,13003,3057,2350,700,1,76.87,22.900000000000002,0.03,Trump,Trump,Trump,1650,53.97,46.03
Bacon County,Georgia,GA,13005,4839,4186,645,2,86.50999999999999,13.33,0.04,Trump,Trump,Trump,3541,73.18,26.82
Baker County,Georgia,GA,13007,1476,883,590,2,59.81999999999999,39.97,0.13999999999999999,Trump,Trump,Trump,293,19.85,80.15
Baldwin County,Georgia,GA,13009,18825,9574,9159,33,50.86000000000001,48.65,0.18,Trump,Biden,Clinton,415,2.21,97.79
Banks County,Georgia,GA,13011,10519,9358,1136,10,88.96,10.8,0.1,Trump,Trump,Trump,8222,78.16,21.84
Barrow County,Georgia,GA,13013,43934,30730,12949,72,69.95,29.470000000000002,0.16,Trump,Trump,Trump,17781,40.48,59.52
Bartow County,Georgia,GA,13015,57547,43271,13942,92,75.19,24.23,0.16,Trump,Trump,Trump,29329,50.96,49.04
Ben Hill County,Georgia,GA,13017,6501,4281,2199,7,65.85,33.83,0.11,Trump,Trump,Trump,2082,32.02,67.98
Berrien County,Georgia,GA,13019,8068,6841,1209,3,84.78999999999999,14.99,0.04,Trump,Trump,Trump,5632,69.8,30.2
Bibb County,Georgia,GA,13021,69181,26658,42172,136,38.53,60.96,0.2,Harris,Biden,Clinton,15514,22.43,77.57
Bleckley County,Georgia,GA,13023,6044,4685,1339,7,77.51,22.15,0.12,Trump,Trump,Trump,3346,55.36,44.64
Brantley County,Georgia,GA,13025,8500,7744,736,4,91.11,8.66,0.05,Trump,Trump,Trump,7008,82.45,17.55
Brooks County,Georgia,GA,13027,7210,4560,2629,13,63.24999999999999,36.46,0.18,Trump,Trump,Trump,1931,26.79,73.21
Bryan County,Georgia,GA,13029,24651,16738,7779,55,67.9,31.56,0.22,Trump,Trump,Trump,8959,36.34,63.66
Bulloch County,Georgia,GA,13031,32657,20985,11514,48,64.25999999999999,35.260000000000005,0.15,Trump,Trump,Trump,9471,29.0,71.0
Burke County,Georgia,GA,13033,11070,6027,4994,16,54.44,45.11,0.13999999999999999,Trump,Trump,Clinton,1033,9.33,90.67
Butts County,Georgia,GA,13035,13019,9424,3544,12,72.39,27.22,0.09,Trump,Trump,Trump,5880,45.17,54.83
Calhoun County,Georgia,GA,13037,2056,900,1153,0,43.769999999999996,56.08,0.0,Harris,Biden,Clinton,253,12.31,87.69
Camden County,Georgia,GA,13039,26393,17819,8405,54,67.51,31.85,0.2,Trump,Trump,Trump,9414,35.66,64.34
Candler County,Georgia,GA,13043,4568,3366,1196,3,73.69,26.179999999999996,0.06999999999999999,Trump,Trump,Trump,2170,47.51,52.49
Carroll County,Georgia,GA,13045,60494,42536,17634,108,70.30999999999999,29.15,0.18,Trump,Trump,Trump,24902,41.16,58.84
Catoosa County,Georgia,GA,13047,35038,27150,7704,47,77.49000000000001,21.990000000000002,0.13,Trump,Trump,Trump,19446,55.5,44.5
Charlton County,Georgia,GA,13049,4628,3607,1007,5,77.94,21.759999999999998,0.11,Trump,Trump,Trump,2600,56.18,43.82
Chatham County,Georgia,GA,13051,141109,57336,82758,444,40.63,58.650000000000006,0.31,Harris,Biden,Clinton,25422,18.02,81.98
Chattahoochee County,Georgia,GA,13053,1694,982,703,3,57.97,41.5,0.18,Trump,Trump,Trump,279,16.47,83.53
Chattooga County,Georgia,GA,13055,10706,8769,1896,13,81.91000000000001,17.71,0.12,Trump,Trump,Trump,6873,64.2,35.8
Cherokee County,Georgia,GA,13057,162281,112142,48838,432,69.1,30.09,0.27,Trump,Trump,Trump,63304,39.01,60.99
Clarke County,Georgia,GA,13059,52887,16049,36297,244,30.349999999999998,68.63,0.45999999999999996,Harris,Biden,Clinton,20248,38.28,61.72
Clay County,Georgia,GA,13061,1442,663,771,2,45.98,53.47,0.13999999999999999,Harris,Biden,Clinton,108,7.49,92.51
Clayton County,Georgia,GA,13063,111729,16877,94203,351,15.110000000000001,84.31,0.31,Harris,Biden,Clinton,77326,69.2,30.8
Clinch County,Georgia,GA,13065,2908,2201,702,2,75.69,24.14,0.06999999999999999,Trump,Trump,Trump,1499,51.55,48.45
Cobb County,Georgia,GA,13067,401369,168679,228404,1951,42.03,56.910000000000004,0.49,Harris,Biden,Clinton,59725,14.88,85.12
Coffee County,Georgia,GA,13069,15715,11388,4295,10,72.47,27.33,0.06,Trump,Trump,Trump,7093,45.14,54.86
Colquitt County,Georgia,GA,13071,16611,12451,4114,15,74.96000000000001,24.77,0.09,Trump,Trump,Trump,8337,50.19,49.81
Columbia County,Georgia,GA,13073,85920,53657,31624,301,62.45,36.809999999999995,0.35000000000000003,Trump,Trump,Trump,22033,25.64,74.36
Cook County,Georgia,GA,13075,7357,5374,1956,9,73.05,26.590000000000003,0.12,Trump,Trump,Trump,3418,46.46,53.54
Coweta County,Georgia,GA,13077,85916,57204,28111,186,66.58,32.72,0.22,Trump,Trump,Trump,29093,33.86,66.14
Crawford County,Georgia,GA,13079,6340,4742,1582,5,74.79,24.95,0.08,Trump,Trump,Trump,3160,49.84,50.16
Crisp County,Georgia,GA,13081,8116,5099,2993,7,62.83,36.88,0.09,Trump,Trump,Trump,2106,25.95,74.05
Dade County,Georgia,GA,13083,8200,6804,1343,18,82.98,16.38,0.22,Trump,Trump,Trump,5461,66.6,33.4
Dawson County,Georgia,GA,13085,19561,16115,3350,30,82.38,17.130000000000003,0.15,Trump,Trump,Trump,12765,65.25,34.75
Decatur County,Georgia,GA,13087,11549,7140,4372,15,61.82,37.86,0.13,Trump,Trump,Trump,2768,23.96,76.04
DeKalb County,Georgia,GA,13089,366008,62622,299630,2199,17.11,81.86,0.6,Harris,Biden,Clinton,237008,64.75,35.25
Dodge County,Georgia,GA,13091,8350,6249,2081,7,74.83999999999999,24.92,0.08,Trump,Trump,Trump,4168,49.92,50.08
Dooly County,Georgia,GA,13093,4177,2243,1921,6,53.7,45.989999999999995,0.13999999999999999,Trump,Trump,Trump,322,7.71,92.29
Dougherty County,Georgia,GA,13095,33850,9904,23831,52,29.26,70.39999999999999,0.15,Harris,Biden,Clinton,13927,41.14,58.86
Douglas County,Georgia,GA,13097,70721,23996,46240,252,33.93,65.38000000000001,0.36,Harris,Biden,Clinton,22244,31.45,68.55
Early County,Georgia,GA,13099,4879,2718,2158,2,55.71,44.230000000000004,0.04,Trump,Trump,Trump,560,11.48,88.52
Echols County,Georgia,GA,13101,1438,1307,127,3,90.89,8.83,0.21,Trump,Trump,Trump,1180,82.06,17.94
Effingham County,Georgia,GA,13103,36244,26943,9144,46,74.33999999999999,25.230000000000004,0.13,Trump,Trump,Trump,17799,49.11,50.89
Elbert County,Georgia,GA,13105,9589,6860,2700,10,71.54,28.16,0.1,Trump,Trump,Trump,4160,43.38,56.62
Emanuel County,Georgia,GA,13107,9619,6919,2673,5,71.93,27.79,0.05,Trump,Trump,Trump,4246,44.14,55.86
Evans County,Georgia,GA,13109,4244,3011,1214,7,70.95,28.610000000000003,0.16,Trump,Trump,Trump,1797,42.34,57.66
Fannin County,Georgia,GA,13111,16096,13232,2807,13,82.21000000000001,17.44,0.08,Trump,Trump,Trump,10425,64.77,35.23
Fayette County,Georgia,GA,13113,74633,38177,35822,257,51.15,48.0,0.33999999999999997,Trump,Trump,Trump,2355,3.15,96.85
Floyd County,Georgia,GA,13115,44738,31631,12862,78,70.7,28.749999999999996,0.16999999999999998,Trump,Trump,Trump,18769,41.95,58.05
Forsyth County,Georgia,GA,13117,138249,91281,45509,758,66.03,32.92,0.5499999999999999,Trump,Trump,Trump,45772,33.11,66.89
Franklin County,Georgia,GA,13119,12140,10459,1647,9,86.15,13.569999999999999,0.06999999999999999,Trump,Trump,Trump,8812,72.58,27.42
Fulton County,Georgia,GA,13121,535238,144655,384752,3324,27.029999999999998,71.88,0.62,Harris,Biden,Clinton,240097,44.85,55.15
Gilmer County,Georgia,GA,13123,18481,14976,3413,17,81.03,18.47,0.09,Trump,Trump,Trump,11563,62.56,37.44
Glascock County,Georgia,GA,13125,1670,1534,133,0,91.86,7.960000000000001,0.0,Trump,Trump,Trump,1401,83.9,16.1
Glynn County,Georgia,GA,13127,43912,27558,16144,86,62.760000000000005,36.76,0.2,Trump,Trump,Trump,11414,26.0,74.0
Gordon County,Georgia,GA,13129,27606,22495,4982,35,81.49,18.05,0.13,Trump,Trump,Trump,17513,63.44,36.56
Grady County,Georgia,GA,13131,10718,7385,3290,12,68.89999999999999,30.7,0.11,Trump,Trump,Trump,4095,38.2,61.8
Greene County,Georgia,GA,13133,12786,8215,4514,12,64.25,35.3,0.09,Trump,Trump,Trump,3701,28.95,71.05
Gwinnett County,Georgia,GA,13135,420681,173041,242507,3210,41.13,57.65,0.76,Harris,Biden,Clinton,69466,16.52,83.48
Habersham County,Georgia,GA,13137,23280,19142,4036,39,82.23,17.34,0.16999999999999998,Trump,Trump,Trump,15106,64.89,35.11
Hall County,Georgia,GA,13139,101973,72991,28347,185,71.58,27.800000000000004,0.18,Trump,Trump,Trump,44644,43.78,56.22
Hancock County,Georgia,GA,13141,4240,1364,2864,5,32.17,67.55,0.12,Harris,Biden,Clinton,1500,35.38,64.62
Haralson County,Georgia,GA,13143,16364,14239,2065,21,87.01,12.620000000000001,0.13,Trump,Trump,Trump,12174,74.39,25.61
Harris County,Georgia,GA,13145,22353,16283,5976,33,72.84,26.729999999999997,0.15,Trump,Trump,Trump,10307,46.11,53.89
Hart County,Georgia,GA,13147,14331,11064,3210,15,77.2,22.400000000000002,0.1,Trump,Trump,Trump,7854,54.8,45.2
Heard County,Georgia,GA,13149,6210,5335,859,2,85.91,13.83,0.03,Trump,Trump,Trump,4476,72.08,27.92
Henry County,Georgia,GA,13151,129034,44982,83253,354,34.86,64.52,0.27,Harris,Biden,Clinton,38271,29.66,70.34
Houston County,Georgia,GA,13153,81514,45090,35907,178,55.32,44.05,0.22,Trump,Trump,Trump,9183,11.27,88.73
Irwin County,Georgia,GA,13155,4342,3340,986,4,76.92,22.71,0.09,Trump,Trump,Trump,2354,54.21,45.79
Jackson County,Georgia,GA,13157,47243,36497,10472,66,77.25,22.17,0.13999999999999999,Trump,Trump,Trump,26025,55.08,44.92
Jasper County,Georgia,GA,13159,9118,7203,1881,9,79.0,20.630000000000003,0.1,Trump,Trump,Trump,5322,58.37,41.63
Jeff Davis County,Georgia,GA,13161,5872,4935,924,4,84.04,15.740000000000002,0.06999999999999999,Trump,Trump,Trump,4011,68.3,31.7
Jefferson County,Georgia,GA,13163,7463,3765,3674,5,50.449999999999996,49.230000000000004,0.06999999999999999,Trump,Biden,Clinton,91,1.22,98.78
Jenkins County,Georgia,GA,13165,3409,2217,1179,4,65.03,34.58,0.12,Trump,Trump,Trump,1038,30.45,69.55
Johnson County,Georgia,GA,13167,3984,2913,1066,0,73.11999999999999,26.76,0.0,Trump,Trump,Trump,1847,46.36,53.64
Jones County,Georgia,GA,13169,16092,11079,4959,14,68.85,30.819999999999997,0.09,Trump,Trump,Trump,6120,38.03,61.97
Lamar County,Georgia,GA,13171,10412,7575,2795,9,72.75,26.840000000000003,0.09,Trump,Trump,Trump,4780,45.91,54.09
Lanier County,Georgia,GA,13173,3736,2726,995,2,72.97,26.63,0.05,Trump,Trump,Trump,1731,46.34,53.66
Laurens County,Georgia,GA,13175,23352,15460,7820,26,66.2,33.489999999999995,0.11,Trump,Trump,Trump,7640,32.71,67.29
Lee County,Georgia,GA,13177,17683,12655,4957,26,71.57,28.03,0.15,Trump,Trump,Trump,7698,43.54,56.46
Liberty County,Georgia,GA,13179,23028,9441,13459,53,41.0,58.45,0.22999999999999998,Harris,Biden,Clinton,4018,17.45,82.55
Lincoln County,Georgia,GA,13181,4931,3559,1351,6,72.18,27.400000000000002,0.12,Trump,Trump,Trump,2208,44.78,55.22
Long County,Georgia,GA,13183,7056,4557,2476,8,64.58,35.089999999999996,0.11,Trump,Trump,Trump,2081,29.49,70.51
Lowndes County,Georgia,GA,13185,47795,28081,19487,87,58.75,40.77,0.18,Trump,Trump,Trump,8594,17.98,82.02
Lumpkin County,Georgia,GA,13187,17808,14339,3356,32,80.52,18.85,0.18,Trump,Trump,Trump,10983,61.67,38.33
McDuffie County,Georgia,GA,13189,10537,6562,3937,8,62.28,37.36,0.08,Trump,Trump,Trump,2625,24.92,75.08
McIntosh County,Georgia,GA,13191,7408,4747,2628,8,64.08,35.480000000000004,0.11,Trump,Trump,Trump,2119,28.6,71.4
Macon County,Georgia,GA,13193,4686,1916,2755,4,40.89,58.79,0.09,Harris,Biden,Clinton,839,17.9,82.1
Madison County,Georgia,GA,13195,16787,12951,3753,26,77.14999999999999,22.36,0.15,Trump,Trump,Trump,9198,54.79,45.21
Marion County,Georgia,GA,13197,3621,2348,1253,9,64.84,34.599999999999994,0.25,Trump,Trump,Trump,1095,30.24,69.76
Meriwether County,Georgia,GA,13199,11788,7375,4373,12,62.56,37.1,0.1,Trump,Trump,Trump,3002,25.46,74.54
Miller County,Georgia,GA,13201,2724,2045,670,4,75.07000000000001,24.6,0.15,Trump,Trump,Trump,1375,50.47,49.53
Mitchell County,Georgia,GA,13205,8877,5150,3701,8,58.02,41.69,0.09,Trump,Trump,Trump,1449,16.33,83.67
Monroe County,Georgia,GA,13207,17704,12954,4689,20,73.17,26.490000000000002,0.11,Trump,Trump,Trump,8265,46.68,53.32
Montgomery County,Georgia,GA,13209,3973,3033,927,4,76.34,23.330000000000002,0.1,Trump,Trump,Trump,2106,53.01,46.99
Morgan County,Georgia,GA,13211,13181,9589,3533,10,72.75,26.8,0.08,Trump,Trump,Trump,6056,45.95,54.05
Murray County,Georgia,GA,13213,17468,14965,2459,15,85.67,14.08,0.09,Trump,Trump,Trump,12506,71.59,28.41
Muscogee County,Georgia,GA,13215,80491,30616,49413,207,38.04,61.39,0.26,Harris,Biden,Clinton,18797,23.35,76.65
Newton County,Georgia,GA,13217,59051,24893,33839,129,42.16,57.3,0.22,Harris,Biden,Clinton,8946,15.14,84.86
Oconee County,Georgia,GA,13219,27287,18424,8620,79,67.52,31.59,0.29,Trump,Trump,Trump,9804,35.93,64.07
Oglethorpe County,Georgia,GA,13221,8822,6255,2515,26,70.89999999999999,28.51,0.29,Trump,Trump,Trump,3740,42.39,57.61
Paulding County,Georgia,GA,13223,95196,58769,35802,223,61.73,37.61,0.22999999999999998,Trump,Trump,Trump,22967,24.12,75.88
Peach County,Georgia,GA,13225,13454,7104,6293,18,52.800000000000004,46.77,0.13,Trump,Trump,Trump,811,6.03,93.97
Pickens County,Georgia,GA,13227,20915,17281,3522,28,82.62,16.84,0.13,Trump,Trump,Trump,13759,65.78,34.22
Pierce County,Georgia,GA,13229,9761,8655,1089,2,88.67,11.16,0.02,Trump,Trump,Trump,7566,77.51,22.49
Pike County,Georgia,GA,13231,12549,10864,1648,8,86.57000000000001,13.13,0.06,Trump,Trump,Trump,9216,73.44,26.56
Polk County,Georgia,GA,13233,19171,15352,3749,23,80.08,19.56,0.12,Trump,Trump,Trump,11603,60.52,39.48
Pulaski County,Georgia,GA,13235,4336,3036,1281,5,70.02000000000001,29.54,0.12,Trump,Trump,Trump,1755,40.48,59.52
Putnam County,Georgia,GA,13237,12877,9136,3696,12,70.95,28.7,0.09,Trump,Trump,Trump,5440,42.25,57.75
Quitman County,Georgia,GA,13239,1140,656,480,0,57.54,42.11,0.0,Trump,Trump,Trump,176,15.43,84.57
Rabun County,Georgia,GA,13241,10423,8151,2222,15,78.2,21.32,0.13999999999999999,Trump,Trump,Trump,5929,56.88,43.12
Randolph County,Georgia,GA,13243,2990,1373,1601,4,45.92,53.55,0.13,Harris,Biden,Clinton,228,7.63,92.37
Richmond County,Georgia,GA,13245,83578,26472,56657,174,31.669999999999998,67.78999999999999,0.21,Harris,Biden,Clinton,30185,36.12,63.88
Rockdale County,Georgia,GA,13247,45160,11711,33165,135,25.929999999999996,73.44000000000001,0.3,Harris,Biden,Clinton,21454,47.51,52.49
Schley County,Georgia,GA,13249,2428,1970,453,2,81.14,18.66,0.08,Trump,Trump,Trump,1517,62.48,37.52
Screven County,Georgia,GA,13251,6920,4325,2581,3,62.5,37.3,0.04,Trump,Trump,Trump,1744,25.2,74.8
Seminole County,Georgia,GA,13253,4007,2811,1191,2,70.15,29.720000000000002,0.05,Trump,Trump,Trump,1620,40.43,59.57
Spalding County,Georgia,GA,13255,33038,19184,13679,60,58.07,41.4,0.18,Trump,Trump,Trump,5505,16.67,83.33
Stephens County,Georgia,GA,13257,13099,10632,2404,16,81.17,18.35,0.12,Trump,Trump,Trump,8228,62.82,37.18
Stewart County,Georgia,GA,13259,2028,847,1177,1,41.77,58.040000000000006,0.05,Harris,Biden,Clinton,330,16.27,83.73
Sumter County,Georgia,GA,13261,12049,5869,6136,16,48.71,50.93,0.13,Harris,Biden,Clinton,267,2.22,97.78
Talbot County,Georgia,GA,13263,3379,1483,1888,3,43.89,55.87,0.09,Harris,Biden,Clinton,405,11.98,88.02
Taliaferro County,Georgia,GA,13265,884,375,507,1,42.42,57.35,0.11,Harris,Biden,Clinton,132,14.93,85.07
Tattnall County,Georgia,GA,13267,8512,6515,1967,11,76.53999999999999,23.11,0.13,Trump,Trump,Trump,4548,53.43,46.57
Taylor County,Georgia,GA,13269,3982,2600,1366,7,65.29,34.300000000000004,0.18,Trump,Trump,Trump,1234,30.99,69.01
Telfair County,Georgia,GA,13271,4214,2930,1274,3,69.53,30.23,0.06999999999999999,Trump,Trump,Trump,1656,39.3,60.7
Terrell County,Georgia,GA,13273,4341,2075,2253,6,47.8,51.9,0.13999999999999999,Harris,Biden,Clinton,178,4.1,95.9
Thomas County,Georgia,GA,13275,22080,13670,8347,26,61.91,37.8,0.12,Trump,Trump,Trump,5323,24.11,75.89
Tift County,Georgia,GA,13277,16989,11496,5438,20,67.67,32.01,0.12,Trump,Trump,Trump,6058,35.66,64.34
Toombs County,Georgia,GA,13279,10912,8208,2674,12,75.22,24.51,0.11,Trump,Trump,Trump,5534,50.71,49.29
Towns County,Georgia,GA,13281,8838,7155,1649,7,80.96,18.66,0.08,Trump,Trump,Trump,5506,62.3,37.7
Treutlen County,Georgia,GA,13283,3121,2250,864,5,72.09,27.68,0.16,Trump,Trump,Trump,1386,44.41,55.59
Troup County,Georgia,GA,13285,31304,19392,11757,53,61.95,37.56,0.16999999999999998,Trump,Trump,Trump,7635,24.39,75.61
Turner County,Georgia,GA,13287,3833,2457,1365,1,64.1,35.61,0.03,Trump,Trump,Trump,1092,28.49,71.51
Twiggs County,Georgia,GA,13289,4456,2549,1895,5,57.199999999999996,42.53,0.11,Trump,Trump,Trump,654,14.67,85.33
Union County,Georgia,GA,13291,17880,14477,3309,26,80.97,18.509999999999998,0.15,Trump,Trump,Trump,11168,62.46,37.54
Upson County,Georgia,GA,13293,13662,9528,4098,11,69.74000000000001,30.0,0.08,Trump,Trump,Trump,5430,39.74,60.26
Walker County,Georgia,GA,13295,32086,25462,6436,56,79.36,20.06,0.16999999999999998,Trump,Trump,Trump,19026,59.3,40.7
Walton County,Georgia,GA,13297,58376,42407,15605,115,72.64,26.729999999999997,0.2,Trump,Trump,Trump,26802,45.91,54.09
Ware County,Georgia,GA,13299,14392,10279,4068,21,71.41999999999999,28.27,0.15,Trump,Trump,Trump,6211,43.15,56.85
Warren County,Georgia,GA,13301,2592,1232,1354,1,47.53,52.239999999999995,0.04,Harris,Biden,Clinton,122,4.71,95.29
Washington County,Georgia,GA,13303,9493,4824,4643,9,50.82,48.91,0.09,Trump,Biden,Clinton,181,1.91,98.09
Wayne County,Georgia,GA,13305,13561,10811,2708,19,79.72,19.97,0.13999999999999999,Trump,Trump,Trump,8103,59.75,40.25
Webster County,Georgia,GA,13307,1336,790,544,1,59.13,40.72,0.06999999999999999,Trump,Trump,Trump,246,18.41,81.59
Wheeler County,Georgia,GA,13309,2276,1648,622,1,72.41,27.33,0.04,Trump,Trump,Trump,1026,45.08,54.92
White County,Georgia,GA,13311,16825,14136,2609,20,84.02,15.509999999999998,0.12,Trump,Trump,Trump,11527,68.51,31.49
Whitfield County,Georgia,GA,13313,39828,28655,10953,92,71.95,27.500000000000004,0.22999999999999998,Trump,Trump,Trump,17702,44.45,55.55
Wilcox County,Georgia,GA,13315,3347,2493,847,1,74.48,25.31,0.03,Trump,Trump,Trump,1646,49.17,50.83
Wilkes County,Georgia,GA,13317,5098,2971,2112,7,58.28,41.43,0.13999999999999999,Trump,Trump,Trump,859,16.85,83.15
Wilkinson County,Georgia,GA,13319,4908,2888,2012,4,58.84,40.99,0.08,Trump,Trump,Trump,876,17.85,82.15
Worth County,Georgia,GA,13321,9309,6991,2300,9,75.1,24.709999999999997,0.1,Trump,Trump,Trump,4691,50.39,49.61
Hawaii County,Hawaii,HI,15001,82833,28748,52163,955,34.71,62.970000000000006,1.15,Harris,Biden,Clinton,23415,28.26,71.74
Honolulu County,Hawaii,HI,15003,340921,130489,204301,2503,38.279999999999994,59.93000000000001,0.73,Harris,Biden,Clinton,73812,21.65,78.35
Kalawao County,Hawaii,HI,15005,0,0,0,0,0.0,0.0,0.0,Unknown,Unknown,Unknown,0,0.0,0.0
Kauai County,Hawaii,HI,15007,30064,11803,17675,283,39.26,58.79,0.9400000000000001,Harris,Biden,Clinton,5872,19.53,80.47
Maui County,Hawaii,HI,15009,62893,22621,38905,646,35.97,61.86000000000001,1.03,Harris,Biden,Clinton,16284,25.89,74.11
Ada County,Idaho,ID,16001,267419,143759,116116,1155,53.76,43.419999999999995,0.43,Trump,Trump,Trump,27643,10.34,89.66
Adams County,Idaho,ID,16003,2681,2037,577,8,75.98,21.52,0.3,Trump,Trump,Trump,1460,54.46,45.54
Bannock County,Idaho,ID,16005,39976,24329,14306,180,60.86,35.79,0.44999999999999996,Trump,Trump,Trump,10023,25.07,74.93
Bear Lake County,Idaho,ID,16007,3325,2908,346,7,87.46000000000001,10.41,0.21,Trump,Trump,Trump,2562,77.05,22.95
Benewah County,Idaho,ID,16009,5145,4094,935,9,79.57,18.17,0.16999999999999998,Trump,Trump,Trump,3159,61.4,38.6
Bingham County,Idaho,ID,16011,20651,16188,3878,48,78.39,18.78,0.22999999999999998,Trump,Trump,Trump,12310,59.61,40.39
Blaine County,Idaho,ID,16013,13089,4281,8424,58,32.71,64.36,0.44,Harris,Biden,Clinton,4143,31.65,68.35
Boise County,Idaho,ID,16015,4910,3727,1065,10,75.91,21.69,0.2,Trump,Trump,Trump,2662,54.22,45.78
Bonner County,Idaho,ID,16017,29710,21352,7650,89,71.87,25.75,0.3,Trump,Trump,Trump,13702,46.12,53.88
Bonneville County,Idaho,ID,16019,56436,40053,14458,176,70.97,25.619999999999997,0.31,Trump,Trump,Trump,25595,45.35,54.65
Boundary County,Idaho,ID,16021,7110,5794,1145,18,81.49,16.1,0.25,Trump,Trump,Trump,4649,65.39,34.61
Butte County,Idaho,ID,16023,1494,1268,185,0,84.87,12.379999999999999,0.0,Trump,Trump,Trump,1083,72.49,27.51
Camas County,Idaho,ID,16025,728,547,153,3,75.14,21.02,0.41000000000000003,Trump,Trump,Trump,394,54.12,45.88
Canyon County,Idaho,ID,16027,101030,72755,25669,294,72.00999999999999,25.41,0.29,Trump,Trump,Trump,47086,46.6,53.4
Caribou County,Idaho,ID,16029,3456,2906,445,7,84.09,12.879999999999999,0.2,Trump,Trump,Trump,2461,71.21,28.79
Cassia County,Idaho,ID,16031,9558,7959,1359,15,83.27,14.219999999999999,0.16,Trump,Trump,Trump,6600,69.05,30.95
Clark County,Idaho,ID,16033,333,280,50,0,84.08,15.02,0.0,Trump,Trump,Trump,230,69.06,30.94
Clearwater County,Idaho,ID,16035,4420,3550,774,16,80.32000000000001,17.51,0.36,Trump,Trump,Trump,2776,62.81,37.19
Custer County,Idaho,ID,16037,2650,1998,586,10,75.4,22.11,0.38,Trump,Trump,Trump,1412,53.29,46.71
Elmore County,Idaho,ID,16039,10672,7791,2611,28,73.0,24.47,0.26,Trump,Trump,Trump,5180,48.53,51.47
Franklin County,Idaho,ID,16041,7184,6279,703,11,87.4,9.790000000000001,0.15,Trump,Trump,Trump,5576,77.61,22.39
Fremont County,Idaho,ID,16043,6803,5645,954,20,82.98,14.02,0.29,Trump,Trump,Trump,4691,68.96,31.04
Gem County,Idaho,ID,16045,10620,8707,1699,27,81.99,16.0,0.25,Trump,Trump,Trump,7008,65.99,34.01
Gooding County,Idaho,ID,16047,5918,4676,1100,10,79.01,18.59,0.16999999999999998,Trump,Trump,Trump,3576,60.42,39.58
Idaho County,Idaho,ID,16049,9867,8148,1460,18,82.58,14.799999999999999,0.18,Trump,Trump,Trump,6688,67.78,32.22
Jefferson County,Idaho,ID,16051,15820,13481,1891,21,85.21,11.95,0.13,Trump,Trump,Trump,11590,73.26,26.74
Jerome County,Idaho,ID,16053,7946,6012,1742,21,75.66000000000001,21.92,0.26,Trump,Trump,Trump,4270,53.74,46.26
Kootenai County,Idaho,ID,16055,96365,72059,22113,208,74.78,22.95,0.22,Trump,Trump,Trump,49946,51.83,48.17
Latah County,Idaho,ID,16057,20461,10669,9039,122,52.14,44.18,0.6,Trump,Biden,Clinton,1630,7.96,92.04
Lemhi County,Idaho,ID,16059,4874,3716,1038,9,76.24,21.3,0.18,Trump,Trump,Trump,2678,54.94,45.06
Lewis County,Idaho,ID,16061,1846,1503,305,4,81.42,16.520000000000003,0.22,Trump,Trump,Trump,1198,64.9,35.1
Lincoln County,Idaho,ID,16063,1917,1466,392,10,76.47,20.45,0.52,Trump,Trump,Trump,1074,56.02,43.98
Madison County,Idaho,ID,16065,17363,13925,2767,72,80.2,15.939999999999998,0.41000000000000003,Trump,Trump,Trump,11158,64.26,35.74
Minidoka County,Idaho,ID,16067,7948,6401,1373,16,80.54,17.27,0.2,Trump,Trump,Trump,5028,63.27,36.73
Nez Perce County,Idaho,ID,16069,20135,13707,5928,52,68.08,29.439999999999998,0.26,Trump,Trump,Trump,7779,38.64,61.36
Oneida County,Idaho,ID,16071,2457,2119,253,6,86.24000000000001,10.299999999999999,0.24,Trump,Trump,Trump,1866,75.94,24.06
Owyhee County,Idaho,ID,16073,4950,4101,756,3,82.85,15.27,0.06,Trump,Trump,Trump,3345,67.58,32.42
Payette County,Idaho,ID,16075,11761,9458,2064,13,80.42,17.549999999999997,0.11,Trump,Trump,Trump,7394,62.87,37.13
Power County,Idaho,ID,16077,3021,2146,785,7,71.04,25.979999999999997,0.22999999999999998,Trump,Trump,Trump,1361,45.06,54.94
Shoshone County,Idaho,ID,16079,6132,4500,1472,10,73.39,24.01,0.16,Trump,Trump,Trump,3028,49.38,50.62
Teton County,Idaho,ID,16081,6698,3005,3463,36,44.86,51.7,0.54,Harris,Biden,Trump,458,6.84,93.16
Twin Falls County,Idaho,ID,16083,37383,27304,9064,113,73.04,24.25,0.3,Trump,Trump,Trump,18240,48.79,51.21
Valley County,Idaho,ID,16085,7240,4214,2869,23,58.199999999999996,39.629999999999995,0.32,Trump,Trump,Trump,1345,18.57,81.43
Washington County,Idaho,ID,16087,5555,4429,1010,10,79.73,18.18,0.18,Trump,Trump,Trump,3419,61.55,38.45
Adams County,Illinois,IL,17001,31766,23161,8111,10,72.91,25.53,0.03,Trump,Trump,Trump,15050,47.38,52.62
Alexander County,Illinois,IL,17003,2271,1341,904,0,59.050000000000004,39.81,0.0,Trump,Trump,Trump,437,19.24,80.76
Bond County,Illinois,IL,17005,7991,5692,2117,7,71.23,26.490000000000002,0.09,Trump,Trump,Trump,3575,44.74,55.26
Boone County,Illinois,IL,17007,24256,13673,10159,27,56.37,41.88,0.11,Trump,Trump,Trump,3514,14.49,85.51
Brown County,Illinois,IL,17009,2455,1938,467,0,78.94,19.02,0.0,Trump,Trump,Trump,1471,59.92,40.08
Bureau County,Illinois,IL,17011,15999,9784,5900,5,61.150000000000006,36.88,0.03,Trump,Trump,Trump,3884,24.27,75.73
Calhoun County,Illinois,IL,17013,2680,2059,560,0,76.83,20.9,0.0,Trump,Trump,Trump,1499,55.93,44.07
Carroll County,Illinois,IL,17015,7840,5082,2600,0,64.82,33.160000000000004,0.0,Trump,Trump,Trump,2482,31.66,68.34
Cass County,Illinois,IL,17017,5241,3712,1438,0,70.83,27.439999999999998,0.0,Trump,Trump,Trump,2274,43.39,56.61
Champaign County,Illinois,IL,17019,89581,32965,54314,612,36.8,60.629999999999995,0.6799999999999999,Harris,Biden,Clinton,21349,23.83,76.17
Christian County,Illinois,IL,17021,15545,11278,4026,5,72.55,25.900000000000002,0.03,Trump,Trump,Trump,7252,46.65,53.35
Clark County,Illinois,IL,17023,8206,6130,1927,1,74.7,23.48,0.01,Trump,Trump,Trump,4203,51.22,48.78
Clay County,Illinois,IL,17025,6769,5610,1054,2,82.88,15.57,0.03,Trump,Trump,Trump,4556,67.31,32.69
Clinton County,Illinois,IL,17027,19230,14407,4447,9,74.92,23.13,0.05,Trump,Trump,Trump,9960,51.79,48.21
Coles County,Illinois,IL,17029,21507,13606,7495,13,63.260000000000005,34.849999999999994,0.06,Trump,Trump,Trump,6111,28.41,71.59
Cook County,Illinois,IL,17031,2079239,583852,1447821,17708,28.08,69.63000000000001,0.8500000000000001,Harris,Biden,Clinton,863969,41.55,58.45
Crawford County,Illinois,IL,17033,8935,6727,2048,4,75.29,22.919999999999998,0.04,Trump,Trump,Trump,4679,52.37,47.63
Cumberland County,Illinois,IL,17035,5769,4627,1059,1,80.2,18.360000000000003,0.02,Trump,Trump,Trump,3568,61.84,38.16
DeKalb County,Illinois,IL,17037,47401,22716,23648,81,47.92,49.89,0.16999999999999998,Harris,Biden,Clinton,932,1.97,98.03
De Witt County,Illinois,IL,17039,7758,5529,2058,5,71.27,26.529999999999998,0.06,Trump,Trump,Trump,3471,44.74,55.26
Douglas County,Illinois,IL,17041,8410,6076,2198,5,72.25,26.14,0.06,Trump,Trump,Trump,3878,46.11,53.89
DuPage County,Illinois,IL,17043,456882,191243,251164,6125,41.86,54.97,1.34,Harris,Biden,Clinton,59921,13.11,86.89
Edgar County,Illinois,IL,17045,7912,5955,1816,2,75.27000000000001,22.95,0.03,Trump,Trump,Trump,4139,52.32,47.68
Edwards County,Illinois,IL,17047,3289,2794,457,1,84.95,13.889999999999999,0.03,Trump,Trump,Trump,2337,71.06,28.94
Effingham County,Illinois,IL,17049,19084,15124,3617,9,79.25,18.95,0.05,Trump,Trump,Trump,11507,60.3,39.7
Fayette County,Illinois,IL,17051,9601,7847,1632,0,81.73,17.0,0.0,Trump,Trump,Trump,6215,64.73,35.27
Ford County,Illinois,IL,17053,6553,4778,1643,4,72.91,25.069999999999997,0.06,Trump,Trump,Trump,3135,47.84,52.16
Franklin County,Illinois,IL,17055,17692,13200,4257,4,74.61,24.060000000000002,0.02,Trump,Trump,Trump,8943,50.55,49.45
Fulton County,Illinois,IL,17057,16144,9827,5980,7,60.870000000000005,37.04,0.04,Trump,Trump,Trump,3847,23.83,76.17
Gallatin County,Illinois,IL,17059,2530,1923,561,0,76.01,22.17,0.0,Trump,Trump,Trump,1362,53.84,46.16
Greene County,Illinois,IL,17061,6056,4719,1220,2,77.92,20.150000000000002,0.03,Trump,Trump,Trump,3499,57.77,42.23
Grundy County,Illinois,IL,17063,26589,16997,9143,28,63.92,34.39,0.11,Trump,Trump,Trump,7854,29.53,70.47
Hamilton County,Illinois,IL,17065,4181,3385,739,0,80.96,17.68,0.0,Trump,Trump,Trump,2646,63.28,36.72
Hancock County,Illinois,IL,17067,9065,6708,2183,2,74.0,24.08,0.02,Trump,Trump,Trump,4525,49.92,50.08
Hardin County,Illinois,IL,17069,1926,1546,357,0,80.27,18.54,0.0,Trump,Trump,Trump,1189,61.73,38.27
Henderson County,Illinois,IL,17071,3464,2369,1026,0,68.39,29.62,0.0,Trump,Trump,Trump,1343,38.77,61.23
Henry County,Illinois,IL,17073,25092,15359,9226,11,61.21,36.77,0.04,Trump,Trump,Trump,6133,24.44,75.56
Iroquois County,Illinois,IL,17075,13324,10376,2747,9,77.86999999999999,20.62,0.06999999999999999,Trump,Trump,Trump,7629,57.25,42.75
Jackson County,Illinois,IL,17077,22465,10614,11394,95,47.25,50.72,0.42,Harris,Biden,Clinton,780,3.47,96.53
Jasper County,Illinois,IL,17079,5425,4449,912,1,82.01,16.81,0.02,Trump,Trump,Trump,3537,65.2,34.8
Jefferson County,Illinois,IL,17081,16662,12189,4240,13,73.15,25.45,0.08,Trump,Trump,Trump,7949,47.7,52.3
Jersey County,Illinois,IL,17083,11694,8684,2816,0,74.26,24.08,0.0,Trump,Trump,Trump,5868,50.18,49.82
Jo Daviess County,Illinois,IL,17085,12414,7136,5051,16,57.48,40.69,0.13,Trump,Trump,Trump,2085,16.79,83.21
Johnson County,Illinois,IL,17087,6103,4798,1241,0,78.62,20.330000000000002,0.0,Trump,Trump,Trump,3557,58.29,41.71
Kane County,Illinois,IL,17089,223534,99260,120077,761,44.4,53.72,0.33999999999999997,Harris,Biden,Clinton,20817,9.32,90.68
Kankakee County,Illinois,IL,17091,47569,28285,18399,36,59.46,38.68,0.08,Trump,Trump,Trump,9886,20.78,79.22
Kendall County,Illinois,IL,17093,66397,31970,32977,217,48.15,49.669999999999995,0.33,Harris,Biden,Trump,1007,1.52,98.48
Knox County,Illinois,IL,17095,22191,11917,9838,13,53.7,44.330000000000005,0.06,Trump,Trump,Trump,2079,9.37,90.63
Lake County,Illinois,IL,17097,310913,120402,184642,1043,38.73,59.39,0.33999999999999997,Harris,Biden,Clinton,64240,20.66,79.34
LaSalle County,Illinois,IL,17099,52508,30717,21029,42,58.5,40.050000000000004,0.08,Trump,Trump,Trump,9688,18.45,81.55
Lawrence County,Illinois,IL,17101,6110,4715,1283,2,77.17,21.0,0.03,Trump,Trump,Trump,3432,56.17,43.83
Lee County,Illinois,IL,17103,16113,9680,6105,14,60.08,37.89,0.09,Trump,Trump,Trump,3575,22.19,77.81
Livingston County,Illinois,IL,17105,16549,11970,4311,10,72.33000000000001,26.05,0.06,Trump,Trump,Trump,7659,46.28,53.72
Logan County,Illinois,IL,17107,12564,8757,3543,2,69.69999999999999,28.199999999999996,0.02,Trump,Trump,Trump,5214,41.5,58.5
McDonough County,Illinois,IL,17109,11972,6987,4736,16,58.36,39.56,0.13,Trump,Trump,Trump,2251,18.8,81.2
McHenry County,Illinois,IL,17111,162283,83933,75370,327,51.72,46.44,0.2,Trump,Trump,Trump,8563,5.28,94.72
McLean County,Illinois,IL,17113,86522,40290,44495,166,46.57,51.43,0.19,Harris,Biden,Trump,4205,4.86,95.14
Macon County,Illinois,IL,17115,45341,26562,18009,68,58.58,39.72,0.15,Trump,Trump,Trump,8553,18.86,81.14
Macoupin County,Illinois,IL,17117,23425,16065,6892,15,68.58,29.42,0.06,Trump,Trump,Trump,9173,39.16,60.84
Madison County,Illinois,IL,17119,133072,73925,56341,169,55.55,42.34,0.13,Trump,Trump,Trump,17584,13.21,86.79
Marion County,Illinois,IL,17121,16762,12409,4116,3,74.03,24.560000000000002,0.02,Trump,Trump,Trump,8293,49.47,50.53
Marshall County,Illinois,IL,17123,6127,4119,1913,0,67.23,31.22,0.0,Trump,Trump,Trump,2206,36.01,63.99
Mason County,Illinois,IL,17125,6374,4464,1773,0,70.03,27.82,0.0,Trump,Trump,Trump,2691,42.21,57.79
Massac County,Illinois,IL,17127,6676,4939,1683,0,73.98,25.21,0.0,Trump,Trump,Trump,3256,48.77,51.23
Menard County,Illinois,IL,17129,6431,4499,1834,4,69.96,28.52,0.06,Trump,Trump,Trump,2665,41.44,58.56
Mercer County,Illinois,IL,17131,8346,5215,2950,1,62.49,35.35,0.01,Trump,Trump,Trump,2265,27.14,72.86
Monroe County,Illinois,IL,17133,20902,14055,6473,5,67.24,30.97,0.02,Trump,Trump,Trump,7582,36.27,63.73
Montgomery County,Illinois,IL,17135,13203,9378,3573,11,71.03,27.060000000000002,0.08,Trump,Trump,Trump,5805,43.97,56.03
Morgan County,Illinois,IL,17137,14677,9607,4848,13,65.46,33.03,0.09,Trump,Trump,Trump,4759,32.43,67.57
Moultrie County,Illinois,IL,17139,6528,4816,1615,5,73.77,24.740000000000002,0.08,Trump,Trump,Trump,3201,49.03,50.97
Ogle County,Illinois,IL,17141,25799,16450,8883,22,63.75999999999999,34.43,0.09,Trump,Trump,Trump,7567,29.33,70.67
Peoria County,Illinois,IL,17143,79138,36896,40564,290,46.62,51.25999999999999,0.37,Harris,Biden,Clinton,3668,4.64,95.36
Perry County,Illinois,IL,17145,9248,6949,2146,4,75.14,23.21,0.04,Trump,Trump,Trump,4803,51.93,48.07
Piatt County,Illinois,IL,17147,9508,6104,3204,3,64.2,33.7,0.03,Trump,Trump,Trump,2900,30.5,69.5
Pike County,Illinois,IL,17149,7509,6086,1302,2,81.05,17.34,0.03,Trump,Trump,Trump,4784,63.71,36.29
Pope County,Illinois,IL,17151,2133,1698,416,1,79.61,19.5,0.05,Trump,Trump,Trump,1282,60.11,39.89
Pulaski County,Illinois,IL,17153,2381,1583,769,0,66.47999999999999,32.300000000000004,0.0,Trump,Trump,Trump,814,34.18,65.82
Putnam County,Illinois,IL,17155,3334,2014,1254,1,60.41,37.61,0.03,Trump,Trump,Trump,760,22.8,77.2
Randolph County,Illinois,IL,17157,14333,10624,3461,1,74.11999999999999,24.15,0.01,Trump,Trump,Trump,7163,49.97,50.03
Richland County,Illinois,IL,17159,7755,5889,1747,5,75.94,22.53,0.06,Trump,Trump,Trump,4142,53.41,46.59
Rock Island County,Illinois,IL,17161,63458,28061,34126,66,44.22,53.779999999999994,0.1,Harris,Biden,Clinton,6065,9.56,90.44
St. Clair County,Illinois,IL,17163,119962,54021,63433,167,45.03,52.88,0.13999999999999999,Harris,Biden,Clinton,9412,7.85,92.15
Saline County,Illinois,IL,17165,10605,7830,2634,0,73.83,24.84,0.0,Trump,Trump,Trump,5196,48.99,51.01
Sangamon County,Illinois,IL,17167,99171,50979,46074,187,51.41,46.46,0.19,Trump,Trump,Trump,4905,4.95,95.05
Schuyler County,Illinois,IL,17169,3759,2720,961,1,72.36,25.569999999999997,0.03,Trump,Trump,Trump,1759,46.79,53.21
Scott County,Illinois,IL,17171,2587,2071,488,0,80.05,18.86,0.0,Trump,Trump,Trump,1583,61.19,38.81
Shelby County,Illinois,IL,17173,11670,9267,2240,4,79.41,19.189999999999998,0.03,Trump,Trump,Trump,7027,60.22,39.78
Stark County,Illinois,IL,17175,2761,1983,725,0,71.82,26.26,0.0,Trump,Trump,Trump,1258,45.56,54.44
Stephenson County,Illinois,IL,17177,20995,12347,8278,14,58.809999999999995,39.43,0.06999999999999999,Trump,Trump,Trump,4069,19.38,80.62
Tazewell County,Illinois,IL,17179,68027,42451,24325,61,62.4,35.76,0.09,Trump,Trump,Trump,18126,26.64,73.36
Union County,Illinois,IL,17181,8226,5837,2285,2,70.96000000000001,27.779999999999998,0.02,Trump,Trump,Trump,3552,43.18,56.82
Vermilion County,Illinois,IL,17183,29549,19777,9254,22,66.93,31.319999999999997,0.06999999999999999,Trump,Trump,Trump,10523,35.61,64.39
Wabash County,Illinois,IL,17185,5377,4095,1200,0,76.16000000000001,22.32,0.0,Trump,Trump,Trump,2895,53.84,46.16
Warren County,Illinois,IL,17187,7447,4579,2711,10,61.49,36.4,0.13,Trump,Trump,Trump,1868,25.09,74.91
Washington County,Illinois,IL,17189,7562,5892,1564,1,77.92,20.68,0.01,Trump,Trump,Trump,4328,57.24,42.76
Wayne County,Illinois,IL,17191,8275,7019,1155,8,84.82,13.96,0.1,Trump,Trump,Trump,5864,70.86,29.14
White County,Illinois,IL,17193,7067,5586,1390,3,79.03999999999999,19.67,0.04,Trump,Trump,Trump,4196,59.37,40.63
Whiteside County,Illinois,IL,17195,26447,14898,11012,10,56.330000000000005,41.64,0.04,Trump,Trump,Trump,3886,14.69,85.31
Will County,Illinois,IL,17197,327604,157672,162874,2182,48.13,49.72,0.67,Harris,Biden,Clinton,5202,1.59,98.41
Williamson County,Illinois,IL,17199,33068,22686,9890,27,68.60000000000001,29.909999999999997,0.08,Trump,Trump,Trump,12796,38.69,61.31
Winnebago County,Illinois,IL,17201,121347,59257,59942,155,48.83,49.4,0.13,Harris,Biden,Clinton,685,0.57,99.43
Woodford County,Illinois,IL,17203,21123,14837,5958,7,70.24000000000001,28.21,0.03,Trump,Trump,Trump,8879,42.03,57.97
Adams County,Indiana,IN,18001,13966,10528,3179,0,75.38,22.759999999999998,0.0,Trump,Trump,Trump,7349,52.62,47.38
Allen County,Indiana,IN,18003,163163,90283,69960,0,55.33,42.88,0.0,Trump,Trump,Trump,20323,12.45,87.55
Bartholomew County,Indiana,IN,18005,35488,22220,12525,0,62.61,35.29,0.0,Trump,Trump,Trump,9695,27.32,72.68
Benton County,Indiana,IN,18007,3954,2873,1010,0,72.66,25.540000000000003,0.0,Trump,Trump,Trump,1863,47.12,52.88
Blackford County,Indiana,IN,18009,5136,3811,1227,0,74.2,23.89,0.0,Trump,Trump,Trump,2584,50.31,49.69
Boone County,Indiana,IN,18011,40109,22840,16426,0,56.940000000000005,40.949999999999996,0.0,Trump,Trump,Trump,6414,15.99,84.01
Brown County,Indiana,IN,18013,8627,5647,2832,0,65.46,32.83,0.0,Trump,Trump,Trump,2815,32.63,67.37
Carroll County,Indiana,IN,18015,9184,6902,2120,0,75.14999999999999,23.080000000000002,0.0,Trump,Trump,Trump,4782,52.07,47.93
Cass County,Indiana,IN,18017,14213,10285,3722,0,72.36,26.19,0.0,Trump,Trump,Trump,6563,46.17,53.83
Clark County,Indiana,IN,18019,58612,34734,22810,0,59.260000000000005,38.92,0.0,Trump,Trump,Trump,11924,20.34,79.66
Clay County,Indiana,IN,18021,12055,9354,2495,0,77.59,20.7,0.0,Trump,Trump,Trump,6859,56.89,43.11
Clinton County,Indiana,IN,18023,12450,9108,3135,0,73.16,25.180000000000003,0.0,Trump,Trump,Trump,5973,47.98,52.02
Crawford County,Indiana,IN,18025,5011,3668,1235,0,73.2,24.65,0.0,Trump,Trump,Trump,2433,48.55,51.45
Daviess County,Indiana,IN,18027,11449,9322,1963,0,81.42,17.150000000000002,0.0,Trump,Trump,Trump,7359,64.27,35.73
Dearborn County,Indiana,IN,18029,26600,20844,5335,0,78.36,20.06,0.0,Trump,Trump,Trump,15509,58.3,41.7
Decatur County,Indiana,IN,18031,12111,9491,2406,0,78.36999999999999,19.869999999999997,0.0,Trump,Trump,Trump,7085,58.5,41.5
DeKalb County,Indiana,IN,18033,19792,14377,5064,0,72.64,25.590000000000003,0.0,Trump,Trump,Trump,9313,47.05,52.95
Delaware County,Indiana,IN,18035,45784,26067,18848,0,56.93,41.17,0.0,Trump,Trump,Trump,7219,15.76,84.24
Dubois County,Indiana,IN,18037,21424,14983,5944,0,69.94,27.74,0.0,Trump,Trump,Trump,9039,42.2,57.8
Elkhart County,Indiana,IN,18039,69765,45652,23082,0,65.44,33.09,0.0,Trump,Trump,Trump,22570,32.35,67.65
Fayette County,Indiana,IN,18041,9838,7625,2084,0,77.51,21.18,0.0,Trump,Trump,Trump,5541,56.33,43.67
Floyd County,Indiana,IN,18043,41181,23408,17025,0,56.84,41.339999999999996,0.0,Trump,Trump,Trump,6383,15.5,84.5
Fountain County,Indiana,IN,18045,7982,6311,1526,0,79.07,19.12,0.0,Trump,Trump,Trump,4785,59.95,40.05
Franklin County,Indiana,IN,18047,12034,9810,2061,0,81.52000000000001,17.130000000000003,0.0,Trump,Trump,Trump,7749,64.39,35.61
Fulton County,Indiana,IN,18049,8854,6633,2097,0,74.92,23.68,0.0,Trump,Trump,Trump,4536,51.24,48.76
Gibson County,Indiana,IN,18051,15901,11896,3722,0,74.81,23.41,0.0,Trump,Trump,Trump,8174,51.4,48.6
Grant County,Indiana,IN,18053,25156,17580,7083,0,69.88,28.16,0.0,Trump,Trump,Trump,10497,41.72,58.28
Greene County,Indiana,IN,18055,14633,11132,3270,0,76.07000000000001,22.35,0.0,Trump,Trump,Trump,7862,53.72,46.28
Hamilton County,Indiana,IN,18057,196727,102318,90394,0,52.01,45.95,0.0,Trump,Trump,Trump,11924,6.06,93.94
Hancock County,Indiana,IN,18059,44450,29288,14312,0,65.89,32.2,0.0,Trump,Trump,Trump,14976,33.69,66.31
Harrison County,Indiana,IN,18061,20448,14830,5233,0,72.53,25.590000000000003,0.0,Trump,Trump,Trump,9597,46.94,53.06
Hendricks County,Indiana,IN,18063,83189,49783,31917,0,59.84,38.37,0.0,Trump,Trump,Trump,17866,21.47,78.53
Henry County,Indiana,IN,18065,20604,15033,5208,0,72.96000000000001,25.28,0.0,Trump,Trump,Trump,9825,47.68,52.32
Howard County,Indiana,IN,18067,38784,25871,12197,0,66.71000000000001,31.45,0.0,Trump,Trump,Trump,13674,35.26,64.74
Huntington County,Indiana,IN,18069,17735,12990,4416,0,73.24000000000001,24.9,0.0,Trump,Trump,Trump,8574,48.34,51.66
Jackson County,Indiana,IN,18071,18654,14323,4015,0,76.78,21.52,0.0,Trump,Trump,Trump,10308,55.26,44.74
Jasper County,Indiana,IN,18073,15826,12082,3489,0,76.34,22.05,0.0,Trump,Trump,Trump,8593,54.29,45.71
Jay County,Indiana,IN,18075,8103,6217,1747,0,76.72,21.560000000000002,0.0,Trump,Trump,Trump,4470,55.16,44.84
Jefferson County,Indiana,IN,18077,14327,9614,4442,0,67.10000000000001,31.0,0.0,Trump,Trump,Trump,5172,36.1,63.9
Jennings County,Indiana,IN,18079,11809,9273,2328,0,78.52,19.71,0.0,Trump,Trump,Trump,6945,58.81,41.19
Johnson County,Indiana,IN,18081,77832,51588,24880,0,66.28,31.97,0.0,Trump,Trump,Trump,26708,34.31,65.69
Knox County,Indiana,IN,18083,15110,11236,3625,0,74.36,23.990000000000002,0.0,Trump,Trump,Trump,7611,50.37,49.63
Kosciusko County,Indiana,IN,18085,34896,26213,7995,0,75.12,22.91,0.0,Trump,Trump,Trump,18218,52.21,47.79
LaGrange County,Indiana,IN,18087,10411,8073,2162,0,77.53999999999999,20.77,0.0,Trump,Trump,Trump,5911,56.77,43.23
Lake County,Indiana,IN,18089,209551,97270,109086,0,46.42,52.059999999999995,0.0,Harris,Biden,Clinton,11816,5.64,94.36
LaPorte County,Indiana,IN,18091,47553,26726,20007,0,56.2,42.07,0.0,Trump,Trump,Trump,6719,14.13,85.87
Lawrence County,Indiana,IN,18093,21220,15830,5010,0,74.6,23.61,0.0,Trump,Trump,Trump,10820,50.99,49.01
Madison County,Indiana,IN,18095,55730,34837,19824,0,62.51,35.57,0.0,Trump,Trump,Trump,15013,26.94,73.06
Marion County,Indiana,IN,18097,352540,124327,221719,0,35.27,62.89,0.0,Harris,Biden,Clinton,97392,27.62,72.38
Marshall County,Indiana,IN,18099,19559,13837,5356,0,70.74000000000001,27.38,0.0,Trump,Trump,Trump,8481,43.36,56.64
Martin County,Indiana,IN,18101,4992,3961,933,0,79.35,18.69,0.0,Trump,Trump,Trump,3028,60.66,39.34
Miami County,Indiana,IN,18103,13977,10670,3046,0,76.34,21.790000000000003,0.0,Trump,Trump,Trump,7624,54.55,45.45
Monroe County,Indiana,IN,18105,59256,21004,37213,0,35.449999999999996,62.8,0.0,Harris,Biden,Clinton,16209,27.35,72.65
Montgomery County,Indiana,IN,18107,16581,12122,4134,0,73.11,24.93,0.0,Trump,Trump,Trump,7988,48.18,51.82
Morgan County,Indiana,IN,18109,35352,26965,7765,0,76.28,21.959999999999997,0.0,Trump,Trump,Trump,19200,54.32,45.68
Newton County,Indiana,IN,18111,6601,5131,1370,0,77.73,20.75,0.0,Trump,Trump,Trump,3761,56.98,43.02
Noble County,Indiana,IN,18113,18964,14209,4462,0,74.92999999999999,23.53,0.0,Trump,Trump,Trump,9747,51.4,48.6
Ohio County,Indiana,IN,18115,3091,2381,666,0,77.03,21.55,0.0,Trump,Trump,Trump,1715,55.48,44.52
Orange County,Indiana,IN,18117,8595,6467,1988,0,75.24,23.13,0.0,Trump,Trump,Trump,4479,52.11,47.89
Owen County,Indiana,IN,18119,9876,7360,2354,0,74.52,23.84,0.0,Trump,Trump,Trump,5006,50.68,49.32
Parke County,Indiana,IN,18121,6654,5158,1371,0,77.52,20.599999999999998,0.0,Trump,Trump,Trump,3787,56.92,43.08
Perry County,Indiana,IN,18123,8666,5549,2970,0,64.03,34.27,0.0,Trump,Trump,Trump,2579,29.76,70.24
Pike County,Indiana,IN,18125,6009,4610,1314,0,76.72,21.87,0.0,Trump,Trump,Trump,3296,54.85,45.15
Porter County,Indiana,IN,18127,84969,46109,37213,0,54.269999999999996,43.8,0.0,Trump,Trump,Trump,8896,10.47,89.53
Posey County,Indiana,IN,18129,12978,9206,3572,0,70.94,27.52,0.0,Trump,Trump,Trump,5634,43.42,56.58
Pulaski County,Indiana,IN,18131,5763,4372,1280,0,75.86,22.21,0.0,Trump,Trump,Trump,3092,53.65,46.35
Putnam County,Indiana,IN,18133,16734,12566,3871,0,75.09,23.13,0.0,Trump,Trump,Trump,8695,51.96,48.04
Randolph County,Indiana,IN,18135,10553,8008,2349,0,75.88000000000001,22.259999999999998,0.0,Trump,Trump,Trump,5659,53.62,46.38
Ripley County,Indiana,IN,18137,14405,11526,2682,0,80.01,18.62,0.0,Trump,Trump,Trump,8844,61.39,38.61
Rush County,Indiana,IN,18139,7656,5812,1675,0,75.91,21.88,0.0,Trump,Trump,Trump,4137,54.03,45.97
St. Joseph County,Indiana,IN,18141,110823,53585,55215,0,48.35,49.82,0.0,Harris,Biden,Clinton,1630,1.47,98.53
Scott County,Indiana,IN,18143,10187,7633,2389,0,74.92999999999999,23.45,0.0,Trump,Trump,Trump,5244,51.48,48.52
Shelby County,Indiana,IN,18145,19754,14438,4955,0,73.09,25.080000000000002,0.0,Trump,Trump,Trump,9483,48.01,51.99
Spencer County,Indiana,IN,18147,10442,7364,2853,0,70.52000000000001,27.32,0.0,Trump,Trump,Trump,4511,43.2,56.8
Starke County,Indiana,IN,18149,10478,7889,2436,0,75.29,23.25,0.0,Trump,Trump,Trump,5453,52.04,47.96
Steuben County,Indiana,IN,18151,16364,11487,4598,0,70.19999999999999,28.1,0.0,Trump,Trump,Trump,6889,42.1,57.9
Sullivan County,Indiana,IN,18153,8795,6639,2006,0,75.49,22.81,0.0,Trump,Trump,Trump,4633,52.68,47.32
Switzerland County,Indiana,IN,18155,4258,3319,873,0,77.95,20.5,0.0,Trump,Trump,Trump,2446,57.45,42.55
Tippecanoe County,Indiana,IN,18157,66906,32783,32683,0,49.0,48.85,0.0,Trump,Biden,Trump,100,0.15,99.85
Tipton County,Indiana,IN,18159,7976,5946,1893,0,74.55000000000001,23.73,0.0,Trump,Trump,Trump,4053,50.82,49.18
Union County,Indiana,IN,18161,3494,2698,746,0,77.22,21.349999999999998,0.0,Trump,Trump,Trump,1952,55.87,44.13
Vanderburgh County,Indiana,IN,18163,73832,41056,31727,0,55.61000000000001,42.970000000000006,0.0,Trump,Trump,Trump,9329,12.64,87.36
Vermillion County,Indiana,IN,18165,7256,5174,1928,0,71.31,26.57,0.0,Trump,Trump,Trump,3246,44.74,55.26
Vigo County,Indiana,IN,18167,40914,23738,16338,0,58.02,39.93,0.0,Trump,Trump,Trump,7400,18.09,81.91
Wabash County,Indiana,IN,18169,13961,10425,3335,0,74.67,23.89,0.0,Trump,Trump,Trump,7090,50.78,49.22
Warren County,Indiana,IN,18171,4370,3402,898,0,77.85,20.549999999999997,0.0,Trump,Trump,Trump,2504,57.3,42.7
Warrick County,Indiana,IN,18173,33102,21280,11292,0,64.29,34.11,0.0,Trump,Trump,Trump,9988,30.18,69.82
Washington County,Indiana,IN,18175,12723,9739,2764,0,76.55,21.72,0.0,Trump,Trump,Trump,6975,54.83,45.17
Wayne County,Indiana,IN,18177,26827,17526,8828,0,65.33,32.910000000000004,0.0,Trump,Trump,Trump,8698,32.42,67.58
Wells County,Indiana,IN,18179,14110,11006,2850,0,78.0,20.200000000000003,0.0,Trump,Trump,Trump,8156,57.8,42.2
White County,Indiana,IN,18181,11163,7969,2945,0,71.39,26.38,0.0,Trump,Trump,Trump,5024,45.01,54.99
Whitley County,Indiana,IN,18183,17740,13122,4275,0,73.97,24.099999999999998,0.0,Trump,Trump,Trump,8847,49.87,50.13
Adair County,Iowa,IA,19001,4080,2916,1086,0,26.619999999999997,71.47,0.0,Trump,Trump,Trump,1830,44.85,55.15
Adams County,Iowa,IA,19003,2135,1517,576,0,26.979999999999997,71.05,0.0,Trump,Trump,Trump,941,44.07,55.93
Allamakee County,Iowa,IA,19005,7318,4857,2350,0,32.11,66.36999999999999,0.0,Trump,Trump,Trump,2507,34.26,65.74
Appanoose County,Iowa,IA,19007,6484,4704,1686,0,26.0,72.55,0.0,Trump,Trump,Trump,3018,46.55,53.45
Audubon County,Iowa,IA,19009,3249,2214,970,0,29.86,68.14,0.0,Trump,Trump,Trump,1244,38.28,61.72
Benton County,Iowa,IA,19011,14509,9549,4739,0,32.66,65.81,0.0,Trump,Trump,Trump,4810,33.15,66.85
Black Hawk County,Iowa,IA,19013,62906,30572,31299,0,49.76,48.6,0.0,Harris,Biden,Clinton,727,1.16,98.84
Boone County,Iowa,IA,19015,15403,9199,5895,0,38.269999999999996,59.72,0.0,Trump,Trump,Trump,3304,21.45,78.55
Bremer County,Iowa,IA,19017,14607,8799,5571,0,38.14,60.24,0.0,Trump,Trump,Trump,3228,22.1,77.9
Buchanan County,Iowa,IA,19019,10750,6790,3766,0,35.03,63.160000000000004,0.0,Trump,Trump,Trump,3024,28.13,71.87
Buena Vista County,Iowa,IA,19021,7537,4962,2462,0,32.67,65.84,0.0,Trump,Trump,Trump,2500,33.17,66.83
Butler County,Iowa,IA,19023,8046,5784,2144,0,26.650000000000002,71.89,0.0,Trump,Trump,Trump,3640,45.24,54.76
Calhoun County,Iowa,IA,19025,5097,3708,1328,0,26.05,72.75,0.0,Trump,Trump,Trump,2380,46.7,53.3
Carroll County,Iowa,IA,19027,11140,7814,3153,0,28.299999999999997,70.14,0.0,Trump,Trump,Trump,4661,41.84,58.16
Cass County,Iowa,IA,19029,7217,5007,2077,0,28.78,69.38,0.0,Trump,Trump,Trump,2930,40.6,59.4
Cedar County,Iowa,IA,19031,10644,6390,4075,0,38.279999999999994,60.029999999999994,0.0,Trump,Trump,Trump,2315,21.75,78.25
Cerro Gordo County,Iowa,IA,19033,23020,12627,9955,0,43.25,54.85,0.0,Trump,Trump,Trump,2672,11.6,88.4
Cherokee County,Iowa,IA,19035,6105,4398,1611,0,26.39,72.04,0.0,Trump,Trump,Trump,2787,45.65,54.35
Chickasaw County,Iowa,IA,19037,6239,4234,1919,0,30.759999999999998,67.86,0.0,Trump,Trump,Trump,2315,37.1,62.9
Clarke County,Iowa,IA,19039,4479,3140,1265,0,28.24,70.1,0.0,Trump,Trump,Trump,1875,41.86,58.14
Clay County,Iowa,IA,19041,8541,6047,2367,0,27.71,70.8,0.0,Trump,Trump,Trump,3680,43.09,56.91
Clayton County,Iowa,IA,19043,9400,6255,3017,0,32.1,66.53999999999999,0.0,Trump,Trump,Trump,3238,34.44,65.56
Clinton County,Iowa,IA,19045,23878,13964,9472,0,39.67,58.48,0.0,Trump,Trump,Trump,4492,18.81,81.19
Crawford County,Iowa,IA,19047,6545,4651,1812,0,27.689999999999998,71.06,0.0,Trump,Trump,Trump,2839,43.37,56.63
Dallas County,Iowa,IA,19049,62961,32374,29402,0,46.7,51.42,0.0,Trump,Trump,Trump,2972,4.72,95.28
Davis County,Iowa,IA,19051,3954,3027,878,0,22.21,76.55999999999999,0.0,Trump,Trump,Trump,2149,54.35,45.65
Decatur County,Iowa,IA,19053,3739,2711,957,0,25.6,72.50999999999999,0.0,Trump,Trump,Trump,1754,46.91,53.09
Delaware County,Iowa,IA,19055,10138,6984,2978,0,29.37,68.89,0.0,Trump,Trump,Trump,4006,39.52,60.48
Des Moines County,Iowa,IA,19057,19054,10794,7935,0,41.64,56.65,0.0,Trump,Trump,Trump,2859,15.01,84.99
Dickinson County,Iowa,IA,19059,11234,7775,3297,0,29.349999999999998,69.21000000000001,0.0,Trump,Trump,Trump,4478,39.86,60.14
Dubuque County,Iowa,IA,19061,52770,28224,23705,0,44.92,53.480000000000004,0.0,Trump,Trump,Trump,4519,8.56,91.44
Emmet County,Iowa,IA,19063,4798,3422,1315,0,27.41,71.32,0.0,Trump,Trump,Trump,2107,43.91,56.09
Fayette County,Iowa,IA,19065,9848,6325,3334,0,33.85,64.23,0.0,Trump,Trump,Trump,2991,30.38,69.62
Floyd County,Iowa,IA,19067,7650,4744,2782,0,36.370000000000005,62.01,0.0,Trump,Trump,Trump,1962,25.64,74.36
Franklin County,Iowa,IA,19069,4900,3431,1393,0,28.43,70.02000000000001,0.0,Trump,Trump,Trump,2038,41.59,58.41
Fremont County,Iowa,IA,19071,3795,2711,1023,0,26.96,71.44,0.0,Trump,Trump,Trump,1688,44.48,55.52
Greene County,Iowa,IA,19073,4881,3211,1603,0,32.84,65.79,0.0,Trump,Trump,Trump,1608,32.95,67.05
Grundy County,Iowa,IA,19075,7146,4998,2019,0,28.249999999999996,69.94,0.0,Trump,Trump,Trump,2979,41.69,58.31
Guthrie County,Iowa,IA,19077,6543,4446,1974,0,30.17,67.95,0.0,Trump,Trump,Trump,2472,37.78,62.22
Hamilton County,Iowa,IA,19079,7597,5004,2482,0,32.67,65.86999999999999,0.0,Trump,Trump,Trump,2522,33.2,66.8
Hancock County,Iowa,IA,19081,5939,4336,1523,0,25.64,73.00999999999999,0.0,Trump,Trump,Trump,2813,47.37,52.63
Hardin County,Iowa,IA,19083,8460,5790,2553,0,30.18,68.44,0.0,Trump,Trump,Trump,3237,38.26,61.74
Harrison County,Iowa,IA,19085,7959,5566,2245,0,28.21,69.93,0.0,Trump,Trump,Trump,3321,41.72,58.28
Henry County,Iowa,IA,19087,9600,6439,2995,0,31.2,67.07,0.0,Trump,Trump,Trump,3444,35.87,64.13
Howard County,Iowa,IA,19089,4850,3157,1619,0,33.379999999999995,65.09,0.0,Trump,Trump,Trump,1538,31.71,68.29
Humboldt County,Iowa,IA,19091,5083,3770,1236,0,24.32,74.17,0.0,Trump,Trump,Trump,2534,49.85,50.15
Ida County,Iowa,IA,19093,3655,2771,826,0,22.6,75.81,0.0,Trump,Trump,Trump,1945,53.21,46.79
Iowa County,Iowa,IA,19095,9639,6068,3400,0,35.27,62.949999999999996,0.0,Trump,Trump,Trump,2668,27.68,72.32
Jackson County,Iowa,IA,19097,10801,7074,3567,0,33.019999999999996,65.49000000000001,0.0,Trump,Trump,Trump,3507,32.47,67.53
Jasper County,Iowa,IA,19099,20198,12701,7141,0,35.35,62.88,0.0,Trump,Trump,Trump,5560,27.53,72.47
Jefferson County,Iowa,IA,19101,8346,4353,3788,0,45.39,52.16,0.0,Trump,Trump,Trump,565,6.77,93.23
Johnson County,Iowa,IA,19103,86644,26087,58846,0,67.92,30.11,0.0,Harris,Biden,Clinton,32759,37.81,62.19
Jones County,Iowa,IA,19105,10980,6820,3942,0,35.9,62.11,0.0,Trump,Trump,Trump,2878,26.21,73.79
Keokuk County,Iowa,IA,19107,5150,3869,1219,0,23.669999999999998,75.13,0.0,Trump,Trump,Trump,2650,51.46,48.54
Kossuth County,Iowa,IA,19109,8397,5983,2284,0,27.200000000000003,71.25,0.0,Trump,Trump,Trump,3699,44.05,55.95
Lee County,Iowa,IA,19111,16198,10152,5659,0,34.94,62.67,0.0,Trump,Trump,Trump,4493,27.73,72.27
Linn County,Iowa,IA,19113,122959,54237,66358,0,53.97,44.11,0.0,Harris,Biden,Clinton,12121,9.86,90.14
Louisa County,Iowa,IA,19115,5142,3584,1480,0,28.78,69.69999999999999,0.0,Trump,Trump,Trump,2104,40.92,59.08
Lucas County,Iowa,IA,19117,4646,3400,1169,0,25.16,73.18,0.0,Trump,Trump,Trump,2231,48.02,51.98
Lyon County,Iowa,IA,19119,7002,5899,1023,0,14.610000000000001,84.25,0.0,Trump,Trump,Trump,4876,69.64,30.36
Madison County,Iowa,IA,19121,10028,6864,3008,0,30.0,68.45,0.0,Trump,Trump,Trump,3856,38.45,61.55
Mahaska County,Iowa,IA,19123,10946,8207,2577,0,23.54,74.98,0.0,Trump,Trump,Trump,5630,51.44,48.56
Marion County,Iowa,IA,19125,19566,13289,5928,0,30.3,67.92,0.0,Trump,Trump,Trump,7361,37.62,62.38
Marshall County,Iowa,IA,19127,17270,9815,7134,0,41.31,56.830000000000005,0.0,Trump,Trump,Trump,2681,15.52,84.48
Mills County,Iowa,IA,19129,8253,5671,2456,0,29.759999999999998,68.71000000000001,0.0,Trump,Trump,Trump,3215,38.95,61.05
Mitchell County,Iowa,IA,19131,5771,3736,1943,0,33.67,64.74,0.0,Trump,Trump,Trump,1793,31.07,68.93
Monona County,Iowa,IA,19133,4637,3331,1236,0,26.66,71.84,0.0,Trump,Trump,Trump,2095,45.18,54.82
Monroe County,Iowa,IA,19135,4158,3104,1002,0,24.099999999999998,74.65,0.0,Trump,Trump,Trump,2102,50.55,49.45
Montgomery County,Iowa,IA,19137,5074,3486,1508,0,29.720000000000002,68.7,0.0,Trump,Trump,Trump,1978,38.98,61.02
Muscatine County,Iowa,IA,19139,19752,11152,8212,0,41.58,56.46,0.0,Trump,Trump,Trump,2940,14.88,85.12
O'Brien County,Iowa,IA,19141,7525,5998,1428,0,18.98,79.71000000000001,0.0,Trump,Trump,Trump,4570,60.73,39.27
Osceola County,Iowa,IA,19143,3229,2623,555,0,17.19,81.23,0.0,Trump,Trump,Trump,2068,64.04,35.96
Page County,Iowa,IA,19145,7322,5153,2060,0,28.13,70.38,0.0,Trump,Trump,Trump,3093,42.25,57.75
Palo Alto County,Iowa,IA,19147,4982,3576,1338,0,26.86,71.78,0.0,Trump,Trump,Trump,2238,44.92,55.08
Plymouth County,Iowa,IA,19149,13971,10661,3104,0,22.220000000000002,76.31,0.0,Trump,Trump,Trump,7557,54.09,45.91
Pocahontas County,Iowa,IA,19151,3582,2727,796,0,22.220000000000002,76.13,0.0,Trump,Trump,Trump,1931,53.91,46.09
Polk County,Iowa,IA,19153,256838,112240,140075,0,54.54,43.7,0.0,Harris,Biden,Clinton,27835,10.84,89.16
Pottawattamie County,Iowa,IA,19155,44559,26335,17468,0,39.2,59.099999999999994,0.0,Trump,Trump,Trump,8867,19.9,80.1
Poweshiek County,Iowa,IA,19157,10013,5758,4067,0,40.62,57.50999999999999,0.0,Trump,Trump,Trump,1691,16.89,83.11
Ringgold County,Iowa,IA,19159,2686,2015,638,0,23.75,75.02,0.0,Trump,Trump,Trump,1377,51.27,48.73
Sac County,Iowa,IA,19161,5460,4100,1289,0,23.61,75.09,0.0,Trump,Trump,Trump,2811,51.48,48.52
Scott County,Iowa,IA,19163,90133,45976,42479,0,47.13,51.01,0.0,Trump,Biden,Clinton,3497,3.88,96.12
Shelby County,Iowa,IA,19165,6505,4600,1811,0,27.839999999999996,70.71,0.0,Trump,Trump,Trump,2789,42.87,57.13
Sioux County,Iowa,IA,19167,19001,16053,2626,0,13.819999999999999,84.49,0.0,Trump,Trump,Trump,13427,70.67,29.33
Story County,Iowa,IA,19169,49526,21665,26765,0,54.04,43.74,0.0,Harris,Biden,Clinton,5100,10.3,89.7
Tama County,Iowa,IA,19171,8616,5379,3070,0,35.63,62.43,0.0,Trump,Trump,Trump,2309,26.8,73.2
Taylor County,Iowa,IA,19173,3081,2381,666,0,21.62,77.28,0.0,Trump,Trump,Trump,1715,55.66,44.34
Union County,Iowa,IA,19175,6013,4044,1874,0,31.169999999999998,67.25,0.0,Trump,Trump,Trump,2170,36.08,63.92
Van Buren County,Iowa,IA,19177,3625,2785,778,0,21.46,76.83,0.0,Trump,Trump,Trump,2007,55.37,44.63
Wapello County,Iowa,IA,19179,14583,9479,4896,0,33.57,65.0,0.0,Trump,Trump,Trump,4583,31.43,68.57
Warren County,Iowa,IA,19181,32804,19486,12712,0,38.75,59.4,0.0,Trump,Trump,Trump,6774,20.65,79.35
Washington County,Iowa,IA,19183,11588,7119,4297,0,37.08,61.42999999999999,0.0,Trump,Trump,Trump,2822,24.35,75.65
Wayne County,Iowa,IA,19185,3124,2426,643,0,20.580000000000002,77.66,0.0,Trump,Trump,Trump,1783,57.08,42.92
Webster County,Iowa,IA,19187,16748,10850,5641,0,33.68,64.78,0.0,Trump,Trump,Trump,5209,31.1,68.9
Winnebago County,Iowa,IA,19189,5642,3636,1909,0,33.839999999999996,64.45,0.0,Trump,Trump,Trump,1727,30.61,69.39
Winneshiek County,Iowa,IA,19191,11979,6427,5321,0,44.42,53.65,0.0,Trump,Trump,Trump,1106,9.23,90.77
Woodbury County,Iowa,IA,19193,42921,25969,16145,0,37.62,60.5,0.0,Trump,Trump,Trump,9824,22.88,77.12
Worth County,Iowa,IA,19195,4287,2715,1508,0,35.18,63.33,0.0,Trump,Trump,Trump,1207,28.15,71.85
Wright County,Iowa,IA,19197,5723,3853,1770,0,30.930000000000003,67.32000000000001,0.0,Trump,Trump,Trump,2083,36.39,63.61
Allen County,Kansas,KS,20001,5600,4029,1445,0,71.95,25.8,0.0,Trump,Trump,Trump,2584,46.15,53.85
Anderson County,Kansas,KS,20003,3791,2998,732,0,79.08,19.31,0.0,Trump,Trump,Trump,2266,59.77,40.23
Atchison County,Kansas,KS,20005,7255,4911,2201,0,67.69,30.34,0.0,Trump,Trump,Trump,2710,37.35,62.65
Barber County,Kansas,KS,20007,2170,1854,288,0,85.44,13.270000000000001,0.0,Trump,Trump,Trump,1566,72.17,27.83
Barton County,Kansas,KS,20009,10570,8205,2207,0,77.63,20.880000000000003,0.0,Trump,Trump,Trump,5998,56.75,43.25
Bourbon County,Kansas,KS,20011,6572,5003,1444,0,76.13,21.97,0.0,Trump,Trump,Trump,3559,54.16,45.84
Brown County,Kansas,KS,20013,4258,3106,1065,0,72.95,25.009999999999998,0.0,Trump,Trump,Trump,2041,47.94,52.06
Butler County,Kansas,KS,20015,32236,22426,9150,0,69.57,28.38,0.0,Trump,Trump,Trump,13276,41.19,58.81
Chase County,Kansas,KS,20017,1462,1090,348,0,74.56,23.799999999999997,0.0,Trump,Trump,Trump,742,50.76,49.24
Chautauqua County,Kansas,KS,20019,1527,1299,211,0,85.07000000000001,13.819999999999999,0.0,Trump,Trump,Trump,1088,71.25,28.75
Cherokee County,Kansas,KS,20021,8717,6584,1970,0,75.53,22.6,0.0,Trump,Trump,Trump,4614,52.93,47.07
Cheyenne County,Kansas,KS,20023,1422,1185,206,0,83.33,14.49,0.0,Trump,Trump,Trump,979,68.84,31.16
Clark County,Kansas,KS,20025,1014,867,129,0,85.5,12.72,0.0,Trump,Trump,Trump,738,72.78,27.22
Clay County,Kansas,KS,20027,4113,3150,867,0,76.59,21.08,0.0,Trump,Trump,Trump,2283,55.51,44.49
Cloud County,Kansas,KS,20029,4047,3218,767,0,79.52,18.95,0.0,Trump,Trump,Trump,2451,60.57,39.43
Coffey County,Kansas,KS,20031,4377,3371,934,0,77.02,21.34,0.0,Trump,Trump,Trump,2437,55.68,44.32
Comanche County,Kansas,KS,20033,874,727,130,0,83.17999999999999,14.87,0.0,Trump,Trump,Trump,597,68.31,31.69
Cowley County,Kansas,KS,20035,13505,9360,3919,0,69.31,29.020000000000003,0.0,Trump,Trump,Trump,5441,40.29,59.71
Crawford County,Kansas,KS,20037,16334,10084,5956,0,61.739999999999995,36.46,0.0,Trump,Trump,Trump,4128,25.28,74.72
Decatur County,Kansas,KS,20039,1452,1217,215,0,83.82,14.81,0.0,Trump,Trump,Trump,1002,69.01,30.99
Dickinson County,Kansas,KS,20041,9144,7014,1989,0,76.71,21.75,0.0,Trump,Trump,Trump,5025,54.96,45.04
Doniphan County,Kansas,KS,20043,3577,2899,626,0,81.05,17.5,0.0,Trump,Trump,Trump,2273,63.55,36.45
Douglas County,Kansas,KS,20045,58041,17523,39582,0,30.19,68.2,0.0,Harris,Biden,Clinton,22059,38.01,61.99
Edwards County,Kansas,KS,20047,1269,1042,213,0,82.11,16.78,0.0,Trump,Trump,Trump,829,65.33,34.67
Elk County,Kansas,KS,20049,1338,1123,191,0,83.93,14.280000000000001,0.0,Trump,Trump,Trump,932,69.65,30.35
Ellis County,Kansas,KS,20051,13511,9743,3511,0,72.11,25.990000000000002,0.0,Trump,Trump,Trump,6232,46.12,53.88
Ellsworth County,Kansas,KS,20053,2758,2078,636,0,75.33999999999999,23.06,0.0,Trump,Trump,Trump,1442,52.28,47.72
Finney County,Kansas,KS,20055,10782,7166,3425,0,66.46,31.77,0.0,Trump,Trump,Trump,3741,34.69,65.31
Ford County,Kansas,KS,20057,8224,5616,2461,0,68.28999999999999,29.92,0.0,Trump,Trump,Trump,3155,38.37,61.63
Franklin County,Kansas,KS,20059,12708,8773,3676,0,69.04,28.93,0.0,Trump,Trump,Trump,5097,40.11,59.89
Geary County,Kansas,KS,20061,9163,5288,3674,0,57.709999999999994,40.1,0.0,Trump,Trump,Trump,1614,17.61,82.39
Gove County,Kansas,KS,20063,1396,1227,150,0,87.89,10.74,0.0,Trump,Trump,Trump,1077,77.15,22.85
Graham County,Kansas,KS,20065,1287,1055,210,0,81.97,16.32,0.0,Trump,Trump,Trump,845,65.65,34.35
Grant County,Kansas,KS,20067,2220,1793,395,0,80.77,17.79,0.0,Trump,Trump,Trump,1398,62.98,37.02
Gray County,Kansas,KS,20069,2193,1837,324,0,83.77,14.77,0.0,Trump,Trump,Trump,1513,69.0,31.0
Greeley County,Kansas,KS,20071,593,510,75,0,86.0,12.65,0.0,Trump,Trump,Trump,435,73.35,26.65
Greenwood County,Kansas,KS,20073,2884,2299,541,0,79.72,18.759999999999998,0.0,Trump,Trump,Trump,1758,60.96,39.04
Hamilton County,Kansas,KS,20075,815,671,131,0,82.33,16.07,0.0,Trump,Trump,Trump,540,66.26,33.74
Harper County,Kansas,KS,20077,2555,2072,437,0,81.10000000000001,17.1,0.0,Trump,Trump,Trump,1635,64.0,36.0
Harvey County,Kansas,KS,20079,16086,9591,6202,0,59.62,38.56,0.0,Trump,Trump,Trump,3389,21.06,78.94
Haskell County,Kansas,KS,20081,1278,1045,221,0,81.77,17.29,0.0,Trump,Trump,Trump,824,64.48,35.52
Hodgeman County,Kansas,KS,20083,966,817,136,0,84.58,14.08,0.0,Trump,Trump,Trump,681,70.5,29.5
Jackson County,Kansas,KS,20085,6474,4557,1799,0,70.39,27.79,0.0,Trump,Trump,Trump,2758,42.6,57.4
Jefferson County,Kansas,KS,20087,9927,6694,3030,0,67.43,30.520000000000003,0.0,Trump,Trump,Trump,3664,36.91,63.09
Jewell County,Kansas,KS,20089,1574,1370,176,0,87.03999999999999,11.18,0.0,Trump,Trump,Trump,1194,75.86,24.14
Johnson County,Kansas,KS,20091,343780,154247,183451,0,44.87,53.36,0.0,Harris,Biden,Trump,29204,8.49,91.51
Kearny County,Kansas,KS,20093,1301,1082,192,0,83.17,14.760000000000002,0.0,Trump,Trump,Trump,890,68.41,31.59
Kingman County,Kansas,KS,20095,3947,3119,753,0,79.02,19.08,0.0,Trump,Trump,Trump,2366,59.94,40.06
Kiowa County,Kansas,KS,20097,1107,941,151,0,85.0,13.639999999999999,0.0,Trump,Trump,Trump,790,71.36,28.64
Labette County,Kansas,KS,20099,7921,5410,2385,0,68.30000000000001,30.11,0.0,Trump,Trump,Trump,3025,38.19,61.81
Lane County,Kansas,KS,20101,843,709,111,0,84.1,13.170000000000002,0.0,Trump,Trump,Trump,598,70.93,29.07
Leavenworth County,Kansas,KS,20103,36547,22055,13732,0,60.35,37.57,0.0,Trump,Trump,Trump,8323,22.78,77.22
Lincoln County,Kansas,KS,20105,1507,1233,250,0,81.82000000000001,16.59,0.0,Trump,Trump,Trump,983,65.23,34.77
Linn County,Kansas,KS,20107,5016,4093,854,0,81.6,17.03,0.0,Trump,Trump,Trump,3239,64.57,35.43
Logan County,Kansas,KS,20109,1400,1186,183,0,84.71,13.07,0.0,Trump,Trump,Trump,1003,71.64,28.36
Lyon County,Kansas,KS,20111,13256,7462,5515,0,56.28999999999999,41.6,0.0,Trump,Trump,Trump,1947,14.69,85.31
McPherson County,Kansas,KS,20113,14104,9816,4021,0,69.6,28.51,0.0,Trump,Trump,Trump,5795,41.09,58.91
Marion County,Kansas,KS,20115,5870,4312,1429,0,73.46000000000001,24.34,0.0,Trump,Trump,Trump,2883,49.12,50.88
Marshall County,Kansas,KS,20117,4968,3644,1205,0,73.35000000000001,24.26,0.0,Trump,Trump,Trump,2439,49.09,50.91
Meade County,Kansas,KS,20119,1695,1427,247,0,84.19,14.57,0.0,Trump,Trump,Trump,1180,69.62,30.38
Miami County,Kansas,KS,20121,18685,12854,5472,0,68.78999999999999,29.29,0.0,Trump,Trump,Trump,7382,39.5,60.5
Mitchell County,Kansas,KS,20123,3172,2608,528,0,82.22,16.650000000000002,0.0,Trump,Trump,Trump,2080,65.57,34.43
Montgomery County,Kansas,KS,20125,12441,9287,2934,0,74.65,23.580000000000002,0.0,Trump,Trump,Trump,6353,51.07,48.93
Morris County,Kansas,KS,20127,2792,2021,721,0,72.39,25.82,0.0,Trump,Trump,Trump,1300,46.57,53.43
Morton County,Kansas,KS,20129,1060,909,131,0,85.75,12.36,0.0,Trump,Trump,Trump,778,73.39,26.61
Nemaha County,Kansas,KS,20131,5620,4655,888,0,82.83,15.8,0.0,Trump,Trump,Trump,3767,67.03,32.97
Neosho County,Kansas,KS,20133,6784,4961,1696,0,73.13,25.0,0.0,Trump,Trump,Trump,3265,48.13,51.87
Ness County,Kansas,KS,20135,1363,1205,129,0,88.41,9.46,0.0,Trump,Trump,Trump,1076,78.95,21.05
Norton County,Kansas,KS,20137,2270,1882,346,0,82.91,15.24,0.0,Trump,Trump,Trump,1536,67.67,32.33
Osage County,Kansas,KS,20139,7892,5736,1946,0,72.68,24.66,0.0,Trump,Trump,Trump,3790,48.02,51.98
Osborne County,Kansas,KS,20141,1774,1477,261,0,83.26,14.71,0.0,Trump,Trump,Trump,1216,68.55,31.45
Ottawa County,Kansas,KS,20143,3003,2475,476,0,82.42,15.85,0.0,Trump,Trump,Trump,1999,66.57,33.43
Pawnee County,Kansas,KS,20145,2675,2003,625,0,74.88,23.36,0.0,Trump,Trump,Trump,1378,51.52,48.48
Phillips County,Kansas,KS,20147,2747,2356,331,0,85.77,12.049999999999999,0.0,Trump,Trump,Trump,2025,73.72,26.28
Pottawatomie County,Kansas,KS,20149,13472,9811,3394,0,72.83,25.19,0.0,Trump,Trump,Trump,6417,47.64,52.36
Pratt County,Kansas,KS,20151,4082,3054,954,0,74.82,23.369999999999997,0.0,Trump,Trump,Trump,2100,51.45,48.55
Rawlins County,Kansas,KS,20153,1403,1194,176,0,85.1,12.540000000000001,0.0,Trump,Trump,Trump,1018,72.56,27.44
Reno County,Kansas,KS,20155,26940,17847,8554,0,66.25,31.75,0.0,Trump,Trump,Trump,9293,34.5,65.5
Republic County,Kansas,KS,20157,2443,2001,396,0,81.91000000000001,16.21,0.0,Trump,Trump,Trump,1605,65.7,34.3
Rice County,Kansas,KS,20159,3966,3073,825,0,77.48,20.8,0.0,Trump,Trump,Trump,2248,56.68,43.32
Riley County,Kansas,KS,20161,24313,11630,12063,0,47.83,49.62,0.0,Harris,Biden,Trump,433,1.79,98.21
Rooks County,Kansas,KS,20163,2534,2153,349,0,84.96000000000001,13.77,0.0,Trump,Trump,Trump,1804,71.19,28.81
Rush County,Kansas,KS,20165,1606,1315,264,0,81.88,16.439999999999998,0.0,Trump,Trump,Trump,1051,65.44,34.56
Russell County,Kansas,KS,20167,3301,2632,608,0,79.73,18.42,0.0,Trump,Trump,Trump,2024,61.31,38.69
Saline County,Kansas,KS,20169,23226,15069,7734,0,64.88000000000001,33.300000000000004,0.0,Trump,Trump,Trump,7335,31.58,68.42
Scott County,Kansas,KS,20171,2135,1843,248,0,86.32,11.62,0.0,Trump,Trump,Trump,1595,74.7,25.3
Sedgwick County,Kansas,KS,20173,215550,120118,90506,0,55.730000000000004,41.99,0.0,Trump,Trump,Trump,29612,13.74,86.26
Seward County,Kansas,KS,20175,4565,3133,1354,0,68.63,29.659999999999997,0.0,Trump,Trump,Trump,1779,38.97,61.03
Shawnee County,Kansas,KS,20177,82342,39901,40308,0,48.46,48.949999999999996,0.0,Harris,Biden,Trump,407,0.49,99.51
Sheridan County,Kansas,KS,20179,1373,1229,126,0,89.51,9.180000000000001,0.0,Trump,Trump,Trump,1103,80.33,19.67
Sherman County,Kansas,KS,20181,2593,2161,379,0,83.34,14.62,0.0,Trump,Trump,Trump,1782,68.72,31.28
Smith County,Kansas,KS,20183,2006,1675,300,0,83.5,14.96,0.0,Trump,Trump,Trump,1375,68.54,31.46
Stafford County,Kansas,KS,20185,1909,1548,326,0,81.08999999999999,17.080000000000002,0.0,Trump,Trump,Trump,1222,64.01,35.99
Stanton County,Kansas,KS,20187,664,537,115,0,80.87,17.32,0.0,Trump,Trump,Trump,422,63.55,36.45
Stevens County,Kansas,KS,20189,1835,1595,210,0,86.92,11.44,0.0,Trump,Trump,Trump,1385,75.48,24.52
Sumner County,Kansas,KS,20191,10549,7810,2527,0,74.03999999999999,23.95,0.0,Trump,Trump,Trump,5283,50.09,49.91
Thomas County,Kansas,KS,20193,3664,3007,597,0,82.07,16.29,0.0,Trump,Trump,Trump,2410,65.78,34.22
Trego County,Kansas,KS,20195,1587,1343,216,0,84.63000000000001,13.61,0.0,Trump,Trump,Trump,1127,71.02,28.98
Wabaunsee County,Kansas,KS,20197,3836,2816,944,0,73.41,24.610000000000003,0.0,Trump,Trump,Trump,1872,48.8,51.2
Wallace County,Kansas,KS,20199,748,686,52,0,91.71000000000001,6.950000000000001,0.0,Trump,Trump,Trump,634,84.76,15.24
Washington County,Kansas,KS,20201,2700,2263,396,0,83.81,14.67,0.0,Trump,Trump,Trump,1867,69.14,30.86
Wichita County,Kansas,KS,20203,860,740,107,0,86.05000000000001,12.44,0.0,Trump,Trump,Trump,633,73.61,26.39
Wilson County,Kansas,KS,20205,3603,2894,647,0,80.32000000000001,17.96,0.0,Trump,Trump,Trump,2247,62.36,37.64
Woodson County,Kansas,KS,20207,1506,1205,282,0,80.01,18.73,0.0,Trump,Trump,Trump,923,61.28,38.72
Wyandotte County,Kansas,KS,20209,50602,18867,30938,0,37.29,61.14000000000001,0.0,Harris,Biden,Clinton,12071,23.85,76.15
Adair County,Kentucky,KY,21001,8974,7643,1257,13,85.17,14.01,0.13999999999999999,Trump,Trump,Trump,6386,71.16,28.84
Allen County,Kentucky,KY,21003,9418,7824,1505,14,83.07,15.98,0.15,Trump,Trump,Trump,6319,67.09,32.91
Anderson County,Kentucky,KY,21005,13095,9650,3226,39,73.69,24.64,0.3,Trump,Trump,Trump,6424,49.05,50.95
Ballard County,Kentucky,KY,21007,4088,3331,697,17,81.47999999999999,17.05,0.42,Trump,Trump,Trump,2634,64.43,35.57
Barren County,Kentucky,KY,21009,19802,15019,4565,31,75.85,23.05,0.16,Trump,Trump,Trump,10454,52.8,47.2
Bath County,Kentucky,KY,21011,5389,4041,1278,9,74.99,23.71,0.16999999999999998,Trump,Trump,Trump,2763,51.28,48.72
Bell County,Kentucky,KY,21013,9340,7831,1419,17,83.84,15.190000000000001,0.18,Trump,Trump,Trump,6412,68.65,31.35
Boone County,Kentucky,KY,21015,67421,45650,20601,226,67.71000000000001,30.56,0.33999999999999997,Trump,Trump,Trump,25049,37.15,62.85
Bourbon County,Kentucky,KY,21017,9537,6284,3088,31,65.89,32.379999999999995,0.33,Trump,Trump,Trump,3196,33.51,66.49
Boyd County,Kentucky,KY,21019,20951,14363,6291,51,68.56,30.03,0.24,Trump,Trump,Trump,8072,38.53,61.47
Boyle County,Kentucky,KY,21021,14373,9159,4990,41,63.72,34.72,0.29,Trump,Trump,Trump,4169,29.0,71.0
Bracken County,Kentucky,KY,21023,4153,3399,702,8,81.84,16.900000000000002,0.19,Trump,Trump,Trump,2697,64.94,35.06
Breathitt County,Kentucky,KY,21025,5113,4036,1002,17,78.94,19.6,0.33,Trump,Trump,Trump,3034,59.34,40.66
Breckinridge County,Kentucky,KY,21027,10048,7882,2038,26,78.44,20.28,0.26,Trump,Trump,Trump,5844,58.16,41.84
Bullitt County,Kentucky,KY,21029,43209,32299,10280,98,74.75,23.79,0.22999999999999998,Trump,Trump,Trump,22019,50.96,49.04
Butler County,Kentucky,KY,21031,5943,4905,965,11,82.53,16.24,0.19,Trump,Trump,Trump,3940,66.29,33.71
Caldwell County,Kentucky,KY,21033,6188,4860,1256,9,78.53999999999999,20.3,0.15,Trump,Trump,Trump,3604,58.24,41.76
Calloway County,Kentucky,KY,21035,16945,11539,5111,59,68.10000000000001,30.159999999999997,0.35000000000000003,Trump,Trump,Trump,6428,37.94,62.06
Campbell County,Kentucky,KY,21037,48334,28450,18952,212,58.86,39.21,0.44,Trump,Trump,Trump,9498,19.65,80.35
Carlisle County,Kentucky,KY,21039,2610,2182,408,1,83.6,15.629999999999999,0.04,Trump,Trump,Trump,1774,67.97,32.03
Carroll County,Kentucky,KY,21041,4025,3014,963,8,74.88,23.93,0.2,Trump,Trump,Trump,2051,50.95,49.05
Carter County,Kentucky,KY,21043,11422,8981,2305,22,78.63,20.18,0.19,Trump,Trump,Trump,6676,58.45,41.55
Casey County,Kentucky,KY,21045,7080,6216,804,6,87.8,11.360000000000001,0.08,Trump,Trump,Trump,5412,76.44,23.56
Christian County,Kentucky,KY,21047,21671,14332,7055,56,66.13,32.56,0.26,Trump,Trump,Trump,7277,33.57,66.43
Clark County,Kentucky,KY,21049,17885,11950,5639,60,66.82000000000001,31.53,0.33999999999999997,Trump,Trump,Trump,6311,35.29,64.71
Clay County,Kentucky,KY,21051,7517,6729,692,6,89.52,9.21,0.08,Trump,Trump,Trump,6037,80.31,19.69
Clinton County,Kentucky,KY,21053,4880,4276,549,5,87.62,11.25,0.1,Trump,Trump,Trump,3727,76.37,23.63
Crittenden County,Kentucky,KY,21055,4010,3349,608,15,83.52000000000001,15.160000000000002,0.37,Trump,Trump,Trump,2741,68.36,31.64
Cumberland County,Kentucky,KY,21057,3442,2922,483,3,84.89,14.030000000000001,0.09,Trump,Trump,Trump,2439,70.86,29.14
Daviess County,Kentucky,KY,21059,47097,30705,15673,133,65.2,33.28,0.27999999999999997,Trump,Trump,Trump,15032,31.92,68.08
Edmonson County,Kentucky,KY,21061,6247,5048,1118,6,80.81,17.9,0.1,Trump,Trump,Trump,3930,62.91,37.09
Elliott County,Kentucky,KY,21063,2911,2335,532,9,80.21000000000001,18.279999999999998,0.31,Trump,Trump,Trump,1803,61.93,38.07
Estill County,Kentucky,KY,21065,6290,5091,1114,8,80.94,17.71,0.13,Trump,Trump,Trump,3977,63.23,36.77
Fayette County,Kentucky,KY,21067,143935,57347,83387,1020,39.839999999999996,57.93000000000001,0.7100000000000001,Harris,Biden,Clinton,26040,18.09,81.91
Fleming County,Kentucky,KY,21069,7000,5578,1334,9,79.69000000000001,19.06,0.13,Trump,Trump,Trump,4244,60.63,39.37
Floyd County,Kentucky,KY,21071,15652,12326,3061,40,78.75,19.56,0.26,Trump,Trump,Trump,9265,59.19,40.81
Franklin County,Kentucky,KY,21073,25763,13246,11996,127,51.41,46.56,0.49,Trump,Trump,Trump,1250,4.85,95.15
Fulton County,Kentucky,KY,21075,2145,1491,636,2,69.51,29.65,0.09,Trump,Trump,Trump,855,39.86,60.14
Gallatin County,Kentucky,KY,21077,3917,3109,761,9,79.36999999999999,19.43,0.22999999999999998,Trump,Trump,Trump,2348,59.94,40.06
Garrard County,Kentucky,KY,21079,8917,7086,1719,21,79.47,19.28,0.24,Trump,Trump,Trump,5367,60.19,39.81
Grant County,Kentucky,KY,21081,11469,9372,1944,28,81.72,16.950000000000003,0.24,Trump,Trump,Trump,7428,64.77,35.23
Graves County,Kentucky,KY,21083,16678,13378,3105,35,80.21000000000001,18.62,0.21,Trump,Trump,Trump,10273,61.59,38.41
Grayson County,Kentucky,KY,21085,12095,9710,2235,25,80.28,18.48,0.21,Trump,Trump,Trump,7475,61.8,38.2
Green County,Kentucky,KY,21087,5857,5033,782,11,85.92999999999999,13.350000000000001,0.19,Trump,Trump,Trump,4251,72.58,27.42
Greenup County,Kentucky,KY,21089,17374,12961,4181,39,74.6,24.060000000000002,0.22,Trump,Trump,Trump,8780,50.54,49.46
Hancock County,Kentucky,KY,21091,4633,3375,1173,9,72.85000000000001,25.319999999999997,0.19,Trump,Trump,Trump,2202,47.53,52.47
Hardin County,Kentucky,KY,21093,48082,30672,16572,185,63.79,34.47,0.38,Trump,Trump,Trump,14100,29.32,70.68
Harlan County,Kentucky,KY,21095,10388,9109,1199,14,87.69,11.540000000000001,0.13,Trump,Trump,Trump,7910,76.15,23.85
Harrison County,Kentucky,KY,21097,9018,6639,2265,22,73.61999999999999,25.119999999999997,0.24,Trump,Trump,Trump,4374,48.5,51.5
Hart County,Kentucky,KY,21099,8409,6691,1642,13,79.57,19.53,0.15,Trump,Trump,Trump,5049,60.04,39.96
Henderson County,Kentucky,KY,21101,19688,12592,6837,48,63.959999999999994,34.73,0.24,Trump,Trump,Trump,5755,29.23,70.77
Henry County,Kentucky,KY,21103,8074,6093,1857,19,75.46000000000001,23.0,0.24,Trump,Trump,Trump,4236,52.46,47.54
Hickman County,Kentucky,KY,21105,2069,1656,394,5,80.04,19.040000000000003,0.24,Trump,Trump,Trump,1262,61.0,39.0
Hopkins County,Kentucky,KY,21107,20537,15361,4916,47,74.8,23.94,0.22999999999999998,Trump,Trump,Trump,10445,50.86,49.14
Jackson County,Kentucky,KY,21109,5934,5358,506,15,90.29,8.53,0.25,Trump,Trump,Trump,4852,81.76,18.24
Jefferson County,Kentucky,KY,21111,354094,144553,203070,2029,40.82,57.35,0.5700000000000001,Harris,Biden,Clinton,58517,16.53,83.47
Jessamine County,Kentucky,KY,21113,26685,17854,8303,131,66.91,31.11,0.49,Trump,Trump,Trump,9551,35.8,64.2
Johnson County,Kentucky,KY,21115,9622,8150,1350,17,84.7,14.030000000000001,0.18,Trump,Trump,Trump,6800,70.67,29.33
Kenton County,Kentucky,KY,21117,80948,48444,30859,440,59.85,38.12,0.54,Trump,Trump,Trump,17585,21.73,78.27
Knott County,Kentucky,KY,21119,6003,4732,1181,20,78.83,19.67,0.33,Trump,Trump,Trump,3551,59.16,40.84
Knox County,Kentucky,KY,21121,13156,11178,1821,36,84.97,13.84,0.27,Trump,Trump,Trump,9357,71.13,28.87
Larue County,Kentucky,KY,21123,7259,5773,1389,16,79.53,19.13,0.22,Trump,Trump,Trump,4384,60.4,39.6
Laurel County,Kentucky,KY,21125,27887,23516,4037,74,84.33,14.48,0.27,Trump,Trump,Trump,19479,69.85,30.15
Lawrence County,Kentucky,KY,21127,6574,5464,1044,12,83.12,15.879999999999999,0.18,Trump,Trump,Trump,4420,67.24,32.76
Lee County,Kentucky,KY,21129,2690,2227,406,16,82.78999999999999,15.09,0.59,Trump,Trump,Trump,1821,67.7,32.3
Leslie County,Kentucky,KY,21131,4357,3908,382,16,89.69,8.77,0.37,Trump,Trump,Trump,3526,80.92,19.08
Letcher County,Kentucky,KY,21133,8431,6848,1457,23,81.22,17.28,0.27,Trump,Trump,Trump,5391,63.94,36.06
Lewis County,Kentucky,KY,21135,5721,4997,666,9,87.33999999999999,11.64,0.16,Trump,Trump,Trump,4331,75.7,24.3
Lincoln County,Kentucky,KY,21137,11034,8833,2080,17,80.05,18.85,0.15,Trump,Trump,Trump,6753,61.2,38.8
Livingston County,Kentucky,KY,21139,4972,4021,886,9,80.87,17.82,0.18,Trump,Trump,Trump,3135,63.05,36.95
Logan County,Kentucky,KY,21141,12511,9620,2734,16,76.89,21.85,0.13,Trump,Trump,Trump,6886,55.04,44.96
Lyon County,Kentucky,KY,21143,4187,3187,950,4,76.12,22.689999999999998,0.1,Trump,Trump,Trump,2237,53.43,46.57
McCracken County,Kentucky,KY,21145,31947,21349,10191,78,66.83,31.900000000000002,0.24,Trump,Trump,Trump,11158,34.93,65.07
McCreary County,Kentucky,KY,21147,6212,5531,641,4,89.03999999999999,10.32,0.06,Trump,Trump,Trump,4890,78.72,21.28
McLean County,Kentucky,KY,21149,4634,3578,989,10,77.21000000000001,21.34,0.22,Trump,Trump,Trump,2589,55.87,44.13
Madison County,Kentucky,KY,21151,45188,29130,15180,200,64.46,33.589999999999996,0.44,Trump,Trump,Trump,13950,30.87,69.13
Magoffin County,Kentucky,KY,21153,5274,4288,909,16,81.3,17.24,0.3,Trump,Trump,Trump,3379,64.06,35.94
Marion County,Kentucky,KY,21155,9102,6473,2513,16,71.12,27.61,0.18,Trump,Trump,Trump,3960,43.51,56.49
Marshall County,Kentucky,KY,21157,17602,13677,3700,36,77.7,21.02,0.2,Trump,Trump,Trump,9977,56.68,43.32
Martin County,Kentucky,KY,21159,3655,3343,287,6,91.46,7.85,0.16,Trump,Trump,Trump,3056,83.61,16.39
Mason County,Kentucky,KY,21161,7901,5621,2170,20,71.14,27.46,0.25,Trump,Trump,Trump,3451,43.68,56.32
Meade County,Kentucky,KY,21163,14123,10630,3279,27,75.27000000000001,23.22,0.19,Trump,Trump,Trump,7351,52.05,47.95
Menifee County,Kentucky,KY,21165,3294,2563,664,12,77.81,20.16,0.36,Trump,Trump,Trump,1899,57.65,42.35
Mercer County,Kentucky,KY,21167,11851,8826,2838,25,74.47,23.95,0.21,Trump,Trump,Trump,5988,50.52,49.48
Metcalfe County,Kentucky,KY,21169,5127,4197,884,9,81.86,17.24,0.18,Trump,Trump,Trump,3313,64.62,35.38
Monroe County,Kentucky,KY,21171,5308,4679,576,8,88.14999999999999,10.85,0.15,Trump,Trump,Trump,4103,77.3,22.7
Montgomery County,Kentucky,KY,21173,12821,9302,3329,33,72.55,25.97,0.26,Trump,Trump,Trump,5973,46.58,53.42
Morgan County,Kentucky,KY,21175,5373,4353,939,18,81.02000000000001,17.48,0.33999999999999997,Trump,Trump,Trump,3414,63.54,36.46
Muhlenberg County,Kentucky,KY,21177,13692,10491,3048,27,76.62,22.259999999999998,0.2,Trump,Trump,Trump,7443,54.36,45.64
Nelson County,Kentucky,KY,21179,22852,16052,6515,43,70.24000000000001,28.51,0.19,Trump,Trump,Trump,9537,41.73,58.27
Nicholas County,Kentucky,KY,21181,3319,2451,824,7,73.85000000000001,24.83,0.21,Trump,Trump,Trump,1627,49.02,50.98
Ohio County,Kentucky,KY,21183,10937,8679,2094,23,79.35,19.15,0.21,Trump,Trump,Trump,6585,60.2,39.8
Oldham County,Kentucky,KY,21185,38210,23025,14402,193,60.260000000000005,37.69,0.51,Trump,Trump,Trump,8623,22.57,77.43
Owen County,Kentucky,KY,21187,5500,4434,988,11,80.62,17.96,0.2,Trump,Trump,Trump,3446,62.66,37.34
Owsley County,Kentucky,KY,21189,1839,1625,203,0,88.36,11.04,0.0,Trump,Trump,Trump,1422,77.32,22.68
Pendleton County,Kentucky,KY,21191,6900,5593,1210,21,81.06,17.54,0.3,Trump,Trump,Trump,4383,63.52,36.48
Perry County,Kentucky,KY,21193,9992,7913,1966,21,79.19,19.68,0.21,Trump,Trump,Trump,5947,59.51,40.49
Pike County,Kentucky,KY,21195,23950,19684,4025,34,82.19,16.81,0.13999999999999999,Trump,Trump,Trump,15659,65.38,34.62
Powell County,Kentucky,KY,21197,5360,4092,1174,13,76.34,21.9,0.24,Trump,Trump,Trump,2918,54.44,45.56
Pulaski County,Kentucky,KY,21199,31735,26051,5351,65,82.09,16.86,0.2,Trump,Trump,Trump,20700,65.23,34.77
Robertson County,Kentucky,KY,21201,1144,915,215,1,79.97999999999999,18.790000000000003,0.09,Trump,Trump,Trump,700,61.19,38.81
Rockcastle County,Kentucky,KY,21203,7724,6635,986,26,85.9,12.770000000000001,0.33999999999999997,Trump,Trump,Trump,5649,73.13,26.87
Rowan County,Kentucky,KY,21205,9873,6224,3484,33,63.04,35.29,0.33,Trump,Trump,Trump,2740,27.75,72.25
Russell County,Kentucky,KY,21207,8893,7622,1200,6,85.71,13.489999999999998,0.06999999999999999,Trump,Trump,Trump,6422,72.22,27.78
Scott County,Kentucky,KY,21209,29769,18747,10501,95,62.970000000000006,35.27,0.32,Trump,Trump,Trump,8246,27.7,72.3
Shelby County,Kentucky,KY,21211,24620,16356,7822,81,66.43,31.77,0.33,Trump,Trump,Trump,8534,34.66,65.34
Simpson County,Kentucky,KY,21213,8776,6253,2403,19,71.25,27.38,0.22,Trump,Trump,Trump,3850,43.87,56.13
Spencer County,Kentucky,KY,21215,11480,8927,2415,20,77.75999999999999,21.04,0.16999999999999998,Trump,Trump,Trump,6512,56.72,43.28
Taylor County,Kentucky,KY,21217,12261,9523,2576,22,77.66999999999999,21.01,0.18,Trump,Trump,Trump,6947,56.66,43.34
Todd County,Kentucky,KY,21219,5112,4009,1051,11,78.42,20.560000000000002,0.22,Trump,Trump,Trump,2958,57.86,42.14
Trigg County,Kentucky,KY,21221,7196,5436,1667,11,75.53999999999999,23.169999999999998,0.15,Trump,Trump,Trump,3769,52.37,47.63
Trimble County,Kentucky,KY,21223,4249,3283,923,9,77.27000000000001,21.72,0.21,Trump,Trump,Trump,2360,55.55,44.45
Union County,Kentucky,KY,21225,6058,4758,1225,11,78.53999999999999,20.22,0.18,Trump,Trump,Trump,3533,58.32,41.68
Warren County,Kentucky,KY,21227,56891,34862,21065,209,61.28,37.03,0.37,Trump,Trump,Trump,13797,24.25,75.75
Washington County,Kentucky,KY,21229,6341,4720,1533,16,74.44,24.18,0.25,Trump,Trump,Trump,3187,50.26,49.74
Wayne County,Kentucky,KY,21231,8733,7203,1444,14,82.48,16.53,0.16,Trump,Trump,Trump,5759,65.95,34.05
Webster County,Kentucky,KY,21233,5556,4339,1153,17,78.10000000000001,20.75,0.31,Trump,Trump,Trump,3186,57.35,42.65
Whitley County,Kentucky,KY,21235,15075,12687,2237,19,84.16,14.84,0.13,Trump,Trump,Trump,10450,69.32,30.68
Wolfe County,Kentucky,KY,21237,2915,2163,689,15,74.2,23.64,0.51,Trump,Trump,Trump,1474,50.56,49.44
Woodford County,Kentucky,KY,21239,14993,8419,6282,60,56.15,41.9,0.4,Trump,Trump,Trump,2137,14.25,85.75
Acadia Parish,Louisiana,LA,22001,26720,21783,4695,47,81.52000000000001,17.57,0.18,Trump,Trump,Trump,17088,63.95,36.05
Allen Parish,Louisiana,LA,22003,8751,7003,1661,14,80.03,18.98,0.16,Trump,Trump,Trump,5342,61.05,38.95
Ascension Parish,Louisiana,LA,22005,62473,41319,20113,181,66.14,32.190000000000005,0.29,Trump,Trump,Trump,21206,33.95,66.05
Assumption Parish,Louisiana,LA,22007,10367,6963,3273,28,67.17,31.569999999999997,0.27,Trump,Trump,Trump,3690,35.6,64.4
Avoyelles Parish,Louisiana,LA,22009,16037,11379,4460,43,70.95,27.810000000000002,0.27,Trump,Trump,Trump,6919,43.14,56.86
Beauregard Parish,Louisiana,LA,22011,15874,13504,2192,17,85.07000000000001,13.81,0.11,Trump,Trump,Trump,11312,71.26,28.74
Bienville Parish,Louisiana,LA,22013,6256,3660,2531,10,58.5,40.46,0.16,Trump,Trump,Trump,1129,18.04,81.96
Bossier Parish,Louisiana,LA,22015,52232,37105,14467,137,71.04,27.700000000000003,0.26,Trump,Trump,Trump,22638,43.34,56.66
Caddo Parish,Louisiana,LA,22017,94699,44471,48864,264,46.96,51.6,0.27999999999999997,Harris,Biden,Clinton,4393,4.64,95.36
Calcasieu Parish,Louisiana,LA,22019,81201,56064,23918,207,69.04,29.459999999999997,0.25,Trump,Trump,Trump,32146,39.58,60.42
Caldwell Parish,Louisiana,LA,22021,4334,3724,580,4,85.92999999999999,13.38,0.09,Trump,Trump,Trump,3144,72.55,27.45
Cameron Parish,Louisiana,LA,22023,3362,3120,219,3,92.80000000000001,6.510000000000001,0.09,Trump,Trump,Trump,2901,86.29,13.71
Catahoula Parish,Louisiana,LA,22025,4348,3258,1060,5,74.92999999999999,24.38,0.11,Trump,Trump,Trump,2198,50.55,49.45
Claiborne Parish,Louisiana,LA,22027,5816,3522,2239,11,60.56,38.5,0.19,Trump,Trump,Trump,1283,22.06,77.94
Concordia Parish,Louisiana,LA,22029,7755,4974,2698,14,64.14,34.79,0.18,Trump,Trump,Trump,2276,29.35,70.65
De Soto Parish,Louisiana,LA,22031,13913,9359,4426,21,67.27,31.81,0.15,Trump,Trump,Trump,4933,35.46,64.54
East Baton Rouge Parish,Louisiana,LA,22033,190643,82720,103820,833,43.39,54.459999999999994,0.44,Harris,Biden,Clinton,21100,11.07,88.93
East Carroll Parish,Louisiana,LA,22035,2306,931,1338,6,40.37,58.02,0.26,Harris,Biden,Clinton,407,17.65,82.35
East Feliciana Parish,Louisiana,LA,22037,9947,6020,3809,18,60.519999999999996,38.29,0.18,Trump,Trump,Trump,2211,22.23,77.77
Evangeline Parish,Louisiana,LA,22039,14176,10483,3526,28,73.95,24.87,0.2,Trump,Trump,Trump,6957,49.08,50.92
Franklin Parish,Louisiana,LA,22041,8798,6524,2196,11,74.15,24.959999999999997,0.13,Trump,Trump,Trump,4328,49.19,50.81
Grant Parish,Louisiana,LA,22043,9018,7925,996,16,87.88,11.04,0.18,Trump,Trump,Trump,6929,76.84,23.16
Iberia Parish,Louisiana,LA,22045,29331,19511,9504,70,66.52,32.4,0.24,Trump,Trump,Trump,10007,34.12,65.88
Iberville Parish,Louisiana,LA,22047,15354,7616,7503,47,49.6,48.870000000000005,0.31,Trump,Biden,Clinton,113,0.73,99.27
Jackson Parish,Louisiana,LA,22049,7226,5291,1852,10,73.22,25.629999999999995,0.13999999999999999,Trump,Trump,Trump,3439,47.59,52.41
Jefferson Parish,Louisiana,LA,22051,178205,98810,75731,1287,55.45,42.5,0.72,Trump,Trump,Trump,23079,12.95,87.05
Jefferson Davis Parish,Louisiana,LA,22053,14358,11478,2699,26,79.94,18.8,0.18,Trump,Trump,Trump,8779,61.14,38.86
Lafayette Parish,Louisiana,LA,22055,111086,72007,37170,404,64.82,33.46,0.36,Trump,Trump,Trump,34837,31.36,68.64
Lafourche Parish,Louisiana,LA,22057,42845,34461,7864,84,80.43,18.35,0.2,Trump,Trump,Trump,26597,62.08,37.92
LaSalle Parish,Louisiana,LA,22059,6620,6023,546,8,90.98,8.25,0.12,Trump,Trump,Trump,5477,82.73,17.27
Lincoln Parish,Louisiana,LA,22061,18157,11248,6627,60,61.95,36.5,0.33,Trump,Trump,Trump,4621,25.45,74.55
Livingston Parish,Louisiana,LA,22063,65906,55101,9965,117,83.61,15.120000000000001,0.18,Trump,Trump,Trump,45136,68.49,31.51
Madison Parish,Louisiana,LA,22065,3992,1846,2094,9,46.239999999999995,52.449999999999996,0.22999999999999998,Harris,Biden,Clinton,248,6.21,93.79
Morehouse Parish,Louisiana,LA,22067,10097,5961,4008,18,59.040000000000006,39.69,0.18,Trump,Trump,Trump,1953,19.35,80.65
Natchitoches Parish,Louisiana,LA,22069,15040,9100,5740,38,60.51,38.16,0.25,Trump,Trump,Trump,3360,22.35,77.65
Orleans Parish,Louisiana,LA,22071,159130,24119,130749,1380,15.160000000000002,82.16,0.8699999999999999,Harris,Biden,Clinton,106630,67.0,33.0
Ouachita Parish,Louisiana,LA,22073,64436,40808,22845,154,63.33,35.449999999999996,0.24,Trump,Trump,Trump,17963,27.88,72.12
Plaquemines Parish,Louisiana,LA,22075,9945,6803,3023,28,68.41000000000001,30.4,0.27999999999999997,Trump,Trump,Trump,3780,38.01,61.99
Pointe Coupee Parish,Louisiana,LA,22077,11570,7319,4132,20,63.260000000000005,35.709999999999994,0.16999999999999998,Trump,Trump,Trump,3187,27.55,72.45
Rapides Parish,Louisiana,LA,22079,53395,36171,16537,128,67.74,30.97,0.24,Trump,Trump,Trump,19634,36.77,63.23
Red River Parish,Louisiana,LA,22081,3725,2337,1321,10,62.739999999999995,35.46,0.27,Trump,Trump,Trump,1016,27.28,72.72
Richland Parish,Louisiana,LA,22083,9193,6354,2732,19,69.12,29.720000000000002,0.21,Trump,Trump,Trump,3622,39.4,60.6
Sabine Parish,Louisiana,LA,22085,10170,8613,1488,13,84.69,14.63,0.13,Trump,Trump,Trump,7125,70.06,29.94
St. Bernard Parish,Louisiana,LA,22087,17292,11033,5967,86,63.800000000000004,34.510000000000005,0.5,Trump,Trump,Trump,5066,29.29,70.71
St. Charles Parish,Louisiana,LA,22089,26685,17443,8812,87,65.36999999999999,33.019999999999996,0.33,Trump,Trump,Trump,8631,32.35,67.65
St. Helena Parish,Louisiana,LA,22091,5745,2804,2848,15,48.809999999999995,49.57,0.26,Harris,Biden,Clinton,44,0.76,99.24
St. James Parish,Louisiana,LA,22093,11789,5902,5792,18,50.06,49.13,0.15,Trump,Biden,Clinton,110,0.93,99.07
St. John the Baptist Parish,Louisiana,LA,22095,18827,6557,12043,56,34.83,63.970000000000006,0.3,Harris,Biden,Clinton,5486,29.14,70.86
St. Landry Parish,Louisiana,LA,22097,37043,21812,14833,78,58.879999999999995,40.04,0.21,Trump,Trump,Trump,6979,18.84,81.16
St. Martin Parish,Louisiana,LA,22099,25006,17466,7284,55,69.85,29.13,0.22,Trump,Trump,Trump,10182,40.72,59.28
St. Mary Parish,Louisiana,LA,22101,20897,13671,7011,40,65.42,33.550000000000004,0.19,Trump,Trump,Trump,6660,31.87,68.13
St. Tammany Parish,Louisiana,LA,22103,138384,98377,37777,445,71.09,27.3,0.32,Trump,Trump,Trump,60600,43.79,56.21
Tangipahoa Parish,Louisiana,LA,22105,55104,37500,16886,121,68.05,30.64,0.22,Trump,Trump,Trump,20614,37.41,62.59
Tensas Parish,Louisiana,LA,22107,2128,1093,1002,4,51.35999999999999,47.089999999999996,0.19,Trump,Biden,Clinton,91,4.27,95.73
Terrebonne Parish,Louisiana,LA,22109,41327,31115,9702,97,75.29,23.48,0.22999999999999998,Trump,Trump,Trump,21413,51.81,48.19
Union Parish,Louisiana,LA,22111,10475,8176,2206,15,78.05,21.060000000000002,0.13999999999999999,Trump,Trump,Trump,5970,56.99,43.01
Vermilion Parish,Louisiana,LA,22113,26429,21510,4637,45,81.39,17.549999999999997,0.16999999999999998,Trump,Trump,Trump,16873,63.84,36.16
Vernon Parish,Louisiana,LA,22115,16149,13474,2513,28,83.44,15.559999999999999,0.16999999999999998,Trump,Trump,Trump,10961,67.88,32.12
Washington Parish,Louisiana,LA,22117,18455,12846,5411,32,69.61,29.32,0.16999999999999998,Trump,Trump,Trump,7435,40.29,59.71
Webster Parish,Louisiana,LA,22119,16205,10965,5053,19,67.66,31.180000000000003,0.12,Trump,Trump,Trump,5912,36.48,63.52
West Baton Rouge Parish,Louisiana,LA,22121,13836,7627,6008,30,55.120000000000005,43.419999999999995,0.22,Trump,Trump,Trump,1619,11.7,88.3
West Carroll Parish,Louisiana,LA,22123,4603,3986,578,2,86.6,12.559999999999999,0.04,Trump,Trump,Trump,3408,74.04,25.96
West Feliciana Parish,Louisiana,LA,22125,6008,3923,2004,12,65.3,33.36,0.2,Trump,Trump,Trump,1919,31.94,68.06
Winn Parish,Louisiana,LA,22127,5781,4437,1292,5,76.75,22.35,0.09,Trump,Trump,Trump,3145,54.4,45.6
Androscoggin County,Maine,ME,23001,58847,30605,27019,634,52.01,45.910000000000004,1.08,Trump,Trump,Trump,3586,6.1,93.9
Aroostook County,Maine,ME,23003,35653,22246,12900,251,62.4,36.18,0.7000000000000001,Trump,Trump,Trump,9346,26.22,73.78
Cumberland County,Maine,ME,23005,192656,59964,127971,2370,31.119999999999997,66.42,1.23,Harris,Biden,Clinton,68007,35.3,64.7
Franklin County,Maine,ME,23007,17836,9459,7990,208,53.03,44.800000000000004,1.17,Trump,Trump,Trump,1469,8.23,91.77
Hancock County,Maine,ME,23009,36253,15551,19817,462,42.9,54.66,1.27,Harris,Biden,Clinton,4266,11.76,88.24
Kennebec County,Maine,ME,23011,72886,36589,34585,826,50.2,47.449999999999996,1.13,Trump,Biden,Trump,2004,2.75,97.25
Knox County,Maine,ME,23013,25893,10262,15076,286,39.629999999999995,58.220000000000006,1.0999999999999999,Harris,Biden,Clinton,4814,18.59,81.41
Lincoln County,Maine,ME,23015,24003,10409,13110,259,43.37,54.620000000000005,1.08,Harris,Biden,Clinton,2701,11.25,88.75
Oxford County,Maine,ME,23017,34590,19228,14765,305,55.589999999999996,42.69,0.88,Trump,Trump,Trump,4463,12.9,87.1
Penobscot County,Maine,ME,23019,87073,47438,37945,801,54.48,43.580000000000005,0.9199999999999999,Trump,Trump,Trump,9493,10.9,89.1
Piscataquis County,Maine,ME,23021,10205,6487,3510,121,63.57000000000001,34.39,1.1900000000000002,Trump,Trump,Trump,2977,29.18,70.82
Sagadahoc County,Maine,ME,23023,24456,9917,13982,287,40.550000000000004,57.17,1.17,Harris,Biden,Clinton,4065,16.62,83.38
Somerset County,Maine,ME,23025,28441,17826,10134,233,62.68,35.63,0.8200000000000001,Trump,Trump,Trump,7692,27.05,72.95
Waldo County,Maine,ME,23027,25130,11815,12661,347,47.02,50.38,1.38,Harris,Biden,Clinton,846,3.36,96.64
Washington County,Maine,ME,23029,18046,11001,6763,148,60.96,37.480000000000004,0.8200000000000001,Trump,Trump,Trump,4238,23.48,76.52
York County,Maine,ME,23031,132838,58194,72114,1260,43.81,54.290000000000006,0.95,Harris,Biden,Clinton,13920,10.48,89.52
Allegany County,Maryland,MD,24001,32001,22141,9231,136,69.19,28.849999999999998,0.42,Trump,Trump,Trump,12910,40.34,59.66
Anne Arundel County,Maryland,MD,24003,308782,128892,171945,2429,41.74,55.67999999999999,0.79,Harris,Biden,Clinton,43053,13.94,86.06
Baltimore County,Maryland,MD,24005,409811,149560,249958,4195,36.49,60.99,1.02,Harris,Biden,Clinton,100398,24.5,75.5
Calvert County,Maryland,MD,24009,53882,29361,23438,232,54.49,43.5,0.43,Trump,Trump,Trump,5923,10.99,89.01
Caroline County,Maryland,MD,24011,16276,11053,4860,99,67.91,29.86,0.61,Trump,Trump,Trump,6193,38.05,61.95
Carroll County,Maryland,MD,24013,101796,62273,36867,629,61.17,36.22,0.62,Trump,Trump,Trump,25406,24.95,75.05
Cecil County,Maryland,MD,24015,52612,33871,17628,286,64.38000000000001,33.51,0.54,Trump,Trump,Trump,16243,30.87,69.13
Charles County,Maryland,MD,24017,91650,26145,63454,828,28.53,69.24,0.8999999999999999,Harris,Biden,Clinton,37309,40.71,59.29
Dorchester County,Maryland,MD,24019,16731,9390,6954,138,56.120000000000005,41.56,0.8200000000000001,Trump,Trump,Trump,2436,14.56,85.44
Frederick County,Maryland,MD,24021,155004,68753,82409,1378,44.36,53.169999999999995,0.89,Harris,Biden,Trump,13656,8.81,91.19
Garrett County,Maryland,MD,24023,15785,11983,3456,48,75.91,21.89,0.3,Trump,Trump,Trump,8527,54.02,45.98
Harford County,Maryland,MD,24025,149020,83050,62453,935,55.730000000000004,41.91,0.63,Trump,Trump,Trump,20597,13.82,86.18
Howard County,Maryland,MD,24027,180489,49425,124764,3341,27.38,69.13,1.8499999999999999,Harris,Biden,Clinton,75339,41.75,58.25
Kent County,Maryland,MD,24029,11068,5561,5251,82,50.239999999999995,47.44,0.74,Trump,Biden,Trump,310,2.8,97.2
Montgomery County,Maryland,MD,24031,513919,112637,386581,8009,21.92,75.22,1.5599999999999998,Harris,Biden,Clinton,273944,53.3,46.7
Prince George's County,Maryland,MD,24033,401881,45008,347038,5369,11.200000000000001,86.35000000000001,1.34,Harris,Biden,Clinton,302030,75.15,24.85
Queen Anne's County,Maryland,MD,24035,32136,20200,11273,153,62.86000000000001,35.08,0.48,Trump,Trump,Trump,8927,27.78,72.22
St. Mary's County,Maryland,MD,24037,10090,5805,4054,85,57.53,40.18,0.84,Trump,Trump,Trump,1751,17.35,82.65
Somerset County,Maryland,MD,24039,58543,33582,23531,352,57.36,40.19,0.6,Trump,Trump,Trump,10051,17.17,82.83
Talbot County,Maryland,MD,24041,22667,11125,11119,120,49.08,49.05,0.53,Trump,Biden,Trump,6,0.03,99.97
Washington County,Maryland,MD,24043,73001,44054,27260,513,60.35,37.34,0.7000000000000001,Trump,Trump,Trump,16794,23.01,76.99
Wicomico County,Maryland,MD,24045,46698,24065,21513,371,51.53,46.07,0.79,Trump,Trump,Trump,2552,5.46,94.54
Worcester County,Maryland,MD,24047,32728,19632,12431,184,59.99,37.980000000000004,0.5599999999999999,Trump,Trump,Trump,7201,22.01,77.99
Baltimore city,Maryland,MD,24510,229082,27984,195109,3222,12.22,85.17,1.41,Harris,Biden,Clinton,167125,72.95,27.05
Barnstable County,Massachusetts,MA,25001,148785,57451,88129,670,38.61,59.230000000000004,0.44999999999999996,Harris,Biden,Clinton,30678,20.62,79.38
Berkshire County,Massachusetts,MA,25003,68674,19805,47094,568,28.84,68.58,0.83,Harris,Biden,Clinton,27289,39.74,60.26
Bristol County,Massachusetts,MA,25005,278017,134196,137786,1440,48.27,49.559999999999995,0.52,Harris,Biden,Clinton,3590,1.29,98.71
Dukes County,Massachusetts,MA,25007,12209,2745,9137,123,22.48,74.83999999999999,1.01,Harris,Biden,Clinton,6392,52.36,47.64
Essex County,Massachusetts,MA,25009,401851,155336,236624,2355,38.66,58.879999999999995,0.59,Harris,Biden,Clinton,81288,20.22,79.78
Franklin County,Massachusetts,MA,25011,42248,12428,28305,601,29.42,67.0,1.4200000000000002,Harris,Biden,Clinton,15877,37.58,62.42
Hampden County,Massachusetts,MA,25013,208604,92474,110937,1275,44.330000000000005,53.18000000000001,0.61,Harris,Biden,Clinton,18463,8.85,91.15
Hampshire County,Massachusetts,MA,25015,84720,23256,58617,1119,27.450000000000003,69.19,1.32,Harris,Biden,Clinton,35361,41.74,58.26
Middlesex County,Massachusetts,MA,25017,814832,235118,554471,7931,28.849999999999998,68.05,0.97,Harris,Biden,Clinton,319353,39.2,60.8
Nantucket County,Massachusetts,MA,25019,7118,2171,4784,39,30.5,67.21000000000001,0.5499999999999999,Harris,Biden,Clinton,2613,36.71,63.29
Norfolk County,Massachusetts,MA,25021,386447,132497,242712,2943,34.29,62.81,0.76,Harris,Biden,Clinton,110215,28.52,71.48
Plymouth County,Massachusetts,MA,25023,300129,133544,159962,1269,44.5,53.300000000000004,0.42,Harris,Biden,Clinton,26418,8.8,91.2
Suffolk County,Massachusetts,MA,25025,299193,66480,222280,3209,22.220000000000002,74.29,1.0699999999999998,Harris,Biden,Clinton,155800,52.07,47.93
Worcester County,Massachusetts,MA,25027,420841,183802,225680,3003,43.669999999999995,53.63,0.7100000000000001,Harris,Biden,Clinton,41878,9.96,90.04
Alcona County,Michigan,MI,26001,7483,5257,2140,12,70.25,28.599999999999998,0.16,Trump,Trump,Trump,3117,41.65,58.35
Alger County,Michigan,MI,26003,5258,3116,2075,9,59.260000000000005,39.46,0.16999999999999998,Trump,Trump,Trump,1041,19.8,80.2
Allegan County,Michigan,MI,26005,71913,45206,25637,160,62.86000000000001,35.65,0.22,Trump,Trump,Trump,19569,27.21,72.79
Alpena County,Michigan,MI,26007,17213,10967,6038,22,63.71,35.08,0.13,Trump,Trump,Trump,4929,28.63,71.37
Antrim County,Michigan,MI,26009,16883,10341,6330,29,61.25000000000001,37.49,0.16999999999999998,Trump,Trump,Trump,4011,23.76,76.24
Arenac County,Michigan,MI,26011,9158,6379,2662,13,69.65,29.07,0.13999999999999999,Trump,Trump,Trump,3717,40.58,59.42
Baraga County,Michigan,MI,26013,4332,2779,1488,9,64.14999999999999,34.35,0.21,Trump,Trump,Trump,1291,29.8,70.2
Barry County,Michigan,MI,26015,38625,25650,12391,68,66.41,32.08,0.18,Trump,Trump,Trump,13259,34.33,65.67
Bay County,Michigan,MI,26017,61338,34792,25767,136,56.720000000000006,42.01,0.22,Trump,Trump,Trump,9025,14.71,85.29
Benzie County,Michigan,MI,26019,12846,6895,5780,36,53.669999999999995,44.99,0.27999999999999997,Trump,Trump,Trump,1115,8.68,91.32
Berrien County,Michigan,MI,26021,84488,44975,38323,236,53.23,45.36,0.27999999999999997,Trump,Trump,Trump,6652,7.87,92.13
Branch County,Michigan,MI,26023,21089,14848,5911,77,70.41,28.03,0.37,Trump,Trump,Trump,8937,42.38,57.62
Calhoun County,Michigan,MI,26025,68505,38606,28988,170,56.36,42.32,0.25,Trump,Trump,Trump,9618,14.04,85.96
Cass County,Michigan,MI,26027,27871,18505,9050,49,66.4,32.47,0.18,Trump,Trump,Trump,9455,33.93,66.07
Charlevoix County,Michigan,MI,26029,17661,10183,7197,57,57.66,40.75,0.32,Trump,Trump,Trump,2986,16.91,83.09
Cheboygan County,Michigan,MI,26031,16423,10653,5543,40,64.87,33.75,0.24,Trump,Trump,Trump,5110,31.12,68.88
Chippewa County,Michigan,MI,26033,18365,11249,6796,61,61.25000000000001,37.01,0.33,Trump,Trump,Trump,4453,24.24,75.76
Clare County,Michigan,MI,26035,17288,11772,5273,25,68.08999999999999,30.5,0.13999999999999999,Trump,Trump,Trump,6499,37.59,62.41
Clinton County,Michigan,MI,26037,49986,26751,22450,152,53.52,44.91,0.3,Trump,Trump,Trump,4301,8.61,91.39
Crawford County,Michigan,MI,26039,8476,5613,2752,21,66.22,32.47,0.25,Trump,Trump,Trump,2861,33.75,66.25
Delta County,Michigan,MI,26041,21874,14109,7462,47,64.5,34.11,0.21,Trump,Trump,Trump,6647,30.39,69.61
Dickinson County,Michigan,MI,26043,15312,10324,4763,44,67.42,31.11,0.29,Trump,Trump,Trump,5561,36.31,63.69
Eaton County,Michigan,MI,26045,65208,33102,31056,183,50.760000000000005,47.63,0.27999999999999997,Trump,Trump,Trump,2046,3.13,96.87
Emmet County,Michigan,MI,26047,22851,12465,10005,64,54.55,43.78,0.27999999999999997,Trump,Trump,Trump,2460,10.77,89.23
Genesee County,Michigan,MI,26049,223268,105303,114670,929,47.160000000000004,51.35999999999999,0.42,Harris,Biden,Clinton,9367,4.2,95.8
Gladwin County,Michigan,MI,26051,15488,10809,4501,28,69.78999999999999,29.060000000000002,0.18,Trump,Trump,Trump,6308,40.73,59.27
Gogebic County,Michigan,MI,26053,8295,4803,3385,22,57.9,40.81,0.27,Trump,Trump,Trump,1418,17.09,82.91
Grand Traverse County,Michigan,MI,26055,62772,31423,30339,210,50.06,48.33,0.33,Trump,Trump,Trump,1084,1.73,98.27
Gratiot County,Michigan,MI,26057,19848,12894,6682,45,64.96,33.67,0.22999999999999998,Trump,Trump,Trump,6212,31.29,68.71
Hillsdale County,Michigan,MI,26059,24828,18631,5875,47,75.03999999999999,23.66,0.19,Trump,Trump,Trump,12756,51.38,48.62
Houghton County,Michigan,MI,26061,19374,11181,7881,61,57.709999999999994,40.68,0.31,Trump,Trump,Trump,3300,17.03,82.97
Huron County,Michigan,MI,26063,18969,13224,5522,33,69.71000000000001,29.110000000000003,0.16999999999999998,Trump,Trump,Trump,7702,40.6,59.4
Ingham County,Michigan,MI,26065,148101,50564,94542,1067,34.14,63.839999999999996,0.72,Harris,Biden,Clinton,43978,29.7,70.3
Ionia County,Michigan,MI,26067,34021,22179,11338,77,65.19,33.33,0.22999999999999998,Trump,Trump,Trump,10841,31.86,68.14
Iosco County,Michigan,MI,26069,15731,10155,5344,31,64.55,33.97,0.2,Trump,Trump,Trump,4811,30.58,69.42
Iron County,Michigan,MI,26071,7027,4501,2441,6,64.05,34.74,0.09,Trump,Trump,Trump,2060,29.31,70.69
Isabella County,Michigan,MI,26073,30835,16320,14011,106,52.93,45.440000000000005,0.33999999999999997,Trump,Trump,Trump,2309,7.49,92.51
Jackson County,Michigan,MI,26075,83827,50199,32348,220,59.88,38.59,0.26,Trump,Trump,Trump,17851,21.29,78.71
Kalamazoo County,Michigan,MI,26077,145710,58671,84501,693,40.27,57.989999999999995,0.48,Harris,Biden,Clinton,25830,17.72,82.28
Kalkaska County,Michigan,MI,26079,11529,8149,3206,24,70.67999999999999,27.810000000000002,0.21,Trump,Trump,Trump,4943,42.87,57.13
Kent County,Michigan,MI,26081,371947,172720,192668,1544,46.44,51.800000000000004,0.42,Harris,Biden,Trump,19948,5.36,94.64
Keweenaw County,Michigan,MI,26083,1611,896,690,3,55.620000000000005,42.83,0.19,Trump,Trump,Trump,206,12.79,87.21
Lake County,Michigan,MI,26085,6915,4523,2298,12,65.41,33.23,0.16999999999999998,Trump,Trump,Trump,2225,32.18,67.82
Lapeer County,Michigan,MI,26087,55439,38398,16338,132,69.26,29.470000000000002,0.24,Trump,Trump,Trump,22060,39.79,60.21
Leelanau County,Michigan,MI,26089,17685,8035,9406,53,45.43,53.190000000000005,0.3,Harris,Biden,Trump,1371,7.76,92.24
Lenawee County,Michigan,MI,26091,55016,33463,20787,137,60.81999999999999,37.78,0.25,Trump,Trump,Trump,12676,23.04,76.96
Livingston County,Michigan,MI,26093,132448,81217,49503,332,61.31999999999999,37.38,0.25,Trump,Trump,Trump,31714,23.94,76.06
Luce County,Michigan,MI,26095,2985,2170,769,11,72.7,25.759999999999998,0.37,Trump,Trump,Trump,1401,46.94,53.06
Mackinac County,Michigan,MI,26097,7238,4476,2675,11,61.839999999999996,36.96,0.15,Trump,Trump,Trump,1801,24.88,75.12
Macomb County,Michigan,MI,26099,509152,284660,214977,4257,55.910000000000004,42.22,0.84,Trump,Trump,Trump,69683,13.69,86.31
Manistee County,Michigan,MI,26101,15297,8748,6309,44,57.19,41.24,0.29,Trump,Trump,Trump,2439,15.95,84.05
Marquette County,Michigan,MI,26103,39009,17459,20866,139,44.76,53.49,0.36,Harris,Biden,Clinton,3407,8.73,91.27
Mason County,Michigan,MI,26105,18064,10830,6973,45,59.95,38.6,0.25,Trump,Trump,Trump,3857,21.35,78.65
Mecosta County,Michigan,MI,26107,22489,14445,7688,55,64.23,34.19,0.24,Trump,Trump,Trump,6757,30.04,69.96
Menominee County,Michigan,MI,26109,13060,8647,4256,24,66.21000000000001,32.59,0.18,Trump,Trump,Trump,4391,33.62,66.38
Midland County,Michigan,MI,26111,50301,28571,20926,169,56.8,41.6,0.33999999999999997,Trump,Trump,Trump,7645,15.2,84.8
Missaukee County,Michigan,MI,26113,9152,7066,1945,13,77.21000000000001,21.25,0.13999999999999999,Trump,Trump,Trump,5121,55.96,44.04
Monroe County,Michigan,MI,26115,91356,57405,32622,277,62.839999999999996,35.709999999999994,0.3,Trump,Trump,Trump,24783,27.13,72.87
Montcalm County,Michigan,MI,26117,34845,23946,10368,81,68.72,29.75,0.22999999999999998,Trump,Trump,Trump,13578,38.97,61.03
Montmorency County,Michigan,MI,26119,6391,4599,1702,12,71.96000000000001,26.63,0.19,Trump,Trump,Trump,2897,45.33,54.67
Muskegon County,Michigan,MI,26121,95181,47733,46028,251,50.14999999999999,48.36,0.26,Trump,Biden,Clinton,1705,1.79,98.21
Newaygo County,Michigan,MI,26123,29201,20630,8131,72,70.65,27.839999999999996,0.25,Trump,Trump,Trump,12499,42.81,57.19
Oakland County,Michigan,MI,26125,772145,337791,419519,6701,43.75,54.33,0.8699999999999999,Harris,Biden,Clinton,81728,10.58,89.42
Oceana County,Michigan,MI,26127,14870,9547,5085,27,64.2,34.2,0.18,Trump,Trump,Trump,4462,30.0,70.0
Ogemaw County,Michigan,MI,26129,12622,8879,3578,28,70.35,28.349999999999998,0.22,Trump,Trump,Trump,5301,42.0,58.0
Ontonagon County,Michigan,MI,26131,3841,2479,1313,8,64.53999999999999,34.18,0.21,Trump,Trump,Trump,1166,30.36,69.64
Osceola County,Michigan,MI,26133,13184,9639,3326,39,73.11,25.230000000000004,0.3,Trump,Trump,Trump,6313,47.88,52.12
Oscoda County,Michigan,MI,26135,5192,3716,1414,7,71.57,27.229999999999997,0.13,Trump,Trump,Trump,2302,44.34,55.66
Otsego County,Michigan,MI,26137,15971,10693,5052,33,66.95,31.630000000000003,0.21,Trump,Trump,Trump,5641,35.32,64.68
Ottawa County,Michigan,MI,26139,178507,106133,69653,454,59.46,39.019999999999996,0.25,Trump,Trump,Trump,36480,20.44,79.56
Presque Isle County,Michigan,MI,26141,8742,5568,3036,14,63.690000000000005,34.73,0.16,Trump,Trump,Trump,2532,28.96,71.04
Roscommon County,Michigan,MI,26143,16068,10582,5290,29,65.86,32.92,0.18,Trump,Trump,Trump,5292,32.94,67.06
Saginaw County,Michigan,MI,26145,103846,52912,49515,315,50.949999999999996,47.68,0.3,Trump,Biden,Trump,3397,3.27,96.73
St. Clair County,Michigan,MI,26147,96524,64277,30844,256,66.59,31.95,0.27,Trump,Trump,Trump,33433,34.64,65.36
St. Joseph County,Michigan,MI,26149,29307,19403,9452,62,66.21000000000001,32.25,0.21,Trump,Trump,Trump,9951,33.96,66.04
Sanilac County,Michigan,MI,26151,23339,17080,5957,53,73.18,25.52,0.22999999999999998,Trump,Trump,Trump,11123,47.66,52.34
Schoolcraft County,Michigan,MI,26153,4898,3196,1631,9,65.25,33.300000000000004,0.18,Trump,Trump,Trump,1565,31.95,68.05
Shiawassee County,Michigan,MI,26155,40685,24718,15335,91,60.75000000000001,37.69,0.22,Trump,Trump,Trump,9383,23.06,76.94
Tuscola County,Michigan,MI,26157,30717,21764,8562,47,70.85000000000001,27.87,0.15,Trump,Trump,Trump,13202,42.98,57.02
Van Buren County,Michigan,MI,26159,41169,23407,17175,119,56.86,41.72,0.29,Trump,Trump,Trump,6232,15.14,84.86
Washtenaw County,Michigan,MI,26161,221542,58844,157152,2830,26.56,70.94,1.28,Harris,Biden,Clinton,98308,44.38,55.62
Wayne County,Michigan,MI,26163,856690,288860,537032,20454,33.72,62.69,2.39,Harris,Biden,Clinton,248172,28.97,71.03
Wexford County,Michigan,MI,26165,19476,12968,6224,38,66.58,31.96,0.2,Trump,Trump,Trump,6744,34.62,65.38
Aitkin County,Minnesota,MN,27001,10446,6741,3524,25,64.53,33.739999999999995,0.24,Trump,Trump,Trump,3217,30.79,69.21
Anoka County,Minnesota,MN,27003,210481,106974,97667,1725,50.82,46.400000000000006,0.8200000000000001,Trump,Trump,Trump,9307,4.42,95.58
Becker County,Minnesota,MN,27005,19739,12961,6435,31,65.66,32.6,0.16,Trump,Trump,Trump,6526,33.06,66.94
Beltrami County,Minnesota,MN,27007,24874,12898,11493,62,51.849999999999994,46.2,0.25,Trump,Trump,Trump,1405,5.65,94.35
Benton County,Minnesota,MN,27009,22824,15260,7084,75,66.86,31.04,0.33,Trump,Trump,Trump,8176,35.82,64.18
Big Stone County,Minnesota,MN,27011,2824,1796,964,3,63.6,34.14,0.11,Trump,Trump,Trump,832,29.46,70.54
Blue Earth County,Minnesota,MN,27013,36442,18001,17558,140,49.4,48.18,0.38,Trump,Biden,Trump,443,1.22,98.78
Brown County,Minnesota,MN,27015,14598,9692,4576,27,66.39,31.35,0.18,Trump,Trump,Trump,5116,35.04,64.96
Carlton County,Minnesota,MN,27017,20815,10435,9905,52,50.129999999999995,47.589999999999996,0.25,Trump,Biden,Clinton,530,2.54,97.46
Carver County,Minnesota,MN,27019,69160,35586,31869,262,51.449999999999996,46.08,0.38,Trump,Trump,Trump,3717,5.37,94.63
Cass County,Minnesota,MN,27021,19363,12759,6300,34,65.89,32.54,0.18,Trump,Trump,Trump,6459,33.35,66.65
Chippewa County,Minnesota,MN,27023,6318,4175,2026,11,66.08000000000001,32.07,0.16999999999999998,Trump,Trump,Trump,2149,34.01,65.99
Chisago County,Minnesota,MN,27025,35601,23047,11894,67,64.74,33.410000000000004,0.19,Trump,Trump,Trump,11153,31.33,68.67
Clay County,Minnesota,MN,27027,32874,15965,16121,115,48.559999999999995,49.04,0.35000000000000003,Harris,Biden,Trump,156,0.48,99.52
Clearwater County,Minnesota,MN,27029,4814,3575,1169,8,74.26,24.279999999999998,0.16999999999999998,Trump,Trump,Trump,2406,49.98,50.02
Cook County,Minnesota,MN,27031,3660,1142,2416,26,31.2,66.01,0.7100000000000001,Harris,Biden,Clinton,1274,34.81,65.19
Cottonwood County,Minnesota,MN,27033,5988,4157,1705,8,69.42,28.470000000000002,0.13,Trump,Trump,Trump,2452,40.95,59.05
Crow Wing County,Minnesota,MN,27035,42366,27423,14173,91,64.73,33.45,0.21,Trump,Trump,Trump,13250,31.28,68.72
Dakota County,Minnesota,MN,27037,259805,109995,143267,1499,42.34,55.14,0.58,Harris,Biden,Clinton,33272,12.8,87.2
Dodge County,Minnesota,MN,27039,12484,8095,4108,29,64.84,32.910000000000004,0.22999999999999998,Trump,Trump,Trump,3987,31.93,68.07
Douglas County,Minnesota,MN,27041,25106,16726,7938,47,66.62,31.619999999999997,0.19,Trump,Trump,Trump,8788,35.0,65.0
Faribault County,Minnesota,MN,27043,7761,5247,2352,14,67.61,30.31,0.18,Trump,Trump,Trump,2895,37.3,62.7
Fillmore County,Minnesota,MN,27045,12385,7638,4491,28,61.67,36.26,0.22999999999999998,Trump,Trump,Trump,3147,25.41,74.59
Freeborn County,Minnesota,MN,27047,16704,10003,6448,29,59.88,38.6,0.16999999999999998,Trump,Trump,Trump,3555,21.28,78.72
Goodhue County,Minnesota,MN,27049,28817,16461,11731,75,57.120000000000005,40.71,0.26,Trump,Trump,Trump,4730,16.41,83.59
Grant County,Minnesota,MN,27051,3543,2266,1187,5,63.959999999999994,33.5,0.13999999999999999,Trump,Trump,Trump,1079,30.46,69.54
Hennepin County,Minnesota,MN,27053,720173,197244,502710,5522,27.389999999999997,69.8,0.77,Harris,Biden,Clinton,305466,42.41,57.59
Houston County,Minnesota,MN,27055,11428,6547,4667,31,57.29,40.839999999999996,0.27,Trump,Trump,Trump,1880,16.45,83.55
Hubbard County,Minnesota,MN,27057,13617,8809,4536,32,64.69,33.31,0.24,Trump,Trump,Trump,4273,31.38,68.62
Isanti County,Minnesota,MN,27059,25918,18027,7384,56,69.55,28.49,0.22,Trump,Trump,Trump,10643,41.06,58.94
Itasca County,Minnesota,MN,27061,26840,15863,10467,51,59.099999999999994,39.0,0.19,Trump,Trump,Trump,5396,20.1,79.9
Jackson County,Minnesota,MN,27063,5644,3949,1581,4,69.97,28.01,0.06999999999999999,Trump,Trump,Trump,2368,41.96,58.04
Kanabec County,Minnesota,MN,27065,9703,6818,2718,23,70.27,28.01,0.24,Trump,Trump,Trump,4100,42.26,57.74
Kandiyohi County,Minnesota,MN,27067,23283,15014,7814,63,64.48,33.56,0.27,Trump,Trump,Trump,7200,30.92,69.08
Kittson County,Minnesota,MN,27069,2500,1535,911,3,61.4,36.44,0.12,Trump,Trump,Trump,624,24.96,75.04
Koochiching County,Minnesota,MN,27071,6789,4204,2465,20,61.919999999999995,36.309999999999995,0.29,Trump,Trump,Trump,1739,25.61,74.39
Lac qui Parle County,Minnesota,MN,27073,3996,2600,1314,10,65.07,32.879999999999995,0.25,Trump,Trump,Trump,1286,32.19,67.81
Lake County,Minnesota,MN,27075,6954,3265,3534,30,46.949999999999996,50.82,0.43,Harris,Biden,Clinton,269,3.87,96.13
Lake of the Woods County,Minnesota,MN,27077,2347,1710,604,4,72.86,25.729999999999997,0.16999999999999998,Trump,Trump,Trump,1106,47.13,52.87
Le Sueur County,Minnesota,MN,27079,17469,11503,5636,38,65.85,32.26,0.22,Trump,Trump,Trump,5867,33.59,66.41
Lincoln County,Minnesota,MN,27081,3235,2190,972,6,67.7,30.049999999999997,0.19,Trump,Trump,Trump,1218,37.65,62.35
Lyon County,Minnesota,MN,27083,12990,8400,4284,25,64.67,32.98,0.19,Trump,Trump,Trump,4116,31.69,68.31
McLeod County,Minnesota,MN,27085,21199,14394,6374,42,67.9,30.070000000000004,0.2,Trump,Trump,Trump,8020,37.83,62.17
Mahnomen County,Minnesota,MN,27087,2183,1165,975,3,53.37,44.66,0.13999999999999999,Trump,Trump,Trump,190,8.71,91.29
Marshall County,Minnesota,MN,27089,5031,3774,1177,6,75.01,23.39,0.12,Trump,Trump,Trump,2597,51.62,48.38
Martin County,Minnesota,MN,27091,10796,7442,3171,15,68.93,29.37,0.13999999999999999,Trump,Trump,Trump,4271,39.56,60.44
Meeker County,Minnesota,MN,27093,13694,9645,3802,23,70.43,27.76,0.16999999999999998,Trump,Trump,Trump,5843,42.67,57.33
Mille Lacs County,Minnesota,MN,27095,15190,10570,4374,26,69.59,28.799999999999997,0.16999999999999998,Trump,Trump,Trump,6196,40.79,59.21
Morrison County,Minnesota,MN,27097,20313,15666,4306,37,77.12,21.2,0.18,Trump,Trump,Trump,11360,55.92,44.08
Mower County,Minnesota,MN,27099,18969,10297,8312,39,54.279999999999994,43.82,0.21,Trump,Trump,Trump,1985,10.46,89.54
Murray County,Minnesota,MN,27101,4769,3346,1329,5,70.16,27.87,0.1,Trump,Trump,Trump,2017,42.29,57.71
Nicollet County,Minnesota,MN,27103,19417,9540,9441,48,49.13,48.620000000000005,0.25,Trump,Biden,Trump,99,0.51,99.49
Nobles County,Minnesota,MN,27105,8275,5541,2599,9,66.96,31.41,0.11,Trump,Trump,Trump,2942,35.55,64.45
Norman County,Minnesota,MN,27107,3294,1963,1233,10,59.589999999999996,37.43,0.3,Trump,Trump,Trump,730,22.16,77.84
Olmsted County,Minnesota,MN,27109,90924,39467,49121,521,43.41,54.02,0.5700000000000001,Harris,Biden,Clinton,9654,10.61,89.39
Otter Tail County,Minnesota,MN,27111,36736,24276,11752,71,66.08000000000001,31.990000000000002,0.19,Trump,Trump,Trump,12524,34.09,65.91
Pennington County,Minnesota,MN,27113,7381,4756,2439,9,64.44,33.040000000000006,0.12,Trump,Trump,Trump,2317,31.4,68.6
Pine County,Minnesota,MN,27115,16911,11274,5339,36,66.67,31.569999999999997,0.21,Trump,Trump,Trump,5935,35.1,64.9
Pipestone County,Minnesota,MN,27117,4837,3537,1215,4,73.11999999999999,25.119999999999997,0.08,Trump,Trump,Trump,2322,48.0,52.0
Polk County,Minnesota,MN,27119,15419,10162,4967,27,65.91,32.21,0.18,Trump,Trump,Trump,5195,33.7,66.3
Pope County,Minnesota,MN,27121,7218,4677,2398,10,64.8,33.22,0.13999999999999999,Trump,Trump,Trump,2279,31.58,68.42
Ramsey County,Minnesota,MN,27123,278025,75284,195168,2127,27.08,70.19999999999999,0.77,Harris,Biden,Clinton,119884,43.12,56.88
Red Lake County,Minnesota,MN,27125,2116,1425,642,6,67.34,30.34,0.27999999999999997,Trump,Trump,Trump,783,37.0,63.0
Redwood County,Minnesota,MN,27127,8326,5895,2300,8,70.8,27.62,0.1,Trump,Trump,Trump,3595,43.18,56.82
Renville County,Minnesota,MN,27129,8058,5610,2280,16,69.62,28.29,0.2,Trump,Trump,Trump,3330,41.33,58.67
Rice County,Minnesota,MN,27131,36412,18264,17353,139,50.160000000000004,47.660000000000004,0.38,Trump,Trump,Trump,911,2.5,97.5
Rock County,Minnesota,MN,27133,5373,3690,1585,9,68.67999999999999,29.5,0.16999999999999998,Trump,Trump,Trump,2105,39.18,60.82
Roseau County,Minnesota,MN,27135,8499,6279,2093,15,73.88,24.63,0.18,Trump,Trump,Trump,4186,49.25,50.75
St. Louis County,Minnesota,MN,27137,119009,50065,66335,425,42.07,55.74,0.36,Harris,Biden,Clinton,16270,13.67,86.33
Scott County,Minnesota,MN,27139,90141,47837,40214,400,53.06999999999999,44.61,0.44,Trump,Trump,Trump,7623,8.46,91.54
Sherburne County,Minnesota,MN,27141,57960,38491,18329,139,66.41,31.619999999999997,0.24,Trump,Trump,Trump,20162,34.79,65.21
Sibley County,Minnesota,MN,27143,8537,6014,2351,18,70.45,27.54,0.21,Trump,Trump,Trump,3663,42.91,57.09
Stearns County,Minnesota,MN,27145,86632,53932,30829,354,62.25000000000001,35.589999999999996,0.41000000000000003,Trump,Trump,Trump,23103,26.66,73.34
Steele County,Minnesota,MN,27147,20872,12742,7650,62,61.050000000000004,36.65,0.3,Trump,Trump,Trump,5092,24.4,75.6
Stevens County,Minnesota,MN,27149,5139,3213,1827,9,62.519999999999996,35.55,0.18,Trump,Trump,Trump,1386,26.97,73.03
Swift County,Minnesota,MN,27151,5054,3340,1618,5,66.09,32.01,0.1,Trump,Trump,Trump,1722,34.08,65.92
Todd County,Minnesota,MN,27153,13718,10392,3072,28,75.75,22.39,0.2,Trump,Trump,Trump,7320,53.36,46.64
Traverse County,Minnesota,MN,27155,1802,1165,597,4,64.64999999999999,33.129999999999995,0.22,Trump,Trump,Trump,568,31.52,68.48
Wabasha County,Minnesota,MN,27157,13509,8523,4721,32,63.09,34.949999999999996,0.24,Trump,Trump,Trump,3802,28.14,71.86
Wadena County,Minnesota,MN,27159,8047,6028,1898,8,74.91,23.59,0.1,Trump,Trump,Trump,4130,51.32,48.68
Waseca County,Minnesota,MN,27161,10387,6770,3402,28,65.18,32.75,0.27,Trump,Trump,Trump,3368,32.43,67.57
Washington County,Minnesota,MN,27163,169536,75271,90324,753,44.4,53.28000000000001,0.44,Harris,Biden,Clinton,15053,8.88,91.12
Watonwan County,Minnesota,MN,27165,4933,3087,1723,13,62.580000000000005,34.93,0.26,Trump,Trump,Trump,1364,27.65,72.35
Wilkin County,Minnesota,MN,27167,3353,2290,986,2,68.30000000000001,29.409999999999997,0.06,Trump,Trump,Trump,1304,38.89,61.11
Winona County,Minnesota,MN,27169,27797,14288,12929,95,51.4,46.51,0.33999999999999997,Trump,Biden,Trump,1359,4.89,95.11
Wright County,Minnesota,MN,27171,90041,57211,30883,224,63.54,34.300000000000004,0.25,Trump,Trump,Trump,26328,29.24,70.76
Yellow Medicine County,Minnesota,MN,27173,5410,3738,1548,9,69.08999999999999,28.610000000000003,0.16999999999999998,Trump,Trump,Trump,2190,40.48,59.52
Adams County,Mississippi,MS,28001,11928,5081,6743,14,42.6,56.53,0.12,Harris,Biden,Clinton,1662,13.93,86.07
Alcorn County,Mississippi,MS,28003,15112,12657,2328,12,83.75,15.4,0.08,Trump,Trump,Trump,10329,68.35,31.65
Amite County,Mississippi,MS,28005,6815,4484,2246,11,65.8,32.96,0.16,Trump,Trump,Trump,2238,32.84,67.16
Attala County,Mississippi,MS,28007,7703,4723,2930,3,61.309999999999995,38.04,0.04,Trump,Trump,Trump,1793,23.27,76.73
Benton County,Mississippi,MS,28009,3880,2535,1318,4,65.34,33.97,0.1,Trump,Trump,Trump,1217,31.37,68.63
Bolivar County,Mississippi,MS,28011,10435,3943,6419,12,37.79,61.51,0.11,Harris,Biden,Clinton,2476,23.72,76.28
Calhoun County,Mississippi,MS,28013,6034,4443,1547,0,73.63,25.64,0.0,Trump,Trump,Trump,2896,47.99,52.01
Carroll County,Mississippi,MS,28015,5194,3730,1431,3,71.81,27.55,0.06,Trump,Trump,Trump,2299,44.26,55.74
Chickasaw County,Mississippi,MS,28017,7234,4079,3090,4,56.38999999999999,42.71,0.06,Trump,Trump,Trump,989,13.68,86.32
Choctaw County,Mississippi,MS,28019,3890,2881,965,7,74.06,24.81,0.18,Trump,Trump,Trump,1916,49.25,50.75
Claiborne County,Mississippi,MS,28021,3541,558,2950,4,15.76,83.31,0.11,Harris,Biden,Clinton,2392,67.55,32.45
Clarke County,Mississippi,MS,28023,7571,5093,2430,5,67.27,32.1,0.06999999999999999,Trump,Trump,Trump,2663,35.17,64.83
Clay County,Mississippi,MS,28025,9057,4017,4960,9,44.35,54.76,0.1,Harris,Biden,Clinton,943,10.41,89.59
Coahoma County,Mississippi,MS,28027,6790,2008,4711,5,29.57,69.38,0.06999999999999999,Harris,Biden,Clinton,2703,39.81,60.19
Copiah County,Mississippi,MS,28029,11665,6134,5426,8,52.580000000000005,46.52,0.06999999999999999,Trump,Biden,Clinton,708,6.06,93.94
Covington County,Mississippi,MS,28031,8861,5869,2921,7,66.23,32.96,0.08,Trump,Trump,Trump,2948,33.27,66.73
DeSoto County,Mississippi,MS,28033,79082,48064,29023,267,60.78,36.7,0.33999999999999997,Trump,Trump,Trump,19041,24.08,75.92
Forrest County,Mississippi,MS,28035,28466,16579,11475,69,58.24,40.31,0.24,Trump,Trump,Trump,5104,17.93,82.07
Franklin County,Mississippi,MS,28037,4066,2831,1213,2,69.63000000000001,29.830000000000002,0.05,Trump,Trump,Trump,1618,39.8,60.2
George County,Mississippi,MS,28039,11069,9858,1138,12,89.05999999999999,10.280000000000001,0.11,Trump,Trump,Trump,8720,78.78,21.22
Greene County,Mississippi,MS,28041,5649,4776,835,1,84.55,14.78,0.02,Trump,Trump,Trump,3941,69.77,30.23
Grenada County,Mississippi,MS,28043,9766,5651,4060,11,57.86,41.57,0.11,Trump,Trump,Trump,1591,16.29,83.71
Hancock County,Mississippi,MS,28045,21175,16684,4262,32,78.79,20.13,0.15,Trump,Trump,Trump,12422,58.66,41.34
Harrison County,Mississippi,MS,28047,75923,48497,26555,139,63.88,34.98,0.18,Trump,Trump,Trump,21942,28.9,71.1
Hinds County,Mississippi,MS,28049,86830,22816,62840,203,26.279999999999998,72.37,0.22999999999999998,Harris,Biden,Clinton,40024,46.09,53.91
Holmes County,Mississippi,MS,28051,6730,1243,5420,15,18.47,80.53,0.22,Harris,Biden,Clinton,4177,62.06,37.94
Humphreys County,Mississippi,MS,28053,3468,990,2443,6,28.549999999999997,70.44,0.16999999999999998,Harris,Biden,Clinton,1453,41.89,58.11
Issaquena County,Mississippi,MS,28055,622,296,287,7,47.589999999999996,46.14,1.13,Trump,Biden,Clinton,9,1.45,98.55
Itawamba County,Mississippi,MS,28057,10621,9523,1027,7,89.66,9.67,0.06999999999999999,Trump,Trump,Trump,8496,79.99,20.01
Jackson County,Mississippi,MS,28059,52410,36376,15469,102,69.41000000000001,29.520000000000003,0.19,Trump,Trump,Trump,20907,39.89,60.11
Jasper County,Mississippi,MS,28061,7890,4118,3722,5,52.190000000000005,47.17,0.06,Trump,Biden,Clinton,396,5.02,94.98
Jefferson County,Mississippi,MS,28063,3299,541,2727,3,16.400000000000002,82.66,0.09,Harris,Biden,Clinton,2186,66.26,33.74
Jefferson Davis County,Mississippi,MS,28065,5378,2302,3041,4,42.8,56.55,0.06999999999999999,Harris,Biden,Clinton,739,13.75,86.25
Jones County,Mississippi,MS,28067,27755,20265,7272,22,73.00999999999999,26.200000000000003,0.08,Trump,Trump,Trump,12993,46.81,53.19
Kemper County,Mississippi,MS,28069,4086,1691,2381,1,41.39,58.269999999999996,0.02,Harris,Biden,Clinton,690,16.88,83.12
Lafayette County,Mississippi,MS,28071,23409,14050,8956,94,60.019999999999996,38.26,0.4,Trump,Trump,Trump,5094,21.76,78.24
Lamar County,Mississippi,MS,28073,28171,20775,7038,42,73.75,24.98,0.15,Trump,Trump,Trump,13737,48.77,51.23
Lauderdale County,Mississippi,MS,28075,27407,16487,10677,26,60.160000000000004,38.96,0.09,Trump,Trump,Trump,5810,21.2,78.8
Lawrence County,Mississippi,MS,28077,6053,4113,1899,3,67.95,31.369999999999997,0.05,Trump,Trump,Trump,2214,36.58,63.42
Leake County,Mississippi,MS,28079,8380,5143,3182,7,61.370000000000005,37.97,0.08,Trump,Trump,Trump,1961,23.4,76.6
Lee County,Mississippi,MS,28081,35338,24339,10616,53,68.87,30.04,0.15,Trump,Trump,Trump,13723,38.83,61.17
Leflore County,Mississippi,MS,28083,9421,2854,6476,12,30.29,68.74,0.13,Harris,Biden,Clinton,3622,38.45,61.55
Lincoln County,Mississippi,MS,28085,15802,11432,4262,12,72.35000000000001,26.97,0.08,Trump,Trump,Trump,7170,45.38,54.62
Lowndes County,Mississippi,MS,28087,24426,13087,11096,27,53.580000000000005,45.43,0.11,Trump,Trump,Trump,1991,8.15,91.85
Madison County,Mississippi,MS,28089,55710,32333,22700,109,58.040000000000006,40.75,0.2,Trump,Trump,Trump,9633,17.29,82.71
Marion County,Mississippi,MS,28091,11188,7874,3215,5,70.38,28.74,0.04,Trump,Trump,Trump,4659,41.64,58.36
Marshall County,Mississippi,MS,28093,14983,7977,6888,14,53.239999999999995,45.97,0.09,Trump,Biden,Clinton,1089,7.27,92.73
Monroe County,Mississippi,MS,28095,16069,10861,5090,15,67.58999999999999,31.680000000000003,0.09,Trump,Trump,Trump,5771,35.91,64.09
Montgomery County,Mississippi,MS,28097,4424,2658,1737,1,60.08,39.26,0.02,Trump,Trump,Trump,921,20.82,79.18
Neshoba County,Mississippi,MS,28099,10861,8154,2622,9,75.08,24.14,0.08,Trump,Trump,Trump,5532,50.94,49.06
Newton County,Mississippi,MS,28101,9323,6641,2603,10,71.23,27.92,0.11,Trump,Trump,Trump,4038,43.31,56.69
Noxubee County,Mississippi,MS,28103,4449,1151,3269,2,25.869999999999997,73.48,0.04,Harris,Biden,Clinton,2118,47.61,52.39
Oktibbeha County,Mississippi,MS,28105,18051,8901,8851,48,49.309999999999995,49.03,0.27,Trump,Biden,Clinton,50,0.28,99.72
Panola County,Mississippi,MS,28107,14422,8202,6061,18,56.87,42.03,0.12,Trump,Trump,Trump,2141,14.84,85.16
Pearl River County,Mississippi,MS,28109,24671,20438,3982,34,82.84,16.14,0.13999999999999999,Trump,Trump,Trump,16456,66.7,33.3
Perry County,Mississippi,MS,28111,5539,4425,1078,8,79.89,19.46,0.13999999999999999,Trump,Trump,Trump,3347,60.43,39.57
Pike County,Mississippi,MS,28113,12715,6504,6091,15,51.15,47.9,0.12,Trump,Biden,Clinton,413,3.25,96.75
Pontotoc County,Mississippi,MS,28115,14068,11740,2214,13,83.45,15.740000000000002,0.09,Trump,Trump,Trump,9526,67.71,32.29
Prentiss County,Mississippi,MS,28117,10381,8581,1727,10,82.66,16.64,0.1,Trump,Trump,Trump,6854,66.02,33.98
Quitman County,Mississippi,MS,28119,2677,902,1725,2,33.69,64.44,0.06999999999999999,Harris,Biden,Clinton,823,30.75,69.25
Rankin County,Mississippi,MS,28121,69678,50896,18060,104,73.04,25.919999999999998,0.15,Trump,Trump,Trump,32836,47.12,52.88
Scott County,Mississippi,MS,28123,9891,6098,3729,6,61.650000000000006,37.7,0.06,Trump,Trump,Trump,2369,23.95,76.05
Sharkey County,Mississippi,MS,28125,1766,551,1201,4,31.2,68.01,0.22999999999999998,Harris,Biden,Clinton,650,36.81,63.19
Simpson County,Mississippi,MS,28127,11094,7552,3479,5,68.07,31.36,0.05,Trump,Trump,Trump,4073,36.71,63.29
Smith County,Mississippi,MS,28129,7676,6146,1486,3,80.07,19.36,0.04,Trump,Trump,Trump,4660,60.71,39.29
Stone County,Mississippi,MS,28131,7919,6214,1620,4,78.47,20.46,0.05,Trump,Trump,Trump,4594,58.01,41.99
Sunflower County,Mississippi,MS,28133,7876,2515,5312,4,31.929999999999996,67.45,0.05,Harris,Biden,Clinton,2797,35.52,64.48
Tallahatchie County,Mississippi,MS,28135,5012,2333,2630,3,46.550000000000004,52.470000000000006,0.06,Harris,Biden,Clinton,297,5.92,94.08
Tate County,Mississippi,MS,28137,12861,9185,3555,12,71.41999999999999,27.639999999999997,0.09,Trump,Trump,Trump,5630,43.78,56.22
Tippah County,Mississippi,MS,28139,9591,7984,1547,5,83.24000000000001,16.13,0.05,Trump,Trump,Trump,6437,67.11,32.89
Tishomingo County,Mississippi,MS,28141,9050,8064,921,10,89.1,10.18,0.11,Trump,Trump,Trump,7143,78.92,21.08
Tunica County,Mississippi,MS,28143,2668,799,1837,1,29.95,68.85,0.04,Harris,Biden,Clinton,1038,38.9,61.1
Union County,Mississippi,MS,28145,12478,10559,1807,17,84.61999999999999,14.48,0.13999999999999999,Trump,Trump,Trump,8752,70.14,29.86
Walthall County,Mississippi,MS,28147,6529,4114,2355,7,63.01,36.07,0.11,Trump,Trump,Trump,1759,26.94,73.06
Warren County,Mississippi,MS,28149,18298,9407,8683,33,51.41,47.449999999999996,0.18,Trump,Biden,Trump,724,3.96,96.04
Washington County,Mississippi,MS,28151,14540,4649,9735,15,31.97,66.95,0.1,Harris,Biden,Clinton,5086,34.98,65.02
Wayne County,Mississippi,MS,28153,9119,6013,3028,6,65.94,33.21,0.06999999999999999,Trump,Trump,Trump,2985,32.73,67.27
Webster County,Mississippi,MS,28155,5095,4195,872,5,82.34,17.11,0.1,Trump,Trump,Trump,3323,65.23,34.77
Wilkinson County,Mississippi,MS,28157,2931,1075,1817,1,36.68,61.99,0.03,Harris,Biden,Clinton,742,25.31,74.69
Winston County,Mississippi,MS,28159,8384,4922,3392,12,58.709999999999994,40.46,0.13999999999999999,Trump,Trump,Trump,1530,18.25,81.75
Yalobusha County,Mississippi,MS,28161,5878,3518,2289,3,59.85,38.940000000000005,0.05,Trump,Trump,Trump,1229,20.91,79.09
Yazoo County,Mississippi,MS,28163,8971,4558,4342,6,50.81,48.4,0.06999999999999999,Trump,Biden,Clinton,216,2.41,97.59
Adair County,Missouri,MO,29001,10239,6771,3334,51,66.13,32.56,0.5,Trump,Trump,Trump,3437,33.57,66.43
Andrew County,Missouri,MO,29003,9847,7407,2312,37,75.22,23.48,0.38,Trump,Trump,Trump,5095,51.74,48.26
Atchison County,Missouri,MO,29005,2713,2152,529,14,79.32000000000001,19.5,0.52,Trump,Trump,Trump,1623,59.82,40.18
Audrain County,Missouri,MO,29007,10523,7699,2688,35,73.16,25.540000000000003,0.33,Trump,Trump,Trump,5011,47.62,52.38
Barry County,Missouri,MO,29009,16165,13138,2873,56,81.27,17.77,0.35000000000000003,Trump,Trump,Trump,10265,63.5,36.5
Barton County,Missouri,MO,29011,6015,5159,820,16,85.77,13.63,0.27,Trump,Trump,Trump,4339,72.14,27.86
Bates County,Missouri,MO,29013,8344,6702,1563,18,80.32000000000001,18.73,0.22,Trump,Trump,Trump,5139,61.59,38.41
Benton County,Missouri,MO,29015,10769,8526,2166,27,79.17,20.11,0.25,Trump,Trump,Trump,6360,59.06,40.94
Bollinger County,Missouri,MO,29017,6161,5365,756,12,87.08,12.27,0.19,Trump,Trump,Trump,4609,74.81,25.19
Boone County,Missouri,MO,29019,90110,39673,48452,816,44.03,53.769999999999996,0.91,Harris,Biden,Clinton,8779,9.74,90.26
Buchanan County,Missouri,MO,29021,35743,22606,12598,181,63.24999999999999,35.25,0.51,Trump,Trump,Trump,10008,28.0,72.0
Butler County,Missouri,MO,29023,17860,14549,3160,61,81.46,17.69,0.33999999999999997,Trump,Trump,Trump,11389,63.77,36.23
Caldwell County,Missouri,MO,29025,4703,3771,888,18,80.17999999999999,18.88,0.38,Trump,Trump,Trump,2883,61.3,38.7
Callaway County,Missouri,MO,29027,21455,15206,5926,90,70.87,27.62,0.42,Trump,Trump,Trump,9280,43.25,56.75
Camden County,Missouri,MO,29029,25548,19597,5724,65,76.71,22.400000000000002,0.25,Trump,Trump,Trump,13873,54.31,45.69
Cape Girardeau County,Missouri,MO,29031,40353,29315,10561,143,72.65,26.169999999999998,0.35000000000000003,Trump,Trump,Trump,18754,46.48,53.52
Carroll County,Missouri,MO,29033,4528,3708,789,11,81.89,17.419999999999998,0.24,Trump,Trump,Trump,2919,64.47,35.53
Carter County,Missouri,MO,29035,2862,2488,364,2,86.92999999999999,12.72,0.06999999999999999,Trump,Trump,Trump,2124,74.21,25.79
Cass County,Missouri,MO,29037,59349,38792,19753,278,65.36,33.28,0.47000000000000003,Trump,Trump,Trump,19039,32.08,67.92
Cedar County,Missouri,MO,29039,7188,6064,1060,20,84.36,14.75,0.27999999999999997,Trump,Trump,Trump,5004,69.61,30.39
Chariton County,Missouri,MO,29041,4089,3179,875,7,77.75,21.4,0.16999999999999998,Trump,Trump,Trump,2304,56.35,43.65
Christian County,Missouri,MO,29043,50789,38379,11850,172,75.57000000000001,23.330000000000002,0.33999999999999997,Trump,Trump,Trump,26529,52.24,47.76
Clark County,Missouri,MO,29045,3333,2679,628,7,80.38,18.84,0.21,Trump,Trump,Trump,2051,61.54,38.46
Clay County,Missouri,MO,29047,130160,67688,60345,762,52.0,46.36,0.59,Trump,Trump,Trump,7343,5.64,94.36
Clinton County,Missouri,MO,29049,11230,8235,2855,48,73.33,25.419999999999998,0.43,Trump,Trump,Trump,5380,47.91,52.09
Cole County,Missouri,MO,29051,40152,26686,12874,189,66.46,32.06,0.47000000000000003,Trump,Trump,Trump,13812,34.4,65.6
Cooper County,Missouri,MO,29053,8835,6393,2347,22,72.36,26.56,0.25,Trump,Trump,Trump,4046,45.8,54.2
Crawford County,Missouri,MO,29055,10829,8742,2007,40,80.73,18.529999999999998,0.37,Trump,Trump,Trump,6735,62.2,37.8
Dade County,Missouri,MO,29057,4186,3480,671,14,83.13000000000001,16.03,0.33,Trump,Trump,Trump,2809,67.1,32.9
Dallas County,Missouri,MO,29059,8441,6907,1458,30,81.83,17.27,0.36,Trump,Trump,Trump,5449,64.56,35.44
Daviess County,Missouri,MO,29061,3925,3185,701,14,81.15,17.86,0.36,Trump,Trump,Trump,2484,63.29,36.71
DeKalb County,Missouri,MO,29063,4814,3885,870,16,80.7,18.07,0.33,Trump,Trump,Trump,3015,62.63,37.37
Dent County,Missouri,MO,29065,7103,6013,1025,17,84.65,14.430000000000001,0.24,Trump,Trump,Trump,4988,70.22,29.78
Douglas County,Missouri,MO,29067,7289,6242,996,25,85.64,13.66,0.33999999999999997,Trump,Trump,Trump,5246,71.98,28.02
Dunklin County,Missouri,MO,29069,10051,8096,1885,21,80.55,18.75,0.21,Trump,Trump,Trump,6211,61.8,38.2
Franklin County,Missouri,MO,29071,55464,40126,14694,218,72.35000000000001,26.490000000000002,0.38999999999999996,Trump,Trump,Trump,25432,45.86,54.14
Gasconade County,Missouri,MO,29073,7997,6370,1555,24,79.65,19.439999999999998,0.3,Trump,Trump,Trump,4815,60.21,39.79
Gentry County,Missouri,MO,29075,3292,2651,616,9,80.53,18.709999999999997,0.27,Trump,Trump,Trump,2035,61.82,38.18
Greene County,Missouri,MO,29077,144037,85956,55971,754,59.68,38.86,0.52,Trump,Trump,Trump,29985,20.82,79.18
Grundy County,Missouri,MO,29079,4404,3582,784,13,81.34,17.8,0.3,Trump,Trump,Trump,2798,63.54,36.46
Harrison County,Missouri,MO,29081,3845,3293,534,5,85.64,13.889999999999999,0.13,Trump,Trump,Trump,2759,71.75,28.25
Henry County,Missouri,MO,29083,10932,8286,2535,39,75.8,23.189999999999998,0.36,Trump,Trump,Trump,5751,52.61,47.39
Hickory County,Missouri,MO,29085,5120,4108,978,13,80.23,19.1,0.25,Trump,Trump,Trump,3130,61.13,38.87
Holt County,Missouri,MO,29087,2352,1982,357,6,84.27,15.18,0.26,Trump,Trump,Trump,1625,69.09,30.91
Howard County,Missouri,MO,29089,4956,3534,1341,30,71.31,27.060000000000002,0.61,Trump,Trump,Trump,2193,44.25,55.75
Howell County,Missouri,MO,29091,18968,15733,3073,51,82.94,16.2,0.27,Trump,Trump,Trump,12660,66.74,33.26
Iron County,Missouri,MO,29093,4518,3644,824,21,80.66,18.240000000000002,0.45999999999999996,Trump,Trump,Trump,2820,62.42,37.58
Jackson County,Missouri,MO,29095,193729,99385,91366,1164,51.300000000000004,47.160000000000004,0.6,Trump,Trump,Trump,8019,4.14,95.86
Jasper County,Missouri,MO,29097,53807,39084,13943,261,72.64,25.91,0.49,Trump,Trump,Trump,25141,46.73,53.27
Jefferson County,Missouri,MO,29099,119314,80796,36965,579,67.72,30.98,0.49,Trump,Trump,Trump,43831,36.74,63.26
Johnson County,Missouri,MO,29101,23602,16298,6960,111,69.05,29.49,0.47000000000000003,Trump,Trump,Trump,9338,39.56,60.44
Knox County,Missouri,MO,29103,1810,1479,311,7,81.71000000000001,17.18,0.38999999999999996,Trump,Trump,Trump,1168,64.53,35.47
Laclede County,Missouri,MO,29105,17076,14155,2756,56,82.89,16.14,0.33,Trump,Trump,Trump,11399,66.75,33.25
Lafayette County,Missouri,MO,29107,17248,12720,4294,69,73.75,24.9,0.4,Trump,Trump,Trump,8426,48.85,51.15
Lawrence County,Missouri,MO,29109,18427,15001,3248,52,81.41000000000001,17.630000000000003,0.27999999999999997,Trump,Trump,Trump,11753,63.78,36.22
Lewis County,Missouri,MO,29111,4486,3565,872,15,79.47,19.439999999999998,0.33,Trump,Trump,Trump,2693,60.03,39.97
Lincoln County,Missouri,MO,29113,32133,24866,6908,110,77.38000000000001,21.5,0.33999999999999997,Trump,Trump,Trump,17958,55.88,44.12
Linn County,Missouri,MO,29115,5687,4437,1183,23,78.02,20.8,0.4,Trump,Trump,Trump,3254,57.22,42.78
Livingston County,Missouri,MO,29117,6873,5395,1422,18,78.5,20.69,0.26,Trump,Trump,Trump,3973,57.81,42.19
McDonald County,Missouri,MO,29119,9338,7843,1423,32,83.99,15.24,0.33999999999999997,Trump,Trump,Trump,6420,68.75,31.25
Macon County,Missouri,MO,29121,7839,6300,1481,24,80.36999999999999,18.89,0.31,Trump,Trump,Trump,4819,61.48,38.52
Madison County,Missouri,MO,29123,5753,4721,986,14,82.06,17.14,0.24,Trump,Trump,Trump,3735,64.92,35.08
Maries County,Missouri,MO,29125,4786,3987,755,14,83.31,15.78,0.29,Trump,Trump,Trump,3232,67.53,32.47
Marion County,Missouri,MO,29127,13153,9991,3032,52,75.96000000000001,23.05,0.4,Trump,Trump,Trump,6959,52.91,47.09
Mercer County,Missouri,MO,29129,1792,1545,235,4,86.22,13.11,0.22,Trump,Trump,Trump,1310,73.11,26.89
Miller County,Missouri,MO,29131,13011,10826,2067,39,83.21,15.89,0.3,Trump,Trump,Trump,8759,67.32,32.68
Mississippi County,Missouri,MO,29133,4449,3404,1015,8,76.51,22.81,0.18,Trump,Trump,Trump,2389,53.7,46.3
Moniteau County,Missouri,MO,29135,7275,5877,1313,22,80.78,18.05,0.3,Trump,Trump,Trump,4564,62.73,37.27
Monroe County,Missouri,MO,29137,4378,3476,857,18,79.4,19.580000000000002,0.41000000000000003,Trump,Trump,Trump,2619,59.82,40.18
Montgomery County,Missouri,MO,29139,5998,4776,1170,11,79.63,19.509999999999998,0.18,Trump,Trump,Trump,3606,60.12,39.88
Morgan County,Missouri,MO,29141,9735,7725,1914,31,79.35,19.66,0.32,Trump,Trump,Trump,5811,59.69,40.31
New Madrid County,Missouri,MO,29143,6811,5203,1561,13,76.39,22.919999999999998,0.19,Trump,Trump,Trump,3642,53.47,46.53
Newton County,Missouri,MO,29145,29097,22923,5867,120,78.78,20.16,0.41000000000000003,Trump,Trump,Trump,17056,58.62,41.38
Nodaway County,Missouri,MO,29147,9689,6909,2674,36,71.31,27.6,0.37,Trump,Trump,Trump,4235,43.71,56.29
Oregon County,Missouri,MO,29149,4613,3884,696,12,84.2,15.09,0.26,Trump,Trump,Trump,3188,69.11,30.89
Osage County,Missouri,MO,29151,7727,6657,1009,13,86.15,13.059999999999999,0.16999999999999998,Trump,Trump,Trump,5648,73.09,26.91
Ozark County,Missouri,MO,29153,4780,4044,698,11,84.6,14.6,0.22999999999999998,Trump,Trump,Trump,3346,70.0,30.0
Pemiscot County,Missouri,MO,29155,5270,3917,1331,6,74.33,25.259999999999998,0.11,Trump,Trump,Trump,2586,49.07,50.93
Perry County,Missouri,MO,29157,9824,7986,1757,29,81.28999999999999,17.88,0.3,Trump,Trump,Trump,6229,63.41,36.59
Pettis County,Missouri,MO,29159,18882,13907,4703,95,73.65,24.91,0.5,Trump,Trump,Trump,9204,48.74,51.26
Phelps County,Missouri,MO,29161,19300,13658,5379,97,70.77,27.87,0.5,Trump,Trump,Trump,8279,42.9,57.1
Pike County,Missouri,MO,29163,7824,6151,1618,20,78.62,20.68,0.26,Trump,Trump,Trump,4533,57.94,42.06
Platte County,Missouri,MO,29165,57817,29381,27566,305,50.82,47.68,0.53,Trump,Trump,Trump,1815,3.14,96.86
Polk County,Missouri,MO,29167,15826,12691,2948,45,80.19,18.63,0.27999999999999997,Trump,Trump,Trump,9743,61.56,38.44
Pulaski County,Missouri,MO,29169,15549,11579,3765,86,74.47,24.21,0.5499999999999999,Trump,Trump,Trump,7814,50.26,49.74
Putnam County,Missouri,MO,29171,2380,2021,347,5,84.92,14.580000000000002,0.21,Trump,Trump,Trump,1674,70.34,29.66
Ralls County,Missouri,MO,29173,5777,4575,1154,16,79.19,19.98,0.27999999999999997,Trump,Trump,Trump,3421,59.21,40.79
Randolph County,Missouri,MO,29175,11028,8322,2571,43,75.46000000000001,23.31,0.38999999999999996,Trump,Trump,Trump,5751,52.15,47.85
Ray County,Missouri,MO,29177,11662,8602,2927,51,73.76,25.1,0.44,Trump,Trump,Trump,5675,48.66,51.34
Reynolds County,Missouri,MO,29179,3059,2560,472,8,83.69,15.43,0.26,Trump,Trump,Trump,2088,68.26,31.74
Ripley County,Missouri,MO,29181,5804,5002,763,12,86.18,13.15,0.21,Trump,Trump,Trump,4239,73.03,26.97
St. Charles County,Missouri,MO,29183,226166,130588,92226,1190,57.74,40.78,0.53,Trump,Trump,Trump,38362,16.96,83.04
St. Clair County,Missouri,MO,29185,4990,3982,959,14,79.80000000000001,19.220000000000002,0.27999999999999997,Trump,Trump,Trump,3023,60.58,39.42
Ste. Genevieve County,Missouri,MO,29186,9776,7031,2629,45,71.92,26.889999999999997,0.45999999999999996,Trump,Trump,Trump,4402,45.03,54.97
St. Francois County,Missouri,MO,29187,28615,21521,6811,108,75.21,23.799999999999997,0.38,Trump,Trump,Trump,14710,51.41,48.59
St. Louis County,Missouri,MO,29189,502738,187982,305635,4250,37.39,60.79,0.8500000000000001,Harris,Biden,Clinton,117653,23.4,76.6
Saline County,Missouri,MO,29195,9330,6498,2726,43,69.65,29.220000000000002,0.45999999999999996,Trump,Trump,Trump,3772,40.43,59.57
Schuyler County,Missouri,MO,29197,1945,1588,334,3,81.65,17.169999999999998,0.15,Trump,Trump,Trump,1254,64.48,35.52
Scotland County,Missouri,MO,29199,1918,1537,358,11,80.14,18.67,0.5700000000000001,Trump,Trump,Trump,1179,61.47,38.53
Scott County,Missouri,MO,29201,17421,13786,3525,40,79.13,20.23,0.22999999999999998,Trump,Trump,Trump,10261,58.9,41.1
Shannon County,Missouri,MO,29203,4018,3364,625,7,83.72,15.559999999999999,0.16999999999999998,Trump,Trump,Trump,2739,68.16,31.84
Shelby County,Missouri,MO,29205,3262,2691,550,6,82.5,16.86,0.18,Trump,Trump,Trump,2141,65.64,34.36
Stoddard County,Missouri,MO,29207,13599,11783,1736,25,86.65,12.770000000000001,0.18,Trump,Trump,Trump,10047,73.88,26.12
Stone County,Missouri,MO,29209,19123,15357,3620,55,80.31,18.93,0.29,Trump,Trump,Trump,11737,61.38,38.62
Sullivan County,Missouri,MO,29211,2463,2035,408,9,82.62,16.57,0.37,Trump,Trump,Trump,1627,66.05,33.95
Taney County,Missouri,MO,29213,26824,21236,5329,85,79.17,19.869999999999997,0.32,Trump,Trump,Trump,15907,59.3,40.7
Texas County,Missouri,MO,29215,11525,9855,1589,35,85.50999999999999,13.79,0.3,Trump,Trump,Trump,8266,71.72,28.28
Vernon County,Missouri,MO,29217,8973,7112,1774,29,79.25999999999999,19.77,0.32,Trump,Trump,Trump,5338,59.49,40.51
Warren County,Missouri,MO,29219,20095,14915,4970,68,74.22,24.73,0.33999999999999997,Trump,Trump,Trump,9945,49.49,50.51
Washington County,Missouri,MO,29221,10237,8424,1747,25,82.28999999999999,17.07,0.24,Trump,Trump,Trump,6677,65.22,34.78
Wayne County,Missouri,MO,29223,5847,5030,783,15,86.03,13.389999999999999,0.26,Trump,Trump,Trump,4247,72.64,27.36
Webster County,Missouri,MO,29225,19814,15984,3653,44,80.67,18.44,0.22,Trump,Trump,Trump,12331,62.23,37.77
Worth County,Missouri,MO,29227,1105,904,190,2,81.81,17.19,0.18,Trump,Trump,Trump,714,64.62,35.38
Wright County,Missouri,MO,29229,8980,7850,1057,25,87.42,11.77,0.27999999999999997,Trump,Trump,Trump,6793,75.65,24.35
St. Louis city,Missouri,MO,29510,116271,19342,94458,1421,16.64,81.24,1.22,Harris,Biden,Clinton,75116,64.6,35.4
Beaverhead County,Montana,MT,30001,5794,4058,1543,22,70.04,26.63,0.38,Trump,Trump,Trump,2515,43.41,56.59
Big Horn County,Montana,MT,30003,4470,2188,2112,13,48.949999999999996,47.25,0.29,Trump,Biden,Clinton,76,1.7,98.3
Blaine County,Montana,MT,30005,3019,1526,1348,16,50.55,44.65,0.53,Trump,Biden,Trump,178,5.9,94.1
Broadwater County,Montana,MT,30007,4810,3770,885,18,78.38000000000001,18.4,0.37,Trump,Trump,Trump,2885,59.98,40.02
Carbon County,Montana,MT,30009,7297,4719,2353,25,64.67,32.25,0.33999999999999997,Trump,Trump,Trump,2366,32.42,67.58
Carter County,Montana,MT,30011,854,760,75,3,88.99000000000001,8.780000000000001,0.35000000000000003,Trump,Trump,Trump,685,80.21,19.79
Cascade County,Montana,MT,30013,37583,22419,14021,134,59.650000000000006,37.31,0.36,Trump,Trump,Trump,8398,22.34,77.66
Chouteau County,Montana,MT,30015,2934,1885,940,17,64.25,32.04,0.58,Trump,Trump,Trump,945,32.21,67.79
Custer County,Montana,MT,30017,5797,4208,1385,25,72.59,23.89,0.43,Trump,Trump,Trump,2823,48.7,51.3
Daniels County,Montana,MT,30019,951,778,154,2,81.81,16.189999999999998,0.21,Trump,Trump,Trump,624,65.62,34.38
Dawson County,Montana,MT,30021,4638,3627,894,8,78.2,19.28,0.16999999999999998,Trump,Trump,Trump,2733,58.92,41.08
Deer Lodge County,Montana,MT,30023,4870,2329,2376,18,47.82,48.79,0.37,Harris,Biden,Clinton,47,0.97,99.03
Fallon County,Montana,MT,30025,1507,1303,163,4,86.46000000000001,10.82,0.27,Trump,Trump,Trump,1140,75.64,24.36
Fergus County,Montana,MT,30027,6712,4965,1522,21,73.97,22.68,0.31,Trump,Trump,Trump,3443,51.29,48.71
Flathead County,Montana,MT,30029,63140,41390,20062,236,65.55,31.77,0.37,Trump,Trump,Trump,21328,33.78,66.22
Gallatin County,Montana,MT,30031,69897,32695,34938,377,46.78,49.980000000000004,0.54,Harris,Biden,Clinton,2243,3.2,96.8
Garfield County,Montana,MT,30033,800,756,39,0,94.5,4.88,0.0,Trump,Trump,Trump,717,89.62,10.38
Glacier County,Montana,MT,30035,5078,1939,2933,28,38.18,57.76,0.5499999999999999,Harris,Biden,Clinton,994,19.58,80.42
Golden Valley County,Montana,MT,30037,515,440,67,2,85.44,13.01,0.38999999999999996,Trump,Trump,Trump,373,72.43,27.57
Granite County,Montana,MT,30039,2176,1537,579,6,70.63000000000001,26.61,0.27999999999999997,Trump,Trump,Trump,958,44.02,55.98
Hill County,Montana,MT,30041,6804,3871,2634,29,56.88999999999999,38.71,0.43,Trump,Trump,Trump,1237,18.18,81.82
Jefferson County,Montana,MT,30043,8291,5544,2516,32,66.86999999999999,30.349999999999998,0.38999999999999996,Trump,Trump,Trump,3028,36.52,63.48
Judith Basin County,Montana,MT,30045,1353,1051,265,2,77.68,19.59,0.15,Trump,Trump,Trump,786,58.09,41.91
Lake County,Montana,MT,30047,16910,9880,6510,77,58.43000000000001,38.5,0.45999999999999996,Trump,Trump,Trump,3370,19.93,80.07
Lewis and Clark County,Montana,MT,30049,42023,21479,19085,198,51.11,45.42,0.47000000000000003,Trump,Trump,Trump,2394,5.69,94.31
Liberty County,Montana,MT,30051,988,752,214,1,76.11,21.66,0.1,Trump,Trump,Trump,538,54.45,45.55
Lincoln County,Montana,MT,30053,11789,8909,2615,43,75.57000000000001,22.18,0.36,Trump,Trump,Trump,6294,53.39,46.61
McCone County,Montana,MT,30055,1082,931,129,3,86.04,11.92,0.27999999999999997,Trump,Trump,Trump,802,74.12,25.88
Madison County,Montana,MT,30057,6461,4615,1689,22,71.43,26.14,0.33999999999999997,Trump,Trump,Trump,2926,45.29,54.71
Meagher County,Montana,MT,30059,1172,888,256,3,75.77000000000001,21.84,0.26,Trump,Trump,Trump,632,53.93,46.07
Mineral County,Montana,MT,30061,2833,2049,689,16,72.33000000000001,24.32,0.5599999999999999,Trump,Trump,Trump,1360,48.01,51.99
Missoula County,Montana,MT,30063,72773,27306,42903,681,37.519999999999996,58.95,0.9400000000000001,Harris,Biden,Clinton,15597,21.43,78.57
Musselshell County,Montana,MT,30065,3012,2550,396,8,84.66,13.15,0.27,Trump,Trump,Trump,2154,71.51,28.49
Park County,Montana,MT,30067,11717,6128,5224,52,52.300000000000004,44.58,0.44,Trump,Trump,Trump,904,7.72,92.28
Petroleum County,Montana,MT,30069,324,284,37,0,87.64999999999999,11.42,0.0,Trump,Trump,Trump,247,76.23,23.77
Phillips County,Montana,MT,30071,2189,1753,385,3,80.08,17.59,0.13999999999999999,Trump,Trump,Trump,1368,62.49,37.51
Pondera County,Montana,MT,30073,2852,1972,782,11,69.14,27.42,0.38999999999999996,Trump,Trump,Trump,1190,41.72,58.28
Powder River County,Montana,MT,30075,1106,963,131,1,87.07000000000001,11.84,0.09,Trump,Trump,Trump,832,75.23,24.77
Powell County,Montana,MT,30077,3282,2466,710,10,75.14,21.63,0.3,Trump,Trump,Trump,1756,53.51,46.49
Prairie County,Montana,MT,30079,688,546,122,1,79.36,17.73,0.15,Trump,Trump,Trump,424,61.63,38.37
Ravalli County,Montana,MT,30081,29904,20617,8485,134,68.94,28.37,0.44999999999999996,Trump,Trump,Trump,12132,40.57,59.43
Richland County,Montana,MT,30083,5309,4387,778,16,82.63000000000001,14.649999999999999,0.3,Trump,Trump,Trump,3609,67.98,32.02
Roosevelt County,Montana,MT,30085,3914,2055,1680,21,52.5,42.92,0.54,Trump,Trump,Trump,375,9.58,90.42
Rosebud County,Montana,MT,30087,3693,2466,1095,14,66.77,29.65,0.38,Trump,Trump,Trump,1371,37.12,62.88
Sanders County,Montana,MT,30089,8069,6150,1705,30,76.22,21.13,0.37,Trump,Trump,Trump,4445,55.09,44.91
Sheridan County,Montana,MT,30091,1912,1321,509,4,69.08999999999999,26.619999999999997,0.21,Trump,Trump,Trump,812,42.47,57.53
Silver Bow County,Montana,MT,30093,18226,8110,9386,75,44.5,51.5,0.41000000000000003,Harris,Biden,Clinton,1276,7.0,93.0
Stillwater County,Montana,MT,30095,5906,4699,1056,13,79.56,17.88,0.22,Trump,Trump,Trump,3643,61.68,38.32
Sweet Grass County,Montana,MT,30097,2381,1789,525,8,75.14,22.05,0.33999999999999997,Trump,Trump,Trump,1264,53.09,46.91
Teton County,Montana,MT,30099,3568,2533,927,6,70.99,25.979999999999997,0.16999999999999998,Trump,Trump,Trump,1606,45.01,54.99
Toole County,Montana,MT,30101,2046,1571,415,7,76.78,20.28,0.33999999999999997,Trump,Trump,Trump,1156,56.5,43.5
Treasure County,Montana,MT,30103,442,367,57,1,83.03,12.9,0.22999999999999998,Trump,Trump,Trump,310,70.13,29.87
Valley County,Montana,MT,30105,4079,3019,935,17,74.00999999999999,22.919999999999998,0.42,Trump,Trump,Trump,2084,51.09,48.91
Wheatland County,Montana,MT,30107,1086,843,209,6,77.62,19.24,0.5499999999999999,Trump,Trump,Trump,634,58.38,41.62
Wibaux County,Montana,MT,30109,546,463,71,0,84.8,13.0,0.0,Trump,Trump,Trump,392,71.8,28.2
Yellowstone County,Montana,MT,30111,81391,50460,28392,358,62.0,34.88,0.44,Trump,Trump,Trump,22068,27.12,72.88
Adams County,Nebraska,NE,31001,14364,10077,4100,44,70.15,28.54,0.31,Trump,Trump,Trump,5977,41.61,58.39
Antelope County,Nebraska,NE,31003,3447,3032,396,2,87.96000000000001,11.49,0.06,Trump,Trump,Trump,2636,76.47,23.53
Arthur County,Nebraska,NE,31005,282,264,17,0,93.62,6.03,0.0,Trump,Trump,Trump,247,87.59,12.41
Banner County,Nebraska,NE,31007,386,348,34,0,90.16,8.81,0.0,Trump,Trump,Trump,314,81.35,18.65
Blaine County,Nebraska,NE,31009,291,250,37,1,85.91,12.709999999999999,0.33999999999999997,Trump,Trump,Trump,213,73.2,26.8
Boone County,Nebraska,NE,31011,3031,2499,496,6,82.45,16.36,0.2,Trump,Trump,Trump,2003,66.09,33.91
Box Butte County,Nebraska,NE,31013,4931,3827,1043,18,77.61,21.15,0.37,Trump,Trump,Trump,2784,56.46,43.54
Boyd County,Nebraska,NE,31015,1075,938,132,0,87.26,12.280000000000001,0.0,Trump,Trump,Trump,806,74.98,25.02
Brown County,Nebraska,NE,31017,1642,1428,201,2,86.97,12.24,0.12,Trump,Trump,Trump,1227,74.73,25.27
Buffalo County,Nebraska,NE,31019,23759,17064,6386,78,71.82,26.88,0.33,Trump,Trump,Trump,10678,44.94,55.06
Burt County,Nebraska,NE,31021,3656,2632,983,9,71.99,26.889999999999997,0.25,Trump,Trump,Trump,1649,45.1,54.9
Butler County,Nebraska,NE,31023,4587,3642,906,4,79.4,19.75,0.09,Trump,Trump,Trump,2736,59.65,40.35
Cass County,Nebraska,NE,31025,15755,10685,4824,45,67.82000000000001,30.620000000000005,0.29,Trump,Trump,Trump,5861,37.2,62.8
Cedar County,Nebraska,NE,31027,4912,4141,702,12,84.3,14.29,0.24,Trump,Trump,Trump,3439,70.01,29.99
Chase County,Nebraska,NE,31029,1866,1648,204,3,88.32,10.93,0.16,Trump,Trump,Trump,1444,77.39,22.61
Cherry County,Nebraska,NE,31031,3069,2687,349,6,87.55,11.37,0.2,Trump,Trump,Trump,2338,76.18,23.82
Cheyenne County,Nebraska,NE,31033,4530,3692,787,12,81.5,17.37,0.26,Trump,Trump,Trump,2905,64.13,35.87
Clay County,Nebraska,NE,31035,3310,2677,577,14,80.88,17.43,0.42,Trump,Trump,Trump,2100,63.45,36.55
Colfax County,Nebraska,NE,31037,3516,2636,845,7,74.97,24.03,0.2,Trump,Trump,Trump,1791,50.94,49.06
Cuming County,Nebraska,NE,31039,4445,3536,867,8,79.55,19.509999999999998,0.18,Trump,Trump,Trump,2669,60.04,39.96
Custer County,Nebraska,NE,31041,5886,5042,786,15,85.66,13.350000000000001,0.25,Trump,Trump,Trump,4256,72.31,27.69
Dakota County,Nebraska,NE,31043,6120,3934,2109,22,64.28,34.46,0.36,Trump,Trump,Trump,1825,29.82,70.18
Dawes County,Nebraska,NE,31045,3868,2812,992,10,72.7,25.650000000000002,0.26,Trump,Trump,Trump,1820,47.05,52.95
Dawson County,Nebraska,NE,31047,8491,6312,2101,22,74.33999999999999,24.740000000000002,0.26,Trump,Trump,Trump,4211,49.6,50.4
Deuel County,Nebraska,NE,31049,1012,843,151,3,83.3,14.92,0.3,Trump,Trump,Trump,692,68.38,31.62
Dixon County,Nebraska,NE,31051,2895,2271,573,6,78.45,19.79,0.21,Trump,Trump,Trump,1698,58.66,41.34
Dodge County,Nebraska,NE,31053,16443,10795,5434,49,65.64999999999999,33.050000000000004,0.3,Trump,Trump,Trump,5361,32.6,67.4
Douglas County,Nebraska,NE,31055,273403,120919,148733,1007,44.230000000000004,54.400000000000006,0.37,Harris,Biden,Clinton,27814,10.17,89.83
Dundy County,Nebraska,NE,31057,929,829,96,0,89.24,10.33,0.0,Trump,Trump,Trump,733,78.91,21.09
Fillmore County,Nebraska,NE,31059,3013,2315,662,8,76.83,21.97,0.27,Trump,Trump,Trump,1653,54.86,45.14
Franklin County,Nebraska,NE,31061,1600,1351,236,3,84.44,14.75,0.19,Trump,Trump,Trump,1115,69.69,30.31
Frontier County,Nebraska,NE,31063,1410,1213,185,1,86.03,13.120000000000001,0.06999999999999999,Trump,Trump,Trump,1028,72.91,27.09
Furnas County,Nebraska,NE,31065,2413,2043,358,3,84.67,14.84,0.12,Trump,Trump,Trump,1685,69.83,30.17
Gage County,Nebraska,NE,31067,10916,7523,3242,27,68.92,29.7,0.25,Trump,Trump,Trump,4281,39.22,60.78
Garden County,Nebraska,NE,31069,1117,949,162,1,84.96000000000001,14.499999999999998,0.09,Trump,Trump,Trump,787,70.46,29.54
Garfield County,Nebraska,NE,31071,1015,893,116,0,87.98,11.43,0.0,Trump,Trump,Trump,777,76.55,23.45
Gosper County,Nebraska,NE,31073,1118,907,203,2,81.13,18.16,0.18,Trump,Trump,Trump,704,62.97,37.03
Grant County,Nebraska,NE,31075,366,351,15,0,95.89999999999999,4.1000000000000005,0.0,Trump,Trump,Trump,336,91.8,8.2
Greeley County,Nebraska,NE,31077,1235,1030,192,7,83.39999999999999,15.55,0.5700000000000001,Trump,Trump,Trump,838,67.85,32.15
Hall County,Nebraska,NE,31079,22804,15566,6956,59,68.26,30.5,0.26,Trump,Trump,Trump,8610,37.76,62.24
Hamilton County,Nebraska,NE,31081,5547,4416,1067,13,79.61,19.24,0.22999999999999998,Trump,Trump,Trump,3349,60.37,39.63
Harlan County,Nebraska,NE,31083,1802,1506,280,5,83.57,15.540000000000001,0.27999999999999997,Trump,Trump,Trump,1226,68.03,31.97
Hayes County,Nebraska,NE,31085,494,472,19,2,95.55,3.85,0.4,Trump,Trump,Trump,453,91.7,8.3
Hitchcock County,Nebraska,NE,31087,1433,1269,152,1,88.56,10.61,0.06999999999999999,Trump,Trump,Trump,1117,77.95,22.05
Holt County,Nebraska,NE,31089,5442,4708,681,10,86.50999999999999,12.509999999999998,0.18,Trump,Trump,Trump,4027,74.0,26.0
Hooker County,Nebraska,NE,31091,427,369,55,0,86.42,12.879999999999999,0.0,Trump,Trump,Trump,314,73.54,26.46
Howard County,Nebraska,NE,31093,3550,2868,642,6,80.78999999999999,18.08,0.16999999999999998,Trump,Trump,Trump,2226,62.71,37.29
Jefferson County,Nebraska,NE,31095,3631,2614,968,13,71.99,26.66,0.36,Trump,Trump,Trump,1646,45.33,54.67
Johnson County,Nebraska,NE,31097,2152,1496,625,9,69.52000000000001,29.04,0.42,Trump,Trump,Trump,871,40.48,59.52
Kearney County,Nebraska,NE,31099,3604,2828,736,8,78.47,20.419999999999998,0.22,Trump,Trump,Trump,2092,58.05,41.95
Keith County,Nebraska,NE,31101,4199,3416,731,14,81.35,17.41,0.33,Trump,Trump,Trump,2685,63.94,36.06
Keya Paha County,Nebraska,NE,31103,544,500,44,0,91.91,8.09,0.0,Trump,Trump,Trump,456,83.82,16.18
Kimball County,Nebraska,NE,31105,1720,1424,272,4,82.78999999999999,15.809999999999999,0.22999999999999998,Trump,Trump,Trump,1152,66.98,33.02
Knox County,Nebraska,NE,31107,4436,3593,786,8,81.0,17.72,0.18,Trump,Trump,Trump,2807,63.28,36.72
Lancaster County,Nebraska,NE,31109,157633,74215,81012,585,47.08,51.39,0.37,Harris,Biden,Clinton,6797,4.31,95.69
Lincoln County,Nebraska,NE,31111,16464,12674,3586,47,76.98,21.78,0.29,Trump,Trump,Trump,9088,55.2,44.8
Logan County,Nebraska,NE,31113,440,409,25,1,92.95,5.680000000000001,0.22999999999999998,Trump,Trump,Trump,384,87.27,12.73
Loup County,Nebraska,NE,31115,428,354,73,0,82.71,17.06,0.0,Trump,Trump,Trump,281,65.65,34.35
McPherson County,Nebraska,NE,31117,283,267,12,0,94.35,4.24,0.0,Trump,Trump,Trump,255,90.11,9.89
Madison County,Nebraska,NE,31119,15690,12145,3360,28,77.41,21.41,0.18,Trump,Trump,Trump,8785,56.0,44.0
Merrick County,Nebraska,NE,31121,4342,3551,730,13,81.78,16.81,0.3,Trump,Trump,Trump,2821,64.97,35.03
Morrill County,Nebraska,NE,31123,2426,2026,366,5,83.50999999999999,15.09,0.21,Trump,Trump,Trump,1660,68.42,31.58
Nance County,Nebraska,NE,31125,1837,1462,352,8,79.59,19.16,0.44,Trump,Trump,Trump,1110,60.43,39.57
Nemaha County,Nebraska,NE,31127,3418,2443,915,12,71.47,26.77,0.35000000000000003,Trump,Trump,Trump,1528,44.7,55.3
Nuckolls County,Nebraska,NE,31129,2258,1836,399,0,81.31,17.669999999999998,0.0,Trump,Trump,Trump,1437,63.64,36.36
Otoe County,Nebraska,NE,31131,8198,5651,2463,19,68.93,30.04,0.22999999999999998,Trump,Trump,Trump,3188,38.89,61.11
Pawnee County,Nebraska,NE,31133,1379,1085,284,1,78.68,20.59,0.06999999999999999,Trump,Trump,Trump,801,58.09,41.91
Perkins County,Nebraska,NE,31135,1426,1224,187,4,85.83,13.11,0.27999999999999997,Trump,Trump,Trump,1037,72.72,27.28
Phelps County,Nebraska,NE,31137,4965,4158,758,7,83.75,15.27,0.13999999999999999,Trump,Trump,Trump,3400,68.48,31.52
Pierce County,Nebraska,NE,31139,3897,3420,446,11,87.76,11.44,0.27999999999999997,Trump,Trump,Trump,2974,76.32,23.68
Platte County,Nebraska,NE,31141,15658,12326,3191,29,78.72,20.380000000000003,0.19,Trump,Trump,Trump,9135,58.34,41.66
Polk County,Nebraska,NE,31143,2819,2296,501,3,81.45,17.77,0.11,Trump,Trump,Trump,1795,63.68,36.32
Red Willow County,Nebraska,NE,31145,5323,4457,815,6,83.73,15.310000000000002,0.11,Trump,Trump,Trump,3642,68.42,31.58
Richardson County,Nebraska,NE,31147,3942,2962,934,11,75.14,23.69,0.27999999999999997,Trump,Trump,Trump,2028,51.45,48.55
Rock County,Nebraska,NE,31149,834,745,85,1,89.33,10.190000000000001,0.12,Trump,Trump,Trump,660,79.14,20.86
Saline County,Nebraska,NE,31151,5655,3734,1855,8,66.03,32.800000000000004,0.13999999999999999,Trump,Trump,Trump,1879,33.23,66.77
Sarpy County,Nebraska,NE,31153,100735,55567,43825,296,55.16,43.51,0.29,Trump,Trump,Trump,11742,11.65,88.35
Saunders County,Nebraska,NE,31155,13565,9854,3558,28,72.64,26.229999999999997,0.21,Trump,Trump,Trump,6296,46.41,53.59
Scotts Bluff County,Nebraska,NE,31157,15040,11033,3856,33,73.36,25.64,0.22,Trump,Trump,Trump,7177,47.72,52.28
Seward County,Nebraska,NE,31159,9184,6667,2388,23,72.59,26.0,0.25,Trump,Trump,Trump,4279,46.59,53.41
Sheridan County,Nebraska,NE,31161,2484,2102,362,4,84.61999999999999,14.57,0.16,Trump,Trump,Trump,1740,70.05,29.95
Sherman County,Nebraska,NE,31163,1687,1344,328,2,79.67,19.439999999999998,0.12,Trump,Trump,Trump,1016,60.23,39.77
Sioux County,Nebraska,NE,31165,678,597,77,0,88.05,11.360000000000001,0.0,Trump,Trump,Trump,520,76.69,23.31
Stanton County,Nebraska,NE,31167,3064,2536,492,11,82.77,16.06,0.36,Trump,Trump,Trump,2044,66.71,33.29
Thayer County,Nebraska,NE,31169,2852,2278,544,6,79.86999999999999,19.07,0.21,Trump,Trump,Trump,1734,60.8,39.2
Thomas County,Nebraska,NE,31171,393,348,44,0,88.55,11.200000000000001,0.0,Trump,Trump,Trump,304,77.35,22.65
Thurston County,Nebraska,NE,31173,2123,1125,978,4,52.99,46.07,0.19,Trump,Trump,Trump,147,6.92,93.08
Valley County,Nebraska,NE,31175,2299,1872,403,6,81.43,17.53,0.26,Trump,Trump,Trump,1469,63.9,36.1
Washington County,Nebraska,NE,31177,12545,8855,3538,27,70.59,28.199999999999996,0.22,Trump,Trump,Trump,5317,42.39,57.61
Wayne County,Nebraska,NE,31179,4073,3011,1006,11,73.92999999999999,24.7,0.27,Trump,Trump,Trump,2005,49.23,50.77
Webster County,Nebraska,NE,31181,1763,1449,296,4,82.19,16.79,0.22999999999999998,Trump,Trump,Trump,1153,65.4,34.6
Wheeler County,Nebraska,NE,31183,486,424,57,1,87.24,11.73,0.21,Trump,Trump,Trump,367,75.51,24.49
York County,Nebraska,NE,31185,6984,5234,1648,23,74.94,23.599999999999998,0.33,Trump,Trump,Trump,3586,51.34,48.66
Churchill County,Nevada,NV,32001,13503,9962,3179,0,73.78,23.54,0.0,Trump,Trump,Trump,6783,50.24,49.76
Clark County,Nevada,NV,32003,1031223,493052,520187,0,47.81,50.44,0.0,Harris,Biden,Clinton,27135,2.63,97.37
Douglas County,Nevada,NV,32005,35556,23237,11553,0,65.35,32.49,0.0,Trump,Trump,Trump,11684,32.86,67.14
Elko County,Nevada,NV,32007,22465,17352,4632,0,77.24,20.62,0.0,Trump,Trump,Trump,12720,56.62,43.38
Esmeralda County,Nevada,NV,32009,461,376,73,0,81.56,15.840000000000002,0.0,Trump,Trump,Trump,303,65.72,34.28
Eureka County,Nevada,NV,32011,1036,910,104,0,87.83999999999999,10.040000000000001,0.0,Trump,Trump,Trump,806,77.8,22.2
Humboldt County,Nevada,NV,32013,8030,6141,1711,0,76.48,21.310000000000002,0.0,Trump,Trump,Trump,4430,55.17,44.83
Lander County,Nevada,NV,32015,2725,2180,482,0,80.0,17.69,0.0,Trump,Trump,Trump,1698,62.31,37.69
Lincoln County,Nevada,NV,32017,2472,2108,314,0,85.28,12.7,0.0,Trump,Trump,Trump,1794,72.58,27.42
Lyon County,Nevada,NV,32019,33541,23861,8954,0,71.14,26.700000000000003,0.0,Trump,Trump,Trump,14907,44.44,55.56
Mineral County,Nevada,NV,32021,2295,1528,711,0,66.58,30.98,0.0,Trump,Trump,Trump,817,35.6,64.4
Nye County,Nevada,NV,32023,26997,18946,7559,0,70.17999999999999,28.000000000000004,0.0,Trump,Trump,Trump,11387,42.18,57.82
Pershing County,Nevada,NV,32027,2308,1764,496,0,76.42999999999999,21.490000000000002,0.0,Trump,Trump,Trump,1268,54.94,45.06
Storey County,Nevada,NV,32029,3075,2108,913,0,68.55,29.69,0.0,Trump,Trump,Trump,1195,38.86,61.14
Washoe County,Nevada,NV,32031,263734,127443,130071,0,48.32,49.32,0.0,Harris,Biden,Clinton,2628,1.0,99.0
White Pine County,Nevada,NV,32033,4315,3364,883,0,77.96,20.46,0.0,Trump,Trump,Trump,2481,57.5,42.5
Carson City,Nevada,NV,32510,31068,16873,13375,0,54.31,43.05,0.0,Trump,Trump,Trump,3498,11.26,88.74
Belknap County,New Hampshire,NH,33001,40676,22765,17469,133,55.97,42.95,0.33,Trump,Trump,Trump,5296,13.02,86.98
Carroll County,New Hampshire,NH,33003,34658,17426,16822,107,50.28,48.54,0.31,Trump,Biden,Trump,604,1.74,98.26
Cheshire County,New Hampshire,NH,33005,45389,20083,24579,223,44.25,54.15,0.49,Harris,Biden,Clinton,4496,9.9,90.1
Coos County,New Hampshire,NH,33007,17322,9734,7367,53,56.19,42.53,0.31,Trump,Trump,Trump,2367,13.66,86.34
Grafton County,New Hampshire,NH,33009,55895,21909,32993,342,39.2,59.03,0.61,Harris,Biden,Clinton,11084,19.83,80.17
Hillsborough County,New Hampshire,NH,33011,234440,112057,118776,1120,47.8,50.660000000000004,0.48,Harris,Biden,Trump,6719,2.86,97.14
Merrimack County,New Hampshire,NH,33013,92978,43364,48181,409,46.64,51.82,0.44,Harris,Biden,Clinton,4817,5.18,94.82
Rockingham County,New Hampshire,NH,33015,202922,102539,97611,806,50.529999999999994,48.1,0.4,Trump,Biden,Trump,4928,2.43,97.57
Strafford County,New Hampshire,NH,33017,76688,33162,42373,363,43.24,55.25,0.47000000000000003,Harris,Biden,Clinton,9211,12.01,87.99
Sullivan County,New Hampshire,NH,33019,25221,12484,12317,124,49.5,48.84,0.49,Trump,Biden,Trump,167,0.66,99.34
Atlantic County,New Jersey,NJ,34001,129759,65817,61879,636,50.72,47.69,0.49,Trump,Biden,Clinton,3938,3.03,96.97
Bergen County,New Jersey,NJ,34003,459077,217096,232660,5349,47.29,50.68,1.17,Harris,Biden,Clinton,15564,3.39,96.61
Burlington County,New Jersey,NJ,34005,229466,94116,132275,1293,41.02,57.64,0.5599999999999999,Harris,Biden,Clinton,38159,16.62,83.38
Camden County,New Jersey,NJ,34007,246954,87767,155522,1407,35.54,62.980000000000004,0.5700000000000001,Harris,Biden,Clinton,67755,27.44,72.56
Cape May County,New Jersey,NJ,34009,54568,32151,21648,150,58.919999999999995,39.67,0.27,Trump,Trump,Trump,10503,19.25,80.75
Cumberland County,New Jersey,NJ,34011,55885,28675,26577,186,51.31,47.56,0.33,Trump,Biden,Clinton,2098,3.75,96.25
Essex County,New Jersey,NJ,34013,313283,83908,224596,2356,26.779999999999998,71.69,0.75,Harris,Biden,Clinton,140688,44.91,55.09
Gloucester County,New Jersey,NJ,34015,164635,83326,78708,603,50.61,47.81,0.37,Trump,Biden,Trump,4618,2.8,97.2
Hudson County,New Jersey,NJ,34017,231181,79913,144765,3298,34.57,62.62,1.43,Harris,Biden,Clinton,64852,28.05,71.95
Hunterdon County,New Jersey,NJ,34019,80925,42391,36995,488,52.38,45.72,0.6,Trump,Trump,Trump,5396,6.66,93.34
Mercer County,New Jersey,NJ,34021,163270,52274,107558,1690,32.019999999999996,65.88000000000001,1.04,Harris,Biden,Clinton,55284,33.86,66.14
Middlesex County,New Jersey,NJ,34023,365187,162459,191802,6996,44.49,52.52,1.92,Harris,Biden,Clinton,29343,8.03,91.97
Monmouth County,New Jersey,NJ,34025,360143,197409,156382,2142,54.81,43.419999999999995,0.59,Trump,Trump,Trump,41027,11.39,88.61
Morris County,New Jersey,NJ,34027,284666,143439,135672,2296,50.39,47.660000000000004,0.8099999999999999,Trump,Biden,Trump,7767,2.73,97.27
Ocean County,New Jersey,NJ,34029,337135,227232,105789,882,67.4,31.380000000000003,0.26,Trump,Trump,Trump,121443,36.02,63.98
Passaic County,New Jersey,NJ,34031,202767,100954,95156,4429,49.79,46.93,2.18,Trump,Biden,Clinton,5798,2.86,97.14
Salem County,New Jersey,NJ,34033,31001,18229,12275,94,58.8,39.6,0.3,Trump,Trump,Trump,5954,19.2,80.8
Somerset County,New Jersey,NJ,34035,177412,74101,98790,2447,41.77,55.67999999999999,1.38,Harris,Biden,Clinton,24689,13.91,86.09
Sussex County,New Jersey,NJ,34037,84629,52123,31019,364,61.59,36.65,0.43,Trump,Trump,Trump,21104,24.94,75.06
Union County,New Jersey,NJ,34039,240632,89063,147327,1648,37.01,61.23,0.6799999999999999,Harris,Biden,Clinton,58264,24.22,75.78
Warren County,New Jersey,NJ,34041,60150,35772,23318,287,59.47,38.769999999999996,0.48,Trump,Trump,Trump,12454,20.7,79.3
Bernalillo County,New Mexico,NM,35001,310844,118762,184117,2050,38.21,59.230000000000004,0.66,Harris,Biden,Clinton,65355,21.02,78.98
Catron County,New Mexico,NM,35003,2357,1752,571,6,74.33,24.23,0.25,Trump,Trump,Trump,1181,50.1,49.9
Chaves County,New Mexico,NM,35005,22200,15894,5941,45,71.59,26.76,0.2,Trump,Trump,Trump,9953,44.83,55.17
Cibola County,New Mexico,NM,35006,8977,4311,4450,17,48.02,49.57,0.19,Harris,Biden,Clinton,139,1.55,98.45
Colfax County,New Mexico,NM,35007,5813,3252,2436,14,55.94,41.91,0.24,Trump,Trump,Trump,816,14.03,85.97
Curry County,New Mexico,NM,35009,15223,10714,4230,26,70.38,27.79,0.16999999999999998,Trump,Trump,Trump,6484,42.59,57.41
De Baca County,New Mexico,NM,35011,874,649,206,2,74.26,23.57,0.22999999999999998,Trump,Trump,Trump,443,50.69,49.31
Do├▒a Ana County,New Mexico,NM,35013,85407,37594,45937,387,44.019999999999996,53.790000000000006,0.44999999999999996,Harris,Biden,Clinton,8343,9.77,90.23
Eddy County,New Mexico,NM,35015,23472,18141,5032,40,77.29,21.44,0.16999999999999998,Trump,Trump,Trump,13109,55.85,44.15
Grant County,New Mexico,NM,35017,14224,6580,7301,111,46.26,51.33,0.7799999999999999,Harris,Biden,Clinton,721,5.07,94.93
Guadalupe County,New Mexico,NM,35019,1938,945,959,3,48.76,49.480000000000004,0.15,Harris,Biden,Clinton,14,0.72,99.28
Harding County,New Mexico,NM,35021,431,297,128,3,68.91000000000001,29.7,0.7000000000000001,Trump,Trump,Trump,169,39.21,60.79
Hidalgo County,New Mexico,NM,35023,1862,1140,705,0,61.22,37.86,0.0,Trump,Trump,Trump,435,23.36,76.64
Lea County,New Mexico,NM,35025,21209,16997,3930,31,80.14,18.529999999999998,0.15,Trump,Trump,Trump,13067,61.61,38.39
Lincoln County,New Mexico,NM,35027,10165,6942,3033,32,68.28999999999999,29.84,0.31,Trump,Trump,Trump,3909,38.45,61.55
Los Alamos County,New Mexico,NM,35028,12187,4047,7726,70,33.21,63.4,0.5700000000000001,Harris,Biden,Clinton,3679,30.19,69.81
Luna County,New Mexico,NM,35029,8056,4698,3176,29,58.32000000000001,39.42,0.36,Trump,Trump,Trump,1522,18.9,81.1
McKinley County,New Mexico,NM,35031,25867,9364,15711,104,36.199999999999996,60.74,0.4,Harris,Biden,Clinton,6347,24.54,75.46
Mora County,New Mexico,NM,35033,2487,1010,1439,6,40.61,57.86,0.24,Harris,Biden,Clinton,429,17.25,82.75
Otero County,New Mexico,NM,35035,24242,15117,8582,87,62.36000000000001,35.4,0.36,Trump,Trump,Trump,6535,26.96,73.04
Quay County,New Mexico,NM,35037,3704,2570,1055,8,69.38,28.48,0.22,Trump,Trump,Trump,1515,40.9,59.1
Rio Arriba County,New Mexico,NM,35039,15989,6268,9373,80,39.2,58.620000000000005,0.5,Harris,Biden,Clinton,3105,19.42,80.58
Roosevelt County,New Mexico,NM,35041,6639,4687,1820,14,70.6,27.41,0.21,Trump,Trump,Trump,2867,43.19,56.81
Sandoval County,New Mexico,NM,35043,79540,36605,41205,316,46.02,51.800000000000004,0.4,Harris,Biden,Clinton,4600,5.78,94.22
San Juan County,New Mexico,NM,35045,52926,34264,17464,125,64.74,33.0,0.24,Trump,Trump,Trump,16800,31.74,68.26
San Miguel County,New Mexico,NM,35047,11108,3887,6985,50,34.99,62.88,0.44999999999999996,Harris,Biden,Clinton,3098,27.89,72.11
Santa Fe County,New Mexico,NM,35049,83719,20457,61405,597,24.44,73.35000000000001,0.7100000000000001,Harris,Biden,Clinton,40948,48.91,51.09
Sierra County,New Mexico,NM,35051,5953,3473,2332,25,58.34,39.17,0.42,Trump,Trump,Trump,1141,19.17,80.83
Socorro County,New Mexico,NM,35053,7233,3651,3384,37,50.480000000000004,46.79,0.51,Trump,Biden,Clinton,267,3.69,96.31
Taos County,New Mexico,NM,35055,16636,4139,12038,173,24.88,72.36,1.04,Harris,Biden,Clinton,7899,47.48,52.52
Torrance County,New Mexico,NM,35057,7179,4880,2144,21,67.97999999999999,29.86,0.29,Trump,Trump,Trump,2736,38.12,61.88
Union County,New Mexico,NM,35059,1665,1247,378,10,74.89,22.7,0.6,Trump,Trump,Trump,869,52.19,47.81
Valencia County,New Mexico,NM,35061,33277,19057,13609,92,57.269999999999996,40.9,0.27999999999999997,Trump,Trump,Trump,5448,16.37,83.63
Albany County,New York,NY,36001,151005,54560,92589,1039,36.13,61.31999999999999,0.69,Harris,Biden,Clinton,38029,25.19,74.81
Allegany County,New York,NY,36003,19669,13826,5483,20,70.28999999999999,27.88,0.1,Trump,Trump,Trump,8343,42.41,57.59
Bronx County,New York,NY,36005,367346,98174,261670,2348,26.729999999999997,71.23,0.64,Harris,Biden,Clinton,163496,44.5,55.5
Broome County,New York,NY,36007,91823,44763,45142,341,48.75,49.16,0.37,Harris,Biden,Trump,379,0.41,99.59
Cattaraugus County,New York,NY,36009,34525,22586,11424,53,65.42,33.09,0.15,Trump,Trump,Trump,11162,32.33,67.67
Cayuga County,New York,NY,36011,36785,20482,15772,45,55.67999999999999,42.88,0.12,Trump,Trump,Trump,4710,12.8,87.2
Chautauqua County,New York,NY,36013,57521,34528,22085,59,60.029999999999994,38.39,0.1,Trump,Trump,Trump,12443,21.64,78.36
Chemung County,New York,NY,36015,38003,21861,15572,61,57.52,40.98,0.16,Trump,Trump,Trump,6289,16.54,83.46
Chenango County,New York,NY,36017,22776,14294,8177,35,62.760000000000005,35.9,0.15,Trump,Trump,Trump,6117,26.86,73.14
Clinton County,New York,NY,36019,36238,18247,17478,60,50.349999999999994,48.230000000000004,0.16999999999999998,Trump,Biden,Clinton,769,2.12,97.88
Columbia County,New York,NY,36021,36326,15168,20396,237,41.760000000000005,56.15,0.65,Harris,Biden,Clinton,5228,14.39,85.61
Cortland County,New York,NY,36023,22330,11706,10290,31,52.42,46.08,0.13999999999999999,Trump,Trump,Trump,1416,6.34,93.66
Delaware County,New York,NY,36025,23401,13789,9237,94,58.919999999999995,39.47,0.4,Trump,Trump,Trump,4552,19.45,80.55
Dutchess County,New York,NY,36027,154575,71778,79994,556,46.44,51.74999999999999,0.36,Harris,Biden,Clinton,8216,5.31,94.69
Erie County,New York,NY,36029,463579,204774,248651,2183,44.17,53.64,0.47000000000000003,Harris,Biden,Clinton,43877,9.47,90.53
Essex County,New York,NY,36031,19529,9533,9629,40,48.809999999999995,49.309999999999995,0.2,Harris,Biden,Trump,96,0.5,99.5
Franklin County,New York,NY,36033,19662,10569,8821,34,53.75,44.86,0.16999999999999998,Trump,Trump,Trump,1748,8.89,91.11
Fulton County,New York,NY,36035,24191,16237,7666,24,67.12,31.69,0.1,Trump,Trump,Trump,8571,35.43,64.57
Genesee County,New York,NY,36037,28821,18997,9367,30,65.91,32.5,0.1,Trump,Trump,Trump,9630,33.41,66.59
Greene County,New York,NY,36039,25688,14702,10436,100,57.230000000000004,40.63,0.38999999999999996,Trump,Trump,Trump,4266,16.6,83.4
Hamilton County,New York,NY,36041,3442,2223,1211,1,64.58,35.18,0.03,Trump,Trump,Trump,1012,29.4,70.6
Herkimer County,New York,NY,36043,29024,19557,9110,29,67.38,31.39,0.1,Trump,Trump,Trump,10447,35.99,64.01
Jefferson County,New York,NY,36045,43311,26417,16326,50,60.99,37.69,0.12,Trump,Trump,Trump,10091,23.3,76.7
Kings County,New York,NY,36047,861910,233964,601265,9190,27.139999999999997,69.76,1.0699999999999998,Harris,Biden,Clinton,367301,42.62,57.38
Lewis County,New York,NY,36049,13246,9353,3600,4,70.61,27.18,0.03,Trump,Trump,Trump,5753,43.43,56.57
Livingston County,New York,NY,36051,31461,18780,12148,40,59.69,38.61,0.13,Trump,Trump,Trump,6632,21.08,78.92
Madison County,New York,NY,36053,34265,19025,14629,59,55.52,42.69,0.16999999999999998,Trump,Trump,Trump,4396,12.83,87.17
Monroe County,New York,NY,36055,368343,145940,214757,1070,39.62,58.3,0.29,Harris,Biden,Clinton,68817,18.68,81.32
Montgomery County,New York,NY,36057,20922,13286,7356,29,63.5,35.160000000000004,0.13999999999999999,Trump,Trump,Trump,5930,28.34,71.66
Nassau County,New York,NY,36059,722586,368117,338424,4876,50.94,46.839999999999996,0.67,Trump,Biden,Clinton,29693,4.1,95.9
New York County,New York,NY,36061,666599,113921,533782,4485,17.09,80.08,0.67,Harris,Biden,Clinton,419861,62.99,37.01
Niagara County,New York,NY,36063,103573,58678,43438,154,56.65,41.94,0.15,Trump,Trump,Trump,15240,14.71,85.29
Oneida County,New York,NY,36065,101527,60687,39415,33,59.77,38.82,0.03,Trump,Trump,Trump,21272,20.95,79.05
Onondaga County,New York,NY,36067,231707,93916,133155,780,40.53,57.47,0.33999999999999997,Harris,Biden,Clinton,39239,16.94,83.06
Ontario County,New York,NY,36069,60814,30221,29520,101,49.69,48.54,0.16999999999999998,Trump,Trump,Trump,701,1.15,98.85
Orange County,New York,NY,36071,178506,94936,80253,299,53.18000000000001,44.96,0.16999999999999998,Trump,Trump,Trump,14683,8.22,91.78
Orleans County,New York,NY,36073,18301,12659,5366,13,69.17,29.32,0.06999999999999999,Trump,Trump,Trump,7293,39.85,60.15
Oswego County,New York,NY,36075,54712,33548,20483,61,61.31999999999999,37.44,0.11,Trump,Trump,Trump,13065,23.88,76.12
Otsego County,New York,NY,36077,28783,15256,13031,83,53.0,45.269999999999996,0.29,Trump,Trump,Trump,2225,7.73,92.27
Putnam County,New York,NY,36079,56421,31553,23956,172,55.92,42.46,0.3,Trump,Trump,Trump,7597,13.46,86.54
Queens County,New York,NY,36081,721937,264628,437282,8546,36.66,60.57,1.18,Harris,Biden,Clinton,172654,23.91,76.09
Rensselaer County,New York,NY,36083,79752,38601,39668,251,48.4,49.74,0.31,Harris,Biden,Trump,1067,1.34,98.66
Richmond County,New York,NY,36085,201584,128151,69345,1874,63.57000000000001,34.4,0.9299999999999999,Trump,Trump,Trump,58806,29.17,70.83
Rockland County,New York,NY,36087,152249,83543,65880,511,54.87,43.269999999999996,0.33999999999999997,Trump,Biden,Clinton,17663,11.6,88.4
St. Lawrence County,New York,NY,36089,44549,25919,18010,47,58.18,40.43,0.11,Trump,Trump,Trump,7909,17.75,82.25
Saratoga County,New York,NY,36091,132817,63940,66321,333,48.14,49.93,0.25,Harris,Biden,Trump,2381,1.79,98.21
Schenectady County,New York,NY,36093,73112,31975,39733,321,43.730000000000004,54.35,0.44,Harris,Biden,Clinton,7758,10.62,89.38
Schoharie County,New York,NY,36095,16231,10423,5547,44,64.22,34.18,0.27,Trump,Trump,Trump,4876,30.04,69.96
Schuyler County,New York,NY,36097,9579,5717,3736,12,59.68,39.0,0.13,Trump,Trump,Trump,1981,20.68,79.32
Seneca County,New York,NY,36099,15227,8379,6610,22,55.03,43.41,0.13999999999999999,Trump,Trump,Trump,1769,11.62,88.38
Steuben County,New York,NY,36101,45822,29777,15413,60,64.98,33.64,0.13,Trump,Trump,Trump,14364,31.34,68.66
Suffolk County,New York,NY,36103,771213,417549,341812,2676,54.14,44.32,0.35000000000000003,Trump,Trump,Trump,75737,9.82,90.18
Sullivan County,New York,NY,36105,35644,20386,14549,91,57.19,40.82,0.26,Trump,Trump,Trump,5837,16.37,83.63
Tioga County,New York,NY,36107,24839,15038,9437,38,60.540000000000006,37.99,0.15,Trump,Trump,Trump,5601,22.55,77.45
Tompkins County,New York,NY,36109,47307,11354,34631,346,24.0,73.2,0.73,Harris,Biden,Clinton,23277,49.2,50.8
Ulster County,New York,NY,36111,100024,39743,57974,552,39.73,57.96,0.5499999999999999,Harris,Biden,Clinton,18231,18.23,81.77
Warren County,New York,NY,36113,36318,18606,17099,52,51.23,47.08,0.13999999999999999,Trump,Trump,Trump,1507,4.15,95.85
Washington County,New York,NY,36115,28897,17268,11224,44,59.760000000000005,38.84,0.15,Trump,Trump,Trump,6044,20.92,79.08
Wayne County,New York,NY,36117,45015,27286,17056,32,60.62,37.89,0.06999999999999999,Trump,Trump,Trump,10230,22.73,77.27
Westchester County,New York,NY,36119,464981,167795,287434,1910,36.09,61.82,0.41000000000000003,Harris,Biden,Clinton,119639,25.73,74.27
Wyoming County,New York,NY,36121,19415,14112,4929,0,72.69,25.39,0.0,Trump,Trump,Trump,9183,47.3,52.7
Yates County,New York,NY,36123,10700,6098,4401,17,56.989999999999995,41.13,0.16,Trump,Trump,Trump,1697,15.86,84.14
Alamance County,North Carolina,NC,37001,89831,47937,40624,379,53.36,45.22,0.42,Trump,Trump,Trump,7313,8.14,91.86
Alexander County,North Carolina,NC,37003,20677,16404,4060,36,79.33,19.64,0.16999999999999998,Trump,Trump,Trump,12344,59.69,40.31
Alleghany County,North Carolina,NC,37005,6496,4900,1533,9,75.42999999999999,23.599999999999998,0.13999999999999999,Trump,Trump,Trump,3367,51.83,48.17
Anson County,North Carolina,NC,37007,10875,5525,5253,21,50.8,48.3,0.19,Trump,Biden,Clinton,272,2.5,97.5
Ashe County,North Carolina,NC,37009,16253,11629,4431,28,71.55,27.26,0.16999999999999998,Trump,Trump,Trump,7198,44.29,55.71
Avery County,North Carolina,NC,37011,9489,7181,2220,14,75.68,23.400000000000002,0.15,Trump,Trump,Trump,4961,52.28,47.72
Beaufort County,North Carolina,NC,37013,26572,17296,9049,49,65.09,34.050000000000004,0.18,Trump,Trump,Trump,8247,31.04,68.96
Bertie County,North Carolina,NC,37015,9186,3840,5279,10,41.8,57.47,0.11,Harris,Biden,Clinton,1439,15.67,84.33
Bladen County,North Carolina,NC,37017,16764,10035,6620,23,59.86,39.489999999999995,0.13999999999999999,Trump,Trump,Trump,3415,20.37,79.63
Brunswick County,North Carolina,NC,37019,109378,67658,40557,244,61.86000000000001,37.08,0.22,Trump,Trump,Trump,27101,24.78,75.22
Buncombe County,North Carolina,NC,37021,160510,59016,98662,1001,36.77,61.47,0.62,Harris,Biden,Clinton,39646,24.7,75.3
Burke County,North Carolina,NC,37023,45847,32130,13272,93,70.08,28.95,0.2,Trump,Trump,Trump,18858,41.13,58.87
Cabarrus County,North Carolina,NC,37025,120202,63746,54494,628,53.03,45.34,0.52,Trump,Trump,Trump,9252,7.69,92.31
Caldwell County,North Carolina,NC,37027,43540,33009,10146,78,75.81,23.3,0.18,Trump,Trump,Trump,22863,52.51,47.49
Camden County,North Carolina,NC,37029,6304,4716,1522,8,74.81,24.14,0.13,Trump,Trump,Trump,3194,50.67,49.33
Carteret County,North Carolina,NC,37031,45817,32508,12813,106,70.95,27.97,0.22999999999999998,Trump,Trump,Trump,19695,42.98,57.02
Caswell County,North Carolina,NC,37033,12040,7445,4493,16,61.839999999999996,37.32,0.13,Trump,Trump,Trump,2952,24.52,75.48
Catawba County,North Carolina,NC,37035,87109,59577,26569,226,68.39,30.5,0.26,Trump,Trump,Trump,33008,37.89,62.11
Chatham County,North Carolina,NC,37037,52301,22507,29014,206,43.03,55.48,0.38999999999999996,Harris,Biden,Clinton,6507,12.45,87.55
Cherokee County,North Carolina,NC,37039,17824,13883,3686,39,77.89,20.68,0.22,Trump,Trump,Trump,10197,57.21,42.79
Chowan County,North Carolina,NC,37041,7552,4587,2895,8,60.74,38.33,0.11,Trump,Trump,Trump,1692,22.41,77.59
Clay County,North Carolina,NC,37043,7728,5761,1899,15,74.55000000000001,24.57,0.19,Trump,Trump,Trump,3862,49.98,50.02
Cleveland County,North Carolina,NC,37045,51706,34654,16603,97,67.02,32.11,0.19,Trump,Trump,Trump,18051,34.91,65.09
Columbus County,North Carolina,NC,37047,26402,17592,8648,43,66.63,32.76,0.16,Trump,Trump,Trump,8944,33.87,66.13
Craven County,North Carolina,NC,37049,56173,33477,22011,136,59.599999999999994,39.18,0.24,Trump,Trump,Trump,11466,20.42,79.58
Cumberland County,North Carolina,NC,37051,140513,59840,78631,470,42.59,55.96,0.33,Harris,Biden,Clinton,18791,13.37,86.63
Currituck County,North Carolina,NC,37053,18053,13235,4604,45,73.31,25.5,0.25,Trump,Trump,Trump,8631,47.81,52.19
Dare County,North Carolina,NC,37055,25196,14792,10074,81,58.709999999999994,39.98,0.32,Trump,Trump,Trump,4718,18.73,81.27
Davidson County,North Carolina,NC,37057,93452,67959,24150,363,72.72,25.840000000000003,0.38999999999999996,Trump,Trump,Trump,43809,46.88,53.12
Davie County,North Carolina,NC,37059,26850,19398,6988,99,72.25,26.029999999999998,0.37,Trump,Trump,Trump,12410,46.22,53.78
Duplin County,North Carolina,NC,37061,22898,14677,8057,36,64.1,35.19,0.16,Trump,Trump,Trump,6620,28.91,71.09
Durham County,North Carolina,NC,37063,180912,32853,144450,1332,18.16,79.85,0.74,Harris,Biden,Clinton,111597,61.69,38.31
Edgecombe County,North Carolina,NC,37065,24448,9355,14900,43,38.26,60.95,0.18,Harris,Biden,Clinton,5545,22.69,77.31
Forsyth County,North Carolina,NC,37067,204726,87292,114145,813,42.64,55.76,0.4,Harris,Biden,Clinton,26853,13.12,86.88
Franklin County,North Carolina,NC,37069,42667,23938,18167,113,56.10000000000001,42.58,0.26,Trump,Trump,Trump,5771,13.52,86.48
Gaston County,North Carolina,NC,37071,119256,73828,44062,308,61.91,36.95,0.26,Trump,Trump,Trump,29766,24.96,75.04
Gates County,North Carolina,NC,37073,5868,3538,2268,10,60.29,38.65,0.16999999999999998,Trump,Trump,Trump,1270,21.64,78.36
Graham County,North Carolina,NC,37075,4779,3883,839,10,81.25,17.560000000000002,0.21,Trump,Trump,Trump,3044,63.69,36.31
Granville County,North Carolina,NC,37077,32104,17383,14365,85,54.15,44.75,0.26,Trump,Trump,Trump,3018,9.4,90.6
Greene County,North Carolina,NC,37079,8450,4965,3437,12,58.76,40.67,0.13999999999999999,Trump,Trump,Trump,1528,18.09,81.91
Guilford County,North Carolina,NC,37081,285053,109077,171118,1525,38.269999999999996,60.029999999999994,0.53,Harris,Biden,Clinton,62041,21.76,78.24
Halifax County,North Carolina,NC,37083,23965,9778,14014,36,40.8,58.48,0.15,Harris,Biden,Clinton,4236,17.68,82.32
Harnett County,North Carolina,NC,37085,63757,39440,23472,200,61.86000000000001,36.809999999999995,0.31,Trump,Trump,Trump,15968,25.05,74.95
Haywood County,North Carolina,NC,37087,37851,23393,13913,143,61.8,36.76,0.38,Trump,Trump,Trump,9480,25.04,74.96
Henderson County,North Carolina,NC,37089,69974,39497,29361,294,56.45,41.959999999999994,0.42,Trump,Trump,Trump,10136,14.49,85.51
Hertford County,North Carolina,NC,37091,9843,3561,6191,13,36.18,62.9,0.13,Harris,Biden,Clinton,2630,26.72,73.28
Hoke County,North Carolina,NC,37093,22767,10547,11896,67,46.33,52.25,0.29,Harris,Biden,Clinton,1349,5.92,94.08
Hyde County,North Carolina,NC,37095,2421,1465,931,5,60.51,38.46,0.21,Trump,Trump,Trump,534,22.05,77.95
Iredell County,North Carolina,NC,37097,110875,72801,36739,298,65.66,33.14,0.27,Trump,Trump,Trump,36062,32.52,67.48
Jackson County,North Carolina,NC,37099,21942,11796,9746,126,53.76,44.42,0.5700000000000001,Trump,Trump,Trump,2050,9.34,90.66
Johnston County,North Carolina,NC,37101,124678,74878,48116,426,60.06,38.59,0.33999999999999997,Trump,Trump,Trump,26762,21.47,78.53
Jones County,North Carolina,NC,37103,5463,3409,2007,11,62.4,36.74,0.2,Trump,Trump,Trump,1402,25.66,74.34
Lee County,North Carolina,NC,37105,30081,17489,12245,77,58.14,40.71,0.26,Trump,Trump,Trump,5244,17.43,82.57
Lenoir County,North Carolina,NC,37107,27503,14564,12700,50,52.949999999999996,46.18,0.18,Trump,Trump,Trump,1864,6.77,93.23
Lincoln County,North Carolina,NC,37109,55582,40183,14842,106,72.28999999999999,26.700000000000003,0.19,Trump,Trump,Trump,25341,45.59,54.41
McDowell County,North Carolina,NC,37111,23655,17520,5911,49,74.06,24.990000000000002,0.21,Trump,Trump,Trump,11609,49.07,50.93
Macon County,North Carolina,NC,37113,21934,14981,6675,50,68.30000000000001,30.43,0.22999999999999998,Trump,Trump,Trump,8306,37.87,62.13
Madison County,North Carolina,NC,37115,13621,8275,5090,80,60.75000000000001,37.37,0.59,Trump,Trump,Trump,3185,23.38,76.62
Martin County,North Carolina,NC,37117,12040,6601,5360,23,54.83,44.519999999999996,0.19,Trump,Trump,Trump,1241,10.31,89.69
Mecklenburg County,North Carolina,NC,37119,577505,187770,376454,4058,32.51,65.19,0.7000000000000001,Harris,Biden,Clinton,188684,32.68,67.32
Mitchell County,North Carolina,NC,37121,8842,6843,1915,19,77.39,21.66,0.21,Trump,Trump,Trump,4928,55.73,44.27
Montgomery County,North Carolina,NC,37123,13206,9044,4055,16,68.47999999999999,30.709999999999997,0.12,Trump,Trump,Trump,4989,37.77,62.23
Moore County,North Carolina,NC,37125,61790,39617,21436,133,64.12,34.69,0.22,Trump,Trump,Trump,18181,29.43,70.57
Nash County,North Carolina,NC,37127,52471,26431,25508,157,50.370000000000005,48.61,0.3,Trump,Biden,Trump,923,1.76,98.24
New Hanover County,North Carolina,NC,37129,138734,67949,68814,558,48.980000000000004,49.6,0.4,Harris,Biden,Trump,865,0.62,99.38
Northampton County,North Carolina,NC,37131,9215,3905,5239,15,42.38,56.85,0.16,Harris,Biden,Clinton,1334,14.47,85.53
Onslow County,North Carolina,NC,37133,81681,54960,25684,214,67.29,31.44,0.26,Trump,Trump,Trump,29276,35.85,64.15
Orange County,North Carolina,NC,37135,87807,20806,65444,618,23.7,74.53,0.7000000000000001,Harris,Biden,Clinton,44638,50.83,49.17
Pamlico County,North Carolina,NC,37137,7976,5229,2676,9,65.56,33.550000000000004,0.11,Trump,Trump,Trump,2553,32.01,67.99
Pasquotank County,North Carolina,NC,37139,20343,10537,9549,51,51.800000000000004,46.94,0.25,Trump,Biden,Clinton,988,4.86,95.14
Pender County,North Carolina,NC,37141,38909,26042,12460,79,66.93,32.019999999999996,0.2,Trump,Trump,Trump,13582,34.91,65.09
Perquimans County,North Carolina,NC,37143,7666,5278,2269,42,68.85,29.599999999999998,0.5499999999999999,Trump,Trump,Trump,3009,39.25,60.75
Person County,North Carolina,NC,37145,22036,13509,8295,55,61.3,37.64,0.25,Trump,Trump,Trump,5214,23.66,76.34
Pitt County,North Carolina,NC,37147,87130,40403,45595,314,46.37,52.33,0.36,Harris,Biden,Clinton,5192,5.96,94.04
Polk County,North Carolina,NC,37149,13068,8107,4827,29,62.03999999999999,36.94,0.22,Trump,Trump,Trump,3280,25.1,74.9
Randolph County,North Carolina,NC,37151,76008,59357,15951,161,78.09,20.990000000000002,0.21,Trump,Trump,Trump,43406,57.1,42.9
Richmond County,North Carolina,NC,37153,19873,11931,7787,26,60.040000000000006,39.18,0.13,Trump,Trump,Trump,4144,20.86,79.14
Robeson County,North Carolina,NC,37155,46770,29647,16728,75,63.39,35.77,0.16,Trump,Trump,Trump,12919,27.62,72.38
Rockingham County,North Carolina,NC,37157,49595,33447,15676,97,67.44,31.61,0.2,Trump,Trump,Trump,17771,35.83,64.17
Rowan County,North Carolina,NC,37159,75394,50807,23788,165,67.39,31.55,0.22,Trump,Trump,Trump,27019,35.84,64.16
Rutherford County,North Carolina,NC,37161,34670,25456,8914,71,73.42,25.71,0.2,Trump,Trump,Trump,16542,47.71,52.29
Sampson County,North Carolina,NC,37163,28201,18178,9797,38,64.46,34.74,0.13,Trump,Trump,Trump,8381,29.72,70.28
Scotland County,North Carolina,NC,37165,14626,7767,6754,20,53.1,46.18,0.13999999999999999,Trump,Trump,Clinton,1013,6.92,93.08
Stanly County,North Carolina,NC,37167,36714,27518,8881,62,74.95,24.19,0.16999999999999998,Trump,Trump,Trump,18637,50.76,49.24
Stokes County,North Carolina,NC,37169,27175,21548,5380,57,79.29,19.8,0.21,Trump,Trump,Trump,16168,59.49,40.51
Surry County,North Carolina,NC,37171,37508,28565,8613,85,76.16000000000001,22.96,0.22999999999999998,Trump,Trump,Trump,19952,53.2,46.8
Swain County,North Carolina,NC,37173,7052,4311,2643,20,61.129999999999995,37.480000000000004,0.27999999999999997,Trump,Trump,Trump,1668,23.65,76.35
Transylvania County,North Carolina,NC,37175,20780,11492,8972,98,55.300000000000004,43.18,0.47000000000000003,Trump,Trump,Trump,2520,12.12,87.88
Tyrrell County,North Carolina,NC,37177,1757,1057,680,4,60.160000000000004,38.7,0.22999999999999998,Trump,Trump,Trump,377,21.46,78.54
Union County,North Carolina,NC,37179,139355,86271,51168,491,61.91,36.720000000000006,0.35000000000000003,Trump,Trump,Trump,35103,25.19,74.81
Vance County,North Carolina,NC,37181,20092,8614,11292,43,42.870000000000005,56.2,0.21,Harris,Biden,Clinton,2678,13.33,86.67
Wake County,North Carolina,NC,37183,653580,236735,402984,5338,36.22,61.660000000000004,0.8200000000000001,Harris,Biden,Clinton,166249,25.44,74.56
Warren County,North Carolina,NC,37185,10013,3976,5872,72,39.71,58.64,0.72,Harris,Biden,Clinton,1896,18.93,81.07
Washington County,North Carolina,NC,37187,5944,2768,3138,8,46.57,52.790000000000006,0.13,Harris,Biden,Clinton,370,6.22,93.78
Watauga County,North Carolina,NC,37189,33095,15254,17225,188,46.089999999999996,52.05,0.5700000000000001,Harris,Biden,Clinton,1971,5.96,94.04
Wayne County,North Carolina,NC,37191,54762,31580,22618,120,57.67,41.3,0.22,Trump,Trump,Trump,8962,16.37,83.63
Wilkes County,North Carolina,NC,37193,36320,28812,7194,59,79.33,19.81,0.16,Trump,Trump,Trump,21618,59.52,40.48
Wilson County,North Carolina,NC,37195,40045,19750,19909,97,49.32,49.72,0.24,Harris,Biden,Clinton,159,0.4,99.6
Yadkin County,North Carolina,NC,37197,20397,16439,3739,47,80.60000000000001,18.33,0.22999999999999998,Trump,Trump,Trump,12700,62.27,37.73
Yancey County,North Carolina,NC,37199,11283,7509,3635,41,66.55,32.22,0.36,Trump,Trump,Trump,3874,34.33,65.67
Adams County,North Dakota,ND,38001,1201,962,215,0,80.10000000000001,17.9,0.0,Trump,Trump,Trump,747,62.2,37.8
Barnes County,North Dakota,ND,38003,5339,3531,1661,0,66.14,31.11,0.0,Trump,Trump,Trump,1870,35.03,64.97
Benson County,North Dakota,ND,38005,2002,1163,795,0,58.089999999999996,39.71,0.0,Trump,Trump,Trump,368,18.38,81.62
Billings County,North Dakota,ND,38007,647,543,93,0,83.93,14.37,0.0,Trump,Trump,Trump,450,69.56,30.44
Bottineau County,North Dakota,ND,38009,3447,2628,735,0,76.24,21.32,0.0,Trump,Trump,Trump,1893,54.92,45.08
Bowman County,North Dakota,ND,38011,1618,1384,207,0,85.54,12.790000000000001,0.0,Trump,Trump,Trump,1177,72.75,27.25
Burke County,North Dakota,ND,38013,1056,909,130,0,86.08,12.31,0.0,Trump,Trump,Trump,779,73.77,26.23
Burleigh County,North Dakota,ND,38015,52263,36595,14215,0,70.02000000000001,27.200000000000003,0.0,Trump,Trump,Trump,22380,42.82,57.18
Cass County,North Dakota,ND,38017,90851,47873,40304,0,52.690000000000005,44.36,0.0,Trump,Trump,Trump,7569,8.33,91.67
Cavalier County,North Dakota,ND,38019,1987,1461,491,0,73.53,24.709999999999997,0.0,Trump,Trump,Trump,970,48.82,51.18
Dickey County,North Dakota,ND,38021,2453,1829,557,0,74.56,22.71,0.0,Trump,Trump,Trump,1272,51.85,48.15
Divide County,North Dakota,ND,38023,1201,914,253,0,76.1,21.07,0.0,Trump,Trump,Trump,661,55.03,44.97
Dunn County,North Dakota,ND,38025,2242,1877,332,0,83.72,14.81,0.0,Trump,Trump,Trump,1545,68.91,31.09
Eddy County,North Dakota,ND,38027,1205,862,316,0,71.54,26.22,0.0,Trump,Trump,Trump,546,45.32,54.68
Emmons County,North Dakota,ND,38029,1930,1697,205,0,87.92999999999999,10.620000000000001,0.0,Trump,Trump,Trump,1492,77.31,22.69
Foster County,North Dakota,ND,38031,1703,1326,335,0,77.86,19.67,0.0,Trump,Trump,Trump,991,58.19,41.81
Golden Valley County,North Dakota,ND,38033,991,847,122,0,85.47,12.31,0.0,Trump,Trump,Trump,725,73.16,26.84
Grand Forks County,North Dakota,ND,38035,31411,18123,12469,0,57.699999999999996,39.7,0.0,Trump,Trump,Trump,5654,18.0,82.0
Grant County,North Dakota,ND,38037,1306,1076,205,0,82.39,15.7,0.0,Trump,Trump,Trump,871,66.69,33.31
Griggs County,North Dakota,ND,38039,1289,963,301,0,74.71,23.35,0.0,Trump,Trump,Trump,662,51.36,48.64
Hettinger County,North Dakota,ND,38041,1306,1089,192,0,83.38,14.7,0.0,Trump,Trump,Trump,897,68.68,31.32
Kidder County,North Dakota,ND,38043,1398,1137,238,0,81.33,17.02,0.0,Trump,Trump,Trump,899,64.31,35.69
LaMoure County,North Dakota,ND,38045,2123,1614,453,0,76.02,21.34,0.0,Trump,Trump,Trump,1161,54.68,45.32
Logan County,North Dakota,ND,38047,1033,898,117,0,86.92999999999999,11.33,0.0,Trump,Trump,Trump,781,75.6,24.4
McHenry County,North Dakota,ND,38049,2752,2223,479,0,80.78,17.41,0.0,Trump,Trump,Trump,1744,63.37,36.63
McIntosh County,North Dakota,ND,38051,1390,1132,229,0,81.44,16.470000000000002,0.0,Trump,Trump,Trump,903,64.97,35.03
McKenzie County,North Dakota,ND,38053,5521,4627,809,0,83.81,14.649999999999999,0.0,Trump,Trump,Trump,3818,69.16,30.84
McLean County,North Dakota,ND,38055,5421,4231,1093,0,78.05,20.16,0.0,Trump,Trump,Trump,3138,57.89,42.11
Mercer County,North Dakota,ND,38057,4555,3798,672,0,83.38,14.75,0.0,Trump,Trump,Trump,3126,68.63,31.37
Morton County,North Dakota,ND,38059,17036,12839,3748,0,75.36,22.0,0.0,Trump,Trump,Trump,9091,53.36,46.64
Mountrail County,North Dakota,ND,38061,4073,2877,1125,0,70.64,27.62,0.0,Trump,Trump,Trump,1752,43.02,56.98
Nelson County,North Dakota,ND,38063,1761,1141,580,0,64.79,32.940000000000005,0.0,Trump,Trump,Trump,561,31.85,68.15
Oliver County,North Dakota,ND,38065,1087,909,156,0,83.62,14.35,0.0,Trump,Trump,Trump,753,69.27,30.73
Pembina County,North Dakota,ND,38067,3112,2350,704,0,75.51,22.62,0.0,Trump,Trump,Trump,1646,52.89,47.11
Pierce County,North Dakota,ND,38069,1970,1493,439,0,75.79,22.28,0.0,Trump,Trump,Trump,1054,53.51,46.49
Ramsey County,North Dakota,ND,38071,5239,3609,1513,0,68.89,28.88,0.0,Trump,Trump,Trump,2096,40.01,59.99
Ransom County,North Dakota,ND,38073,2649,1661,920,0,62.7,34.73,0.0,Trump,Trump,Trump,741,27.97,72.03
Renville County,North Dakota,ND,38075,1208,993,179,0,82.19999999999999,14.82,0.0,Trump,Trump,Trump,814,67.38,32.62
Richland County,North Dakota,ND,38077,8261,5576,2473,0,67.5,29.94,0.0,Trump,Trump,Trump,3103,37.56,62.44
Rolette County,North Dakota,ND,38079,4075,1427,2567,0,35.02,62.99,0.0,Harris,Biden,Clinton,1140,27.97,72.03
Sargent County,North Dakota,ND,38081,2043,1325,663,0,64.86,32.45,0.0,Trump,Trump,Trump,662,32.41,67.59
Sheridan County,North Dakota,ND,38083,757,644,101,0,85.07000000000001,13.34,0.0,Trump,Trump,Trump,543,71.73,28.27
Sioux County,North Dakota,ND,38085,953,285,654,0,29.909999999999997,68.63,0.0,Harris,Biden,Clinton,369,38.72,61.28
Slope County,North Dakota,ND,38087,389,351,33,0,90.23,8.48,0.0,Trump,Trump,Trump,318,81.75,18.25
Stark County,North Dakota,ND,38089,15100,12323,2473,0,81.61,16.38,0.0,Trump,Trump,Trump,9850,65.23,34.77
Steele County,North Dakota,ND,38091,1015,622,367,0,61.28,36.16,0.0,Trump,Trump,Trump,255,25.12,74.88
Stutsman County,North Dakota,ND,38093,10134,7185,2692,0,70.89999999999999,26.56,0.0,Trump,Trump,Trump,4493,44.34,55.66
Towner County,North Dakota,ND,38095,1114,796,289,0,71.45,25.94,0.0,Trump,Trump,Trump,507,45.51,54.49
Traill County,North Dakota,ND,38097,4115,2650,1359,0,64.4,33.03,0.0,Trump,Trump,Trump,1291,31.37,68.63
Walsh County,North Dakota,ND,38099,4496,3186,1173,0,70.86,26.090000000000003,0.0,Trump,Trump,Trump,2013,44.77,55.23
Ward County,North Dakota,ND,38101,28552,20635,7215,0,72.27,25.27,0.0,Trump,Trump,Trump,13420,47.0,53.0
Wells County,North Dakota,ND,38103,2253,1815,405,0,80.56,17.98,0.0,Trump,Trump,Trump,1410,62.58,37.42
Williams County,North Dakota,ND,38105,15122,12501,2276,0,82.67,15.049999999999999,0.0,Trump,Trump,Trump,10225,67.62,32.38
Adams County,Ohio,OH,39001,12429,10269,2098,0,82.62,16.88,0.0,Trump,Trump,Trump,8171,65.74,34.26
Allen County,Ohio,OH,39003,46369,33201,12754,0,71.6,27.51,0.0,Trump,Trump,Trump,20447,44.09,55.91
Ashland County,Ohio,OH,39005,26663,19863,6544,0,74.5,24.54,0.0,Trump,Trump,Trump,13319,49.96,50.04
Ashtabula County,Ohio,OH,39007,43374,27656,15345,0,63.75999999999999,35.38,0.0,Trump,Trump,Trump,12311,28.38,71.62
Athens County,Ohio,OH,39009,25776,11369,14134,0,44.11,54.83,0.0,Harris,Biden,Clinton,2765,10.72,89.28
Auglaize County,Ohio,OH,39011,25629,20988,4442,0,81.89,17.330000000000002,0.0,Trump,Trump,Trump,16546,64.56,35.44
Belmont County,Ohio,OH,39013,31037,22758,8080,0,73.33,26.029999999999998,0.0,Trump,Trump,Trump,14678,47.3,52.7
Brown County,Ohio,OH,39015,21444,17257,4069,0,80.47,18.98,0.0,Trump,Trump,Trump,13188,61.49,38.51
Butler County,Ohio,OH,39017,183197,114831,66713,0,62.68,36.42,0.0,Trump,Trump,Trump,48118,26.26,73.74
Carroll County,Ohio,OH,39019,13819,10634,3071,0,76.95,22.220000000000002,0.0,Trump,Trump,Trump,7563,54.73,45.27
Champaign County,Ohio,OH,39021,20475,15334,4944,0,74.89,24.15,0.0,Trump,Trump,Trump,10390,50.74,49.26
Clark County,Ohio,OH,39023,62855,40403,21847,0,64.28,34.760000000000005,0.0,Trump,Trump,Trump,18556,29.52,70.48
Clermont County,Ohio,OH,39025,114143,76964,36130,0,67.43,31.65,0.0,Trump,Trump,Trump,40834,35.78,64.22
Clinton County,Ohio,OH,39027,20779,15984,4633,0,76.92,22.3,0.0,Trump,Trump,Trump,11351,54.62,45.38
Columbiana County,Ohio,OH,39029,48053,35607,12064,0,74.1,25.11,0.0,Trump,Trump,Trump,23543,48.99,51.01
Coshocton County,Ohio,OH,39031,16337,12362,3835,0,75.67,23.47,0.0,Trump,Trump,Trump,8527,52.2,47.8
Crawford County,Ohio,OH,39033,20245,15402,4683,0,76.08,23.13,0.0,Trump,Trump,Trump,10719,52.95,47.05
Cuyahoga County,Ohio,OH,39035,576520,195164,376384,0,33.85,65.29,0.0,Harris,Biden,Clinton,181220,31.44,68.56
Darke County,Ohio,OH,39037,27002,22234,4583,0,82.34,16.97,0.0,Trump,Trump,Trump,17651,65.37,34.63
Defiance County,Ohio,OH,39039,19156,13302,5667,0,69.44,29.580000000000002,0.0,Trump,Trump,Trump,7635,39.86,60.14
Delaware County,Ohio,OH,39041,133392,70448,61657,0,52.81,46.22,0.0,Trump,Trump,Trump,8791,6.59,93.41
Erie County,Ohio,OH,39043,39749,22493,16871,0,56.589999999999996,42.44,0.0,Trump,Trump,Trump,5622,14.15,85.85
Fairfield County,Ohio,OH,39045,84457,51999,31695,0,61.57,37.53,0.0,Trump,Trump,Trump,20304,24.04,75.96
Fayette County,Ohio,OH,39047,12571,9706,2773,0,77.21000000000001,22.06,0.0,Trump,Trump,Trump,6933,55.15,44.85
Franklin County,Ohio,OH,39049,598225,210830,380518,0,35.24,63.61,0.0,Harris,Biden,Clinton,169688,28.37,71.63
Fulton County,Ohio,OH,39051,22454,15893,6374,0,70.78,28.389999999999997,0.0,Trump,Trump,Trump,9519,42.39,57.61
Gallia County,Ohio,OH,39053,13002,10314,2592,0,79.33,19.939999999999998,0.0,Trump,Trump,Trump,7722,59.39,40.61
Geauga County,Ohio,OH,39055,54894,33844,20604,0,61.650000000000006,37.53,0.0,Trump,Trump,Trump,13240,24.12,75.88
Greene County,Ohio,OH,39057,90041,53399,35575,0,59.309999999999995,39.51,0.0,Trump,Trump,Trump,17824,19.8,80.2
Guernsey County,Ohio,OH,39059,17601,13314,4154,0,75.64,23.599999999999998,0.0,Trump,Trump,Trump,9160,52.04,47.96
Hamilton County,Ohio,OH,39061,410085,172365,233360,0,42.03,56.910000000000004,0.0,Harris,Biden,Clinton,60995,14.88,85.12
Hancock County,Ohio,OH,39063,37943,26052,11467,0,68.66,30.220000000000002,0.0,Trump,Trump,Trump,14585,38.44,61.56
Hardin County,Ohio,OH,39065,12893,9911,2863,0,76.87,22.21,0.0,Trump,Trump,Trump,7048,54.66,45.34
Harrison County,Ohio,OH,39067,7110,5484,1559,0,77.13,21.93,0.0,Trump,Trump,Trump,3925,55.2,44.8
Henry County,Ohio,OH,39069,14912,10873,3905,0,72.91,26.19,0.0,Trump,Trump,Trump,6968,46.72,53.28
Highland County,Ohio,OH,39071,19987,16269,3609,0,81.39999999999999,18.060000000000002,0.0,Trump,Trump,Trump,12660,63.34,36.66
Hocking County,Ohio,OH,39073,13489,9679,3704,0,71.75,27.46,0.0,Trump,Trump,Trump,5975,44.29,55.71
Holmes County,Ohio,OH,39075,12335,10384,1854,0,84.17999999999999,15.03,0.0,Trump,Trump,Trump,8530,69.15,30.85
Huron County,Ohio,OH,39077,27216,19484,7496,0,71.59,27.54,0.0,Trump,Trump,Trump,11988,44.05,55.95
Jackson County,Ohio,OH,39079,14287,11249,2953,0,78.74,20.669999999999998,0.0,Trump,Trump,Trump,8296,58.07,41.93
Jefferson County,Ohio,OH,39081,31267,22317,8592,0,71.38,27.48,0.0,Trump,Trump,Trump,13725,43.9,56.1
Knox County,Ohio,OH,39083,32104,23112,8698,0,71.99,27.089999999999996,0.0,Trump,Trump,Trump,14414,44.9,55.1
Lake County,Ohio,OH,39085,128579,72924,54484,0,56.720000000000006,42.370000000000005,0.0,Trump,Trump,Trump,18440,14.35,85.65
Lawrence County,Ohio,OH,39087,26713,20013,6514,0,74.92,24.39,0.0,Trump,Trump,Trump,13499,50.53,49.47
Licking County,Ohio,OH,39089,95060,61359,32832,0,64.55,34.54,0.0,Trump,Trump,Trump,28527,30.01,69.99
Logan County,Ohio,OH,39091,23406,18182,5027,0,77.68,21.48,0.0,Trump,Trump,Trump,13155,56.2,43.8
Lorain County,Ohio,OH,39093,159007,83297,74207,0,52.39,46.67,0.0,Trump,Trump,Clinton,9090,5.72,94.28
Lucas County,Ohio,OH,39095,190609,82398,106320,0,43.230000000000004,55.779999999999994,0.0,Harris,Biden,Clinton,23922,12.55,87.45
Madison County,Ohio,OH,39097,20669,14737,5713,0,71.3,27.639999999999997,0.0,Trump,Trump,Trump,9024,43.66,56.34
Mahoning County,Ohio,OH,39099,112705,61249,50636,0,54.339999999999996,44.93,0.0,Trump,Trump,Clinton,10613,9.41,90.59
Marion County,Ohio,OH,39101,27359,19219,7902,0,70.25,28.88,0.0,Trump,Trump,Trump,11317,41.37,58.63
Medina County,Ohio,OH,39103,107045,66308,39771,0,61.94,37.15,0.0,Trump,Trump,Trump,26537,24.79,75.21
Meigs County,Ohio,OH,39105,10400,8127,2202,0,78.14,21.17,0.0,Trump,Trump,Trump,5925,56.97,43.03
Mercer County,Ohio,OH,39107,23753,19710,3865,0,82.98,16.27,0.0,Trump,Trump,Trump,15845,66.71,33.29
Miami County,Ohio,OH,39109,59188,42677,15969,0,72.1,26.979999999999997,0.0,Trump,Trump,Trump,26708,45.12,54.88
Monroe County,Ohio,OH,39111,6796,5396,1336,0,79.4,19.66,0.0,Trump,Trump,Trump,4060,59.74,40.26
Montgomery County,Ohio,OH,39113,254837,125566,126767,0,49.27,49.74,0.0,Harris,Biden,Trump,1201,0.47,99.53
Morgan County,Ohio,OH,39115,6782,5168,1560,0,76.2,23.0,0.0,Trump,Trump,Trump,3608,53.2,46.8
Morrow County,Ohio,OH,39117,18857,14609,4100,0,77.47,21.740000000000002,0.0,Trump,Trump,Trump,10509,55.73,44.27
Muskingum County,Ohio,OH,39119,39331,28147,10874,0,71.56,27.650000000000002,0.0,Trump,Trump,Trump,17273,43.91,56.09
Noble County,Ohio,OH,39121,6161,5050,1069,0,81.97,17.349999999999998,0.0,Trump,Trump,Trump,3981,64.62,35.38
Ottawa County,Ohio,OH,39123,23960,14872,8866,0,62.07,37.0,0.0,Trump,Trump,Trump,6006,25.07,74.93
Paulding County,Ohio,OH,39125,9277,7203,1987,0,77.64,21.42,0.0,Trump,Trump,Trump,5216,56.22,43.78
Perry County,Ohio,OH,39127,16992,13062,3800,0,76.87,22.36,0.0,Trump,Trump,Trump,9262,54.51,45.49
Pickaway County,Ohio,OH,39129,29280,21607,7397,0,73.79,25.259999999999998,0.0,Trump,Trump,Trump,14210,48.53,51.47
Pike County,Ohio,OH,39131,12218,9352,2793,0,76.53999999999999,22.86,0.0,Trump,Trump,Trump,6559,53.68,46.32
Portage County,Ohio,OH,39133,83226,47681,34759,0,57.29,41.760000000000005,0.0,Trump,Trump,Trump,12922,15.53,84.47
Preble County,Ohio,OH,39135,21656,17146,4343,0,79.17,20.05,0.0,Trump,Trump,Trump,12803,59.12,40.88
Putnam County,Ohio,OH,39137,19758,16576,2996,0,83.89999999999999,15.160000000000002,0.0,Trump,Trump,Trump,13580,68.74,31.26
Richland County,Ohio,OH,39139,58362,41298,16591,0,70.76,28.43,0.0,Trump,Trump,Trump,24707,42.33,57.67
Ross County,Ohio,OH,39141,32932,22801,9846,0,69.24,29.9,0.0,Trump,Trump,Trump,12955,39.34,60.66
Sandusky County,Ohio,OH,39143,29716,19311,10139,0,64.99000000000001,34.12,0.0,Trump,Trump,Trump,9172,30.87,69.13
Scioto County,Ohio,OH,39145,31180,22978,8021,0,73.69,25.72,0.0,Trump,Trump,Trump,14957,47.97,52.03
Seneca County,Ohio,OH,39147,25263,17241,7765,0,68.25,30.740000000000002,0.0,Trump,Trump,Trump,9476,37.51,62.49
Shelby County,Ohio,OH,39149,25288,20740,4350,0,82.02000000000001,17.2,0.0,Trump,Trump,Trump,16390,64.82,35.18
Stark County,Ohio,OH,39151,184193,111478,71090,0,60.519999999999996,38.6,0.0,Trump,Trump,Trump,40388,21.92,78.08
Summit County,Ohio,OH,39153,273571,125910,145005,0,46.02,53.0,0.0,Harris,Biden,Clinton,19095,6.98,93.02
Trumbull County,Ohio,OH,39155,96532,55983,39758,0,57.989999999999995,41.19,0.0,Trump,Trump,Trump,16225,16.8,83.2
Tuscarawas County,Ohio,OH,39157,43023,30652,12032,0,71.25,27.97,0.0,Trump,Trump,Trump,18620,43.28,56.72
Union County,Ohio,OH,39159,37301,23982,12934,0,64.29,34.67,0.0,Trump,Trump,Trump,11048,29.62,70.38
Van Wert County,Ohio,OH,39161,14729,11616,3000,0,78.86,20.369999999999997,0.0,Trump,Trump,Trump,8616,58.49,41.51
Vinton County,Ohio,OH,39163,5738,4531,1169,0,78.96,20.369999999999997,0.0,Trump,Trump,Trump,3362,58.59,41.41
Warren County,Ohio,OH,39165,139619,91132,47128,0,65.27,33.75,0.0,Trump,Trump,Trump,44004,31.52,68.48
Washington County,Ohio,OH,39167,31000,22161,8600,0,71.49,27.74,0.0,Trump,Trump,Trump,13561,43.75,56.25
Wayne County,Ohio,OH,39169,53150,36764,15898,0,69.17,29.909999999999997,0.0,Trump,Trump,Trump,20866,39.26,60.74
Williams County,Ohio,OH,39171,18275,13461,4644,0,73.66,25.41,0.0,Trump,Trump,Trump,8817,48.25,51.75
Wood County,Ohio,OH,39173,67586,36877,30016,0,54.559999999999995,44.41,0.0,Trump,Trump,Trump,6861,10.15,89.85
Wyandot County,Ohio,OH,39175,11390,8564,2731,0,75.19,23.98,0.0,Trump,Trump,Trump,5833,51.21,48.79
Adair County,Oklahoma,OK,40001,7256,5860,1289,0,80.76,17.76,0.0,Trump,Trump,Trump,4571,63.0,37.0
Alfalfa County,Oklahoma,OK,40003,2160,1891,236,0,87.55,10.93,0.0,Trump,Trump,Trump,1655,76.62,23.38
Atoka County,Oklahoma,OK,40005,5662,4832,779,0,85.34,13.76,0.0,Trump,Trump,Trump,4053,71.58,28.42
Beaver County,Oklahoma,OK,40007,2124,1938,158,0,91.24,7.4399999999999995,0.0,Trump,Trump,Trump,1780,83.8,16.2
Beckham County,Oklahoma,OK,40009,7678,6474,1093,0,84.32,14.24,0.0,Trump,Trump,Trump,5381,70.08,29.92
Blaine County,Oklahoma,OK,40011,3786,3054,671,0,80.67,17.72,0.0,Trump,Trump,Trump,2383,62.95,37.05
Bryan County,Oklahoma,OK,40013,17812,13999,3569,0,78.59,20.04,0.0,Trump,Trump,Trump,10430,58.55,41.45
Caddo County,Oklahoma,OK,40015,9496,6886,2414,0,72.50999999999999,25.419999999999998,0.0,Trump,Trump,Trump,4472,47.09,52.91
Canadian County,Oklahoma,OK,40017,73074,50551,21038,0,69.17999999999999,28.79,0.0,Trump,Trump,Trump,29513,40.39,59.61
Carter County,Oklahoma,OK,40019,19488,14945,4277,0,76.69,21.95,0.0,Trump,Trump,Trump,10668,54.74,45.26
Cherokee County,Oklahoma,OK,40021,17823,11637,5826,0,65.29,32.690000000000005,0.0,Trump,Trump,Trump,5811,32.6,67.4
Choctaw County,Oklahoma,OK,40023,5639,4633,944,0,82.16,16.74,0.0,Trump,Trump,Trump,3689,65.42,34.58
Cimarron County,Oklahoma,OK,40025,935,860,66,0,91.97999999999999,7.06,0.0,Trump,Trump,Trump,794,84.92,15.08
Cleveland County,Oklahoma,OK,40027,119294,67225,49432,0,56.35,41.44,0.0,Trump,Trump,Trump,17793,14.91,85.09
Coal County,Oklahoma,OK,40029,2538,2155,345,0,84.91,13.59,0.0,Trump,Trump,Trump,1810,71.32,28.68
Comanche County,Oklahoma,OK,40031,34284,20823,12823,0,60.74,37.4,0.0,Trump,Trump,Trump,8000,23.34,76.66
Cotton County,Oklahoma,OK,40033,2506,2067,392,0,82.48,15.64,0.0,Trump,Trump,Trump,1675,66.84,33.16
Craig County,Oklahoma,OK,40035,6056,4740,1212,0,78.27,20.01,0.0,Trump,Trump,Trump,3528,58.26,41.74
Creek County,Oklahoma,OK,40037,31312,24098,6643,0,76.96,21.22,0.0,Trump,Trump,Trump,17455,55.74,44.26
Custer County,Oklahoma,OK,40039,10168,7693,2279,0,75.66000000000001,22.41,0.0,Trump,Trump,Trump,5414,53.25,46.75
Delaware County,Oklahoma,OK,40041,18108,14407,3475,0,79.56,19.189999999999998,0.0,Trump,Trump,Trump,10932,60.37,39.63
Dewey County,Oklahoma,OK,40043,2215,1984,209,0,89.57000000000001,9.44,0.0,Trump,Trump,Trump,1775,80.13,19.87
Ellis County,Oklahoma,OK,40045,1812,1585,197,0,87.47,10.870000000000001,0.0,Trump,Trump,Trump,1388,76.6,23.4
Garfield County,Oklahoma,OK,40047,21844,16593,4849,0,75.96000000000001,22.2,0.0,Trump,Trump,Trump,11744,53.76,46.24
Garvin County,Oklahoma,OK,40049,10991,9063,1802,0,82.46,16.400000000000002,0.0,Trump,Trump,Trump,7261,66.06,33.94
Grady County,Oklahoma,OK,40051,25283,20378,4536,0,80.60000000000001,17.94,0.0,Trump,Trump,Trump,15842,62.66,37.34
Grant County,Oklahoma,OK,40053,2125,1794,295,0,84.42,13.88,0.0,Trump,Trump,Trump,1499,70.54,29.46
Greer County,Oklahoma,OK,40055,1836,1511,304,0,82.3,16.56,0.0,Trump,Trump,Trump,1207,65.74,34.26
Harmon County,Oklahoma,OK,40057,882,709,165,0,80.39,18.709999999999997,0.0,Trump,Trump,Trump,544,61.68,38.32
Harper County,Oklahoma,OK,40059,1451,1284,147,0,88.49000000000001,10.13,0.0,Trump,Trump,Trump,1137,78.36,21.64
Haskell County,Oklahoma,OK,40061,4936,4156,718,0,84.2,14.549999999999999,0.0,Trump,Trump,Trump,3438,69.65,30.35
Hughes County,Oklahoma,OK,40063,4659,3744,831,0,80.36,17.84,0.0,Trump,Trump,Trump,2913,62.52,37.48
Jackson County,Oklahoma,OK,40065,8053,6295,1602,0,78.17,19.89,0.0,Trump,Trump,Trump,4693,58.28,41.72
Jefferson County,Oklahoma,OK,40067,2375,2020,319,0,85.05,13.43,0.0,Trump,Trump,Trump,1701,71.62,28.38
Johnston County,Oklahoma,OK,40069,4230,3462,684,0,81.84,16.17,0.0,Trump,Trump,Trump,2778,65.67,34.33
Kay County,Oklahoma,OK,40071,16913,12483,4136,0,73.81,24.45,0.0,Trump,Trump,Trump,8347,49.36,50.64
Kingfisher County,Oklahoma,OK,40073,6754,5745,923,0,85.06,13.669999999999998,0.0,Trump,Trump,Trump,4822,71.39,28.61
Kiowa County,Oklahoma,OK,40075,3278,2569,658,0,78.36999999999999,20.07,0.0,Trump,Trump,Trump,1911,58.3,41.7
Latimer County,Oklahoma,OK,40077,4079,3356,681,0,82.28,16.7,0.0,Trump,Trump,Trump,2675,65.58,34.42
Le Flore County,Oklahoma,OK,40079,18754,15333,3184,0,81.76,16.98,0.0,Trump,Trump,Trump,12149,64.78,35.22
Lincoln County,Oklahoma,OK,40081,15465,12495,2712,0,80.80000000000001,17.54,0.0,Trump,Trump,Trump,9783,63.26,36.74
Logan County,Oklahoma,OK,40083,24149,17748,5901,0,73.49,24.44,0.0,Trump,Trump,Trump,11847,49.05,50.95
Love County,Oklahoma,OK,40085,4260,3510,689,0,82.39,16.17,0.0,Trump,Trump,Trump,2821,66.22,33.78
McClain County,Oklahoma,OK,40087,21397,17005,4031,0,79.47,18.84,0.0,Trump,Trump,Trump,12974,60.63,39.37
McCurtain County,Oklahoma,OK,40089,11309,9485,1696,0,83.87,15.0,0.0,Trump,Trump,Trump,7789,68.87,31.13
McIntosh County,Oklahoma,OK,40091,8439,6387,1937,0,75.68,22.95,0.0,Trump,Trump,Trump,4450,52.73,47.27
Major County,Oklahoma,OK,40093,3478,3087,327,0,88.75999999999999,9.4,0.0,Trump,Trump,Trump,2760,79.36,20.64
Marshall County,Oklahoma,OK,40095,6589,5348,1169,0,81.17,17.740000000000002,0.0,Trump,Trump,Trump,4179,63.43,36.57
Mayes County,Oklahoma,OK,40097,17374,13514,3529,0,77.78,20.31,0.0,Trump,Trump,Trump,9985,57.47,42.53
Murray County,Oklahoma,OK,40099,5885,4689,1080,0,79.67999999999999,18.35,0.0,Trump,Trump,Trump,3609,61.33,38.67
Muskogee County,Oklahoma,OK,40101,24357,16550,7400,0,67.95,30.380000000000003,0.0,Trump,Trump,Trump,9150,37.57,62.43
Noble County,Oklahoma,OK,40103,4957,3853,1009,0,77.73,20.36,0.0,Trump,Trump,Trump,2844,57.37,42.63
Nowata County,Oklahoma,OK,40105,4561,3774,720,0,82.75,15.790000000000001,0.0,Trump,Trump,Trump,3054,66.96,33.04
Okfuskee County,Oklahoma,OK,40107,3988,3080,854,0,77.23,21.41,0.0,Trump,Trump,Trump,2226,55.82,44.18
Oklahoma County,Oklahoma,OK,40109,288923,143618,138769,0,49.71,48.03,0.0,Trump,Trump,Trump,4849,1.68,98.32
Okmulgee County,Oklahoma,OK,40111,14349,10100,3979,0,70.39,27.73,0.0,Trump,Trump,Trump,6121,42.66,57.34
Osage County,Oklahoma,OK,40113,20628,14404,5867,0,69.83,28.439999999999998,0.0,Trump,Trump,Trump,8537,41.39,58.61
Ottawa County,Oklahoma,OK,40115,11178,8490,2511,0,75.94999999999999,22.46,0.0,Trump,Trump,Trump,5979,53.49,46.51
Pawnee County,Oklahoma,OK,40117,6880,5405,1355,0,78.56,19.689999999999998,0.0,Trump,Trump,Trump,4050,58.87,41.13
Payne County,Oklahoma,OK,40119,29279,17962,10560,0,61.35,36.07,0.0,Trump,Trump,Trump,7402,25.28,74.72
Pittsburg County,Oklahoma,OK,40121,17572,13841,3473,0,78.77,19.759999999999998,0.0,Trump,Trump,Trump,10368,59.01,40.99
Pontotoc County,Oklahoma,OK,40123,15174,10967,3895,0,72.27,25.669999999999998,0.0,Trump,Trump,Trump,7072,46.6,53.4
Pottawatomie County,Oklahoma,OK,40125,28774,20915,7266,0,72.69,25.25,0.0,Trump,Trump,Trump,13649,47.44,52.56
Pushmataha County,Oklahoma,OK,40127,4702,4025,616,0,85.6,13.100000000000001,0.0,Trump,Trump,Trump,3409,72.5,27.5
Roger Mills County,Oklahoma,OK,40129,1733,1548,160,0,89.32,9.229999999999999,0.0,Trump,Trump,Trump,1388,80.09,19.91
Rogers County,Oklahoma,OK,40131,46902,35942,10146,0,76.63,21.63,0.0,Trump,Trump,Trump,25796,55.0,45.0
Seminole County,Oklahoma,OK,40133,8044,5951,1951,0,73.98,24.25,0.0,Trump,Trump,Trump,4000,49.73,50.27
Sequoyah County,Oklahoma,OK,40135,15583,12491,2907,0,80.16,18.65,0.0,Trump,Trump,Trump,9584,61.51,38.49
Stephens County,Oklahoma,OK,40137,18620,15092,3236,0,81.05,17.380000000000003,0.0,Trump,Trump,Trump,11856,63.67,36.33
Texas County,Oklahoma,OK,40139,5206,4319,793,0,82.96,15.229999999999999,0.0,Trump,Trump,Trump,3526,67.73,32.27
Tillman County,Oklahoma,OK,40141,2533,2006,500,0,79.19,19.74,0.0,Trump,Trump,Trump,1506,59.45,40.55
Tulsa County,Oklahoma,OK,40143,256939,145241,106105,0,56.53,41.3,0.0,Trump,Trump,Trump,39136,15.23,84.77
Wagoner County,Oklahoma,OK,40145,38501,28487,9330,0,73.99,24.23,0.0,Trump,Trump,Trump,19157,49.76,50.24
Washington County,Oklahoma,OK,40147,23174,16836,5793,0,72.65,25.0,0.0,Trump,Trump,Trump,11043,47.65,52.35
Washita County,Oklahoma,OK,40149,4652,4030,551,0,86.63,11.84,0.0,Trump,Trump,Trump,3479,74.79,25.21
Woods County,Oklahoma,OK,40151,3638,2955,614,0,81.23,16.88,0.0,Trump,Trump,Trump,2341,64.35,35.65
Woodward County,Oklahoma,OK,40153,7312,6231,967,0,85.22,13.22,0.0,Trump,Trump,Trump,5264,72.0,28.0
Baker County,Oregon,OR,41001,9694,7060,2343,36,72.83,24.169999999999998,0.37,Trump,Trump,Trump,4717,48.66,51.34
Benton County,Oregon,OR,41003,50232,14187,33909,609,28.24,67.5,1.21,Harris,Biden,Clinton,19722,39.26,60.74
Clackamas County,Oregon,OR,41005,246240,106387,130580,1550,43.2,53.03,0.63,Harris,Biden,Clinton,24193,9.83,90.17
Clatsop County,Oregon,OR,41007,23290,9913,12533,169,42.559999999999995,53.81,0.73,Harris,Biden,Clinton,2620,11.25,88.75
Columbia County,Oregon,OR,41009,31334,17227,12895,197,54.98,41.15,0.63,Trump,Trump,Trump,4332,13.83,86.17
Coos County,Oregon,OR,41011,35735,20849,13731,186,58.34,38.42,0.52,Trump,Trump,Trump,7118,19.92,80.08
Crook County,Oregon,OR,41013,16297,12012,3836,47,73.71,23.54,0.29,Trump,Trump,Trump,8176,50.17,49.83
Curry County,Oregon,OR,41015,14200,8000,5737,69,56.34,40.400000000000006,0.49,Trump,Trump,Trump,2263,15.94,84.06
Deschutes County,Oregon,OR,41017,127375,54850,68108,678,43.059999999999995,53.47,0.53,Harris,Biden,Trump,13258,10.41,89.59
Douglas County,Oregon,OR,41019,61807,41561,18386,266,67.24,29.75,0.43,Trump,Trump,Trump,23175,37.49,62.51
Gilliam County,Oregon,OR,41021,1134,805,291,9,70.99,25.66,0.79,Trump,Trump,Trump,514,45.33,54.67
Grant County,Oregon,OR,41023,4456,3490,816,13,78.32000000000001,18.310000000000002,0.29,Trump,Trump,Trump,2674,60.01,39.99
Harney County,Oregon,OR,41025,4255,3307,797,11,77.72,18.73,0.26,Trump,Trump,Trump,2510,58.99,41.01
Hood River County,Oregon,OR,41027,12707,3854,8364,104,30.330000000000002,65.82000000000001,0.8200000000000001,Harris,Biden,Clinton,4510,35.49,64.51
Jackson County,Oregon,OR,41029,119572,61743,54065,701,51.64,45.22,0.59,Trump,Trump,Trump,7678,6.42,93.58
Jefferson County,Oregon,OR,41031,11750,7454,3941,57,63.44,33.54,0.49,Trump,Trump,Trump,3513,29.9,70.1
Josephine County,Oregon,OR,41033,49628,31129,16928,256,62.72,34.11,0.52,Trump,Trump,Trump,14201,28.61,71.39
Klamath County,Oregon,OR,41035,35515,24675,9856,145,69.48,27.750000000000004,0.41000000000000003,Trump,Trump,Trump,14819,41.73,58.27
Lake County,Oregon,OR,41037,4213,3421,681,14,81.2,16.16,0.33,Trump,Trump,Trump,2740,65.04,34.96
Lane County,Oregon,OR,41039,211285,77376,125775,1866,36.620000000000005,59.53000000000001,0.88,Harris,Biden,Clinton,48399,22.91,77.09
Lincoln County,Oregon,OR,41041,29804,11645,17112,237,39.07,57.42,0.8,Harris,Biden,Clinton,5467,18.35,81.65
Linn County,Oregon,OR,41043,71429,43078,25749,383,60.309999999999995,36.05,0.54,Trump,Trump,Trump,17329,24.26,75.74
Malheur County,Oregon,OR,41045,10945,7710,2884,47,70.44,26.35,0.43,Trump,Trump,Trump,4826,44.09,55.91
Marion County,Oregon,OR,41047,156691,77089,73970,900,49.2,47.21,0.5700000000000001,Trump,Biden,Trump,3119,1.99,98.01
Morrow County,Oregon,OR,41049,4732,3408,1138,13,72.02,24.05,0.27,Trump,Trump,Trump,2270,47.97,52.03
Multnomah County,Oregon,OR,41051,414250,70759,325927,6297,17.080000000000002,78.68,1.52,Harris,Biden,Clinton,255168,61.6,38.4
Polk County,Oregon,OR,41053,47593,23768,22034,241,49.94,46.300000000000004,0.51,Trump,Trump,Trump,1734,3.64,96.36
Sherman County,Oregon,OR,41055,1163,890,233,1,76.53,20.03,0.09,Trump,Trump,Trump,657,56.5,43.5
Tillamook County,Oregon,OR,41057,16252,7971,7747,115,49.05,47.67,0.7100000000000001,Trump,Trump,Trump,224,1.38,98.62
Umatilla County,Oregon,OR,41059,31225,20973,9251,125,67.17,29.630000000000003,0.4,Trump,Trump,Trump,11722,37.54,62.46
Union County,Oregon,OR,41061,14574,9942,4107,55,68.22,28.18,0.38,Trump,Trump,Trump,5835,40.04,59.96
Wallowa County,Oregon,OR,41063,5108,3366,1573,26,65.9,30.79,0.51,Trump,Trump,Trump,1793,35.11,64.89
Wasco County,Oregon,OR,41065,13391,6837,6069,81,51.06,45.32,0.6,Trump,Trump,Trump,768,5.74,94.26
Washington County,Oregon,OR,41067,297949,92590,193013,3273,31.080000000000002,64.78,1.0999999999999999,Harris,Biden,Clinton,100423,33.7,66.3
Wheeler County,Oregon,OR,41069,868,618,210,7,71.2,24.19,0.8099999999999999,Trump,Trump,Trump,408,47.01,52.99
Yamhill County,Oregon,OR,41071,57800,29536,26011,315,51.1,45.0,0.54,Trump,Trump,Trump,3525,6.1,93.9
Adams County,Pennsylvania,PA,42001,60650,40248,19842,218,66.36,32.72,0.36,Trump,Trump,Trump,20406,33.64,66.36
Allegheny County,Pennsylvania,PA,42003,720504,283595,429916,3691,39.36,59.67,0.51,Harris,Biden,Clinton,146321,20.31,79.69
Armstrong County,Pennsylvania,PA,42005,37119,28296,8553,88,76.23,23.04,0.24,Trump,Trump,Trump,19743,53.19,46.81
Beaver County,Pennsylvania,PA,42007,94843,56837,37196,308,59.93000000000001,39.22,0.32,Trump,Trump,Trump,19641,20.71,79.29
Bedford County,Pennsylvania,PA,42009,28160,23658,4336,66,84.00999999999999,15.4,0.22999999999999998,Trump,Trump,Trump,19322,68.61,31.39
Berks County,Pennsylvania,PA,42011,209838,116677,91125,942,55.60000000000001,43.43,0.44999999999999996,Trump,Trump,Trump,25552,12.17,87.83
Blair County,Pennsylvania,PA,42013,64949,46352,18127,196,71.37,27.91,0.3,Trump,Trump,Trump,28225,43.46,56.54
Bradford County,Pennsylvania,PA,42015,31192,22937,7990,85,73.53,25.619999999999997,0.27,Trump,Trump,Trump,14947,47.91,52.09
Bucks County,Pennsylvania,PA,42017,401028,198722,198431,1971,49.55,49.480000000000004,0.49,Trump,Biden,Clinton,291,0.07,99.93
Butler County,Pennsylvania,PA,42019,121440,79773,40661,341,65.69,33.48,0.27999999999999997,Trump,Trump,Trump,39112,32.21,67.79
Cambria County,Pennsylvania,PA,42021,71136,49408,21177,214,69.46,29.770000000000003,0.3,Trump,Trump,Trump,28231,39.69,60.31
Cameron County,Pennsylvania,PA,42023,2219,1654,538,10,74.53999999999999,24.25,0.44999999999999996,Trump,Trump,Trump,1116,50.29,49.71
Carbon County,Pennsylvania,PA,42025,35395,23708,11394,122,66.97999999999999,32.190000000000005,0.33999999999999997,Trump,Trump,Trump,12314,34.79,65.21
Centre County,Pennsylvania,PA,42027,80792,38829,41119,374,48.06,50.89,0.45999999999999996,Harris,Biden,Clinton,2290,2.83,97.17
Chester County,Pennsylvania,PA,42029,324964,137299,184281,1608,42.25,56.71000000000001,0.49,Harris,Biden,Clinton,46982,14.46,85.54
Clarion County,Pennsylvania,PA,42031,19733,15036,4562,44,76.2,23.119999999999997,0.22,Trump,Trump,Trump,10474,53.08,46.92
Clearfield County,Pennsylvania,PA,42033,40430,30481,9647,119,75.39,23.86,0.29,Trump,Trump,Trump,20834,51.53,48.47
Clinton County,Pennsylvania,PA,42035,18522,12965,5395,62,70.0,29.13,0.33,Trump,Trump,Trump,7570,40.87,59.13
Columbia County,Pennsylvania,PA,42037,32576,21190,11083,110,65.05,34.02,0.33999999999999997,Trump,Trump,Trump,10107,31.03,68.97
Crawford County,Pennsylvania,PA,42039,42872,29685,12858,115,69.24,29.99,0.27,Trump,Trump,Trump,16827,39.25,60.75
Cumberland County,Pennsylvania,PA,42041,148396,80267,66255,953,54.09,44.65,0.64,Trump,Trump,Trump,14012,9.44,90.56
Dauphin County,Pennsylvania,PA,42043,149526,69474,78327,893,46.46,52.38,0.6,Harris,Biden,Clinton,8853,5.92,94.08
Delaware County,Pennsylvania,PA,42045,328172,123421,201324,2127,37.61,61.35,0.65,Harris,Biden,Clinton,77903,23.74,76.26
Elk County,Pennsylvania,PA,42047,17153,12543,4483,52,73.11999999999999,26.14,0.3,Trump,Trump,Trump,8060,46.98,53.02
Erie County,Pennsylvania,PA,42049,137595,68866,67456,587,50.05,49.03,0.43,Trump,Biden,Trump,1410,1.02,98.98
Fayette County,Pennsylvania,PA,42051,63472,43633,19548,122,68.74,30.8,0.19,Trump,Trump,Trump,24085,37.94,62.06
Forest County,Pennsylvania,PA,42053,2650,1902,724,15,71.77,27.32,0.5700000000000001,Trump,Trump,Trump,1178,44.45,55.55
Franklin County,Pennsylvania,PA,42055,83884,59604,23543,280,71.06,28.07,0.33,Trump,Trump,Trump,36061,42.99,57.01
Fulton County,Pennsylvania,PA,42057,8177,7039,1102,13,86.08,13.48,0.16,Trump,Trump,Trump,5937,72.6,27.4
Greene County,Pennsylvania,PA,42059,17236,12319,4592,235,71.47,26.640000000000004,1.3599999999999999,Trump,Trump,Trump,7727,44.83,55.17
Huntingdon County,Pennsylvania,PA,42061,23156,17627,5368,53,76.12,23.18,0.22999999999999998,Trump,Trump,Trump,12259,52.94,47.06
Indiana County,Pennsylvania,PA,42063,42229,29215,12697,123,69.17999999999999,30.070000000000004,0.29,Trump,Trump,Trump,16518,39.11,60.89
Jefferson County,Pennsylvania,PA,42065,23129,18235,4707,56,78.84,20.349999999999998,0.24,Trump,Trump,Trump,13528,58.49,41.51
Juniata County,Pennsylvania,PA,42067,12104,9721,2290,29,80.31,18.92,0.24,Trump,Trump,Trump,7431,61.39,38.61
Lackawanna County,Pennsylvania,PA,42069,116590,56261,59510,394,48.26,51.04,0.33999999999999997,Harris,Biden,Clinton,3249,2.78,97.22
Lancaster County,Pennsylvania,PA,42071,289257,166261,120119,1150,57.48,41.53,0.4,Trump,Trump,Trump,46142,15.95,84.05
Lawrence County,Pennsylvania,PA,42073,47110,31347,15440,144,66.53999999999999,32.769999999999996,0.31,Trump,Trump,Trump,15907,33.77,66.23
Lebanon County,Pennsylvania,PA,42075,73692,48282,24734,286,65.52,33.56,0.38999999999999996,Trump,Trump,Trump,23548,31.96,68.04
Lehigh County,Pennsylvania,PA,42077,189810,91207,96317,1431,48.05,50.739999999999995,0.75,Harris,Biden,Clinton,5110,2.69,97.31
Luzerne County,Pennsylvania,PA,42079,156150,92444,62504,562,59.199999999999996,40.03,0.36,Trump,Trump,Trump,29940,19.17,80.83
Lycoming County,Pennsylvania,PA,42081,59685,41961,17216,212,70.3,28.84,0.36,Trump,Trump,Trump,24745,41.46,58.54
McKean County,Pennsylvania,PA,42083,19682,14401,5115,58,73.17,25.990000000000002,0.29,Trump,Trump,Trump,9286,47.18,52.82
Mercer County,Pennsylvania,PA,42085,58410,37761,20145,192,64.64999999999999,34.489999999999995,0.33,Trump,Trump,Trump,17616,30.16,69.84
Mifflin County,Pennsylvania,PA,42087,22071,17184,4735,57,77.86,21.45,0.26,Trump,Trump,Trump,12449,56.41,43.59
Monroe County,Pennsylvania,PA,42089,85525,42676,42007,441,49.9,49.120000000000005,0.52,Trump,Biden,Clinton,669,0.78,99.22
Montgomery County,Pennsylvania,PA,42091,520906,198311,317103,2984,38.07,60.88,0.5700000000000001,Harris,Biden,Clinton,118792,22.81,77.19
Montour County,Pennsylvania,PA,42093,9908,5944,3862,44,59.99,38.98,0.44,Trump,Trump,Trump,2082,21.01,78.99
Northampton County,Pennsylvania,PA,42095,178215,89817,86655,930,50.4,48.620000000000005,0.52,Trump,Biden,Trump,3162,1.78,98.22
Northumberland County,Pennsylvania,PA,42097,43522,30240,12863,164,69.48,29.56,0.38,Trump,Trump,Trump,17377,39.92,60.08
Perry County,Pennsylvania,PA,42099,25725,19073,6385,103,74.14,24.82,0.4,Trump,Trump,Trump,12688,49.32,50.68
Philadelphia County,Pennsylvania,PA,42101,721441,144311,568571,6233,20.0,78.81,0.86,Harris,Biden,Clinton,424260,58.81,41.19
Pike County,Pennsylvania,PA,42103,34950,21537,13132,144,61.62,37.57,0.41000000000000003,Trump,Trump,Trump,8405,24.05,75.95
Potter County,Pennsylvania,PA,42105,9085,7334,1675,20,80.73,18.44,0.22,Trump,Trump,Trump,5659,62.29,37.71
Schuylkill County,Pennsylvania,PA,42107,73184,51665,20882,268,70.6,28.53,0.37,Trump,Trump,Trump,30783,42.07,57.93
Snyder County,Pennsylvania,PA,42109,20038,14664,5239,45,73.18,26.150000000000002,0.22,Trump,Trump,Trump,9425,47.03,52.97
Somerset County,Pennsylvania,PA,42111,40881,31993,8596,103,78.25999999999999,21.029999999999998,0.25,Trump,Trump,Trump,23397,57.23,42.77
Sullivan County,Pennsylvania,PA,42113,3721,2721,976,12,73.13,26.229999999999997,0.32,Trump,Trump,Trump,1745,46.9,53.1
Susquehanna County,Pennsylvania,PA,42115,22404,16114,6093,66,71.92,27.200000000000003,0.29,Trump,Trump,Trump,10021,44.72,55.28
Tioga County,Pennsylvania,PA,42117,21587,16272,5100,71,75.38,23.630000000000003,0.33,Trump,Trump,Trump,11172,51.75,48.25
Union County,Pennsylvania,PA,42119,21188,12969,8015,104,61.21,37.830000000000005,0.49,Trump,Trump,Trump,4954,23.38,76.62
Venango County,Pennsylvania,PA,42121,26732,18883,7624,88,70.64,28.52,0.33,Trump,Trump,Trump,11259,42.12,57.88
Warren County,Pennsylvania,PA,42123,20723,14345,6212,53,69.22,29.98,0.26,Trump,Trump,Trump,8133,39.24,60.76
Washington County,Pennsylvania,PA,42125,121617,75929,44910,254,62.43,36.93,0.21,Trump,Trump,Trump,31019,25.5,74.5
Wayne County,Pennsylvania,PA,42127,29444,20071,9150,98,68.17,31.080000000000002,0.33,Trump,Trump,Trump,10921,37.09,62.91
Westmoreland County,Pennsylvania,PA,42129,211450,135008,74904,567,63.849999999999994,35.42,0.27,Trump,Trump,Trump,60104,28.43,71.57
Wyoming County,Pennsylvania,PA,42131,15052,10222,4680,60,67.91,31.09,0.4,Trump,Trump,Trump,5542,36.82,63.18
York County,Pennsylvania,PA,42133,249210,154884,91926,978,62.150000000000006,36.89,0.38999999999999996,Trump,Trump,Trump,62958,25.26,74.74
Bristol County,Rhode Island,RI,44001,28335,10048,17458,0,35.46,61.61,0.0,Harris,Biden,Clinton,7410,26.15,73.85
Kent County,Rhode Island,RI,44003,93148,44526,46269,0,47.8,49.669999999999995,0.0,Harris,Biden,Trump,1743,1.87,98.13
Newport County,Rhode Island,RI,44005,44618,16027,27332,0,35.92,61.260000000000005,0.0,Harris,Biden,Clinton,11305,25.34,74.66
Providence County,Rhode Island,RI,44007,269679,112443,150102,0,41.699999999999996,55.66,0.0,Harris,Biden,Clinton,37659,13.96,86.04
Washington County,Rhode Island,RI,44009,76036,31247,42589,0,41.099999999999994,56.010000000000005,0.0,Harris,Biden,Clinton,11342,14.91,85.09
Abbeville County,South Carolina,SC,45001,12048,8509,3399,26,70.63000000000001,28.21,0.22,Trump,Trump,Trump,5110,42.42,57.58
Aiken County,South Carolina,SC,45003,86091,53592,31298,228,62.25000000000001,36.35,0.26,Trump,Trump,Trump,22294,25.9,74.1
Allendale County,South Carolina,SC,45005,3023,813,2165,4,26.889999999999997,71.61999999999999,0.13,Harris,Biden,Clinton,1352,44.73,55.27
Anderson County,South Carolina,SC,45007,98296,71828,25281,218,73.07000000000001,25.72,0.22,Trump,Trump,Trump,46547,47.35,52.65
Bamberg County,South Carolina,SC,45009,5694,2376,3245,11,41.730000000000004,56.989999999999995,0.19,Harris,Biden,Clinton,869,15.26,84.74
Barnwell County,South Carolina,SC,45011,9803,5605,4082,22,57.18,41.64,0.22,Trump,Trump,Trump,1523,15.54,84.46
Beaufort County,South Carolina,SC,45013,104403,59123,44002,308,56.63,42.15,0.3,Trump,Trump,Trump,15121,14.48,85.52
Berkeley County,South Carolina,SC,45015,112834,64777,46416,337,57.410000000000004,41.14,0.3,Trump,Trump,Trump,18361,16.27,83.73
Calhoun County,South Carolina,SC,45017,7914,4474,3339,21,56.53,42.19,0.27,Trump,Trump,Trump,1135,14.34,85.66
Charleston County,South Carolina,SC,45019,214521,99265,111427,973,46.27,51.94,0.44999999999999996,Harris,Biden,Clinton,12162,5.67,94.33
Cherokee County,South Carolina,SC,45021,24839,18697,5939,48,75.27000000000001,23.91,0.19,Trump,Trump,Trump,12758,51.36,48.64
Chester County,South Carolina,SC,45023,15556,9030,6353,22,58.050000000000004,40.839999999999996,0.13999999999999999,Trump,Trump,Trump,2677,17.21,82.79
Chesterfield County,South Carolina,SC,45025,18391,11682,6520,37,63.519999999999996,35.449999999999996,0.2,Trump,Trump,Trump,5162,28.07,71.93
Clarendon County,South Carolina,SC,45027,16320,9065,7064,27,55.55,43.28,0.16999999999999998,Trump,Trump,Clinton,2001,12.27,87.73
Colleton County,South Carolina,SC,45029,18276,10696,7376,40,58.52,40.36,0.22,Trump,Trump,Trump,3320,18.16,81.84
Darlington County,South Carolina,SC,45031,30331,17017,12977,59,56.10000000000001,42.78,0.19,Trump,Trump,Trump,4040,13.32,86.68
Dillon County,South Carolina,SC,45033,11861,6526,5241,12,55.02,44.190000000000005,0.1,Trump,Trump,Clinton,1285,10.83,89.17
Dorchester County,South Carolina,SC,45035,77764,43839,32489,533,56.37,41.78,0.69,Trump,Trump,Trump,11350,14.59,85.41
Edgefield County,South Carolina,SC,45037,13919,9092,4659,24,65.32,33.47,0.16999999999999998,Trump,Trump,Trump,4433,31.85,68.15
Fairfield County,South Carolina,SC,45039,11215,4792,6277,31,42.730000000000004,55.97,0.27999999999999997,Harris,Biden,Clinton,1485,13.24,86.76
Florence County,South Carolina,SC,45041,61140,32615,27706,166,53.339999999999996,45.32,0.27,Trump,Trump,Trump,4909,8.02,91.98
Georgetown County,South Carolina,SC,45043,37754,22326,14965,105,59.14,39.64,0.27999999999999997,Trump,Trump,Trump,7361,19.5,80.5
Greenville County,South Carolina,SC,45045,263316,158541,100074,1103,60.209999999999994,38.01,0.42,Trump,Trump,Trump,58467,22.2,77.8
Greenwood County,South Carolina,SC,45047,30888,19715,10766,62,63.83,34.849999999999994,0.2,Trump,Trump,Trump,8949,28.98,71.02
Hampton County,South Carolina,SC,45049,8233,3801,4328,10,46.17,52.56999999999999,0.12,Harris,Biden,Clinton,527,6.4,93.6
Horry County,South Carolina,SC,45051,205954,141719,62325,506,68.81,30.259999999999998,0.25,Trump,Trump,Trump,79394,38.55,61.45
Jasper County,South Carolina,SC,45053,18227,9900,8144,34,54.32,44.68,0.19,Trump,Biden,Clinton,1756,9.64,90.36
Kershaw County,South Carolina,SC,45055,33533,21289,11826,91,63.49,35.27,0.27,Trump,Trump,Trump,9463,28.22,71.78
Lancaster County,South Carolina,SC,45057,54427,33623,20146,174,61.78,37.01,0.32,Trump,Trump,Trump,13477,24.77,75.23
Laurens County,South Carolina,SC,45059,30213,21110,8769,66,69.87,29.020000000000003,0.22,Trump,Trump,Trump,12341,40.85,59.15
Lee County,South Carolina,SC,45061,8076,3078,4505,87,38.11,55.779999999999994,1.08,Harris,Biden,Clinton,1427,17.67,82.33
Lexington County,South Carolina,SC,45063,146903,96965,47815,471,66.01,32.550000000000004,0.32,Trump,Trump,Trump,49150,33.46,66.54
McCormick County,South Carolina,SC,45065,6153,3565,2513,14,57.940000000000005,40.839999999999996,0.22999999999999998,Trump,Trump,Trump,1052,17.1,82.9
Marion County,South Carolina,SC,45067,13388,5906,7316,21,44.11,54.65,0.16,Harris,Biden,Clinton,1410,10.54,89.46
Marlboro County,South Carolina,SC,45069,10152,4896,5137,18,48.230000000000004,50.6,0.18,Harris,Biden,Clinton,241,2.37,97.63
Newberry County,South Carolina,SC,45071,18129,12067,5841,45,66.56,32.22,0.25,Trump,Trump,Trump,6226,34.34,65.66
Oconee County,South Carolina,SC,45073,42264,31772,9987,110,75.18,23.630000000000003,0.26,Trump,Trump,Trump,21785,51.55,48.45
Orangeburg County,South Carolina,SC,45075,36970,13750,22832,62,37.19,61.760000000000005,0.16999999999999998,Harris,Biden,Clinton,9082,24.57,75.43
Pickens County,South Carolina,SC,45077,60451,45728,13891,212,75.64,22.98,0.35000000000000003,Trump,Trump,Trump,31837,52.66,47.34
Richland County,South Carolina,SC,45079,182411,58019,121110,707,31.81,66.39,0.38999999999999996,Harris,Biden,Clinton,63091,34.58,65.42
Saluda County,South Carolina,SC,45081,9014,6452,2454,19,71.58,27.22,0.21,Trump,Trump,Trump,3998,44.36,55.64
Spartanburg County,South Carolina,SC,45083,155597,103032,50710,399,66.22,32.59,0.26,Trump,Trump,Trump,52322,33.63,66.37
Sumter County,South Carolina,SC,45085,45170,21215,23425,96,46.97,51.85999999999999,0.21,Harris,Biden,Clinton,2210,4.89,95.11
Union County,South Carolina,SC,45087,12289,8102,4084,21,65.93,33.23,0.16999999999999998,Trump,Trump,Trump,4018,32.7,67.3
Williamsburg County,South Carolina,SC,45089,14330,5524,8634,15,38.550000000000004,60.25,0.1,Harris,Biden,Clinton,3110,21.7,78.3
York County,South Carolina,SC,45091,150059,88239,59600,522,58.8,39.72,0.35000000000000003,Trump,Trump,Trump,28639,19.08,80.92
Aurora County,South Dakota,SD,46003,1393,1056,302,0,75.81,21.68,0.0,Trump,Trump,Trump,754,54.13,45.87
Beadle County,South Dakota,SD,46005,7010,4826,2017,0,68.84,28.77,0.0,Trump,Trump,Trump,2809,40.07,59.93
Bennett County,South Dakota,SD,46007,1088,676,389,0,62.129999999999995,35.75,0.0,Trump,Trump,Trump,287,26.38,73.62
Bon Homme County,South Dakota,SD,46009,2992,2236,697,0,74.72999999999999,23.3,0.0,Trump,Trump,Trump,1539,51.43,48.57
Brookings County,South Dakota,SD,46011,14939,8575,5978,0,57.4,40.02,0.0,Trump,Trump,Trump,2597,17.38,82.62
Brown County,South Dakota,SD,46013,17043,10645,6075,0,62.46000000000001,35.65,0.0,Trump,Trump,Trump,4570,26.81,73.19
Brule County,South Dakota,SD,46015,2423,1694,666,0,69.91000000000001,27.49,0.0,Trump,Trump,Trump,1028,42.42,57.58
Buffalo County,South Dakota,SD,46017,466,164,291,0,35.19,62.45,0.0,Harris,Biden,Clinton,127,27.26,72.74
Butte County,South Dakota,SD,46019,5082,4024,942,0,79.17999999999999,18.54,0.0,Trump,Trump,Trump,3082,60.64,39.36
Campbell County,South Dakota,SD,46021,836,706,120,0,84.45,14.35,0.0,Trump,Trump,Trump,586,70.1,29.9
Charles Mix County,South Dakota,SD,46023,3615,2551,1000,0,70.57,27.66,0.0,Trump,Trump,Trump,1551,42.91,57.09
Clark County,South Dakota,SD,46025,1842,1382,415,0,75.03,22.53,0.0,Trump,Trump,Trump,967,52.5,47.5
Clay County,South Dakota,SD,46027,5657,2574,2944,0,45.5,52.04,0.0,Harris,Biden,Clinton,370,6.54,93.46
Codington County,South Dakota,SD,46029,13510,9349,3840,0,69.19999999999999,28.42,0.0,Trump,Trump,Trump,5509,40.78,59.22
Corson County,South Dakota,SD,46031,1143,631,495,0,55.21,43.309999999999995,0.0,Trump,Trump,Trump,136,11.9,88.1
Custer County,South Dakota,SD,46033,6001,4313,1567,0,71.87,26.11,0.0,Trump,Trump,Trump,2746,45.76,54.24
Davison County,South Dakota,SD,46035,9177,6208,2743,0,67.65,29.89,0.0,Trump,Trump,Trump,3465,37.76,62.24
Day County,South Dakota,SD,46037,2932,1876,1000,0,63.980000000000004,34.11,0.0,Trump,Trump,Trump,876,29.87,70.13
Deuel County,South Dakota,SD,46039,2298,1717,528,0,74.72,22.98,0.0,Trump,Trump,Trump,1189,51.74,48.26
Dewey County,South Dakota,SD,46041,1871,793,1032,0,42.38,55.16,0.0,Harris,Biden,Clinton,239,12.78,87.22
Douglas County,South Dakota,SD,46043,1658,1419,219,0,85.59,13.209999999999999,0.0,Trump,Trump,Trump,1200,72.38,27.62
Edmunds County,South Dakota,SD,46045,2031,1618,384,0,79.67,18.91,0.0,Trump,Trump,Trump,1234,60.76,39.24
Fall River County,South Dakota,SD,46047,4274,3135,1030,0,73.35000000000001,24.099999999999998,0.0,Trump,Trump,Trump,2105,49.25,50.75
Faulk County,South Dakota,SD,46049,1130,920,183,0,81.42,16.189999999999998,0.0,Trump,Trump,Trump,737,65.23,34.77
Grant County,South Dakota,SD,46051,3630,2594,946,0,71.46000000000001,26.06,0.0,Trump,Trump,Trump,1648,45.4,54.6
Gregory County,South Dakota,SD,46053,2267,1790,426,0,78.96,18.790000000000003,0.0,Trump,Trump,Trump,1364,60.17,39.83
Haakon County,South Dakota,SD,46055,1125,1004,105,0,89.24,9.33,0.0,Trump,Trump,Trump,899,79.91,20.09
Hamlin County,South Dakota,SD,46057,3226,2560,610,0,79.36,18.91,0.0,Trump,Trump,Trump,1950,60.45,39.55
Hand County,South Dakota,SD,46059,1764,1376,365,0,78.0,20.69,0.0,Trump,Trump,Trump,1011,57.31,42.69
Hanson County,South Dakota,SD,46061,2046,1611,399,0,78.74,19.5,0.0,Trump,Trump,Trump,1212,59.24,40.76
Harding County,South Dakota,SD,46063,820,754,48,0,91.95,5.8500000000000005,0.0,Trump,Trump,Trump,706,86.1,13.9
Hughes County,South Dakota,SD,46065,8435,5379,2838,0,63.77,33.650000000000006,0.0,Trump,Trump,Trump,2541,30.12,69.88
Hutchinson County,South Dakota,SD,46067,3736,2918,755,0,78.10000000000001,20.21,0.0,Trump,Trump,Trump,2163,57.89,42.11
Hyde County,South Dakota,SD,46069,695,530,148,0,76.25999999999999,21.29,0.0,Trump,Trump,Trump,382,54.97,45.03
Jackson County,South Dakota,SD,46071,1129,753,357,0,66.7,31.619999999999997,0.0,Trump,Trump,Trump,396,35.08,64.92
Jerauld County,South Dakota,SD,46073,999,708,276,0,70.87,27.63,0.0,Trump,Trump,Trump,432,43.24,56.76
Jones County,South Dakota,SD,46075,550,477,60,0,86.72999999999999,10.91,0.0,Trump,Trump,Trump,417,75.82,24.18
Kingsbury County,South Dakota,SD,46077,2801,1989,760,0,71.00999999999999,27.13,0.0,Trump,Trump,Trump,1229,43.88,56.12
Lake County,South Dakota,SD,46079,5906,3819,1978,0,64.66,33.489999999999995,0.0,Trump,Trump,Trump,1841,31.17,68.83
Lawrence County,South Dakota,SD,46081,15409,9904,5074,0,64.27000000000001,32.93,0.0,Trump,Trump,Trump,4830,31.34,68.66
Lincoln County,South Dakota,SD,46083,36393,22621,12981,0,62.160000000000004,35.67,0.0,Trump,Trump,Trump,9640,26.49,73.51
Lyman County,South Dakota,SD,46085,1447,993,422,0,68.62,29.160000000000004,0.0,Trump,Trump,Trump,571,39.46,60.54
McCook County,South Dakota,SD,46087,3031,2227,733,0,73.47,24.18,0.0,Trump,Trump,Trump,1494,49.29,50.71
McPherson County,South Dakota,SD,46089,1299,1087,188,0,83.67999999999999,14.469999999999999,0.0,Trump,Trump,Trump,899,69.21,30.79
Marshall County,South Dakota,SD,46091,2109,1288,782,0,61.07,37.08,0.0,Trump,Trump,Trump,506,23.99,76.01
Meade County,South Dakota,SD,46093,14672,10887,3421,0,74.2,23.32,0.0,Trump,Trump,Trump,7466,50.88,49.12
Mellette County,South Dakota,SD,46095,740,434,285,0,58.650000000000006,38.51,0.0,Trump,Trump,Trump,149,20.14,79.86
Miner County,South Dakota,SD,46097,1167,841,293,0,72.07000000000001,25.11,0.0,Trump,Trump,Trump,548,46.96,53.04
Minnehaha County,South Dakota,SD,46099,93986,51842,39923,0,55.16,42.480000000000004,0.0,Trump,Trump,Trump,11919,12.68,87.32
Moody County,South Dakota,SD,46101,3189,2068,1052,0,64.85,32.99,0.0,Trump,Trump,Trump,1016,31.86,68.14
Oglala Lakota County,South Dakota,SD,46102,3062,406,2567,0,13.26,83.83,0.0,Harris,Biden,Clinton,2161,70.57,29.43
Pennington County,South Dakota,SD,46103,56580,35009,20051,0,61.88,35.44,0.0,Trump,Trump,Trump,14958,26.44,73.56
Perkins County,South Dakota,SD,46105,1591,1342,228,0,84.35000000000001,14.330000000000002,0.0,Trump,Trump,Trump,1114,70.02,29.98
Potter County,South Dakota,SD,46107,1298,1059,214,0,81.58999999999999,16.49,0.0,Trump,Trump,Trump,845,65.1,34.9
Roberts County,South Dakota,SD,46109,4149,2514,1560,0,60.589999999999996,37.6,0.0,Trump,Trump,Trump,954,22.99,77.01
Sanborn County,South Dakota,SD,46111,1212,929,259,0,76.64999999999999,21.37,0.0,Trump,Trump,Trump,670,55.28,44.72
Spink County,South Dakota,SD,46115,3139,2145,921,0,68.33,29.34,0.0,Trump,Trump,Trump,1224,38.99,61.01
Stanley County,South Dakota,SD,46117,1735,1260,447,0,72.61999999999999,25.759999999999998,0.0,Trump,Trump,Trump,813,46.86,53.14
Sully County,South Dakota,SD,46119,901,716,168,0,79.47,18.65,0.0,Trump,Trump,Trump,548,60.82,39.18
Todd County,South Dakota,SD,46121,2126,497,1570,0,23.380000000000003,73.85000000000001,0.0,Harris,Biden,Clinton,1073,50.47,49.53
Tripp County,South Dakota,SD,46123,2654,2150,470,0,81.01,17.71,0.0,Trump,Trump,Trump,1680,63.3,36.7
Turner County,South Dakota,SD,46125,4538,3374,1044,0,74.35000000000001,23.01,0.0,Trump,Trump,Trump,2330,51.34,48.66
Union County,South Dakota,SD,46127,8876,6160,2548,0,69.39999999999999,28.71,0.0,Trump,Trump,Trump,3612,40.69,59.31
Walworth County,South Dakota,SD,46129,2466,1940,481,0,78.67,19.509999999999998,0.0,Trump,Trump,Trump,1459,59.16,40.84
Yankton County,South Dakota,SD,46135,10832,6650,3883,0,61.39,35.85,0.0,Trump,Trump,Trump,2767,25.54,74.46
Ziebach County,South Dakota,SD,46137,781,388,366,0,49.68,46.86,0.0,Trump,Biden,Trump,22,2.82,97.18
Anderson County,Tennessee,TN,47001,36548,24582,11525,73,67.25999999999999,31.53,0.2,Trump,Trump,Trump,13057,35.73,64.27
Bedford County,Tennessee,TN,47003,20090,15772,4122,37,78.51,20.52,0.18,Trump,Trump,Trump,11650,57.99,42.01
Benton County,Tennessee,TN,47005,7260,5886,1317,10,81.07,18.14,0.13999999999999999,Trump,Trump,Trump,4569,62.93,37.07
Bledsoe County,Tennessee,TN,47007,6191,5254,891,5,84.87,14.39,0.08,Trump,Trump,Trump,4363,70.48,29.52
Blount County,Tennessee,TN,47009,69224,50699,17664,139,73.24000000000001,25.52,0.2,Trump,Trump,Trump,33035,47.72,52.28
Bradley County,Tennessee,TN,47011,49246,38836,9852,66,78.86,20.01,0.13,Trump,Trump,Trump,28984,58.85,41.15
Campbell County,Tennessee,TN,47013,15528,13115,2305,16,84.46000000000001,14.84,0.1,Trump,Trump,Trump,10810,69.62,30.38
Cannon County,Tennessee,TN,47015,6881,5682,1132,10,82.58,16.45,0.15,Trump,Trump,Trump,4550,66.13,33.87
Carroll County,Tennessee,TN,47017,11882,9547,2233,7,80.35,18.790000000000003,0.06,Trump,Trump,Trump,7314,61.56,38.44
Carter County,Tennessee,TN,47019,24852,20167,4454,38,81.15,17.919999999999998,0.15,Trump,Trump,Trump,15713,63.23,36.77
Cheatham County,Tennessee,TN,47021,20741,14987,5464,43,72.26,26.340000000000003,0.21,Trump,Trump,Trump,9523,45.92,54.08
Chester County,Tennessee,TN,47023,7577,6206,1286,7,81.91000000000001,16.97,0.09,Trump,Trump,Trump,4920,64.94,35.06
Claiborne County,Tennessee,TN,47025,13534,11463,1971,13,84.7,14.56,0.1,Trump,Trump,Trump,9492,70.14,29.86
Clay County,Tennessee,TN,47027,3760,3117,614,2,82.89999999999999,16.33,0.05,Trump,Trump,Trump,2503,66.57,33.43
Cocke County,Tennessee,TN,47029,15663,13105,2415,19,83.67,15.42,0.12,Trump,Trump,Trump,10690,68.25,31.75
Coffee County,Tennessee,TN,47031,24932,19174,5440,52,76.91,21.82,0.21,Trump,Trump,Trump,13734,55.09,44.91
Crockett County,Tennessee,TN,47033,5921,4674,1196,6,78.94,20.200000000000003,0.1,Trump,Trump,Trump,3478,58.74,41.26
Cumberland County,Tennessee,TN,47035,34642,27399,6996,34,79.09,20.200000000000003,0.1,Trump,Trump,Trump,20403,58.89,41.11
Davidson County,Tennessee,TN,47037,290036,102256,181862,1775,35.260000000000005,62.7,0.61,Harris,Biden,Clinton,79606,27.44,72.56
Decatur County,Tennessee,TN,47039,5466,4596,819,4,84.08,14.979999999999999,0.06999999999999999,Trump,Trump,Trump,3777,69.1,30.9
DeKalb County,Tennessee,TN,47041,9396,7599,1706,16,80.87,18.16,0.16999999999999998,Trump,Trump,Trump,5893,62.71,37.29
Dickson County,Tennessee,TN,47043,25204,19002,5913,45,75.39,23.46,0.18,Trump,Trump,Trump,13089,51.93,48.07
Dyer County,Tennessee,TN,47045,14394,11603,2707,12,80.61,18.81,0.08,Trump,Trump,Trump,8896,61.8,38.2
Fayette County,Tennessee,TN,47047,23696,16756,6720,53,70.71,28.360000000000003,0.22,Trump,Trump,Trump,10036,42.35,57.65
Fentress County,Tennessee,TN,47049,9771,8555,1149,10,87.56,11.76,0.1,Trump,Trump,Trump,7406,75.8,24.2
Franklin County,Tennessee,TN,47051,19728,15016,4529,19,76.12,22.96,0.1,Trump,Trump,Trump,10487,53.16,46.84
Gibson County,Tennessee,TN,47053,21648,16346,5100,22,75.51,23.56,0.1,Trump,Trump,Trump,11246,51.95,48.05
Giles County,Tennessee,TN,47055,13487,10394,2974,20,77.07000000000001,22.05,0.15,Trump,Trump,Trump,7420,55.02,44.98
Grainger County,Tennessee,TN,47057,11130,9630,1432,10,86.52,12.870000000000001,0.09,Trump,Trump,Trump,8198,73.65,26.35
Greene County,Tennessee,TN,47059,31095,25586,5145,57,82.28,16.55,0.18,Trump,Trump,Trump,20441,65.73,34.27
Grundy County,Tennessee,TN,47061,6328,5334,948,7,84.28999999999999,14.979999999999999,0.11,Trump,Trump,Trump,4386,69.31,30.69
Hamblen County,Tennessee,TN,47063,25501,20154,5132,42,79.03,20.119999999999997,0.16,Trump,Trump,Trump,15022,58.91,41.09
Hamilton County,Tennessee,TN,47065,174438,97195,74437,679,55.720000000000006,42.67,0.38999999999999996,Trump,Trump,Trump,22758,13.05,86.95
Hancock County,Tennessee,TN,47067,2908,2558,334,0,87.96000000000001,11.49,0.0,Trump,Trump,Trump,2224,76.47,23.53
Hardeman County,Tennessee,TN,47069,9399,5793,3527,10,61.629999999999995,37.53,0.11,Trump,Trump,Trump,2266,24.1,75.9
Hardin County,Tennessee,TN,47071,12094,10293,1704,16,85.11,14.09,0.13,Trump,Trump,Trump,8589,71.02,28.98
Hawkins County,Tennessee,TN,47073,26266,22066,3987,30,84.00999999999999,15.18,0.11,Trump,Trump,Trump,18079,68.83,31.17
Haywood County,Tennessee,TN,47075,6652,3286,3311,3,49.4,49.769999999999996,0.05,Harris,Biden,Clinton,25,0.37,99.63
Henderson County,Tennessee,TN,47077,12047,10083,1902,8,83.7,15.790000000000001,0.06999999999999999,Trump,Trump,Trump,8181,67.91,32.09
Henry County,Tennessee,TN,47079,15076,11629,3286,19,77.14,21.8,0.13,Trump,Trump,Trump,8343,55.34,44.66
Hickman County,Tennessee,TN,47081,10309,8265,1968,13,80.17,19.09,0.13,Trump,Trump,Trump,6297,61.08,38.92
Houston County,Tennessee,TN,47083,3810,2989,773,8,78.45,20.29,0.21,Trump,Trump,Trump,2216,58.16,41.84
Humphreys County,Tennessee,TN,47085,8264,6400,1767,13,77.44,21.38,0.16,Trump,Trump,Trump,4633,56.06,43.94
Jackson County,Tennessee,TN,47087,5676,4586,1040,5,80.80000000000001,18.32,0.09,Trump,Trump,Trump,3546,62.48,37.52
Jefferson County,Tennessee,TN,47089,25815,21068,4503,28,81.61,17.44,0.11,Trump,Trump,Trump,16565,64.17,35.83
Johnson County,Tennessee,TN,47091,8102,6829,1212,6,84.28999999999999,14.96,0.06999999999999999,Trump,Trump,Trump,5617,69.33,30.67
Knox County,Tennessee,TN,47093,221864,130815,87516,896,58.96,39.45,0.4,Trump,Trump,Trump,43299,19.51,80.49
Lake County,Tennessee,TN,47095,1939,1493,429,3,77.0,22.12,0.15,Trump,Trump,Trump,1064,54.88,45.12
Lauderdale County,Tennessee,TN,47097,8266,5633,2571,4,68.15,31.1,0.05,Trump,Trump,Trump,3062,37.05,62.95
Lawrence County,Tennessee,TN,47099,19533,16429,2939,29,84.11,15.049999999999999,0.15,Trump,Trump,Trump,13490,69.06,30.94
Lewis County,Tennessee,TN,47101,5890,4852,991,10,82.38,16.830000000000002,0.16999999999999998,Trump,Trump,Trump,3861,65.55,34.45
Lincoln County,Tennessee,TN,47103,16128,13208,2782,15,81.89,17.25,0.09,Trump,Trump,Trump,10426,64.64,35.36
Loudon County,Tennessee,TN,47105,33209,25226,7625,44,75.96000000000001,22.96,0.13,Trump,Trump,Trump,17601,53.0,47.0
McMinn County,Tennessee,TN,47107,24072,19673,4207,31,81.73,17.48,0.13,Trump,Trump,Trump,15466,64.25,35.75
McNairy County,Tennessee,TN,47109,11267,9437,1727,7,83.76,15.329999999999998,0.06,Trump,Trump,Trump,7710,68.43,31.57
Macon County,Tennessee,TN,47111,10333,8958,1277,10,86.69,12.36,0.1,Trump,Trump,Trump,7681,74.33,25.67
Madison County,Tennessee,TN,47113,39964,23385,16115,90,58.52,40.32,0.22999999999999998,Trump,Trump,Trump,7270,18.2,81.8
Marion County,Tennessee,TN,47115,13933,10788,3026,13,77.42999999999999,21.72,0.09,Trump,Trump,Trump,7762,55.71,44.29
Marshall County,Tennessee,TN,47117,15962,12426,3390,27,77.85,21.240000000000002,0.16999999999999998,Trump,Trump,Trump,9036,56.61,43.39
Maury County,Tennessee,TN,47119,52090,37376,14145,79,71.75,27.150000000000002,0.15,Trump,Trump,Trump,23231,44.6,55.4
Meigs County,Tennessee,TN,47121,6099,5085,968,3,83.37,15.870000000000001,0.05,Trump,Trump,Trump,4117,67.5,32.5
Monroe County,Tennessee,TN,47123,22323,18526,3608,25,82.99,16.16,0.11,Trump,Trump,Trump,14918,66.83,33.17
Montgomery County,Tennessee,TN,47125,81755,47795,32736,229,58.46,40.04,0.27999999999999997,Trump,Trump,Trump,15059,18.42,81.58
Moore County,Tennessee,TN,47127,3654,3060,542,9,83.74000000000001,14.829999999999998,0.25,Trump,Trump,Trump,2518,68.91,31.09
Morgan County,Tennessee,TN,47129,8560,7427,1054,11,86.76,12.31,0.13,Trump,Trump,Trump,6373,74.45,25.55
Obion County,Tennessee,TN,47131,12900,10596,2221,5,82.14,17.22,0.04,Trump,Trump,Trump,8375,64.92,35.08
Overton County,Tennessee,TN,47133,11069,9042,1931,14,81.69,17.45,0.13,Trump,Trump,Trump,7111,64.24,35.76
Perry County,Tennessee,TN,47135,3716,3139,558,5,84.47,15.02,0.13,Trump,Trump,Trump,2581,69.45,30.55
Pickett County,Tennessee,TN,47137,2954,2441,487,3,82.63000000000001,16.49,0.1,Trump,Trump,Trump,1954,66.14,33.86
Polk County,Tennessee,TN,47139,8727,7302,1356,3,83.67,15.540000000000001,0.03,Trump,Trump,Trump,5946,68.13,31.87
Putnam County,Tennessee,TN,47141,34939,25554,8991,80,73.14,25.729999999999997,0.22999999999999998,Trump,Trump,Trump,16563,47.41,52.59
Rhea County,Tennessee,TN,47143,14444,11974,2312,23,82.89999999999999,16.009999999999998,0.16,Trump,Trump,Trump,9662,66.89,33.11
Roane County,Tennessee,TN,47145,27412,21011,6073,45,76.64999999999999,22.15,0.16,Trump,Trump,Trump,14938,54.5,45.5
Robertson County,Tennessee,TN,47147,35070,26260,8428,56,74.88,24.03,0.16,Trump,Trump,Trump,17832,50.85,49.15
Rutherford County,Tennessee,TN,47149,147656,88811,56656,483,60.150000000000006,38.37,0.33,Trump,Trump,Trump,32155,21.78,78.22
Scott County,Tennessee,TN,47151,9605,8608,942,5,89.62,9.81,0.05,Trump,Trump,Trump,7666,79.81,20.19
Sequatchie County,Tennessee,TN,47153,7890,6522,1292,8,82.66,16.38,0.1,Trump,Trump,Trump,5230,66.28,33.72
Sevier County,Tennessee,TN,47155,43970,35207,8322,77,80.07,18.93,0.18,Trump,Trump,Trump,26885,61.14,38.86
Shelby County,Tennessee,TN,47157,326497,118917,201759,1829,36.42,61.8,0.5599999999999999,Harris,Biden,Clinton,82842,25.38,74.62
Smith County,Tennessee,TN,47159,9336,7655,1595,8,81.99,17.080000000000002,0.09,Trump,Trump,Trump,6060,64.91,35.09
Stewart County,Tennessee,TN,47161,6620,5389,1160,9,81.39999999999999,17.52,0.13999999999999999,Trump,Trump,Trump,4229,63.88,36.12
Sullivan County,Tennessee,TN,47163,75541,58154,16624,119,76.98,22.009999999999998,0.16,Trump,Trump,Trump,41530,54.97,45.03
Sumner County,Tennessee,TN,47165,97761,68767,27874,183,70.34,28.51,0.19,Trump,Trump,Trump,40893,41.83,58.17
Tipton County,Tennessee,TN,47167,26733,20303,6178,46,75.94999999999999,23.11,0.16999999999999998,Trump,Trump,Trump,14125,52.84,47.16
Trousdale County,Tennessee,TN,47169,4251,3359,856,3,79.02,20.14,0.06999999999999999,Trump,Trump,Trump,2503,58.88,41.12
Unicoi County,Tennessee,TN,47171,8541,6876,1578,14,80.51,18.48,0.16,Trump,Trump,Trump,5298,62.03,37.97
Union County,Tennessee,TN,47173,8669,7384,1216,11,85.18,14.030000000000001,0.13,Trump,Trump,Trump,6168,71.15,28.85
Van Buren County,Tennessee,TN,47175,3265,2718,524,5,83.25,16.05,0.15,Trump,Trump,Trump,2194,67.2,32.8
Warren County,Tennessee,TN,47177,17015,13192,3647,32,77.53,21.43,0.19,Trump,Trump,Trump,9545,56.1,43.9
Washington County,Tennessee,TN,47179,61234,42299,18131,169,69.08,29.609999999999996,0.27999999999999997,Trump,Trump,Trump,24168,39.47,60.53
Wayne County,Tennessee,TN,47181,6831,6016,762,6,88.07000000000001,11.16,0.09,Trump,Trump,Trump,5254,76.91,23.09
Weakley County,Tennessee,TN,47183,13394,10541,2725,22,78.7,20.34,0.16,Trump,Trump,Trump,7816,58.36,41.64
White County,Tennessee,TN,47185,12931,10717,2105,16,82.88,16.28,0.12,Trump,Trump,Trump,8612,66.6,33.4
Williamson County,Tennessee,TN,47187,144668,94562,47695,486,65.36,32.97,0.33999999999999997,Trump,Trump,Trump,46867,32.39,67.61
Wilson County,Tennessee,TN,47189,81254,56425,23855,160,69.44,29.360000000000003,0.2,Trump,Trump,Trump,32570,40.08,59.92
Anderson County,Texas,TX,48001,19358,15597,3635,45,80.57,18.78,0.22999999999999998,Trump,Trump,Trump,11962,61.79,38.21
Andrews County,Texas,TX,48003,6060,5205,806,13,85.89,13.3,0.21,Trump,Trump,Trump,4399,72.59,27.41
Angelina County,Texas,TX,48005,34422,26049,8146,81,75.68,23.669999999999998,0.24,Trump,Trump,Trump,17903,52.01,47.99
Aransas County,Texas,TX,48007,13031,10090,2831,40,77.42999999999999,21.73,0.31,Trump,Trump,Trump,7259,55.7,44.3
Archer County,Texas,TX,48009,5132,4592,520,8,89.48,10.13,0.16,Trump,Trump,Trump,4072,79.35,20.65
Armstrong County,Texas,TX,48011,1109,1029,77,0,92.78999999999999,6.94,0.0,Trump,Trump,Trump,952,85.85,14.15
Atascosa County,Texas,TX,48013,18444,13142,5153,75,71.25,27.939999999999998,0.41000000000000003,Trump,Trump,Trump,7989,43.31,56.69
Austin County,Texas,TX,48015,15383,12457,2816,46,80.97999999999999,18.310000000000002,0.3,Trump,Trump,Trump,9641,62.67,37.33
Bailey County,Texas,TX,48017,1741,1395,332,4,80.13,19.07,0.22999999999999998,Trump,Trump,Trump,1063,61.06,38.94
Bandera County,Texas,TX,48019,13600,10939,2532,45,80.43,18.62,0.33,Trump,Trump,Trump,8407,61.81,38.19
Bastrop County,Texas,TX,48021,39806,23301,15989,199,58.540000000000006,40.17,0.5,Trump,Trump,Trump,7312,18.37,81.63
Baylor County,Texas,TX,48023,1675,1471,184,8,87.82,10.99,0.48,Trump,Trump,Trump,1287,76.83,23.17
Bee County,Texas,TX,48025,8790,6111,2606,32,69.52000000000001,29.65,0.36,Trump,Trump,Trump,3505,39.87,60.13
Bell County,Texas,TX,48027,130662,75161,53973,579,57.52,41.31,0.44,Trump,Trump,Trump,21188,16.21,83.79
Bexar County,Texas,TX,48029,758323,337545,411389,4303,44.51,54.25,0.5700000000000001,Harris,Biden,Clinton,73844,9.74,90.26
Blanco County,Texas,TX,48031,8523,6447,1973,31,75.64,23.150000000000002,0.36,Trump,Trump,Trump,4474,52.49,47.51
Borden County,Texas,TX,48033,387,370,16,0,95.61,4.130000000000001,0.0,Trump,Trump,Trump,354,91.48,8.52
Bosque County,Texas,TX,48035,9576,7969,1524,27,83.22,15.909999999999998,0.27999999999999997,Trump,Trump,Trump,6445,67.31,32.69
Bowie County,Texas,TX,48037,36644,27122,9282,87,74.00999999999999,25.330000000000002,0.24,Trump,Trump,Trump,17840,48.68,51.32
Brazoria County,Texas,TX,48039,162046,95867,63976,1175,59.160000000000004,39.48,0.73,Trump,Trump,Trump,31891,19.68,80.32
Brazos County,Texas,TX,48041,91961,56671,33844,536,61.629999999999995,36.8,0.58,Trump,Trump,Trump,22827,24.83,75.17
Brewster County,Texas,TX,48043,4578,2545,1969,22,55.589999999999996,43.01,0.48,Trump,Trump,Trump,576,12.58,87.42
Briscoe County,Texas,TX,48045,745,666,72,2,89.4,9.66,0.27,Trump,Trump,Trump,594,79.74,20.26
Brooks County,Texas,TX,48047,2402,1077,1308,9,44.84,54.449999999999996,0.37,Harris,Biden,Clinton,231,9.61,90.39
Brown County,Texas,TX,48049,16853,14593,2132,48,86.59,12.65,0.27999999999999997,Trump,Trump,Trump,12461,73.94,26.06
Burleson County,Texas,TX,48051,9369,7590,1705,18,81.01,18.2,0.19,Trump,Trump,Trump,5885,62.81,37.19
Burnet County,Texas,TX,48053,28153,21795,6114,66,77.42,21.72,0.22999999999999998,Trump,Trump,Trump,15681,55.7,44.3
Caldwell County,Texas,TX,48055,15693,8880,6618,95,56.589999999999996,42.17,0.61,Trump,Trump,Trump,2262,14.42,85.58
Calhoun County,Texas,TX,48057,7832,5939,1853,16,75.83,23.66,0.2,Trump,Trump,Trump,4086,52.17,47.83
Callahan County,Texas,TX,48059,6988,6180,761,11,88.44,10.89,0.16,Trump,Trump,Trump,5419,77.55,22.45
Cameron County,Texas,TX,48061,116153,60991,54258,431,52.51,46.71,0.37,Trump,Biden,Clinton,6733,5.8,94.2
Camp County,Texas,TX,48063,5242,4011,1201,8,76.52,22.91,0.15,Trump,Trump,Trump,2810,53.61,46.39
Carson County,Texas,TX,48065,3177,2866,290,8,90.21000000000001,9.13,0.25,Trump,Trump,Trump,2576,81.08,18.92
Cass County,Texas,TX,48067,14143,11693,2406,9,82.67999999999999,17.01,0.06,Trump,Trump,Trump,9287,65.67,34.33
Castro County,Texas,TX,48069,2023,1594,418,5,78.79,20.66,0.25,Trump,Trump,Trump,1176,58.13,41.87
Chambers County,Texas,TX,48071,24973,20567,4192,68,82.36,16.79,0.27,Trump,Trump,Trump,16375,65.57,34.43
Cherokee County,Texas,TX,48073,20507,16593,3744,74,80.91000000000001,18.26,0.36,Trump,Trump,Trump,12849,62.65,37.35
Childress County,Texas,TX,48075,2272,1991,263,7,87.63,11.58,0.31,Trump,Trump,Trump,1728,76.05,23.95
Clay County,Texas,TX,48077,5908,5288,584,13,89.51,9.879999999999999,0.22,Trump,Trump,Trump,4704,79.63,20.37
Cochran County,Texas,TX,48079,893,735,148,1,82.31,16.57,0.11,Trump,Trump,Trump,587,65.74,34.26
Coke County,Texas,TX,48081,1814,1623,179,3,89.47,9.87,0.16999999999999998,Trump,Trump,Trump,1444,79.6,20.4
Coleman County,Texas,TX,48083,4156,3712,428,4,89.32,10.299999999999999,0.1,Trump,Trump,Trump,3284,79.02,20.98
Collin County,Texas,TX,48085,515585,279534,222115,10010,54.22,43.08,1.94,Trump,Trump,Trump,57419,11.14,88.86
Collingsworth County,Texas,TX,48087,1201,1066,135,0,88.75999999999999,11.24,0.0,Trump,Trump,Trump,931,77.52,22.48
Colorado County,Texas,TX,48089,9994,7824,2108,17,78.29,21.09,0.16999999999999998,Trump,Trump,Trump,5716,57.2,42.8
Comal County,Texas,TX,48091,103491,74756,27680,330,72.23,26.75,0.32,Trump,Trump,Trump,47076,45.48,54.52
Comanche County,Texas,TX,48093,6544,5679,834,6,86.78,12.740000000000002,0.09,Trump,Trump,Trump,4845,74.04,25.96
Concho County,Texas,TX,48095,1198,1038,153,4,86.64,12.770000000000001,0.33,Trump,Trump,Trump,885,73.87,26.13
Cooke County,Texas,TX,48097,20447,16975,3310,40,83.02000000000001,16.189999999999998,0.2,Trump,Trump,Trump,13665,66.83,33.17
Coryell County,Texas,TX,48099,23926,16688,6959,103,69.75,29.09,0.43,Trump,Trump,Trump,9729,40.66,59.34
Cottle County,Texas,TX,48101,657,565,89,1,86.0,13.55,0.15,Trump,Trump,Trump,476,72.45,27.55
Crane County,Texas,TX,48103,1389,1195,186,3,86.03,13.389999999999999,0.22,Trump,Trump,Trump,1009,72.64,27.36
Crockett County,Texas,TX,48105,1417,1087,323,4,76.71,22.79,0.27999999999999997,Trump,Trump,Trump,764,53.92,46.08
Crosby County,Texas,TX,48107,1880,1416,451,3,75.32,23.990000000000002,0.16,Trump,Trump,Trump,965,51.33,48.67
Culberson County,Texas,TX,48109,781,451,319,1,57.75,40.849999999999994,0.13,Trump,Biden,Clinton,132,16.9,83.1
Dallam County,Texas,TX,48111,1447,1285,152,5,88.8,10.5,0.35000000000000003,Trump,Trump,Trump,1133,78.3,21.7
Dallas County,Texas,TX,48113,849872,322569,511118,8988,37.96,60.14000000000001,1.06,Harris,Biden,Clinton,188549,22.18,77.82
Dawson County,Texas,TX,48115,3513,2810,667,10,79.99000000000001,18.990000000000002,0.27999999999999997,Trump,Trump,Trump,2143,61.0,39.0
Deaf Smith County,Texas,TX,48117,4286,3233,1019,15,75.42999999999999,23.78,0.35000000000000003,Trump,Trump,Trump,2214,51.65,48.35
Delta County,Texas,TX,48119,2658,2250,397,3,84.65,14.940000000000001,0.11,Trump,Trump,Trump,1853,69.71,30.29
Denton County,Texas,TX,48121,449188,250521,191503,3605,55.769999999999996,42.63,0.8,Trump,Trump,Trump,59018,13.14,86.86
DeWitt County,Texas,TX,48123,7825,6515,1270,15,83.26,16.23,0.19,Trump,Trump,Trump,5245,67.03,32.97
Dickens County,Texas,TX,48125,993,844,146,1,84.99,14.7,0.1,Trump,Trump,Trump,698,70.29,29.71
Dimmit County,Texas,TX,48127,3427,1653,1765,4,48.230000000000004,51.5,0.12,Harris,Biden,Clinton,112,3.27,96.73
Donley County,Texas,TX,48129,1712,1512,174,18,88.32,10.16,1.05,Trump,Trump,Trump,1338,78.16,21.84
Duval County,Texas,TX,48131,4461,2439,2003,6,54.669999999999995,44.9,0.13,Trump,Biden,Clinton,436,9.77,90.23
Eastland County,Texas,TX,48133,8364,7397,918,21,88.44,10.979999999999999,0.25,Trump,Trump,Trump,6479,77.46,22.54
Ector County,Texas,TX,48135,42615,32429,9881,115,76.1,23.189999999999998,0.27,Trump,Trump,Trump,22548,52.91,47.09
Edwards County,Texas,TX,48137,1005,869,133,2,86.47,13.23,0.2,Trump,Trump,Trump,736,73.24,26.76
Ellis County,Texas,TX,48139,99557,64763,33850,351,65.05,34.0,0.35000000000000003,Trump,Trump,Trump,30913,31.05,68.95
El Paso County,Texas,TX,48141,251569,105124,143156,1630,41.79,56.910000000000004,0.65,Harris,Biden,Clinton,38032,15.12,84.88
Erath County,Texas,TX,48143,18351,15349,2871,35,83.64,15.64,0.19,Trump,Trump,Trump,12478,68.0,32.0
Falls County,Texas,TX,48145,6277,4520,1713,25,72.00999999999999,27.29,0.4,Trump,Trump,Trump,2807,44.72,55.28
Fannin County,Texas,TX,48147,16395,13648,2607,48,83.24000000000001,15.9,0.29,Trump,Trump,Trump,11041,67.34,32.66
Fayette County,Texas,TX,48149,13331,10699,2515,37,80.25999999999999,18.87,0.27999999999999997,Trump,Trump,Trump,8184,61.39,38.61
Fisher County,Texas,TX,48151,1830,1487,330,2,81.26,18.029999999999998,0.11,Trump,Trump,Trump,1157,63.23,36.77
Floyd County,Texas,TX,48153,2090,1715,358,5,82.06,17.130000000000003,0.24,Trump,Trump,Trump,1357,64.93,35.07
Foard County,Texas,TX,48155,545,448,92,2,82.19999999999999,16.88,0.37,Trump,Trump,Trump,356,65.32,34.68
Fort Bend County,Texas,TX,48157,362524,173592,179310,7428,47.88,49.46,2.0500000000000003,Harris,Biden,Clinton,5718,1.58,98.42
Franklin County,Texas,TX,48159,5311,4473,813,7,84.22,15.310000000000002,0.13,Trump,Trump,Trump,3660,68.91,31.09
Freestone County,Texas,TX,48161,9045,7500,1499,9,82.92,16.57,0.1,Trump,Trump,Trump,6001,66.35,33.65
Frio County,Texas,TX,48163,4945,3060,1848,10,61.88,37.37,0.2,Trump,Trump,Clinton,1212,24.51,75.49
Gaines County,Texas,TX,48165,6416,5840,538,16,91.02,8.39,0.25,Trump,Trump,Trump,5302,82.63,17.37
Galveston County,Texas,TX,48167,158996,100295,56732,909,63.080000000000005,35.68,0.5700000000000001,Trump,Trump,Trump,43563,27.4,72.6
Garza County,Texas,TX,48169,1599,1374,213,3,85.92999999999999,13.320000000000002,0.19,Trump,Trump,Trump,1161,72.61,27.39
Gillespie County,Texas,TX,48171,16492,13202,3160,29,80.05,19.16,0.18,Trump,Trump,Trump,10042,60.89,39.11
Glasscock County,Texas,TX,48173,663,623,38,0,93.97,5.7299999999999995,0.0,Trump,Trump,Trump,585,88.24,11.76
Goliad County,Texas,TX,48175,3987,3178,778,12,79.71000000000001,19.509999999999998,0.3,Trump,Trump,Trump,2400,60.2,39.8
Gonzales County,Texas,TX,48177,7755,5981,1729,17,77.12,22.3,0.22,Trump,Trump,Trump,4252,54.82,45.18
Gray County,Texas,TX,48179,7580,6691,845,13,88.27000000000001,11.15,0.16999999999999998,Trump,Trump,Trump,5846,77.12,22.88
Grayson County,Texas,TX,48181,65915,50556,14800,189,76.7,22.45,0.29,Trump,Trump,Trump,35756,54.25,45.75
Gregg County,Texas,TX,48183,46738,33026,13294,131,70.66,28.439999999999998,0.27999999999999997,Trump,Trump,Trump,19732,42.22,57.78
Grimes County,Texas,TX,48185,14051,11197,2734,40,79.69000000000001,19.46,0.27999999999999997,Trump,Trump,Trump,8463,60.23,39.77
Guadalupe County,Texas,TX,48187,85136,54691,29573,306,64.24,34.74,0.36,Trump,Trump,Trump,25118,29.5,70.5
Hale County,Texas,TX,48189,9285,7283,1903,35,78.44,20.5,0.38,Trump,Trump,Trump,5380,57.94,42.06
Hall County,Texas,TX,48191,1149,992,149,3,86.33999999999999,12.97,0.26,Trump,Trump,Trump,843,73.37,26.63
Hamilton County,Texas,TX,48193,4465,3809,625,7,85.31,14.000000000000002,0.16,Trump,Trump,Trump,3184,71.31,28.69
Hansford County,Texas,TX,48195,1999,1842,146,2,92.15,7.3,0.1,Trump,Trump,Trump,1696,84.85,15.15
Hardeman County,Texas,TX,48197,1405,1210,188,4,86.11999999999999,13.38,0.27999999999999997,Trump,Trump,Trump,1022,72.74,27.26
Hardin County,Texas,TX,48199,28157,24691,3347,30,87.69,11.89,0.11,Trump,Trump,Trump,21344,75.8,24.2
Harris County,Texas,TX,48201,1557484,722695,808771,15117,46.400000000000006,51.93,0.97,Harris,Biden,Clinton,86076,5.53,94.47
Harrison County,Texas,TX,48203,30243,22658,7369,64,74.92,24.37,0.21,Trump,Trump,Trump,15289,50.55,49.45
Hartley County,Texas,TX,48205,2016,1843,163,2,91.42,8.09,0.1,Trump,Trump,Trump,1680,83.33,16.67
Haskell County,Texas,TX,48207,2247,1918,313,3,85.36,13.930000000000001,0.13,Trump,Trump,Trump,1605,71.43,28.57
Hays County,Texas,TX,48209,125827,58438,65528,743,46.44,52.080000000000005,0.59,Harris,Biden,Trump,7090,5.64,94.36
Hemphill County,Texas,TX,48211,1612,1412,190,3,87.59,11.790000000000001,0.19,Trump,Trump,Trump,1222,75.8,24.2
Henderson County,Texas,TX,48213,38540,31379,6919,78,81.42,17.95,0.2,Trump,Trump,Trump,24460,63.47,36.53
Hidalgo County,Texas,TX,48215,217265,110760,104517,1112,50.980000000000004,48.11,0.51,Trump,Biden,Clinton,6243,2.87,97.13
Hill County,Texas,TX,48217,16706,13669,2919,37,81.82000000000001,17.47,0.22,Trump,Trump,Trump,10750,64.35,35.65
Hockley County,Texas,TX,48219,7988,6616,1323,14,82.82000000000001,16.56,0.18,Trump,Trump,Trump,5293,66.26,33.74
Hood County,Texas,TX,48221,36553,30174,6070,100,82.55,16.61,0.27,Trump,Trump,Trump,24104,65.94,34.06
Hopkins County,Texas,TX,48223,16778,13754,2917,37,81.98,17.39,0.22,Trump,Trump,Trump,10837,64.59,35.41
Houston County,Texas,TX,48225,9365,7247,2065,17,77.38000000000001,22.05,0.18,Trump,Trump,Trump,5182,55.33,44.67
Howard County,Texas,TX,48227,9641,7817,1759,20,81.08,18.240000000000002,0.21,Trump,Trump,Trump,6058,62.84,37.16
Hudspeth County,Texas,TX,48229,1038,759,275,0,73.11999999999999,26.490000000000002,0.0,Trump,Trump,Trump,484,46.63,53.37
Hunt County,Texas,TX,48231,46733,36137,10212,117,77.33,21.85,0.25,Trump,Trump,Trump,25925,55.48,44.52
Hutchinson County,Texas,TX,48233,8244,7273,913,15,88.22,11.07,0.18,Trump,Trump,Trump,6360,77.15,22.85
Irion County,Texas,TX,48235,868,761,105,0,87.67,12.1,0.0,Trump,Trump,Trump,656,75.57,24.43
Jack County,Texas,TX,48237,4201,3819,363,7,90.91,8.64,0.16999999999999998,Trump,Trump,Trump,3456,82.27,17.73
Jackson County,Texas,TX,48239,6329,5386,907,13,85.1,14.330000000000002,0.21,Trump,Trump,Trump,4479,70.77,29.23
Jasper County,Texas,TX,48241,15841,13162,2615,14,83.09,16.509999999999998,0.09,Trump,Trump,Trump,10547,66.58,33.42
Jeff Davis County,Texas,TX,48243,1169,699,450,6,59.79,38.49,0.51,Trump,Trump,Trump,249,21.3,78.7
Jefferson County,Texas,TX,48245,86314,46596,38936,330,53.98,45.11,0.38,Trump,Trump,Trump,7660,8.87,91.13
Jim Hogg County,Texas,TX,48247,1585,725,856,1,45.739999999999995,54.010000000000005,0.06,Harris,Biden,Clinton,131,8.27,91.73
Jim Wells County,Texas,TX,48249,13268,7636,5577,23,57.550000000000004,42.03,0.16999999999999998,Trump,Trump,Clinton,2059,15.52,84.48
Johnson County,Texas,TX,48251,80721,60752,19247,238,75.26,23.84,0.29,Trump,Trump,Trump,41505,51.42,48.58
Jones County,Texas,TX,48253,6947,5988,907,18,86.2,13.059999999999999,0.26,Trump,Trump,Trump,5081,73.14,26.86
Karnes County,Texas,TX,48255,5075,4001,1051,7,78.84,20.71,0.13999999999999999,Trump,Trump,Trump,2950,58.13,41.87
Kaufman County,Texas,TX,48257,69406,44063,24726,257,63.49,35.63,0.37,Trump,Trump,Trump,19337,27.86,72.14
Kendall County,Texas,TX,48259,29315,22668,6355,77,77.33,21.68,0.26,Trump,Trump,Trump,16313,55.65,44.35
Kenedy County,Texas,TX,48261,158,115,41,0,72.78,25.95,0.0,Trump,Trump,Clinton,74,46.83,53.17
Kent County,Texas,TX,48263,445,390,50,0,87.64,11.24,0.0,Trump,Trump,Trump,340,76.4,23.6
Kerr County,Texas,TX,48265,28170,21615,6315,65,76.73,22.42,0.22999999999999998,Trump,Trump,Trump,15300,54.31,45.69
Kimble County,Texas,TX,48267,2404,2126,261,5,88.44,10.86,0.21,Trump,Trump,Trump,1865,77.58,22.42
King County,Texas,TX,48269,135,129,6,0,95.56,4.44,0.0,Trump,Trump,Trump,123,91.12,8.88
Kinney County,Texas,TX,48271,1419,1063,346,3,74.91,24.38,0.21,Trump,Trump,Trump,717,50.53,49.47
Kleberg County,Texas,TX,48273,10014,5612,4338,24,56.04,43.32,0.24,Trump,Trump,Clinton,1274,12.72,87.28
Knox County,Texas,TX,48275,1376,1156,214,5,84.00999999999999,15.55,0.36,Trump,Trump,Trump,942,68.46,31.54
Lamar County,Texas,TX,48277,21285,17044,4079,42,80.08,19.16,0.2,Trump,Trump,Trump,12965,60.92,39.08
Lamb County,Texas,TX,48279,4151,3398,729,11,81.86,17.560000000000002,0.26,Trump,Trump,Trump,2669,64.3,35.7
Lampasas County,Texas,TX,48281,11301,8961,2232,40,79.29,19.75,0.35000000000000003,Trump,Trump,Trump,6729,59.54,40.46
La Salle County,Texas,TX,48283,2360,1417,933,6,60.040000000000006,39.53,0.25,Trump,Trump,Clinton,484,20.51,79.49
Lavaca County,Texas,TX,48285,10491,9215,1235,17,87.83999999999999,11.77,0.16,Trump,Trump,Trump,7980,76.07,23.93
Lee County,Texas,TX,48287,8415,6724,1640,14,79.9,19.49,0.16999999999999998,Trump,Trump,Trump,5084,60.41,39.59
Leon County,Texas,TX,48289,9064,7982,1033,11,88.06,11.4,0.12,Trump,Trump,Trump,6949,76.66,23.34
Liberty County,Texas,TX,48291,31323,25241,5952,35,80.58,19.0,0.11,Trump,Trump,Trump,19289,61.58,38.42
Limestone County,Texas,TX,48293,9075,7081,1921,23,78.03,21.17,0.25,Trump,Trump,Trump,5160,56.86,43.14
Lipscomb County,Texas,TX,48295,1259,1125,123,0,89.36,9.77,0.0,Trump,Trump,Trump,1002,79.59,20.41
Live Oak County,Texas,TX,48297,5093,4307,761,11,84.57000000000001,14.940000000000001,0.22,Trump,Trump,Trump,3546,69.63,30.37
Llano County,Texas,TX,48299,13629,10902,2613,32,79.99000000000001,19.17,0.22999999999999998,Trump,Trump,Trump,8289,60.82,39.18
Loving County,Texas,TX,48301,97,86,10,1,88.66000000000001,10.31,1.03,Trump,Trump,Trump,76,78.35,21.65
Lubbock County,Texas,TX,48303,125038,86547,37148,484,69.22,29.709999999999997,0.38999999999999996,Trump,Trump,Trump,49399,39.51,60.49
Lynn County,Texas,TX,48305,2567,2175,371,7,84.73,14.45,0.27,Trump,Trump,Trump,1804,70.28,29.72
McCulloch County,Texas,TX,48307,3513,3033,455,8,86.33999999999999,12.950000000000001,0.22999999999999998,Trump,Trump,Trump,2578,73.39,26.61
McLennan County,Texas,TX,48309,99672,64606,33863,325,64.82,33.97,0.33,Trump,Trump,Trump,30743,30.85,69.15
McMullen County,Texas,TX,48311,487,448,37,0,91.99000000000001,7.6,0.0,Trump,Trump,Trump,411,84.39,15.61
Madison County,Texas,TX,48313,5489,4498,964,10,81.95,17.560000000000002,0.18,Trump,Trump,Trump,3534,64.39,35.61
Marion County,Texas,TX,48315,4714,3577,1101,18,75.88000000000001,23.36,0.38,Trump,Trump,Trump,2476,52.52,47.48
Martin County,Texas,TX,48317,2083,1825,247,4,87.61,11.86,0.19,Trump,Trump,Trump,1578,75.75,24.25
Mason County,Texas,TX,48319,2527,2076,434,4,82.15,17.169999999999998,0.16,Trump,Trump,Trump,1642,64.98,35.02
Matagorda County,Texas,TX,48321,13312,9957,3231,53,74.8,24.27,0.4,Trump,Trump,Trump,6726,50.53,49.47
Maverick County,Texas,TX,48323,15745,9285,6373,39,58.97,40.48,0.25,Trump,Biden,Clinton,2912,18.49,81.51
Medina County,Texas,TX,48325,24617,17464,6950,81,70.94,28.23,0.33,Trump,Trump,Trump,10514,42.71,57.29
Menard County,Texas,TX,48327,1040,861,170,3,82.78999999999999,16.35,0.29,Trump,Trump,Trump,691,66.44,33.56
Midland County,Texas,TX,48329,58808,46944,11351,142,79.83,19.3,0.24,Trump,Trump,Trump,35593,60.53,39.47
Milam County,Texas,TX,48331,11098,8691,2331,29,78.31,21.0,0.26,Trump,Trump,Trump,6360,57.31,42.69
Mills County,Texas,TX,48333,2742,2418,310,4,88.18,11.31,0.15,Trump,Trump,Trump,2108,76.87,23.13
Mitchell County,Texas,TX,48335,2513,2144,352,6,85.32,14.01,0.24,Trump,Trump,Trump,1792,71.31,28.69
Montague County,Texas,TX,48337,11101,9825,1208,28,88.51,10.879999999999999,0.25,Trump,Trump,Trump,8617,77.63,22.37
Montgomery County,Texas,TX,48339,307258,221964,82277,1221,72.24000000000001,26.779999999999998,0.4,Trump,Trump,Trump,139687,45.46,54.54
Moore County,Texas,TX,48341,5362,4458,860,16,83.14,16.04,0.3,Trump,Trump,Trump,3598,67.1,32.9
Morris County,Texas,TX,48343,5434,4092,1312,7,75.3,24.14,0.13,Trump,Trump,Trump,2780,51.16,48.84
Motley County,Texas,TX,48345,650,612,35,1,94.15,5.38,0.15,Trump,Trump,Trump,577,88.77,11.23
Nacogdoches County,Texas,TX,48347,25486,17575,7690,78,68.96,30.17,0.31,Trump,Trump,Trump,9885,38.79,61.21
Navarro County,Texas,TX,48349,19831,14983,4708,62,75.55,23.74,0.31,Trump,Trump,Trump,10275,51.81,48.19
Newton County,Texas,TX,48351,5749,4781,952,9,83.16,16.56,0.16,Trump,Trump,Trump,3829,66.6,33.4
Nolan County,Texas,TX,48353,5115,4048,1020,20,79.14,19.939999999999998,0.38999999999999996,Trump,Trump,Trump,3028,59.2,40.8
Nueces County,Texas,TX,48355,121678,67201,53248,502,55.230000000000004,43.76,0.41000000000000003,Trump,Trump,Trump,13953,11.47,88.53
Ochiltree County,Texas,TX,48357,3010,2723,269,4,90.47,8.94,0.13,Trump,Trump,Trump,2454,81.53,18.47
Oldham County,Texas,TX,48359,974,895,74,1,91.89,7.6,0.1,Trump,Trump,Trump,821,84.29,15.71
Orange County,Texas,TX,48361,36338,30191,5945,64,83.08,16.36,0.18,Trump,Trump,Trump,24246,66.72,33.28
Palo Pinto County,Texas,TX,48363,13336,11093,2143,43,83.17999999999999,16.07,0.32,Trump,Trump,Trump,8950,67.11,32.89
Panola County,Texas,TX,48365,11439,9500,1905,9,83.05,16.650000000000002,0.08,Trump,Trump,Trump,7595,66.4,33.6
Parker County,Texas,TX,48367,90840,75168,14872,228,82.75,16.37,0.25,Trump,Trump,Trump,60296,66.38,33.62
Parmer County,Texas,TX,48369,2504,2123,368,4,84.78,14.7,0.16,Trump,Trump,Trump,1755,70.08,29.92
Pecos County,Texas,TX,48371,4233,3042,1144,23,71.86,27.029999999999998,0.54,Trump,Trump,Trump,1898,44.83,55.17
Polk County,Texas,TX,48373,24292,19216,4910,59,79.10000000000001,20.21,0.24,Trump,Trump,Trump,14306,58.89,41.11
Potter County,Texas,TX,48375,32121,23007,8748,126,71.63000000000001,27.229999999999997,0.38999999999999996,Trump,Trump,Trump,14259,44.4,55.6
Presidio County,Texas,TX,48377,1994,686,1289,10,34.4,64.64,0.5,Harris,Biden,Clinton,603,30.24,69.76
Rains County,Texas,TX,48379,6556,5649,869,13,86.17,13.26,0.2,Trump,Trump,Trump,4780,72.91,27.09
Randall County,Texas,TX,48381,66901,53314,12935,202,79.69000000000001,19.33,0.3,Trump,Trump,Trump,40379,60.36,39.64
Reagan County,Texas,TX,48383,949,800,141,6,84.3,14.860000000000001,0.63,Trump,Trump,Trump,659,69.44,30.56
Real County,Texas,TX,48385,1958,1625,315,6,82.99,16.09,0.31,Trump,Trump,Trump,1310,66.9,33.1
Red River County,Texas,TX,48387,5796,4682,1103,4,80.78,19.03,0.06999999999999999,Trump,Trump,Trump,3579,61.75,38.25
Reeves County,Texas,TX,48389,3439,2340,1070,7,68.04,31.11,0.2,Trump,Trump,Clinton,1270,36.93,63.07
Refugio County,Texas,TX,48391,3075,2134,919,7,69.39999999999999,29.89,0.22999999999999998,Trump,Trump,Trump,1215,39.51,60.49
Roberts County,Texas,TX,48393,572,547,20,0,95.63000000000001,3.5000000000000004,0.0,Trump,Trump,Trump,527,92.13,7.87
Robertson County,Texas,TX,48395,8158,6177,1926,13,75.72,23.61,0.16,Trump,Trump,Trump,4251,52.11,47.89
Rockwall County,Texas,TX,48397,62269,43542,18092,243,69.93,29.049999999999997,0.38999999999999996,Trump,Trump,Trump,25450,40.88,59.12
Runnels County,Texas,TX,48399,4056,3580,452,9,88.26,11.14,0.22,Trump,Trump,Trump,3128,77.12,22.88
Rusk County,Texas,TX,48401,21706,17234,4337,50,79.4,19.98,0.22999999999999998,Trump,Trump,Trump,12897,59.42,40.58
Sabine County,Texas,TX,48403,5581,4972,590,7,89.09,10.57,0.13,Trump,Trump,Trump,4382,78.52,21.48
San Augustine County,Texas,TX,48405,3747,2917,809,4,77.85,21.59,0.11,Trump,Trump,Trump,2108,56.26,43.74
San Jacinto County,Texas,TX,48407,12789,10524,2175,41,82.28999999999999,17.01,0.32,Trump,Trump,Trump,8349,65.28,34.72
San Patricio County,Texas,TX,48409,25579,17337,8025,79,67.78,31.369999999999997,0.31,Trump,Trump,Trump,9312,36.41,63.59
San Saba County,Texas,TX,48411,2709,2412,276,3,89.03999999999999,10.190000000000001,0.11,Trump,Trump,Trump,2136,78.85,21.15
Schleicher County,Texas,TX,48413,1108,906,192,3,81.77,17.330000000000002,0.27,Trump,Trump,Trump,714,64.44,35.56
Scurry County,Texas,TX,48415,5721,4945,734,14,86.44,12.83,0.24,Trump,Trump,Trump,4211,73.61,26.39
Shackelford County,Texas,TX,48417,1728,1565,146,4,90.57,8.450000000000001,0.22999999999999998,Trump,Trump,Trump,1419,82.12,17.88
Shelby County,Texas,TX,48419,9948,8164,1741,16,82.07,17.5,0.16,Trump,Trump,Trump,6423,64.57,35.43
Sherman County,Texas,TX,48421,873,817,48,2,93.58999999999999,5.5,0.22999999999999998,Trump,Trump,Trump,769,88.09,11.91
Smith County,Texas,TX,48423,103879,74862,28041,353,72.07000000000001,26.99,0.33999999999999997,Trump,Trump,Trump,46821,45.08,54.92
Somervell County,Texas,TX,48425,5294,4493,751,13,84.87,14.19,0.25,Trump,Trump,Trump,3742,70.68,29.32
Starr County,Texas,TX,48427,16421,9487,6862,34,57.769999999999996,41.79,0.21,Trump,Biden,Clinton,2625,15.98,84.02
Stephens County,Texas,TX,48429,3761,3368,384,4,89.55,10.209999999999999,0.11,Trump,Trump,Trump,2984,79.34,20.66
Sterling County,Texas,TX,48431,629,583,43,2,92.69,6.84,0.32,Trump,Trump,Trump,540,85.85,14.15
Stonewall County,Texas,TX,48433,716,604,110,1,84.36,15.36,0.13999999999999999,Trump,Trump,Trump,494,69.0,31.0
Sutton County,Texas,TX,48435,1400,1167,228,2,83.36,16.29,0.13999999999999999,Trump,Trump,Trump,939,67.07,32.93
Swisher County,Texas,TX,48437,2265,1840,403,9,81.24,17.79,0.4,Trump,Trump,Trump,1437,63.45,36.55
Tarrant County,Texas,TX,48439,823312,426626,384501,6019,51.82,46.7,0.73,Trump,Biden,Trump,42125,5.12,94.88
Taylor County,Texas,TX,48441,55417,41198,13624,193,74.33999999999999,24.58,0.35000000000000003,Trump,Trump,Trump,27574,49.76,50.24
Terrell County,Texas,TX,48443,405,314,91,0,77.53,22.470000000000002,0.0,Trump,Trump,Trump,223,55.06,44.94
Terry County,Texas,TX,48445,3420,2815,587,4,82.31,17.16,0.12,Trump,Trump,Trump,2228,65.15,34.85
Throckmorton County,Texas,TX,48447,900,823,73,2,91.44,8.110000000000001,0.22,Trump,Trump,Trump,750,83.33,16.67
Titus County,Texas,TX,48449,10214,7861,2275,24,76.96,22.27,0.22999999999999998,Trump,Trump,Trump,5586,54.69,45.31
Tom Green County,Texas,TX,48451,45460,33399,11585,146,73.47,25.480000000000004,0.32,Trump,Trump,Trump,21814,47.99,52.01
Travis County,Texas,TX,48453,581276,170787,398981,5886,29.38,68.64,1.01,Harris,Biden,Clinton,228194,39.26,60.74
Trinity County,Texas,TX,48455,7374,6136,1195,17,83.21,16.21,0.22999999999999998,Trump,Trump,Trump,4941,67.0,33.0
Tyler County,Texas,TX,48457,9578,8286,1249,14,86.50999999999999,13.04,0.15,Trump,Trump,Trump,7037,73.47,26.53
Upshur County,Texas,TX,48459,19887,16939,2820,45,85.18,14.180000000000001,0.22999999999999998,Trump,Trump,Trump,14119,71.0,29.0
Upton County,Texas,TX,48461,1303,1149,146,5,88.18,11.200000000000001,0.38,Trump,Trump,Trump,1003,76.98,23.02
Uvalde County,Texas,TX,48463,9772,6482,3218,32,66.33,32.93,0.33,Trump,Trump,Trump,3264,33.4,66.6
Val Verde County,Texas,TX,48465,14588,9162,5282,61,62.81,36.21,0.42,Trump,Trump,Clinton,3880,26.6,73.4
Van Zandt County,Texas,TX,48467,27950,24351,3450,36,87.12,12.34,0.13,Trump,Trump,Trump,20901,74.78,25.22
Victoria County,Texas,TX,48469,35315,25010,9998,95,70.82000000000001,28.310000000000002,0.27,Trump,Trump,Trump,15012,42.51,57.49
Walker County,Texas,TX,48471,25175,17515,7461,77,69.57,29.64,0.31,Trump,Trump,Trump,10054,39.93,60.07
Waller County,Texas,TX,48473,27561,17077,10183,152,61.96,36.95,0.5499999999999999,Trump,Trump,Trump,6894,25.01,74.99
Ward County,Texas,TX,48475,3765,3115,627,6,82.74000000000001,16.650000000000002,0.16,Trump,Trump,Trump,2488,66.09,33.91
Washington County,Texas,TX,48477,18217,14020,4058,31,76.96,22.28,0.16999999999999998,Trump,Trump,Trump,9962,54.68,45.32
Webb County,Texas,TX,48479,65865,33384,31952,283,50.690000000000005,48.51,0.43,Trump,Biden,Clinton,1432,2.18,97.82
Wharton County,Texas,TX,48481,16453,12439,3910,40,75.6,23.76,0.24,Trump,Trump,Trump,8529,51.84,48.16
Wheeler County,Texas,TX,48483,2274,2093,169,2,92.04,7.430000000000001,0.09,Trump,Trump,Trump,1924,84.61,15.39
Wichita County,Texas,TX,48485,44530,31818,12237,147,71.45,27.48,0.33,Trump,Trump,Trump,19581,43.97,56.03
Wilbarger County,Texas,TX,48487,4467,3566,860,9,79.83,19.25,0.2,Trump,Trump,Trump,2706,60.58,39.42
Willacy County,Texas,TX,48489,5563,2856,2673,16,51.339999999999996,48.05,0.29,Trump,Biden,Clinton,183,3.29,96.71
Williamson County,Texas,TX,48491,308469,155310,147766,2541,50.349999999999994,47.9,0.8200000000000001,Trump,Biden,Trump,7544,2.45,97.55
Wilson County,Texas,TX,48493,27275,20894,6247,49,76.6,22.900000000000002,0.18,Trump,Trump,Trump,14647,53.7,46.3
Winkler County,Texas,TX,48495,1933,1646,283,0,85.15,14.64,0.0,Trump,Trump,Trump,1363,70.51,29.49
Wise County,Texas,TX,48497,38243,32385,5605,73,84.68,14.66,0.19,Trump,Trump,Trump,26780,70.02,29.98
Wood County,Texas,TX,48499,24386,20621,3618,42,84.56,14.84,0.16999999999999998,Trump,Trump,Trump,17003,69.72,30.28
Yoakum County,Texas,TX,48501,2393,2039,342,5,85.21,14.29,0.21,Trump,Trump,Trump,1697,70.92,29.08
Young County,Texas,TX,48503,8314,7298,962,19,87.78,11.57,0.22999999999999998,Trump,Trump,Trump,6336,76.21,23.79
Zapata County,Texas,TX,48505,4871,2970,1877,9,60.97,38.53,0.18,Trump,Trump,Clinton,1093,22.44,77.56
Zavala County,Texas,TX,48507,3492,1482,1984,6,42.44,56.82000000000001,0.16999999999999998,Harris,Biden,Clinton,502,14.38,85.62
Beaver County,Utah,UT,49001,3212,2781,394,8,86.58,12.27,0.25,Trump,Trump,Trump,2387,74.31,25.69
Box Elder County,Utah,UT,49003,29256,22853,5274,119,78.11,18.029999999999998,0.41000000000000003,Trump,Trump,Trump,17579,60.08,39.92
Cache County,Utah,UT,49005,61018,39457,18718,343,64.66,30.680000000000003,0.5599999999999999,Trump,Trump,Trump,20739,33.98,66.02
Carbon County,Utah,UT,49007,9528,6719,2525,38,70.52000000000001,26.5,0.4,Trump,Trump,Trump,4194,44.02,55.98
Daggett County,Utah,UT,49009,556,443,101,2,79.67999999999999,18.17,0.36,Trump,Trump,Trump,342,61.51,38.49
Davis County,Utah,UT,49011,168823,101293,59895,890,60.0,35.480000000000004,0.53,Trump,Trump,Trump,41398,24.52,75.48
Duchesne County,Utah,UT,49013,9008,7815,1009,16,86.76,11.200000000000001,0.18,Trump,Trump,Trump,6806,75.56,24.44
Emery County,Utah,UT,49015,5051,4341,603,8,85.94000000000001,11.940000000000001,0.16,Trump,Trump,Trump,3738,74.0,26.0
Garfield County,Utah,UT,49017,2840,2211,541,17,77.85,19.05,0.6,Trump,Trump,Trump,1670,58.8,41.2
Grand County,Utah,UT,49019,5346,2327,2828,49,43.53,52.900000000000006,0.9199999999999999,Harris,Biden,Trump,501,9.37,90.63
Iron County,Utah,UT,49021,28169,21571,5683,87,76.58,20.169999999999998,0.31,Trump,Trump,Trump,15888,56.41,43.59
Juab County,Utah,UT,49023,6556,5671,734,10,86.5,11.200000000000001,0.15,Trump,Trump,Trump,4937,75.3,24.7
Kane County,Utah,UT,49025,4532,3277,1137,11,72.31,25.09,0.24,Trump,Trump,Trump,2140,47.22,52.78
Millard County,Utah,UT,49027,6436,5558,713,8,86.36,11.08,0.12,Trump,Trump,Trump,4845,75.28,24.72
Morgan County,Utah,UT,49029,6815,5300,1256,22,77.77,18.43,0.32,Trump,Trump,Trump,4044,59.34,40.66
Piute County,Utah,UT,49031,971,854,94,4,87.94999999999999,9.68,0.41000000000000003,Trump,Trump,Trump,760,78.27,21.73
Rich County,Utah,UT,49033,1458,1211,214,3,83.06,14.680000000000001,0.21,Trump,Trump,Trump,997,68.38,31.62
Salt Lake County,Utah,UT,49035,521788,221555,273658,3581,42.46,52.449999999999996,0.69,Harris,Biden,Clinton,52103,9.99,90.01
San Juan County,Utah,UT,49037,6380,3613,2581,14,56.63,40.45,0.22,Trump,Trump,Trump,1032,16.18,83.82
Sanpete County,Utah,UT,49039,13050,10653,1906,35,81.63,14.610000000000001,0.27,Trump,Trump,Trump,8747,67.02,32.98
Sevier County,Utah,UT,49041,11007,9526,1236,27,86.53999999999999,11.23,0.25,Trump,Trump,Trump,8290,75.31,24.69
Summit County,Utah,UT,49043,26134,10783,14612,121,41.260000000000005,55.910000000000004,0.45999999999999996,Harris,Biden,Clinton,3829,14.65,85.35
Tooele County,Utah,UT,49045,34292,23484,9560,168,68.47999999999999,27.88,0.49,Trump,Trump,Trump,13924,40.6,59.4
Uintah County,Utah,UT,49047,15939,13599,1952,33,85.32,12.25,0.21,Trump,Trump,Trump,11647,73.07,26.93
Utah County,Utah,UT,49049,301853,203476,84937,1582,67.41,28.139999999999997,0.52,Trump,Trump,Trump,118539,39.27,60.73
Wasatch County,Utah,UT,49051,18617,11495,6459,83,61.739999999999995,34.69,0.44999999999999996,Trump,Trump,Trump,5036,27.05,72.95
Washington County,Utah,UT,49053,98041,73165,22327,294,74.63,22.770000000000003,0.3,Trump,Trump,Trump,50838,51.86,48.14
Wayne County,Utah,UT,49055,1665,1238,381,5,74.35000000000001,22.88,0.3,Trump,Trump,Trump,857,51.47,48.53
Weber County,Utah,UT,49057,113117,67549,41238,644,59.72,36.46,0.5700000000000001,Trump,Trump,Trump,26311,23.26,76.74
Addison County,Vermont,VT,50001,22607,6841,14879,0,30.259999999999998,65.82000000000001,0.0,Harris,Biden,Clinton,8038,35.56,64.44
Bennington County,Vermont,VT,50003,20710,7697,12326,0,37.169999999999995,59.519999999999996,0.0,Harris,Biden,Clinton,4629,22.35,77.65
Caledonia County,Vermont,VT,50005,16633,6927,8977,0,41.65,53.97,0.0,Harris,Biden,Clinton,2050,12.32,87.68
Chittenden County,Vermont,VT,50007,97329,20937,72656,0,21.51,74.65,0.0,Harris,Biden,Clinton,51719,53.14,46.86
Essex County,Vermont,VT,50009,3425,1890,1344,0,55.17999999999999,39.24,0.0,Trump,Trump,Trump,546,15.94,84.06
Franklin County,Vermont,VT,50011,26743,12490,13280,0,46.7,49.66,0.0,Harris,Biden,Clinton,790,2.96,97.04
Grand Isle County,Vermont,VT,50013,5001,1893,2940,0,37.85,58.79,0.0,Harris,Biden,Clinton,1047,20.94,79.06
Lamoille County,Vermont,VT,50015,14844,4505,9788,0,30.349999999999998,65.94,0.0,Harris,Biden,Clinton,5283,35.59,64.41
Orange County,Vermont,VT,50017,17672,6683,10220,0,37.82,57.830000000000005,0.0,Harris,Biden,Clinton,3537,20.01,79.99
Orleans County,Vermont,VT,50019,14765,7233,7006,0,48.99,47.449999999999996,0.0,Trump,Biden,Clinton,227,1.54,98.46
Rutland County,Vermont,VT,50021,34102,15586,17375,0,45.7,50.949999999999996,0.0,Harris,Biden,Clinton,1789,5.25,94.75
Washington County,Vermont,VT,50023,35369,9327,24527,0,26.369999999999997,69.35,0.0,Harris,Biden,Clinton,15200,42.98,57.02
Windham County,Vermont,VT,50025,25933,6928,17904,0,26.71,69.04,0.0,Harris,Biden,Clinton,10976,42.33,57.67
Windsor County,Vermont,VT,50027,34289,10458,22569,0,30.5,65.82000000000001,0.0,Harris,Biden,Clinton,12111,35.32,64.68
Accomack County,Virginia,VA,51001,17144,9659,7374,36,56.34,43.01,0.21,Trump,Trump,Trump,2285,13.33,86.67
Albemarle County,Virginia,VA,51003,66740,21513,44279,366,32.23,66.35,0.5499999999999999,Harris,Biden,Clinton,22766,34.12,65.88
Alleghany County,Virginia,VA,51005,8277,6093,2114,27,73.61,25.540000000000003,0.33,Trump,Trump,Trump,3979,48.07,51.93
Amelia County,Virginia,VA,51007,8032,5776,2214,19,71.91,27.560000000000002,0.24,Trump,Trump,Trump,3562,44.35,55.65
Amherst County,Virginia,VA,51009,17303,11742,5429,26,67.86,31.380000000000003,0.15,Trump,Trump,Trump,6313,36.48,63.52
Appomattox County,Virginia,VA,51011,9642,7243,2324,13,75.12,24.099999999999998,0.13,Trump,Trump,Trump,4919,51.02,48.98
Arlington County,Virginia,VA,51013,128362,25223,100446,1354,19.650000000000002,78.25,1.05,Harris,Biden,Clinton,75223,58.6,41.4
Augusta County,Virginia,VA,51015,44223,32429,11403,97,73.33,25.790000000000003,0.22,Trump,Trump,Trump,21026,47.54,52.46
Bath County,Virginia,VA,51017,2582,1976,588,6,76.53,22.770000000000003,0.22999999999999998,Trump,Trump,Trump,1388,53.76,46.24
Bedford County,Virginia,VA,51019,50830,38017,12414,115,74.79,24.42,0.22999999999999998,Trump,Trump,Trump,25603,50.37,49.63
Bland County,Virginia,VA,51021,3548,2998,524,4,84.5,14.77,0.11,Trump,Trump,Trump,2474,69.73,30.27
Botetourt County,Virginia,VA,51023,21893,15796,5915,49,72.15,27.02,0.22,Trump,Trump,Trump,9881,45.13,54.87
Brunswick County,Virginia,VA,51025,7738,3523,4184,9,45.53,54.06999999999999,0.12,Harris,Biden,Clinton,661,8.54,91.46
Buchanan County,Virginia,VA,51027,9327,7939,1355,8,85.11999999999999,14.530000000000001,0.09,Trump,Trump,Trump,6584,70.59,29.41
Buckingham County,Virginia,VA,51029,7915,4847,2988,29,61.24000000000001,37.75,0.37,Trump,Trump,Trump,1859,23.49,76.51
Campbell County,Virginia,VA,51031,31171,23032,7890,69,73.89,25.31,0.22,Trump,Trump,Trump,15142,48.58,51.42
Caroline County,Virginia,VA,51033,17653,9511,7957,57,53.879999999999995,45.07,0.32,Trump,Trump,Trump,1554,8.81,91.19
Carroll County,Virginia,VA,51035,16160,13152,2925,28,81.39,18.099999999999998,0.16999999999999998,Trump,Trump,Trump,10227,63.29,36.71
Charles City County,Virginia,VA,51036,4341,1917,2384,15,44.16,54.92,0.35000000000000003,Harris,Biden,Clinton,467,10.76,89.24
Charlotte County,Virginia,VA,51037,6006,3963,2008,12,65.98,33.43,0.2,Trump,Trump,Trump,1955,32.55,67.45
Chesterfield County,Virginia,VA,51041,209730,94030,112869,1062,44.83,53.82,0.51,Harris,Biden,Trump,18839,8.99,91.01
Clarke County,Virginia,VA,51043,9782,5641,3993,43,57.67,40.82,0.44,Trump,Trump,Trump,1648,16.85,83.15
Craig County,Virginia,VA,51045,3121,2562,542,4,82.09,17.37,0.13,Trump,Trump,Trump,2020,64.72,35.28
Culpeper County,Virginia,VA,51047,28553,17685,10557,121,61.94,36.97,0.42,Trump,Trump,Trump,7128,24.97,75.03
Cumberland County,Virginia,VA,51049,5486,3335,2117,12,60.79,38.59,0.22,Trump,Trump,Trump,1218,22.2,77.8
Dickenson County,Virginia,VA,51051,7047,5701,1316,3,80.9,18.67,0.04,Trump,Trump,Trump,4385,62.23,37.77
Dinwiddie County,Virginia,VA,51053,15589,9549,5942,13,61.25000000000001,38.12,0.08,Trump,Trump,Trump,3607,23.13,76.87
Essex County,Virginia,VA,51057,6064,3245,2775,6,53.510000000000005,45.76,0.1,Trump,Trump,Trump,470,7.75,92.25
Fairfax County,Virginia,VA,51059,584387,181895,386438,10662,31.130000000000003,66.13,1.82,Harris,Biden,Clinton,204543,35.0,65.0
Fauquier County,Virginia,VA,51061,44537,26825,17180,195,60.23,38.57,0.44,Trump,Trump,Trump,9645,21.66,78.34
Floyd County,Virginia,VA,51063,9625,6551,2968,53,68.06,30.84,0.5499999999999999,Trump,Trump,Trump,3583,37.22,62.78
Fluvanna County,Virginia,VA,51065,16678,8777,7731,62,52.629999999999995,46.35,0.37,Trump,Trump,Trump,1046,6.28,93.72
Franklin County,Virginia,VA,51067,30912,22319,8321,80,72.2,26.919999999999998,0.26,Trump,Trump,Trump,13998,45.28,54.72
Frederick County,Virginia,VA,51069,52040,33117,18331,205,63.63999999999999,35.22,0.38999999999999996,Trump,Trump,Trump,14786,28.42,71.58
Giles County,Virginia,VA,51071,9234,7102,2069,11,76.91,22.41,0.12,Trump,Trump,Trump,5033,54.5,45.5
Gloucester County,Virginia,VA,51073,23149,15918,7034,58,68.76,30.39,0.25,Trump,Trump,Trump,8884,38.37,61.63
Goochland County,Virginia,VA,51075,19616,11521,7875,62,58.730000000000004,40.150000000000006,0.32,Trump,Trump,Trump,3646,18.58,81.42
Grayson County,Virginia,VA,51077,8104,6544,1503,21,80.75,18.55,0.26,Trump,Trump,Trump,5041,62.2,37.8
Greene County,Virginia,VA,51079,12038,7432,4456,39,61.739999999999995,37.019999999999996,0.32,Trump,Trump,Trump,2976,24.72,75.28
Greensville County,Virginia,VA,51081,4296,1936,2334,11,45.07,54.33,0.26,Harris,Biden,Clinton,398,9.26,90.74
Halifax County,Virginia,VA,51083,17844,10741,6984,30,60.19,39.14,0.16999999999999998,Trump,Trump,Trump,3757,21.05,78.95
Hanover County,Virginia,VA,51085,73087,45569,26733,268,62.35000000000001,36.58,0.37,Trump,Trump,Trump,18836,25.77,74.23
Henrico County,Virginia,VA,51087,180642,62882,115040,1165,34.81,63.68000000000001,0.64,Harris,Biden,Clinton,52158,28.87,71.13
Henry County,Virginia,VA,51089,25413,16800,8457,48,66.11,33.28,0.19,Trump,Trump,Trump,8343,32.83,67.17
Highland County,Virginia,VA,51091,1529,1095,416,6,71.61999999999999,27.21,0.38999999999999996,Trump,Trump,Trump,679,44.41,55.59
Isle of Wight County,Virginia,VA,51093,24672,14659,9779,59,59.419999999999995,39.64,0.24,Trump,Trump,Trump,4880,19.78,80.22
James City County,Virginia,VA,51095,50892,23575,26742,159,46.32,52.55,0.31,Harris,Biden,Trump,3167,6.23,93.77
King and Queen County,Virginia,VA,51097,4173,2608,1536,11,62.5,36.809999999999995,0.26,Trump,Trump,Trump,1072,25.69,74.31
King George County,Virginia,VA,51099,15362,9500,5657,58,61.839999999999996,36.82,0.38,Trump,Trump,Trump,3843,25.02,74.98
King William County,Virginia,VA,51101,11561,8080,3388,24,69.89,29.310000000000002,0.21,Trump,Trump,Trump,4692,40.58,59.42
Lancaster County,Virginia,VA,51103,7279,3866,3355,14,53.11,46.089999999999996,0.19,Trump,Trump,Trump,511,7.02,92.98
Lee County,Virginia,VA,51105,10108,8674,1391,16,85.81,13.76,0.16,Trump,Trump,Trump,7283,72.05,27.95
Loudoun County,Virginia,VA,51107,228208,92107,129280,4701,40.36,56.65,2.06,Harris,Biden,Clinton,37173,16.29,83.71
Louisa County,Virginia,VA,51109,24067,15084,8779,46,62.68,36.480000000000004,0.19,Trump,Trump,Trump,6305,26.2,73.8
Lunenburg County,Virginia,VA,51111,5879,3594,2253,6,61.129999999999995,38.32,0.1,Trump,Trump,Trump,1341,22.81,77.19
Madison County,Virginia,VA,51113,8439,5671,2700,15,67.2,31.990000000000002,0.18,Trump,Trump,Trump,2971,35.21,64.79
Mathews County,Virginia,VA,51115,5929,4106,1774,13,69.25,29.92,0.22,Trump,Trump,Trump,2332,39.33,60.67
Mecklenburg County,Virginia,VA,51117,16266,9791,6404,15,60.19,39.37,0.09,Trump,Trump,Trump,3387,20.82,79.18
Middlesex County,Virginia,VA,51119,6882,4357,2473,14,63.31,35.93,0.2,Trump,Trump,Trump,1884,27.38,72.62
Montgomery County,Virginia,VA,51121,46767,22179,23811,342,47.42,50.91,0.73,Harris,Biden,Clinton,1632,3.49,96.51
Nelson County,Virginia,VA,51125,9388,5004,4298,28,53.300000000000004,45.78,0.3,Trump,Trump,Trump,706,7.52,92.48
New Kent County,Virginia,VA,51127,16744,10974,5641,30,65.53999999999999,33.69,0.18,Trump,Trump,Trump,5333,31.85,68.15
Northampton County,Virginia,VA,51131,6832,3183,3603,7,46.589999999999996,52.739999999999995,0.1,Harris,Biden,Clinton,420,6.15,93.85
Northumberland County,Virginia,VA,51133,8205,4938,3202,21,60.18,39.019999999999996,0.26,Trump,Trump,Trump,1736,21.16,78.84
Nottoway County,Virginia,VA,51135,6853,4168,2636,13,60.81999999999999,38.46,0.19,Trump,Trump,Trump,1532,22.36,77.64
Orange County,Virginia,VA,51137,22247,13764,8274,55,61.870000000000005,37.19,0.25,Trump,Trump,Trump,5490,24.68,75.32
Page County,Virginia,VA,51139,13211,10123,2976,40,76.63,22.53,0.3,Trump,Trump,Trump,7147,54.1,45.9
Patrick County,Virginia,VA,51141,9698,7746,1886,21,79.86999999999999,19.45,0.22,Trump,Trump,Trump,5860,60.42,39.58
Pittsylvania County,Virginia,VA,51143,34100,24310,9599,57,71.28999999999999,28.15,0.16999999999999998,Trump,Trump,Trump,14711,43.14,56.86
Powhatan County,Virginia,VA,51145,20841,14918,5734,43,71.58,27.51,0.21,Trump,Trump,Trump,9184,44.07,55.93
Prince Edward County,Virginia,VA,51147,9424,4782,4539,33,50.739999999999995,48.16,0.35000000000000003,Trump,Biden,Clinton,243,2.58,97.42
Prince George County,Virginia,VA,51149,17596,10590,6842,49,60.18,38.879999999999995,0.27999999999999997,Trump,Trump,Trump,3748,21.3,78.7
Prince William County,Virginia,VA,51153,227591,90203,131128,4148,39.629999999999995,57.620000000000005,1.82,Harris,Biden,Clinton,40925,17.99,82.01
Pulaski County,Virginia,VA,51155,17690,12732,4830,28,71.97,27.3,0.16,Trump,Trump,Trump,7902,44.67,55.33
Rappahannock County,Virginia,VA,51157,5038,2943,2041,12,58.42,40.510000000000005,0.24,Trump,Trump,Trump,902,17.91,82.09
Richmond County,Virginia,VA,51159,4161,2697,1439,10,64.82,34.58,0.24,Trump,Trump,Clinton,1258,30.24,69.76
Roanoke County,Virginia,VA,51161,56789,34453,21693,210,60.67,38.2,0.37,Trump,Trump,Trump,12760,22.47,77.53
Rockbridge County,Virginia,VA,51163,12752,8468,4160,33,66.41,32.62,0.26,Trump,Trump,Trump,4308,33.79,66.21
Rockingham County,Virginia,VA,51165,48581,33033,15035,165,68.0,30.95,0.33999999999999997,Trump,Trump,Trump,17998,37.05,62.95
Russell County,Virginia,VA,51167,13525,11303,2172,10,83.57,16.06,0.06999999999999999,Trump,Trump,Trump,9131,67.51,32.49
Scott County,Virginia,VA,51169,11057,9392,1607,20,84.94,14.530000000000001,0.18,Trump,Trump,Trump,7785,70.41,29.59
Shenandoah County,Virginia,VA,51171,24380,17215,6914,70,70.61,28.360000000000003,0.29,Trump,Trump,Trump,10301,42.25,57.75
Smyth County,Virginia,VA,51173,14420,11521,2805,27,79.9,19.45,0.19,Trump,Trump,Trump,8716,60.45,39.55
Southampton County,Virginia,VA,51175,9831,6133,3626,15,62.38,36.88,0.15,Trump,Trump,Trump,2507,25.5,74.5
Spotsylvania County,Virginia,VA,51177,79209,42531,35747,372,53.690000000000005,45.129999999999995,0.47000000000000003,Trump,Trump,Trump,6784,8.56,91.44
Stafford County,Virginia,VA,51179,83123,40590,41252,570,48.83,49.63,0.69,Harris,Biden,Trump,662,0.8,99.2
Surry County,Virginia,VA,51181,4429,2205,2176,15,49.79,49.13,0.33999999999999997,Trump,Biden,Clinton,29,0.66,99.34
Sussex County,Virginia,VA,51183,4892,2322,2539,11,47.47,51.9,0.22,Harris,Biden,Clinton,217,4.43,95.57
Tazewell County,Virginia,VA,51185,19858,16711,3030,35,84.15,15.260000000000002,0.18,Trump,Trump,Trump,13681,68.89,31.11
Warren County,Virginia,VA,51187,22561,15400,6910,96,68.26,30.630000000000003,0.43,Trump,Trump,Trump,8490,37.63,62.37
Washington County,Virginia,VA,51191,29412,22455,6772,45,76.35,23.02,0.15,Trump,Trump,Trump,15683,53.33,46.67
Westmoreland County,Virginia,VA,51193,10581,6003,4491,26,56.730000000000004,42.44,0.25,Trump,Trump,Trump,1512,14.29,85.71
Wise County,Virginia,VA,51195,16776,13655,3036,34,81.39999999999999,18.099999999999998,0.2,Trump,Trump,Trump,10619,63.3,36.7
Wythe County,Virginia,VA,51197,15439,12267,3075,27,79.45,19.919999999999998,0.16999999999999998,Trump,Trump,Trump,9192,59.53,40.47
York County,Virginia,VA,51199,39540,20722,18296,163,52.410000000000004,46.27,0.41000000000000003,Trump,Trump,Trump,2426,6.14,93.86
Alexandria city,Virginia,VA,51510,80062,16112,62326,825,20.119999999999997,77.85,1.03,Harris,Unknown,Unknown,46214,57.73,42.27
Bristol city,Virginia,VA,51520,7479,5197,2231,16,69.49,29.830000000000002,0.21,Trump,Unknown,Unknown,2966,39.66,60.34
Buena Vista city,Virginia,VA,51530,2853,2035,767,10,71.33,26.88,0.35000000000000003,Trump,Unknown,Unknown,1268,44.45,55.55
Charlottesville city,Virginia,VA,51540,23303,3428,19435,207,14.71,83.39999999999999,0.89,Harris,Unknown,Unknown,16007,68.69,31.31
Chesapeake city,Virginia,VA,51550,127493,60550,65399,484,47.49,51.300000000000004,0.38,Harris,Unknown,Unknown,4849,3.81,96.19
Colonial Heights city,Virginia,VA,51570,8941,5883,2982,25,65.8,33.35,0.27999999999999997,Trump,Unknown,Unknown,2901,32.45,67.55
Covington city,Virginia,VA,51580,2475,1642,818,4,66.34,33.050000000000004,0.16,Trump,Unknown,Unknown,824,33.29,66.71
Danville city,Virginia,VA,51590,17667,6894,10615,44,39.019999999999996,60.08,0.25,Harris,Unknown,Unknown,3721,21.06,78.94
Emporia city,Virginia,VA,51595,2178,744,1419,6,34.160000000000004,65.14999999999999,0.27999999999999997,Harris,Unknown,Unknown,675,30.99,69.01
Fairfax city,Virginia,VA,51600,13445,4302,8797,198,32.0,65.42999999999999,1.47,Harris,Unknown,Unknown,4495,33.43,66.57
Falls Church city,Virginia,VA,51610,8969,1620,7200,68,18.060000000000002,80.28,0.76,Harris,Unknown,Unknown,5580,62.22,37.78
Franklin city,Virginia,VA,51620,3876,1476,2359,17,38.080000000000005,60.86,0.44,Harris,Unknown,Unknown,883,22.78,77.22
Fredericksburg city,Virginia,VA,51630,13495,4480,8760,94,33.2,64.91,0.7000000000000001,Harris,Unknown,Unknown,4280,31.71,68.29
Galax city,Virginia,VA,51640,2717,1946,753,4,71.61999999999999,27.71,0.15,Trump,Unknown,Unknown,1193,43.91,56.09
Hampton city,Virginia,VA,51650,62632,18383,43357,236,29.349999999999998,69.22,0.38,Harris,Unknown,Unknown,24974,39.87,60.13
Harrisonburg city,Virginia,VA,51660,17245,6266,10641,143,36.34,61.7,0.83,Harris,Unknown,Unknown,4375,25.36,74.64
Hopewell city,Virginia,VA,51670,9006,3838,5078,36,42.620000000000005,56.379999999999995,0.4,Harris,Unknown,Unknown,1240,13.76,86.24
Lexington city,Virginia,VA,51678,2863,1030,1795,14,35.980000000000004,62.7,0.49,Harris,Unknown,Unknown,765,26.72,73.28
Lynchburg city,Virginia,VA,51680,36715,19574,16664,118,53.31,45.39,0.32,Trump,Unknown,Unknown,2910,7.92,92.08
Manassas city,Virginia,VA,51683,16021,6670,9048,164,41.63,56.48,1.02,Harris,Unknown,Unknown,2378,14.85,85.15
Manassas Park city,Virginia,VA,51685,5967,2314,3506,80,38.78,58.76,1.34,Harris,Unknown,Unknown,1192,19.98,80.02
Martinsville city,Virginia,VA,51690,5658,2155,3435,14,38.09,60.709999999999994,0.25,Harris,Unknown,Unknown,1280,22.62,77.38
Newport News city,Virginia,VA,51700,75629,26385,48169,340,34.89,63.690000000000005,0.44999999999999996,Harris,Unknown,Unknown,21784,28.8,71.2
Norfolk city,Virginia,VA,51710,85643,24377,59941,421,28.46,69.99,0.49,Harris,Unknown,Unknown,35564,41.53,58.47
Norton city,Virginia,VA,51720,1643,1174,458,4,71.45,27.88,0.24,Trump,Unknown,Unknown,716,43.57,56.43
Petersburg city,Virginia,VA,51730,13077,1702,11219,44,13.020000000000001,85.79,0.33999999999999997,Harris,Unknown,Unknown,9517,72.77,27.23
Poquoson city,Virginia,VA,51735,8024,5800,2119,21,72.28,26.41,0.26,Trump,Unknown,Unknown,3681,45.87,54.13
Portsmouth city,Virginia,VA,51740,41252,12370,28306,149,29.99,68.62,0.36,Harris,Unknown,Unknown,15936,38.63,61.37
Radford city,Virginia,VA,51750,6550,3197,3231,52,48.809999999999995,49.33,0.79,Harris,Unknown,Unknown,34,0.52,99.48
Richmond city,Virginia,VA,51760,108143,17041,88710,915,15.76,82.03,0.8500000000000001,Harris,Unknown,Unknown,71669,66.27,33.73
Roanoke city,Virginia,VA,51770,42128,15787,25737,201,37.47,61.09,0.48,Harris,Unknown,Unknown,9950,23.62,76.38
Salem city,Virginia,VA,51775,13148,7769,5237,38,59.089999999999996,39.83,0.29,Trump,Unknown,Unknown,2532,19.26,80.74
Staunton city,Virginia,VA,51790,13562,5778,7592,74,42.6,55.98,0.5499999999999999,Harris,Unknown,Unknown,1814,13.38,86.62
Suffolk city,Virginia,VA,51800,53352,22112,30597,177,41.449999999999996,57.35,0.33,Harris,Unknown,Unknown,8485,15.9,84.1
Virginia Beach city,Virginia,VA,51810,227770,109375,115412,905,48.02,50.67,0.4,Harris,Unknown,Unknown,6037,2.65,97.35
Waynesboro city,Virginia,VA,51820,11274,5882,5240,33,52.17,46.48,0.29,Trump,Unknown,Unknown,642,5.69,94.31
Williamsburg city,Virginia,VA,51830,7851,2119,5613,46,26.99,71.49,0.59,Harris,Unknown,Unknown,3494,44.5,55.5
Winchester city,Virginia,VA,51840,11822,5252,6407,50,44.43,54.2,0.42,Harris,Unknown,Unknown,1155,9.77,90.23
Adams County,Washington,WA,53001,5365,3767,1455,11,70.21,27.12,0.21,Trump,Trump,Trump,2312,43.09,56.91
Asotin County,Washington,WA,53003,11468,7004,4082,32,61.07,35.589999999999996,0.27999999999999997,Trump,Trump,Trump,2922,25.48,74.52
Benton County,Washington,WA,53005,100693,59555,37662,404,59.150000000000006,37.4,0.4,Trump,Trump,Trump,21893,21.75,78.25
Chelan County,Washington,WA,53007,42191,22363,18397,174,53.0,43.6,0.41000000000000003,Trump,Trump,Trump,3966,9.4,90.6
Clallam County,Washington,WA,53009,48663,21632,25440,286,44.45,52.28,0.59,Harris,Biden,Trump,3808,7.83,92.17
Clark County,Washington,WA,53011,276578,123998,143206,1448,44.83,51.78,0.52,Harris,Biden,Clinton,19208,6.95,93.05
Columbia County,Washington,WA,53013,2485,1737,661,12,69.89999999999999,26.6,0.48,Trump,Trump,Trump,1076,43.3,56.7
Cowlitz County,Washington,WA,53015,59325,34580,22825,213,58.29,38.47,0.36,Trump,Trump,Trump,11755,19.82,80.18
Douglas County,Washington,WA,53017,21182,13095,7410,56,61.82,34.98,0.26,Trump,Trump,Trump,5685,26.84,73.16
Ferry County,Washington,WA,53019,4119,2667,1315,17,64.75,31.929999999999996,0.41000000000000003,Trump,Trump,Trump,1352,32.82,67.18
Franklin County,Washington,WA,53021,31897,19086,11884,93,59.84,37.26,0.29,Trump,Trump,Trump,7202,22.58,77.42
Garfield County,Washington,WA,53023,1352,973,330,1,71.97,24.41,0.06999999999999999,Trump,Trump,Trump,643,47.56,52.44
Grant County,Washington,WA,53025,36253,24326,10806,96,67.10000000000001,29.81,0.26,Trump,Trump,Trump,13520,37.29,62.71
Grays Harbor County,Washington,WA,53027,37793,19432,17161,154,51.42,45.410000000000004,0.41000000000000003,Trump,Trump,Trump,2271,6.01,93.99
Island County,Washington,WA,53029,52449,20967,29595,237,39.98,56.43,0.44999999999999996,Harris,Biden,Clinton,8628,16.45,83.55
Jefferson County,Washington,WA,53031,24698,6324,17459,251,25.61,70.69,1.02,Harris,Biden,Clinton,11135,45.08,54.92
King County,Washington,WA,53033,1130502,252193,832606,13539,22.31,73.65,1.2,Harris,Biden,Clinton,580413,51.34,48.66
Kitsap County,Washington,WA,53035,156872,59080,91731,890,37.66,58.48,0.5700000000000001,Harris,Biden,Clinton,32651,20.82,79.18
Kittitas County,Washington,WA,53037,26499,14645,10810,124,55.269999999999996,40.79,0.47000000000000003,Trump,Trump,Trump,3835,14.48,85.52
Klickitat County,Washington,WA,53039,13607,7178,5917,69,52.75,43.480000000000004,0.51,Trump,Trump,Trump,1261,9.27,90.73
Lewis County,Washington,WA,53041,45338,29322,14433,158,64.67,31.830000000000002,0.35000000000000003,Trump,Trump,Trump,14889,32.84,67.16
Lincoln County,Washington,WA,53043,7144,5272,1678,21,73.8,23.49,0.29,Trump,Trump,Trump,3594,50.31,49.69
Mason County,Washington,WA,53045,36689,18127,17215,185,49.41,46.92,0.5,Trump,Trump,Trump,912,2.49,97.51
Okanogan County,Washington,WA,53047,20732,11555,8466,103,55.74,40.839999999999996,0.5,Trump,Trump,Trump,3089,14.9,85.1
Pacific County,Washington,WA,53049,14244,7010,6825,40,49.21,47.910000000000004,0.27999999999999997,Trump,Trump,Trump,185,1.3,98.7
Pend Oreille County,Washington,WA,53051,8545,5826,2461,30,68.17999999999999,28.799999999999997,0.35000000000000003,Trump,Trump,Trump,3365,39.38,60.62
Pierce County,Washington,WA,53053,439581,188194,235169,2523,42.809999999999995,53.5,0.5700000000000001,Harris,Biden,Clinton,46975,10.69,89.31
San Juan County,Washington,WA,53055,13006,2890,9539,182,22.220000000000002,73.34,1.4000000000000001,Harris,Biden,Clinton,6649,51.12,48.88
Skagit County,Washington,WA,53057,70256,30765,36956,379,43.79,52.6,0.54,Harris,Biden,Clinton,6191,8.81,91.19
Skamania County,Washington,WA,53059,7355,3961,3147,36,53.849999999999994,42.79,0.49,Trump,Trump,Trump,814,11.06,88.94
Snohomish County,Washington,WA,53061,418221,161371,240099,3465,38.59,57.410000000000004,0.83,Harris,Biden,Clinton,78728,18.82,81.18
Spokane County,Washington,WA,53063,287082,145338,131163,1354,50.629999999999995,45.69,0.47000000000000003,Trump,Trump,Trump,14175,4.94,95.06
Stevens County,Washington,WA,53065,28246,19895,7492,73,70.43,26.52,0.26,Trump,Trump,Trump,12403,43.91,56.09
Thurston County,Washington,WA,53067,164537,62282,95663,1340,37.85,58.14,0.8099999999999999,Harris,Biden,Clinton,33381,20.29,79.71
Wahkiakum County,Washington,WA,53069,3062,1757,1204,13,57.379999999999995,39.32,0.42,Trump,Trump,Trump,553,18.06,81.94
Walla Walla County,Washington,WA,53071,29568,15476,13106,116,52.339999999999996,44.32,0.38999999999999996,Trump,Trump,Trump,2370,8.02,91.98
Whatcom County,Washington,WA,53073,137868,49213,83295,1196,35.699999999999996,60.419999999999995,0.8699999999999999,Harris,Biden,Clinton,34082,24.72,75.28
Whitman County,Washington,WA,53075,20027,8699,10480,145,43.44,52.33,0.72,Harris,Biden,Clinton,1781,8.89,91.11
Yakima County,Washington,WA,53077,88751,49368,36706,288,55.63,41.36,0.32,Trump,Trump,Trump,12662,14.27,85.73
Barbour County,West Virginia,WV,54001,6395,5071,1199,14,79.3,18.75,0.22,Trump,Trump,Trump,3872,60.55,39.45
Berkeley County,West Virginia,WV,54003,56102,37580,17500,216,66.99000000000001,31.19,0.38999999999999996,Trump,Trump,Trump,20080,35.8,64.2
Boone County,West Virginia,WV,54005,8142,6314,1641,15,77.55,20.150000000000002,0.18,Trump,Trump,Trump,4673,57.4,42.6
Braxton County,West Virginia,WV,54007,5313,3991,1233,14,75.12,23.21,0.26,Trump,Trump,Trump,2758,51.91,48.09
Brooke County,West Virginia,WV,54009,9782,6986,2621,23,71.41999999999999,26.790000000000003,0.24,Trump,Trump,Trump,4365,44.63,55.37
Cabell County,West Virginia,WV,54011,35429,21229,13474,145,59.919999999999995,38.03,0.41000000000000003,Trump,Trump,Trump,7755,21.89,78.11
Calhoun County,West Virginia,WV,54013,2936,2391,488,6,81.44,16.619999999999997,0.2,Trump,Trump,Trump,1903,64.82,35.18
Clay County,West Virginia,WV,54015,3240,2597,580,6,80.15,17.9,0.19,Trump,Trump,Trump,2017,62.25,37.75
Doddridge County,West Virginia,WV,54017,2956,2541,374,8,85.96000000000001,12.65,0.27,Trump,Trump,Trump,2167,73.31,26.69
Fayette County,West Virginia,WV,54019,15620,10910,4387,57,69.85,28.09,0.36,Trump,Trump,Trump,6523,41.76,58.24
Gilmer County,West Virginia,WV,54021,2344,1822,486,7,77.73,20.73,0.3,Trump,Trump,Trump,1336,57.0,43.0
Grant County,West Virginia,WV,54023,5568,4949,552,10,88.88000000000001,9.91,0.18,Trump,Trump,Trump,4397,78.97,21.03
Greenbrier County,West Virginia,WV,54025,14996,10517,4196,41,70.13000000000001,27.98,0.27,Trump,Trump,Trump,6321,42.15,57.85
Hampshire County,West Virginia,WV,54027,10500,8464,1890,22,80.61,18.0,0.21,Trump,Trump,Trump,6574,62.61,37.39
Hancock County,West Virginia,WV,54029,13030,9462,3360,39,72.61999999999999,25.790000000000003,0.3,Trump,Trump,Trump,6102,46.83,53.17
Hardy County,West Virginia,WV,54031,6411,4997,1297,12,77.94,20.23,0.19,Trump,Trump,Trump,3700,57.71,42.29
Harrison County,West Virginia,WV,54033,29495,20480,8402,80,69.44,28.49,0.27,Trump,Trump,Trump,12078,40.95,59.05
Jackson County,West Virginia,WV,54035,12822,9907,2699,22,77.27000000000001,21.05,0.16999999999999998,Trump,Trump,Trump,7208,56.22,43.78
Jefferson County,West Virginia,WV,54037,29156,16573,11967,138,56.84,41.04,0.47000000000000003,Trump,Trump,Trump,4606,15.8,84.2
Kanawha County,West Virginia,WV,54039,75239,43352,30231,368,57.620000000000005,40.18,0.49,Trump,Trump,Trump,13121,17.44,82.56
Lewis County,West Virginia,WV,54041,7048,5550,1372,17,78.75,19.470000000000002,0.24,Trump,Trump,Trump,4178,59.28,40.72
Lincoln County,West Virginia,WV,54043,7187,5770,1279,16,80.28,17.8,0.22,Trump,Trump,Trump,4491,62.48,37.52
Logan County,West Virginia,WV,54045,11469,9500,1848,13,82.83,16.11,0.11,Trump,Trump,Trump,7652,66.72,33.28
McDowell County,West Virginia,WV,54047,5425,4310,1036,10,79.45,19.1,0.18,Trump,Trump,Trump,3274,60.35,39.65
Marion County,West Virginia,WV,54049,24634,15881,8185,83,64.47,33.23,0.33999999999999997,Trump,Trump,Trump,7696,31.24,68.76
Marshall County,West Virginia,WV,54051,13233,9808,3186,37,74.11999999999999,24.08,0.27999999999999997,Trump,Trump,Trump,6622,50.04,49.96
Mason County,West Virginia,WV,54053,10547,8232,2111,21,78.05,20.02,0.2,Trump,Trump,Trump,6121,58.03,41.97
Mercer County,West Virginia,WV,54055,23584,18372,4851,60,77.9,20.57,0.25,Trump,Trump,Trump,13521,57.33,42.67
Mineral County,West Virginia,WV,54057,12904,10247,2483,25,79.41,19.24,0.19,Trump,Trump,Trump,7764,60.17,39.83
Mingo County,West Virginia,WV,54059,8490,7325,1061,9,86.28,12.5,0.11,Trump,Trump,Trump,6264,73.78,26.22
Monongalia County,West Virginia,WV,54061,41452,21084,19265,270,50.86000000000001,46.48,0.65,Trump,Trump,Trump,1819,4.38,95.62
Monroe County,West Virginia,WV,54063,6367,5089,1155,23,79.93,18.14,0.36,Trump,Trump,Trump,3934,61.79,38.21
Morgan County,West Virginia,WV,54065,9097,7009,1947,42,77.05,21.4,0.45999999999999996,Trump,Trump,Trump,5062,55.65,44.35
Nicholas County,West Virginia,WV,54067,10037,7960,1919,16,79.31,19.12,0.16,Trump,Trump,Trump,6041,60.19,39.81
Ohio County,West Virginia,WV,54069,18689,11593,6727,102,62.029999999999994,35.99,0.5499999999999999,Trump,Trump,Trump,4866,26.04,73.96
Pendleton County,West Virginia,WV,54071,3425,2687,680,8,78.45,19.85,0.22999999999999998,Trump,Trump,Trump,2007,58.6,41.4
Pleasants County,West Virginia,WV,54073,3348,2632,656,9,78.61,19.59,0.27,Trump,Trump,Trump,1976,59.02,40.98
Pocahontas County,West Virginia,WV,54075,3901,2889,927,21,74.06,23.76,0.54,Trump,Trump,Trump,1962,50.3,49.7
Preston County,West Virginia,WV,54077,14426,11176,2953,35,77.47,20.47,0.24,Trump,Trump,Trump,8223,57.0,43.0
Putnam County,West Virginia,WV,54079,27507,19868,7124,64,72.23,25.900000000000002,0.22999999999999998,Trump,Trump,Trump,12744,46.33,53.67
Raleigh County,West Virginia,WV,54081,30966,23644,6816,93,76.35,22.009999999999998,0.3,Trump,Trump,Trump,16828,54.34,45.66
Randolph County,West Virginia,WV,54083,11594,8356,3008,31,72.07000000000001,25.94,0.27,Trump,Trump,Trump,5348,46.13,53.87
Ritchie County,West Virginia,WV,54085,4050,3473,517,11,85.75,12.770000000000001,0.27,Trump,Trump,Trump,2956,72.98,27.02
Roane County,West Virginia,WV,54087,5521,4189,1218,18,75.87,22.06,0.33,Trump,Trump,Trump,2971,53.81,46.19
Summers County,West Virginia,WV,54089,5264,3931,1226,17,74.68,23.29,0.32,Trump,Trump,Trump,2705,51.39,48.61
Taylor County,West Virginia,WV,54091,7265,5422,1694,21,74.63,23.32,0.29,Trump,Trump,Trump,3728,51.31,48.69
Tucker County,West Virginia,WV,54093,3636,2669,890,27,73.4,24.48,0.74,Trump,Trump,Trump,1779,48.92,51.08
Tyler County,West Virginia,WV,54095,3617,2991,554,9,82.69,15.32,0.25,Trump,Trump,Trump,2437,67.37,32.63
Upshur County,West Virginia,WV,54097,9859,7633,2033,20,77.42,20.62,0.2,Trump,Trump,Trump,5600,56.8,43.2
Wayne County,West Virginia,WV,54099,15747,11934,3532,41,75.79,22.43,0.26,Trump,Trump,Trump,8402,53.36,46.64
Webster County,West Virginia,WV,54101,2998,2478,479,4,82.66,15.98,0.13,Trump,Trump,Trump,1999,66.68,33.32
Wetzel County,West Virginia,WV,54103,6168,4718,1294,21,76.49000000000001,20.979999999999997,0.33999999999999997,Trump,Trump,Trump,3424,55.51,44.49
Wirt County,West Virginia,WV,54105,2581,2120,409,9,82.14,15.85,0.35000000000000003,Trump,Trump,Trump,1711,66.29,33.71
Wood County,West Virginia,WV,54107,37313,26380,10317,80,70.7,27.650000000000002,0.21,Trump,Trump,Trump,16063,43.05,56.95
Wyoming County,West Virginia,WV,54109,7565,6503,980,5,85.96000000000001,12.950000000000001,0.06999999999999999,Trump,Trump,Trump,5523,73.01,26.99
Adams County,Wisconsin,WI,55001,12882,7763,4443,188,60.260000000000005,34.489999999999995,1.46,Trump,Trump,Trump,3320,25.77,74.23
Ashland County,Wisconsin,WI,55003,8955,4191,4612,26,46.800000000000004,51.5,0.29,Harris,Biden,Clinton,421,4.7,95.3
Barron County,Wisconsin,WI,55005,26809,16726,8941,284,62.39,33.35,1.06,Trump,Trump,Trump,7785,29.04,70.96
Bayfield County,Wisconsin,WI,55007,11240,4860,6107,87,43.24,54.33,0.77,Harris,Biden,Clinton,1247,11.09,88.91
Brown County,Wisconsin,WI,55009,149333,79132,67937,346,52.99,45.49,0.22999999999999998,Trump,Trump,Trump,11195,7.5,92.5
Buffalo County,Wisconsin,WI,55011,8100,5213,2765,20,64.36,34.14,0.25,Trump,Trump,Trump,2448,30.22,69.78
Burnett County,Wisconsin,WI,55013,10810,7008,3665,19,64.83,33.900000000000006,0.18,Trump,Trump,Trump,3343,30.93,69.07
Calumet County,Wisconsin,WI,55015,32916,19488,12927,83,59.209999999999994,39.269999999999996,0.25,Trump,Trump,Trump,6561,19.94,80.06
Chippewa County,Wisconsin,WI,55017,38471,23399,14573,61,60.81999999999999,37.88,0.16,Trump,Trump,Trump,8826,22.94,77.06
Clark County,Wisconsin,WI,55019,15340,10481,4509,71,68.32000000000001,29.39,0.45999999999999996,Trump,Trump,Trump,5972,38.93,61.07
Columbia County,Wisconsin,WI,55021,34914,17988,16388,83,51.519999999999996,46.94,0.24,Trump,Trump,Trump,1600,4.58,95.42
Crawford County,Wisconsin,WI,55023,9105,5113,3860,15,56.16,42.39,0.16,Trump,Trump,Trump,1253,13.77,86.23
Dane County,Wisconsin,WI,55025,365929,85454,273995,1721,23.35,74.88,0.47000000000000003,Harris,Biden,Clinton,188541,51.53,48.47
Dodge County,Wisconsin,WI,55027,50300,33067,16518,132,65.74,32.84,0.26,Trump,Trump,Trump,16549,32.9,67.1
Door County,Wisconsin,WI,55029,20944,10099,10565,40,48.22,50.44,0.19,Harris,Biden,Trump,466,2.22,97.78
Douglas County,Wisconsin,WI,55031,25234,11732,13073,74,46.489999999999995,51.81,0.29,Harris,Biden,Clinton,1341,5.32,94.68
Dunn County,Wisconsin,WI,55033,25678,14726,10643,53,57.35,41.449999999999996,0.21,Trump,Trump,Trump,4083,15.9,84.1
Eau Claire County,Wisconsin,WI,55035,63177,27728,34400,197,43.89,54.449999999999996,0.31,Harris,Biden,Clinton,6672,10.56,89.44
Florence County,Wisconsin,WI,55037,3158,2356,783,2,74.6,24.79,0.06,Trump,Trump,Trump,1573,49.81,50.19
Fond du Lac County,Wisconsin,WI,55039,58527,37272,20495,125,63.68000000000001,35.02,0.21,Trump,Trump,Trump,16777,28.66,71.34
Forest County,Wisconsin,WI,55041,5097,3382,1681,7,66.35,32.98,0.13999999999999999,Trump,Trump,Trump,1701,33.37,66.63
Grant County,Wisconsin,WI,55043,27306,15922,10966,52,58.309999999999995,40.160000000000004,0.19,Trump,Trump,Trump,4956,18.15,81.85
Green County,Wisconsin,WI,55045,22076,10843,10903,52,49.120000000000005,49.39,0.24,Harris,Biden,Clinton,60,0.27,99.73
Green Lake County,Wisconsin,WI,55047,11052,7458,3449,12,67.47999999999999,31.209999999999997,0.11,Trump,Trump,Trump,4009,36.27,63.73
Iowa County,Wisconsin,WI,55049,14677,6631,7750,64,45.18,52.800000000000004,0.44,Harris,Biden,Clinton,1119,7.62,92.38
Iron County,Wisconsin,WI,55051,4084,2557,1487,10,62.61,36.41,0.24,Trump,Trump,Trump,1070,26.2,73.8
Jackson County,Wisconsin,WI,55053,10502,6204,4157,30,59.07,39.58,0.29,Trump,Trump,Trump,2047,19.49,80.51
Jefferson County,Wisconsin,WI,55055,50146,28771,20574,98,57.37,41.03,0.2,Trump,Trump,Trump,8197,16.34,83.66
Juneau County,Wisconsin,WI,55057,14553,9525,4854,25,65.45,33.35,0.16999999999999998,Trump,Trump,Trump,4671,32.1,67.9
Kenosha County,Wisconsin,WI,55059,90680,47478,41826,302,52.35999999999999,46.12,0.33,Trump,Trump,Trump,5652,6.24,93.76
Kewaunee County,Wisconsin,WI,55061,12484,8267,4059,19,66.22,32.51,0.15,Trump,Trump,Trump,4208,33.71,66.29
La Crosse County,Wisconsin,WI,55063,72261,32247,39008,199,44.629999999999995,53.98,0.27999999999999997,Harris,Biden,Clinton,6761,9.35,90.65
Lafayette County,Wisconsin,WI,55065,8832,5256,3469,21,59.51,39.28,0.24,Trump,Trump,Trump,1787,20.23,79.77
Langlade County,Wisconsin,WI,55067,11664,7782,3746,33,66.72,32.12,0.27999999999999997,Trump,Trump,Trump,4036,34.6,65.4
Lincoln County,Wisconsin,WI,55069,17209,10633,6306,44,61.79,36.64,0.26,Trump,Trump,Trump,4327,25.15,74.85
Manitowoc County,Wisconsin,WI,55071,46316,28200,17399,99,60.89,37.57,0.21,Trump,Trump,Trump,10801,23.32,76.68
Marathon County,Wisconsin,WI,55073,78826,46213,31529,180,58.63,40.0,0.22999999999999998,Trump,Trump,Trump,14684,18.63,81.37
Marinette County,Wisconsin,WI,55075,24415,16670,7415,45,68.28,30.37,0.18,Trump,Trump,Trump,9255,37.91,62.09
Marquette County,Wisconsin,WI,55077,9427,6041,3252,16,64.08,34.5,0.16999999999999998,Trump,Trump,Trump,2789,29.58,70.42
Menominee County,Wisconsin,WI,55078,1572,296,1266,2,18.83,80.53,0.13,Harris,Biden,Clinton,970,61.7,38.3
Milwaukee County,Wisconsin,WI,55079,464107,138022,316292,3288,29.74,68.15,0.7100000000000001,Harris,Biden,Clinton,178270,38.41,61.59
Monroe County,Wisconsin,WI,55081,23369,14563,8476,47,62.32,36.27,0.2,Trump,Trump,Trump,6087,26.05,73.95
Oconto County,Wisconsin,WI,55083,24912,17675,6967,29,70.95,27.97,0.12,Trump,Trump,Trump,10708,42.98,57.02
Oneida County,Wisconsin,WI,55085,24895,14455,10080,41,58.06,40.489999999999995,0.16,Trump,Trump,Trump,4375,17.57,82.43
Outagamie County,Wisconsin,WI,55087,111932,60827,49438,306,54.339999999999996,44.17,0.27,Trump,Trump,Trump,11389,10.17,89.83
Ozaukee County,Wisconsin,WI,55089,63472,34504,27874,192,54.36,43.919999999999995,0.3,Trump,Trump,Trump,6630,10.44,89.56
Pepin County,Wisconsin,WI,55091,4354,2798,1523,5,64.25999999999999,34.98,0.11,Trump,Trump,Trump,1275,29.28,70.72
Pierce County,Wisconsin,WI,55093,25392,14417,10171,186,56.779999999999994,40.06,0.73,Trump,Trump,Trump,4246,16.72,83.28
Polk County,Wisconsin,WI,55095,28222,18296,9567,65,64.83,33.900000000000006,0.22999999999999998,Trump,Trump,Trump,8729,30.93,69.07
Portage County,Wisconsin,WI,55097,43258,20987,21503,130,48.52,49.71,0.3,Harris,Biden,Clinton,516,1.19,98.81
Price County,Wisconsin,WI,55099,8856,5763,3005,13,65.07,33.93,0.15,Trump,Trump,Trump,2758,31.14,68.86
Racine County,Wisconsin,WI,55101,107686,56347,49721,341,52.33,46.17,0.32,Trump,Trump,Trump,6626,6.16,93.84
Richland County,Wisconsin,WI,55103,9323,5207,3985,25,55.85,42.74,0.27,Trump,Trump,Trump,1222,13.11,86.89
Rock County,Wisconsin,WI,55105,88310,40218,46642,315,45.540000000000006,52.82,0.36,Harris,Biden,Clinton,6424,7.28,92.72
Rusk County,Wisconsin,WI,55107,8270,5660,2516,19,68.44,30.42,0.22999999999999998,Trump,Trump,Trump,3144,38.02,61.98
St. Croix County,Wisconsin,WI,55109,60642,35537,23870,195,58.599999999999994,39.36,0.32,Trump,Trump,Trump,11667,19.24,80.76
Sauk County,Wisconsin,WI,55111,37584,18798,18172,118,50.019999999999996,48.35,0.31,Trump,Biden,Trump,626,1.67,98.33
Sawyer County,Wisconsin,WI,55113,11140,6422,4599,17,57.65,41.28,0.15,Trump,Trump,Trump,1823,16.37,83.63
Shawano County,Wisconsin,WI,55115,23500,15850,7336,51,67.45,31.22,0.22,Trump,Trump,Trump,8514,36.23,63.77
Sheboygan County,Wisconsin,WI,55117,67562,38763,27735,146,57.37,41.05,0.22,Trump,Trump,Trump,11028,16.32,83.68
Taylor County,Wisconsin,WI,55119,11186,8209,2823,25,73.39,25.240000000000002,0.22,Trump,Trump,Trump,5386,48.15,51.85
Trempealeau County,Wisconsin,WI,55121,16079,9661,6219,27,60.08,38.68,0.16999999999999998,Trump,Trump,Trump,3442,21.4,78.6
Vernon County,Wisconsin,WI,55123,16609,8807,7514,67,53.03,45.24,0.4,Trump,Trump,Trump,1293,7.79,92.21
Vilas County,Wisconsin,WI,55125,16135,9837,6119,21,60.97,37.92,0.13,Trump,Trump,Trump,3718,23.05,76.95
Walworth County,Wisconsin,WI,55127,60597,36603,23161,120,60.4,38.22,0.2,Trump,Trump,Trump,13442,22.18,77.82
Washburn County,Wisconsin,WI,55129,10978,6962,3867,22,63.42,35.22,0.2,Trump,Trump,Trump,3095,28.2,71.8
Washington County,Wisconsin,WI,55131,91407,61604,28504,153,67.4,31.180000000000003,0.16999999999999998,Trump,Trump,Trump,33100,36.22,63.78
Waukesha County,Wisconsin,WI,55133,275787,162768,108478,943,59.019999999999996,39.33,0.33999999999999997,Trump,Trump,Trump,54290,19.69,80.31
Waupaca County,Wisconsin,WI,55135,30403,20093,9947,49,66.09,32.72,0.16,Trump,Trump,Trump,10146,33.37,66.63
Waushara County,Wisconsin,WI,55137,14363,9625,4571,29,67.01,31.819999999999997,0.2,Trump,Trump,Trump,5054,35.19,64.81
Winnebago County,Wisconsin,WI,55139,95371,49179,44660,267,51.57000000000001,46.83,0.27999999999999997,Trump,Trump,Trump,4519,4.74,95.26
Wood County,Wisconsin,WI,55141,42216,24997,16599,86,59.209999999999994,39.32,0.2,Trump,Trump,Trump,8398,19.89,80.11
Albany County,Wyoming,WY,56001,17877,8930,8371,0,49.95,46.83,0.0,Trump,Biden,Trump,559,3.12,96.88
Big Horn County,Wyoming,WY,56003,5735,4867,742,0,84.86,12.94,0.0,Trump,Trump,Trump,4125,71.92,28.08
Campbell County,Wyoming,WY,56005,18342,16006,2004,0,87.26,10.93,0.0,Trump,Trump,Trump,14002,76.33,23.67
Carbon County,Wyoming,WY,56007,6387,4952,1274,0,77.53,19.950000000000003,0.0,Trump,Trump,Trump,3678,57.58,42.42
Converse County,Wyoming,WY,56009,6739,5756,845,0,85.41,12.540000000000001,0.0,Trump,Trump,Trump,4911,72.87,27.13
Crook County,Wyoming,WY,56011,4344,3805,443,0,87.59,10.2,0.0,Trump,Trump,Trump,3362,77.39,22.61
Fremont County,Wyoming,WY,56013,17256,11552,5179,0,66.94,30.009999999999998,0.0,Trump,Trump,Trump,6373,36.93,63.07
Goshen County,Wyoming,WY,56015,6174,4893,1156,0,79.25,18.72,0.0,Trump,Trump,Trump,3737,60.53,39.47
Hot Springs County,Wyoming,WY,56017,2620,2082,488,0,79.47,18.63,0.0,Trump,Trump,Trump,1594,60.84,39.16
Johnson County,Wyoming,WY,56019,4898,3936,847,0,80.36,17.29,0.0,Trump,Trump,Trump,3089,63.07,36.93
Laramie County,Wyoming,WY,56021,43362,28063,14153,0,64.72,32.64,0.0,Trump,Trump,Trump,13910,32.08,67.92
Lincoln County,Wyoming,WY,56023,10840,8957,1623,0,82.63000000000001,14.97,0.0,Trump,Trump,Trump,7334,67.66,32.34
Natrona County,Wyoming,WY,56025,33921,24671,8337,0,72.72999999999999,24.58,0.0,Trump,Trump,Trump,16334,48.15,51.85
Niobrara County,Wyoming,WY,56027,1234,1108,112,0,89.79,9.08,0.0,Trump,Trump,Trump,996,80.71,19.29
Park County,Wyoming,WY,56029,16743,13084,3259,0,78.14999999999999,19.46,0.0,Trump,Trump,Trump,9825,58.69,41.31
Platte County,Wyoming,WY,56031,4765,3874,780,0,81.3,16.37,0.0,Trump,Trump,Trump,3094,64.93,35.07
Sheridan County,Wyoming,WY,56033,16425,12041,3920,0,73.31,23.87,0.0,Trump,Trump,Trump,8121,49.44,50.56
Sublette County,Wyoming,WY,56035,4924,3905,920,0,79.31,18.68,0.0,Trump,Trump,Trump,2985,60.63,39.37
Sweetwater County,Wyoming,WY,56037,16698,12541,3731,0,75.1,22.34,0.0,Trump,Trump,Trump,8810,52.76,47.24
Teton County,Wyoming,WY,56039,13286,4134,8748,0,31.119999999999997,65.84,0.0,Harris,Biden,Clinton,4614,34.72,65.28
Uinta County,Wyoming,WY,56041,9089,7282,1561,0,80.12,17.169999999999998,0.0,Trump,Trump,Trump,5721,62.95,37.05
Washakie County,Wyoming,WY,56043,3877,3125,656,0,80.60000000000001,16.919999999999998,0.0,Trump,Trump,Trump,2469,63.68,36.32
Weston County,Wyoming,WY,56045,3512,3069,378,0,87.39,10.76,0.0,Trump,Trump,Trump,2691,76.63,23.37
