fips,state_abbr,area_name,rucc_2003,uic_2003,rucc_2013,uic_2013,urban_category_2013,rucc_2013_label
01007,AL,Bibb County,1.0,1.0,1.0,1.0,City,Metro Large
01009,AL,Blount County,1.0,1.0,1.0,1.0,City,Metro Large
01021,AL,Chilton County,1.0,1.0,1.0,1.0,City,Metro Large
01073,AL,Jefferson County,1.0,1.0,1.0,1.0,City,Metro Large
01115,AL,St. Clair County,1.0,1.0,1.0,1.0,City,Metro Large
01117,AL,Shelby County,1.0,1.0,1.0,1.0,City,Metro Large
01127,AL,Walker County,1.0,1.0,1.0,1.0,City,Metro Large
04013,AZ,Maricopa County,1.0,1.0,1.0,1.0,City,Metro Large
04021,AZ,Pinal County,1.0,1.0,1.0,1.0,City,Metro Large
05035,AR,Crittenden County,1.0,1.0,1.0,1.0,City,Metro Large
06001,CA,Alameda County,1.0,1.0,1.0,1.0,City,Metro Large
06013,CA,Contra Costa County,1.0,1.0,1.0,1.0,City,Metro Large
06017,CA,El Dorado County,1.0,1.0,1.0,1.0,City,Metro Large
06037,CA,Los Angeles County,1.0,1.0,1.0,1.0,City,Metro Large
06041,CA,Marin County,1.0,1.0,1.0,1.0,City,Metro Large
06059,CA,Orange County,1.0,1.0,1.0,1.0,City,Metro Large
06061,CA,Placer County,1.0,1.0,1.0,1.0,City,Metro Large
06065,CA,Riverside County,1.0,1.0,1.0,1.0,City,Metro Large
06067,CA,Sacramento County,1.0,1.0,1.0,1.0,City,Metro Large
06069,CA,San Benito County,1.0,1.0,1.0,1.0,City,Metro Large
06071,CA,San Bernardino County,1.0,1.0,1.0,1.0,City,Metro Large
06073,CA,San Diego County,1.0,1.0,1.0,1.0,City,Metro Large
06075,CA,San Francisco County,1.0,1.0,1.0,1.0,City,Metro Large
06081,CA,San Mateo County,1.0,1.0,1.0,1.0,City,Metro Large
06085,CA,Santa Clara County,1.0,1.0,1.0,1.0,City,Metro Large
06113,CA,Yolo County,1.0,1.0,1.0,1.0,City,Metro Large
08001,CO,Adams County,1.0,1.0,1.0,1.0,City,Metro Large
08005,CO,Arapahoe County,1.0,1.0,1.0,1.0,City,Metro Large
08014,CO,Broomfield County,1.0,1.0,1.0,1.0,City,Metro Large
08019,CO,Clear Creek County,1.0,1.0,1.0,1.0,City,Metro Large
08031,CO,Denver County,1.0,1.0,1.0,1.0,City,Metro Large
08035,CO,Douglas County,1.0,1.0,1.0,1.0,City,Metro Large
08039,CO,Elbert County,1.0,1.0,1.0,1.0,City,Metro Large
08047,CO,Gilpin County,1.0,1.0,1.0,1.0,City,Metro Large
08059,CO,Jefferson County,1.0,1.0,1.0,1.0,City,Metro Large
08093,CO,Park County,1.0,1.0,1.0,1.0,City,Metro Large
09003,CT,Hartford County,1.0,1.0,1.0,1.0,City,Metro Large
09007,CT,Middlesex County,1.0,1.0,1.0,1.0,City,Metro Large
09013,CT,Tolland County,1.0,1.0,1.0,1.0,City,Metro Large
10003,DE,New Castle County,1.0,1.0,1.0,1.0,City,Metro Large
11001,DC,District of Columbia,1.0,1.0,1.0,1.0,City,Metro Large
12003,FL,Baker County,1.0,1.0,1.0,1.0,City,Metro Large
12011,FL,Broward County,1.0,1.0,1.0,1.0,City,Metro Large
12019,FL,Clay County,1.0,1.0,1.0,1.0,City,Metro Large
12031,FL,Duval County,1.0,1.0,1.0,1.0,City,Metro Large
12053,FL,Hernando County,1.0,1.0,1.0,1.0,City,Metro Large
12057,FL,Hillsborough County,1.0,1.0,1.0,1.0,City,Metro Large
12069,FL,Lake County,1.0,1.0,1.0,1.0,City,Metro Large
12086,FL,Miami-Dade County,1.0,1.0,1.0,1.0,City,Metro Large
12089,FL,Nassau County,1.0,1.0,1.0,1.0,City,Metro Large
12095,FL,Orange County,1.0,1.0,1.0,1.0,City,Metro Large
12097,FL,Osceola County,1.0,1.0,1.0,1.0,City,Metro Large
12099,FL,Palm Beach County,1.0,1.0,1.0,1.0,City,Metro Large
12101,FL,Pasco County,1.0,1.0,1.0,1.0,City,Metro Large
12103,FL,Pinellas County,1.0,1.0,1.0,1.0,City,Metro Large
12109,FL,St. Johns County,1.0,1.0,1.0,1.0,City,Metro Large
12117,FL,Seminole County,1.0,1.0,1.0,1.0,City,Metro Large
13013,GA,Barrow County,1.0,1.0,1.0,1.0,City,Metro Large
13015,GA,Bartow County,1.0,1.0,1.0,1.0,City,Metro Large
13035,GA,Butts County,1.0,1.0,1.0,1.0,City,Metro Large
13045,GA,Carroll County,1.0,1.0,1.0,1.0,City,Metro Large
13057,GA,Cherokee County,1.0,1.0,1.0,1.0,City,Metro Large
13063,GA,Clayton County,1.0,1.0,1.0,1.0,City,Metro Large
13067,GA,Cobb County,1.0,1.0,1.0,1.0,City,Metro Large
13077,GA,Coweta County,1.0,1.0,1.0,1.0,City,Metro Large
13085,GA,Dawson County,1.0,1.0,1.0,1.0,City,Metro Large
13089,GA,DeKalb County,1.0,1.0,1.0,1.0,City,Metro Large
13097,GA,Douglas County,1.0,1.0,1.0,1.0,City,Metro Large
13113,GA,Fayette County,1.0,1.0,1.0,1.0,City,Metro Large
13117,GA,Forsyth County,1.0,1.0,1.0,1.0,City,Metro Large
13121,GA,Fulton County,1.0,1.0,1.0,1.0,City,Metro Large
13135,GA,Gwinnett County,1.0,1.0,1.0,1.0,City,Metro Large
13143,GA,Haralson County,1.0,1.0,1.0,1.0,City,Metro Large
13149,GA,Heard County,1.0,1.0,1.0,1.0,City,Metro Large
13151,GA,Henry County,1.0,1.0,1.0,1.0,City,Metro Large
13159,GA,Jasper County,1.0,1.0,1.0,1.0,City,Metro Large
13171,GA,Lamar County,1.0,1.0,1.0,1.0,City,Metro Large
13199,GA,Meriwether County,1.0,1.0,1.0,1.0,City,Metro Large
13211,GA,Morgan County,6.0,4.0,1.0,1.0,City,Metro Large
13217,GA,Newton County,1.0,1.0,1.0,1.0,City,Metro Large
13223,GA,Paulding County,1.0,1.0,1.0,1.0,City,Metro Large
13227,GA,Pickens County,1.0,1.0,1.0,1.0,City,Metro Large
13231,GA,Pike County,1.0,1.0,1.0,1.0,City,Metro Large
13247,GA,Rockdale County,1.0,1.0,1.0,1.0,City,Metro Large
13255,GA,Spalding County,1.0,1.0,1.0,1.0,City,Metro Large
13297,GA,Walton County,1.0,1.0,1.0,1.0,City,Metro Large
17005,IL,Bond County,1.0,1.0,1.0,1.0,City,Metro Large
17013,IL,Calhoun County,1.0,1.0,1.0,1.0,City,Metro Large
17027,IL,Clinton County,1.0,1.0,1.0,1.0,City,Metro Large
17031,IL,Cook County,1.0,1.0,1.0,1.0,City,Metro Large
17037,IL,DeKalb County,1.0,1.0,1.0,1.0,City,Metro Large
17043,IL,DuPage County,1.0,1.0,1.0,1.0,City,Metro Large
17063,IL,Grundy County,1.0,1.0,1.0,1.0,City,Metro Large
17083,IL,Jersey County,1.0,1.0,1.0,1.0,City,Metro Large
17089,IL,Kane County,1.0,1.0,1.0,1.0,City,Metro Large
17093,IL,Kendall County,1.0,1.0,1.0,1.0,City,Metro Large
17097,IL,Lake County,1.0,1.0,1.0,1.0,City,Metro Large
17111,IL,McHenry County,1.0,1.0,1.0,1.0,City,Metro Large
17117,IL,Macoupin County,1.0,1.0,1.0,1.0,City,Metro Large
17119,IL,Madison County,1.0,1.0,1.0,1.0,City,Metro Large
17133,IL,Monroe County,1.0,1.0,1.0,1.0,City,Metro Large
17163,IL,St. Clair County,1.0,1.0,1.0,1.0,City,Metro Large
17197,IL,Will County,1.0,1.0,1.0,1.0,City,Metro Large
18011,IN,Boone County,1.0,1.0,1.0,1.0,City,Metro Large
18013,IN,Brown County,1.0,1.0,1.0,1.0,City,Metro Large
18019,IN,Clark County,1.0,1.0,1.0,1.0,City,Metro Large
18029,IN,Dearborn County,1.0,1.0,1.0,1.0,City,Metro Large
18043,IN,Floyd County,1.0,1.0,1.0,1.0,City,Metro Large
18057,IN,Hamilton County,1.0,1.0,1.0,1.0,City,Metro Large
18059,IN,Hancock County,1.0,1.0,1.0,1.0,City,Metro Large
18061,IN,Harrison County,1.0,1.0,1.0,1.0,City,Metro Large
18063,IN,Hendricks County,1.0,1.0,1.0,1.0,City,Metro Large
18073,IN,Jasper County,1.0,1.0,1.0,1.0,City,Metro Large
18081,IN,Johnson County,1.0,1.0,1.0,1.0,City,Metro Large
18089,IN,Lake County,1.0,1.0,1.0,1.0,City,Metro Large
18095,IN,Madison County,3.0,2.0,1.0,1.0,City,Metro Large
18097,IN,Marion County,1.0,1.0,1.0,1.0,City,Metro Large
18109,IN,Morgan County,1.0,1.0,1.0,1.0,City,Metro Large
18111,IN,Newton County,1.0,1.0,1.0,1.0,City,Metro Large
18115,IN,Ohio County,1.0,1.0,1.0,1.0,City,Metro Large
18127,IN,Porter County,1.0,1.0,1.0,1.0,City,Metro Large
18133,IN,Putnam County,1.0,1.0,1.0,1.0,City,Metro Large
18143,IN,Scott County,6.0,3.0,1.0,1.0,City,Metro Large
18145,IN,Shelby County,1.0,1.0,1.0,1.0,City,Metro Large
18161,IN,Union County,8.0,4.0,1.0,1.0,City,Metro Large
18175,IN,Washington County,1.0,1.0,1.0,1.0,City,Metro Large
20091,KS,Johnson County,1.0,1.0,1.0,1.0,City,Metro Large
20103,KS,Leavenworth County,1.0,1.0,1.0,1.0,City,Metro Large
20107,KS,Linn County,1.0,1.0,1.0,1.0,City,Metro Large
20121,KS,Miami County,1.0,1.0,1.0,1.0,City,Metro Large
20209,KS,Wyandotte County,1.0,1.0,1.0,1.0,City,Metro Large
21015,KY,Boone County,1.0,1.0,1.0,1.0,City,Metro Large
21023,KY,Bracken County,1.0,1.0,1.0,1.0,City,Metro Large
21029,KY,Bullitt County,1.0,1.0,1.0,1.0,City,Metro Large
21037,KY,Campbell County,1.0,1.0,1.0,1.0,City,Metro Large
21077,KY,Gallatin County,1.0,1.0,1.0,1.0,City,Metro Large
21081,KY,Grant County,1.0,1.0,1.0,1.0,City,Metro Large
21103,KY,Henry County,1.0,1.0,1.0,1.0,City,Metro Large
21111,KY,Jefferson County,1.0,1.0,1.0,1.0,City,Metro Large
21117,KY,Kenton County,1.0,1.0,1.0,1.0,City,Metro Large
21185,KY,Oldham County,1.0,1.0,1.0,1.0,City,Metro Large
21191,KY,Pendleton County,1.0,1.0,1.0,1.0,City,Metro Large
21211,KY,Shelby County,1.0,1.0,1.0,1.0,City,Metro Large
21215,KY,Spencer County,1.0,1.0,1.0,1.0,City,Metro Large
21223,KY,Trimble County,1.0,1.0,1.0,1.0,City,Metro Large
22051,LA,Jefferson Parish,1.0,1.0,1.0,1.0,City,Metro Large
22071,LA,Orleans Parish,1.0,1.0,1.0,1.0,City,Metro Large
22075,LA,Plaquemines Parish,1.0,1.0,1.0,1.0,City,Metro Large
22087,LA,St. Bernard Parish,1.0,1.0,1.0,1.0,City,Metro Large
22089,LA,St. Charles Parish,1.0,1.0,1.0,1.0,City,Metro Large
22093,LA,St. James Parish,6.0,4.0,1.0,1.0,City,Metro Large
22095,LA,St. John the Baptist Parish,1.0,1.0,1.0,1.0,City,Metro Large
22103,LA,St. Tammany Parish,1.0,1.0,1.0,1.0,City,Metro Large
24003,MD,Anne Arundel County,1.0,1.0,1.0,1.0,City,Metro Large
24005,MD,Baltimore County,1.0,1.0,1.0,1.0,City,Metro Large
24009,MD,Calvert County,1.0,1.0,1.0,1.0,City,Metro Large
24013,MD,Carroll County,1.0,1.0,1.0,1.0,City,Metro Large
24015,MD,Cecil County,1.0,1.0,1.0,1.0,City,Metro Large
24017,MD,Charles County,1.0,1.0,1.0,1.0,City,Metro Large
24021,MD,Frederick County,1.0,1.0,1.0,1.0,City,Metro Large
24025,MD,Harford County,1.0,1.0,1.0,1.0,City,Metro Large
24027,MD,Howard County,1.0,1.0,1.0,1.0,City,Metro Large
24031,MD,Montgomery County,1.0,1.0,1.0,1.0,City,Metro Large
24033,MD,Prince George's County,1.0,1.0,1.0,1.0,City,Metro Large
24035,MD,Queen Anne's County,1.0,1.0,1.0,1.0,City,Metro Large
24510,MD,Baltimore city,1.0,1.0,1.0,1.0,City,Metro Large
25005,MA,Bristol County,1.0,1.0,1.0,1.0,City,Metro Large
25009,MA,Essex County,1.0,1.0,1.0,1.0,City,Metro Large
25017,MA,Middlesex County,1.0,1.0,1.0,1.0,City,Metro Large
25021,MA,Norfolk County,1.0,1.0,1.0,1.0,City,Metro Large
25023,MA,Plymouth County,1.0,1.0,1.0,1.0,City,Metro Large
25025,MA,Suffolk County,1.0,1.0,1.0,1.0,City,Metro Large
26087,MI,Lapeer County,1.0,1.0,1.0,1.0,City,Metro Large
26093,MI,Livingston County,1.0,1.0,1.0,1.0,City,Metro Large
26099,MI,Macomb County,1.0,1.0,1.0,1.0,City,Metro Large
26125,MI,Oakland County,1.0,1.0,1.0,1.0,City,Metro Large
26147,MI,St. Clair County,1.0,1.0,1.0,1.0,City,Metro Large
26163,MI,Wayne County,1.0,1.0,1.0,1.0,City,Metro Large
27003,MN,Anoka County,1.0,1.0,1.0,1.0,City,Metro Large
27019,MN,Carver County,1.0,1.0,1.0,1.0,City,Metro Large
27025,MN,Chisago County,1.0,1.0,1.0,1.0,City,Metro Large
27037,MN,Dakota County,1.0,1.0,1.0,1.0,City,Metro Large
27053,MN,Hennepin County,1.0,1.0,1.0,1.0,City,Metro Large
27059,MN,Isanti County,1.0,1.0,1.0,1.0,City,Metro Large
27079,MN,Le Sueur County,6.0,4.0,1.0,1.0,City,Metro Large
27095,MN,Mille Lacs County,6.0,4.0,1.0,1.0,City,Metro Large
27123,MN,Ramsey County,1.0,1.0,1.0,1.0,City,Metro Large
27139,MN,Scott County,1.0,1.0,1.0,1.0,City,Metro Large
27141,MN,Sherburne County,1.0,1.0,1.0,1.0,City,Metro Large
27143,MN,Sibley County,8.0,4.0,1.0,1.0,City,Metro Large
27163,MN,Washington County,1.0,1.0,1.0,1.0,City,Metro Large
27171,MN,Wright County,1.0,1.0,1.0,1.0,City,Metro Large
28009,MS,Benton County,8.0,4.0,1.0,1.0,City,Metro Large
28033,MS,DeSoto County,1.0,1.0,1.0,1.0,City,Metro Large
28093,MS,Marshall County,1.0,1.0,1.0,1.0,City,Metro Large
28137,MS,Tate County,1.0,1.0,1.0,1.0,City,Metro Large
28143,MS,Tunica County,1.0,1.0,1.0,1.0,City,Metro Large
29013,MO,Bates County,1.0,1.0,1.0,1.0,City,Metro Large
29025,MO,Caldwell County,1.0,1.0,1.0,1.0,City,Metro Large
29037,MO,Cass County,1.0,1.0,1.0,1.0,City,Metro Large
29047,MO,Clay County,1.0,1.0,1.0,1.0,City,Metro Large
29049,MO,Clinton County,1.0,1.0,1.0,1.0,City,Metro Large
29071,MO,Franklin County,1.0,1.0,1.0,1.0,City,Metro Large
29095,MO,Jackson County,1.0,1.0,1.0,1.0,City,Metro Large
29099,MO,Jefferson County,1.0,1.0,1.0,1.0,City,Metro Large
29107,MO,Lafayette County,1.0,1.0,1.0,1.0,City,Metro Large
29113,MO,Lincoln County,1.0,1.0,1.0,1.0,City,Metro Large
29165,MO,Platte County,1.0,1.0,1.0,1.0,City,Metro Large
29177,MO,Ray County,1.0,1.0,1.0,1.0,City,Metro Large
29183,MO,St. Charles County,1.0,1.0,1.0,1.0,City,Metro Large
29189,MO,St. Louis County,1.0,1.0,1.0,1.0,City,Metro Large
29219,MO,Warren County,1.0,1.0,1.0,1.0,City,Metro Large
29510,MO,St. Louis city,1.0,1.0,1.0,1.0,City,Metro Large
32003,NV,Clark County,1.0,1.0,1.0,1.0,City,Metro Large
33015,NH,Rockingham County,1.0,1.0,1.0,1.0,City,Metro Large
33017,NH,Strafford County,1.0,1.0,1.0,1.0,City,Metro Large
34003,NJ,Bergen County,1.0,1.0,1.0,1.0,City,Metro Large
34005,NJ,Burlington County,1.0,1.0,1.0,1.0,City,Metro Large
34007,NJ,Camden County,1.0,1.0,1.0,1.0,City,Metro Large
34013,NJ,Essex County,1.0,1.0,1.0,1.0,City,Metro Large
34015,NJ,Gloucester County,1.0,1.0,1.0,1.0,City,Metro Large
34017,NJ,Hudson County,1.0,1.0,1.0,1.0,City,Metro Large
34019,NJ,Hunterdon County,1.0,1.0,1.0,1.0,City,Metro Large
34023,NJ,Middlesex County,1.0,1.0,1.0,1.0,City,Metro Large
34025,NJ,Monmouth County,1.0,1.0,1.0,1.0,City,Metro Large
34027,NJ,Morris County,1.0,1.0,1.0,1.0,City,Metro Large
34029,NJ,Ocean County,1.0,1.0,1.0,1.0,City,Metro Large
34031,NJ,Passaic County,1.0,1.0,1.0,1.0,City,Metro Large
34033,NJ,Salem County,1.0,1.0,1.0,1.0,City,Metro Large
34035,NJ,Somerset County,1.0,1.0,1.0,1.0,City,Metro Large
34037,NJ,Sussex County,1.0,1.0,1.0,1.0,City,Metro Large
34039,NJ,Union County,1.0,1.0,1.0,1.0,City,Metro Large
36005,NY,Bronx County,1.0,1.0,1.0,1.0,City,Metro Large
36027,NY,Dutchess County,2.0,2.0,1.0,1.0,City,Metro Large
36029,NY,Erie County,1.0,1.0,1.0,1.0,City,Metro Large
36047,NY,Kings County,1.0,1.0,1.0,1.0,City,Metro Large
36051,NY,Livingston County,1.0,1.0,1.0,1.0,City,Metro Large
36055,NY,Monroe County,1.0,1.0,1.0,1.0,City,Metro Large
36059,NY,Nassau County,1.0,1.0,1.0,1.0,City,Metro Large
36061,NY,New York County,1.0,1.0,1.0,1.0,City,Metro Large
36063,NY,Niagara County,1.0,1.0,1.0,1.0,City,Metro Large
36069,NY,Ontario County,1.0,1.0,1.0,1.0,City,Metro Large
36071,NY,Orange County,2.0,2.0,1.0,1.0,City,Metro Large
36073,NY,Orleans County,1.0,1.0,1.0,1.0,City,Metro Large
36079,NY,Putnam County,1.0,1.0,1.0,1.0,City,Metro Large
36081,NY,Queens County,1.0,1.0,1.0,1.0,City,Metro Large
36085,NY,Richmond County,1.0,1.0,1.0,1.0,City,Metro Large
36087,NY,Rockland County,1.0,1.0,1.0,1.0,City,Metro Large
36103,NY,Suffolk County,1.0,1.0,1.0,1.0,City,Metro Large
36117,NY,Wayne County,1.0,1.0,1.0,1.0,City,Metro Large
36119,NY,Westchester County,1.0,1.0,1.0,1.0,City,Metro Large
36123,NY,Yates County,6.0,4.0,1.0,1.0,City,Metro Large
37025,NC,Cabarrus County,1.0,1.0,1.0,1.0,City,Metro Large
37053,NC,Currituck County,1.0,1.0,1.0,1.0,City,Metro Large
37069,NC,Franklin County,2.0,2.0,1.0,1.0,City,Metro Large
37071,NC,Gaston County,1.0,1.0,1.0,1.0,City,Metro Large
37073,NC,Gates County,8.0,4.0,1.0,1.0,City,Metro Large
37097,NC,Iredell County,4.0,3.0,1.0,1.0,City,Metro Large
37101,NC,Johnston County,2.0,2.0,1.0,1.0,City,Metro Large
37109,NC,Lincoln County,4.0,3.0,1.0,1.0,City,Metro Large
37119,NC,Mecklenburg County,1.0,1.0,1.0,1.0,City,Metro Large
37159,NC,Rowan County,4.0,3.0,1.0,1.0,City,Metro Large
37179,NC,Union County,1.0,1.0,1.0,1.0,City,Metro Large
37183,NC,Wake County,2.0,2.0,1.0,1.0,City,Metro Large
39015,OH,Brown County,1.0,1.0,1.0,1.0,City,Metro Large
39017,OH,Butler County,1.0,1.0,1.0,1.0,City,Metro Large
39025,OH,Clermont County,1.0,1.0,1.0,1.0,City,Metro Large
39035,OH,Cuyahoga County,1.0,1.0,1.0,1.0,City,Metro Large
39041,OH,Delaware County,1.0,1.0,1.0,1.0,City,Metro Large
39045,OH,Fairfield County,1.0,1.0,1.0,1.0,City,Metro Large
39049,OH,Franklin County,1.0,1.0,1.0,1.0,City,Metro Large
39055,OH,Geauga County,1.0,1.0,1.0,1.0,City,Metro Large
39061,OH,Hamilton County,1.0,1.0,1.0,1.0,City,Metro Large
39073,OH,Hocking County,6.0,4.0,1.0,1.0,City,Metro Large
39085,OH,Lake County,1.0,1.0,1.0,1.0,City,Metro Large
39089,OH,Licking County,1.0,1.0,1.0,1.0,City,Metro Large
39093,OH,Lorain County,1.0,1.0,1.0,1.0,City,Metro Large
39097,OH,Madison County,1.0,1.0,1.0,1.0,City,Metro Large
39103,OH,Medina County,1.0,1.0,1.0,1.0,City,Metro Large
39117,OH,Morrow County,1.0,1.0,1.0,1.0,City,Metro Large
39127,OH,Perry County,6.0,4.0,1.0,1.0,City,Metro Large
39129,OH,Pickaway County,1.0,1.0,1.0,1.0,City,Metro Large
39159,OH,Union County,1.0,1.0,1.0,1.0,City,Metro Large
39165,OH,Warren County,1.0,1.0,1.0,1.0,City,Metro Large
40017,OK,Canadian County,1.0,1.0,1.0,1.0,City,Metro Large
40027,OK,Cleveland County,1.0,1.0,1.0,1.0,City,Metro Large
40051,OK,Grady County,1.0,1.0,1.0,1.0,City,Metro Large
40081,OK,Lincoln County,1.0,1.0,1.0,1.0,City,Metro Large
40083,OK,Logan County,1.0,1.0,1.0,1.0,City,Metro Large
40087,OK,McClain County,1.0,1.0,1.0,1.0,City,Metro Large
40109,OK,Oklahoma County,1.0,1.0,1.0,1.0,City,Metro Large
41005,OR,Clackamas County,1.0,1.0,1.0,1.0,City,Metro Large
41009,OR,Columbia County,1.0,1.0,1.0,1.0,City,Metro Large
41051,OR,Multnomah County,1.0,1.0,1.0,1.0,City,Metro Large
41067,OR,Washington County,1.0,1.0,1.0,1.0,City,Metro Large
41071,OR,Yamhill County,1.0,1.0,1.0,1.0,City,Metro Large
42003,PA,Allegheny County,1.0,1.0,1.0,1.0,City,Metro Large
42005,PA,Armstrong County,1.0,1.0,1.0,1.0,City,Metro Large
42007,PA,Beaver County,1.0,1.0,1.0,1.0,City,Metro Large
42017,PA,Bucks County,1.0,1.0,1.0,1.0,City,Metro Large
42019,PA,Butler County,1.0,1.0,1.0,1.0,City,Metro Large
42029,PA,Chester County,1.0,1.0,1.0,1.0,City,Metro Large
42045,PA,Delaware County,1.0,1.0,1.0,1.0,City,Metro Large
42051,PA,Fayette County,1.0,1.0,1.0,1.0,City,Metro Large
42091,PA,Montgomery County,1.0,1.0,1.0,1.0,City,Metro Large
42101,PA,Philadelphia County,1.0,1.0,1.0,1.0,City,Metro Large
42103,PA,Pike County,1.0,1.0,1.0,1.0,City,Metro Large
42125,PA,Washington County,1.0,1.0,1.0,1.0,City,Metro Large
42129,PA,Westmoreland County,1.0,1.0,1.0,1.0,City,Metro Large
44001,RI,Bristol County,1.0,1.0,1.0,1.0,City,Metro Large
44003,RI,Kent County,1.0,1.0,1.0,1.0,City,Metro Large
44005,RI,Newport County,1.0,1.0,1.0,1.0,City,Metro Large
44007,RI,Providence County,1.0,1.0,1.0,1.0,City,Metro Large
44009,RI,Washington County,1.0,1.0,1.0,1.0,City,Metro Large
45023,SC,Chester County,6.0,3.0,1.0,1.0,City,Metro Large
45057,SC,Lancaster County,4.0,3.0,1.0,1.0,City,Metro Large
45091,SC,York County,1.0,1.0,1.0,1.0,City,Metro Large
47015,TN,Cannon County,1.0,1.0,1.0,1.0,City,Metro Large
47021,TN,Cheatham County,1.0,1.0,1.0,1.0,City,Metro Large
47037,TN,Davidson County,1.0,1.0,1.0,1.0,City,Metro Large
47043,TN,Dickson County,1.0,1.0,1.0,1.0,City,Metro Large
47047,TN,Fayette County,1.0,1.0,1.0,1.0,City,Metro Large
47081,TN,Hickman County,1.0,1.0,1.0,1.0,City,Metro Large
47111,TN,Macon County,1.0,1.0,1.0,1.0,City,Metro Large
47119,TN,Maury County,4.0,3.0,1.0,1.0,City,Metro Large
47147,TN,Robertson County,1.0,1.0,1.0,1.0,City,Metro Large
47149,TN,Rutherford County,1.0,1.0,1.0,1.0,City,Metro Large
47157,TN,Shelby County,1.0,1.0,1.0,1.0,City,Metro Large
47159,TN,Smith County,1.0,1.0,1.0,1.0,City,Metro Large
47165,TN,Sumner County,1.0,1.0,1.0,1.0,City,Metro Large
47167,TN,Tipton County,1.0,1.0,1.0,1.0,City,Metro Large
47169,TN,Trousdale County,1.0,1.0,1.0,1.0,City,Metro Large
47187,TN,Williamson County,1.0,1.0,1.0,1.0,City,Metro Large
47189,TN,Wilson County,1.0,1.0,1.0,1.0,City,Metro Large
48013,TX,Atascosa County,1.0,1.0,1.0,1.0,City,Metro Large
48015,TX,Austin County,1.0,1.0,1.0,1.0,City,Metro Large
48019,TX,Bandera County,1.0,1.0,1.0,1.0,City,Metro Large
48021,TX,Bastrop County,1.0,1.0,1.0,1.0,City,Metro Large
48029,TX,Bexar County,1.0,1.0,1.0,1.0,City,Metro Large
48039,TX,Brazoria County,1.0,1.0,1.0,1.0,City,Metro Large
48055,TX,Caldwell County,1.0,1.0,1.0,1.0,City,Metro Large
48071,TX,Chambers County,1.0,1.0,1.0,1.0,City,Metro Large
48085,TX,Collin County,1.0,1.0,1.0,1.0,City,Metro Large
48091,TX,Comal County,1.0,1.0,1.0,1.0,City,Metro Large
48113,TX,Dallas County,1.0,1.0,1.0,1.0,City,Metro Large
48121,TX,Denton County,1.0,1.0,1.0,1.0,City,Metro Large
48139,TX,Ellis County,1.0,1.0,1.0,1.0,City,Metro Large
48157,TX,Fort Bend County,1.0,1.0,1.0,1.0,City,Metro Large
48167,TX,Galveston County,1.0,1.0,1.0,1.0,City,Metro Large
48187,TX,Guadalupe County,1.0,1.0,1.0,1.0,City,Metro Large
48201,TX,Harris County,1.0,1.0,1.0,1.0,City,Metro Large
48209,TX,Hays County,1.0,1.0,1.0,1.0,City,Metro Large
48221,TX,Hood County,4.0,3.0,1.0,1.0,City,Metro Large
48231,TX,Hunt County,1.0,1.0,1.0,1.0,City,Metro Large
48251,TX,Johnson County,1.0,1.0,1.0,1.0,City,Metro Large
48257,TX,Kaufman County,1.0,1.0,1.0,1.0,City,Metro Large
48259,TX,Kendall County,1.0,1.0,1.0,1.0,City,Metro Large
48291,TX,Liberty County,1.0,1.0,1.0,1.0,City,Metro Large
48325,TX,Medina County,1.0,1.0,1.0,1.0,City,Metro Large
48339,TX,Montgomery County,1.0,1.0,1.0,1.0,City,Metro Large
48367,TX,Parker County,1.0,1.0,1.0,1.0,City,Metro Large
48397,TX,Rockwall County,1.0,1.0,1.0,1.0,City,Metro Large
48425,TX,Somervell County,8.0,3.0,1.0,1.0,City,Metro Large
48439,TX,Tarrant County,1.0,1.0,1.0,1.0,City,Metro Large
48453,TX,Travis County,1.0,1.0,1.0,1.0,City,Metro Large
48473,TX,Waller County,1.0,1.0,1.0,1.0,City,Metro Large
48491,TX,Williamson County,1.0,1.0,1.0,1.0,City,Metro Large
48493,TX,Wilson County,1.0,1.0,1.0,1.0,City,Metro Large
48497,TX,Wise County,1.0,1.0,1.0,1.0,City,Metro Large
49035,UT,Salt Lake County,2.0,2.0,1.0,1.0,City,Metro Large
49045,UT,Tooele County,2.0,2.0,1.0,1.0,City,Metro Large
51007,VA,Amelia County,1.0,1.0,1.0,1.0,City,Metro Large
51013,VA,Arlington County,1.0,1.0,1.0,1.0,City,Metro Large
51033,VA,Caroline County,1.0,1.0,1.0,1.0,City,Metro Large
51036,VA,Charles City County,1.0,1.0,1.0,1.0,City,Metro Large
51041,VA,Chesterfield County,1.0,1.0,1.0,1.0,City,Metro Large
51043,VA,Clarke County,1.0,1.0,1.0,1.0,City,Metro Large
51047,VA,Culpeper County,6.0,4.0,1.0,1.0,City,Metro Large
51053,VA,Dinwiddie County,1.0,1.0,1.0,1.0,City,Metro Large
51059,VA,Fairfax County,1.0,1.0,1.0,1.0,City,Metro Large
51061,VA,Fauquier County,1.0,1.0,1.0,1.0,City,Metro Large
51073,VA,Gloucester County,1.0,1.0,1.0,1.0,City,Metro Large
51075,VA,Goochland County,1.0,1.0,1.0,1.0,City,Metro Large
51085,VA,Hanover County,1.0,1.0,1.0,1.0,City,Metro Large
51087,VA,Henrico County,1.0,1.0,1.0,1.0,City,Metro Large
51093,VA,Isle of Wight County,1.0,1.0,1.0,1.0,City,Metro Large
51095,VA,James City County,1.0,1.0,1.0,1.0,City,Metro Large
51101,VA,King William County,1.0,1.0,1.0,1.0,City,Metro Large
51107,VA,Loudoun County,1.0,1.0,1.0,1.0,City,Metro Large
51115,VA,Mathews County,1.0,1.0,1.0,1.0,City,Metro Large
51127,VA,New Kent County,1.0,1.0,1.0,1.0,City,Metro Large
51145,VA,Powhatan County,1.0,1.0,1.0,1.0,City,Metro Large
51149,VA,Prince George County,1.0,1.0,1.0,1.0,City,Metro Large
51153,VA,Prince William County,1.0,1.0,1.0,1.0,City,Metro Large
51157,VA,Rappahannock County,8.0,4.0,1.0,1.0,City,Metro Large
51177,VA,Spotsylvania County,1.0,1.0,1.0,1.0,City,Metro Large
51179,VA,Stafford County,1.0,1.0,1.0,1.0,City,Metro Large
51183,VA,Sussex County,1.0,1.0,1.0,1.0,City,Metro Large
51187,VA,Warren County,1.0,1.0,1.0,1.0,City,Metro Large
51199,VA,York County,1.0,1.0,1.0,1.0,City,Metro Large
51510,VA,Alexandria city,1.0,1.0,1.0,1.0,City,Metro Large
51550,VA,Chesapeake city,1.0,1.0,1.0,1.0,City,Metro Large
51570,VA,Colonial Heights city,1.0,1.0,1.0,1.0,City,Metro Large
51600,VA,Fairfax city,1.0,1.0,1.0,1.0,City,Metro Large
51610,VA,Falls Church city,1.0,1.0,1.0,1.0,City,Metro Large
51630,VA,Fredericksburg city,1.0,1.0,1.0,1.0,City,Metro Large
51650,VA,Hampton city,1.0,1.0,1.0,1.0,City,Metro Large
51670,VA,Hopewell city,1.0,1.0,1.0,1.0,City,Metro Large
51683,VA,Manassas city,1.0,1.0,1.0,1.0,City,Metro Large
51685,VA,Manassas Park city,1.0,1.0,1.0,1.0,City,Metro Large
51700,VA,Newport News city,1.0,1.0,1.0,1.0,City,Metro Large
51710,VA,Norfolk city,1.0,1.0,1.0,1.0,City,Metro Large
51730,VA,Petersburg city,1.0,1.0,1.0,1.0,City,Metro Large
51735,VA,Poquoson city,1.0,1.0,1.0,1.0,City,Metro Large
51740,VA,Portsmouth city,1.0,1.0,1.0,1.0,City,Metro Large
51760,VA,Richmond city,1.0,1.0,1.0,1.0,City,Metro Large
51800,VA,Suffolk city,1.0,1.0,1.0,1.0,City,Metro Large
51810,VA,Virginia Beach city,1.0,1.0,1.0,1.0,City,Metro Large
51830,VA,Williamsburg city,1.0,1.0,1.0,1.0,City,Metro Large
53011,WA,Clark County,1.0,1.0,1.0,1.0,City,Metro Large
53033,WA,King County,1.0,1.0,1.0,1.0,City,Metro Large
53053,WA,Pierce County,1.0,1.0,1.0,1.0,City,Metro Large
53059,WA,Skamania County,1.0,1.0,1.0,1.0,City,Metro Large
53061,WA,Snohomish County,1.0,1.0,1.0,1.0,City,Metro Large
54037,WV,Jefferson County,1.0,1.0,1.0,1.0,City,Metro Large
55059,WI,Kenosha County,1.0,1.0,1.0,1.0,City,Metro Large
55079,WI,Milwaukee County,1.0,1.0,1.0,1.0,City,Metro Large
55089,WI,Ozaukee County,1.0,1.0,1.0,1.0,City,Metro Large
55093,WI,Pierce County,1.0,1.0,1.0,1.0,City,Metro Large
55109,WI,St. Croix County,1.0,1.0,1.0,1.0,City,Metro Large
55131,WI,Washington County,1.0,1.0,1.0,1.0,City,Metro Large
55133,WI,Waukesha County,1.0,1.0,1.0,1.0,City,Metro Large
72007,PR,Aguas Buenas Municipio,1.0,1.0,1.0,1.0,City,Metro Large
72009,PR,Aibonito Municipio,1.0,1.0,1.0,1.0,City,Metro Large
72017,PR,Barceloneta Municipio,1.0,1.0,1.0,1.0,City,Metro Large
72019,PR,Barranquitas Municipio,1.0,1.0,1.0,1.0,City,Metro Large
72021,PR,Bayamón Municipio,1.0,1.0,1.0,1.0,City,Metro Large
72025,PR,Caguas Municipio,1.0,1.0,1.0,1.0,City,Metro Large
72029,PR,Canóvanas Municipio,1.0,1.0,1.0,1.0,City,Metro Large
72031,PR,Carolina Municipio,1.0,1.0,1.0,1.0,City,Metro Large
72033,PR,Cataño Municipio,1.0,1.0,1.0,1.0,City,Metro Large
72035,PR,Cayey Municipio,1.0,1.0,1.0,1.0,City,Metro Large
72037,PR,Ceiba Municipio,3.0,2.0,1.0,1.0,City,Metro Large
72039,PR,Ciales Municipio,1.0,1.0,1.0,1.0,City,Metro Large
72041,PR,Cidra Municipio,1.0,1.0,1.0,1.0,City,Metro Large
72045,PR,Comerío Municipio,1.0,1.0,1.0,1.0,City,Metro Large
72047,PR,Corozal Municipio,1.0,1.0,1.0,1.0,City,Metro Large
72051,PR,Dorado Municipio,1.0,1.0,1.0,1.0,City,Metro Large
72053,PR,Fajardo Municipio,3.0,2.0,1.0,1.0,City,Metro Large
72054,PR,Florida Municipio,1.0,1.0,1.0,1.0,City,Metro Large
72061,PR,Guaynabo Municipio,1.0,1.0,1.0,1.0,City,Metro Large
72063,PR,Gurabo Municipio,1.0,1.0,1.0,1.0,City,Metro Large
72069,PR,Humacao Municipio,1.0,1.0,1.0,1.0,City,Metro Large
72077,PR,Juncos Municipio,1.0,1.0,1.0,1.0,City,Metro Large
72085,PR,Las Piedras Municipio,1.0,1.0,1.0,1.0,City,Metro Large
72087,PR,Loíza Municipio,1.0,1.0,1.0,1.0,City,Metro Large
72089,PR,Luquillo Municipio,3.0,2.0,1.0,1.0,City,Metro Large
72091,PR,Manatí Municipio,1.0,1.0,1.0,1.0,City,Metro Large
72095,PR,Maunabo Municipio,1.0,1.0,1.0,1.0,City,Metro Large
72101,PR,Morovis Municipio,1.0,1.0,1.0,1.0,City,Metro Large
72103,PR,Naguabo Municipio,1.0,1.0,1.0,1.0,City,Metro Large
72105,PR,Naranjito Municipio,1.0,1.0,1.0,1.0,City,Metro Large
72107,PR,Orocovis Municipio,1.0,1.0,1.0,1.0,City,Metro Large
72119,PR,Río Grande Municipio,1.0,1.0,1.0,1.0,City,Metro Large
72127,PR,San Juan Municipio,1.0,1.0,1.0,1.0,City,Metro Large
72129,PR,San Lorenzo Municipio,1.0,1.0,1.0,1.0,City,Metro Large
72135,PR,Toa Alta Municipio,1.0,1.0,1.0,1.0,City,Metro Large
72137,PR,Toa Baja Municipio,1.0,1.0,1.0,1.0,City,Metro Large
72139,PR,Trujillo Alto Municipio,1.0,1.0,1.0,1.0,City,Metro Large
72143,PR,Vega Alta Municipio,1.0,1.0,1.0,1.0,City,Metro Large
72145,PR,Vega Baja Municipio,1.0,1.0,1.0,1.0,City,Metro Large
72151,PR,Yabucoa Municipio,1.0,1.0,1.0,1.0,City,Metro Large
01001,AL,Autauga County,2.0,2.0,2.0,2.0,City,Metro Medium
01003,AL,Baldwin County,4.0,5.0,3.0,2.0,City,Metro Small
01015,AL,Calhoun County,3.0,2.0,3.0,2.0,City,Metro Small
01033,AL,Colbert County,3.0,2.0,3.0,2.0,City,Metro Small
01051,AL,Elmore County,2.0,2.0,2.0,2.0,City,Metro Medium
01055,AL,Etowah County,3.0,2.0,3.0,2.0,City,Metro Small
01061,AL,Geneva County,3.0,2.0,3.0,2.0,City,Metro Small
01065,AL,Hale County,3.0,2.0,3.0,2.0,City,Metro Small
01067,AL,Henry County,3.0,2.0,3.0,2.0,City,Metro Small
01069,AL,Houston County,3.0,2.0,3.0,2.0,City,Metro Small
01077,AL,Lauderdale County,3.0,2.0,3.0,2.0,City,Metro Small
01079,AL,Lawrence County,3.0,2.0,3.0,2.0,City,Metro Small
01081,AL,Lee County,3.0,2.0,3.0,2.0,City,Metro Small
01083,AL,Limestone County,2.0,2.0,2.0,2.0,City,Metro Medium
01085,AL,Lowndes County,2.0,2.0,2.0,2.0,City,Metro Medium
01089,AL,Madison County,2.0,2.0,2.0,2.0,City,Metro Medium
01097,AL,Mobile County,2.0,2.0,2.0,2.0,City,Metro Medium
01101,AL,Montgomery County,2.0,2.0,2.0,2.0,City,Metro Medium
01103,AL,Morgan County,3.0,2.0,3.0,2.0,City,Metro Small
01107,AL,Pickens County,8.0,6.0,3.0,2.0,City,Metro Small
01113,AL,Russell County,2.0,2.0,2.0,2.0,City,Metro Medium
01125,AL,Tuscaloosa County,3.0,2.0,3.0,2.0,City,Metro Small
02020,AK,Anchorage Municipality,2.0,2.0,2.0,2.0,City,Metro Medium
02090,AK,Fairbanks North Star Borough,3.0,2.0,3.0,2.0,City,Metro Small
02170,AK,Matanuska-Susitna Borough,2.0,2.0,2.0,2.0,City,Metro Medium
04003,AZ,Cochise County,4.0,5.0,3.0,2.0,City,Metro Small
04005,AZ,Coconino County,3.0,2.0,3.0,2.0,City,Metro Small
04015,AZ,Mohave County,4.0,3.0,3.0,2.0,City,Metro Small
04019,AZ,Pima County,2.0,2.0,2.0,2.0,City,Metro Medium
04025,AZ,Yavapai County,3.0,2.0,3.0,2.0,City,Metro Small
04027,AZ,Yuma County,3.0,2.0,3.0,2.0,City,Metro Small
05007,AR,Benton County,2.0,2.0,2.0,2.0,City,Metro Medium
05025,AR,Cleveland County,3.0,2.0,3.0,2.0,City,Metro Small
05031,AR,Craighead County,3.0,2.0,3.0,2.0,City,Metro Small
05033,AR,Crawford County,2.0,2.0,2.0,2.0,City,Metro Medium
05045,AR,Faulkner County,2.0,2.0,2.0,2.0,City,Metro Medium
05051,AR,Garland County,3.0,2.0,3.0,2.0,City,Metro Small
05053,AR,Grant County,2.0,2.0,2.0,2.0,City,Metro Medium
05069,AR,Jefferson County,3.0,2.0,3.0,2.0,City,Metro Small
05079,AR,Lincoln County,3.0,2.0,3.0,2.0,City,Metro Small
05081,AR,Little River County,6.0,6.0,3.0,2.0,City,Metro Small
05085,AR,Lonoke County,2.0,2.0,2.0,2.0,City,Metro Medium
05087,AR,Madison County,2.0,2.0,2.0,2.0,City,Metro Medium
05091,AR,Miller County,3.0,2.0,3.0,2.0,City,Metro Small
05105,AR,Perry County,2.0,2.0,2.0,2.0,City,Metro Medium
05111,AR,Poinsett County,3.0,2.0,3.0,2.0,City,Metro Small
05119,AR,Pulaski County,2.0,2.0,2.0,2.0,City,Metro Medium
05125,AR,Saline County,2.0,2.0,2.0,2.0,City,Metro Medium
05131,AR,Sebastian County,2.0,2.0,2.0,2.0,City,Metro Medium
05143,AR,Washington County,2.0,2.0,2.0,2.0,City,Metro Medium
06007,CA,Butte County,3.0,2.0,3.0,2.0,City,Metro Small
06019,CA,Fresno County,2.0,2.0,2.0,2.0,City,Metro Medium
06025,CA,Imperial County,3.0,2.0,3.0,2.0,City,Metro Small
06029,CA,Kern County,2.0,2.0,2.0,2.0,City,Metro Medium
06031,CA,Kings County,3.0,2.0,3.0,2.0,City,Metro Small
06039,CA,Madera County,3.0,2.0,3.0,2.0,City,Metro Small
06047,CA,Merced County,3.0,2.0,2.0,2.0,City,Metro Medium
06053,CA,Monterey County,2.0,2.0,2.0,2.0,City,Metro Medium
06055,CA,Napa County,3.0,2.0,3.0,2.0,City,Metro Small
06077,CA,San Joaquin County,2.0,2.0,2.0,2.0,City,Metro Medium
06079,CA,San Luis Obispo County,3.0,2.0,2.0,2.0,City,Metro Medium
06083,CA,Santa Barbara County,2.0,2.0,2.0,2.0,City,Metro Medium
06087,CA,Santa Cruz County,2.0,2.0,2.0,2.0,City,Metro Medium
06089,CA,Shasta County,3.0,2.0,3.0,2.0,City,Metro Small
06095,CA,Solano County,2.0,2.0,2.0,2.0,City,Metro Medium
06097,CA,Sonoma County,2.0,2.0,2.0,2.0,City,Metro Medium
06099,CA,Stanislaus County,2.0,2.0,2.0,2.0,City,Metro Medium
06101,CA,Sutter County,3.0,2.0,3.0,2.0,City,Metro Small
06107,CA,Tulare County,2.0,2.0,2.0,2.0,City,Metro Medium
06111,CA,Ventura County,2.0,2.0,2.0,2.0,City,Metro Medium
06115,CA,Yuba County,3.0,2.0,3.0,2.0,City,Metro Small
08013,CO,Boulder County,2.0,2.0,2.0,2.0,City,Metro Medium
08041,CO,El Paso County,2.0,2.0,2.0,2.0,City,Metro Medium
08069,CO,Larimer County,2.0,2.0,2.0,2.0,City,Metro Medium
08077,CO,Mesa County,3.0,2.0,3.0,2.0,City,Metro Small
08101,CO,Pueblo County,3.0,2.0,3.0,2.0,City,Metro Small
08119,CO,Teller County,2.0,2.0,2.0,2.0,City,Metro Medium
08123,CO,Weld County,3.0,2.0,2.0,2.0,City,Metro Medium
09001,CT,Fairfield County,2.0,2.0,2.0,2.0,City,Metro Medium
09009,CT,New Haven County,2.0,2.0,2.0,2.0,City,Metro Medium
09011,CT,New London County,2.0,2.0,2.0,2.0,City,Metro Medium
09015,CT,Windham County,4.0,5.0,2.0,2.0,City,Metro Medium
10001,DE,Kent County,3.0,2.0,3.0,2.0,City,Metro Small
10005,DE,Sussex County,4.0,5.0,2.0,2.0,City,Metro Medium
12001,FL,Alachua County,3.0,2.0,2.0,2.0,City,Metro Medium
12005,FL,Bay County,3.0,2.0,3.0,2.0,City,Metro Small
12009,FL,Brevard County,2.0,2.0,2.0,2.0,City,Metro Medium
12015,FL,Charlotte County,3.0,2.0,3.0,2.0,City,Metro Small
12017,FL,Citrus County,4.0,5.0,3.0,2.0,City,Metro Small
12021,FL,Collier County,2.0,2.0,2.0,2.0,City,Metro Medium
12033,FL,Escambia County,2.0,2.0,2.0,2.0,City,Metro Medium
12035,FL,Flagler County,4.0,5.0,2.0,2.0,City,Metro Medium
12039,FL,Gadsden County,2.0,2.0,2.0,2.0,City,Metro Medium
12041,FL,Gilchrist County,3.0,2.0,2.0,2.0,City,Metro Medium
12045,FL,Gulf County,6.0,6.0,3.0,2.0,City,Metro Small
12055,FL,Highlands County,4.0,5.0,3.0,2.0,City,Metro Small
12061,FL,Indian River County,3.0,2.0,3.0,2.0,City,Metro Small
12065,FL,Jefferson County,2.0,2.0,2.0,2.0,City,Metro Medium
12071,FL,Lee County,2.0,2.0,2.0,2.0,City,Metro Medium
12073,FL,Leon County,2.0,2.0,2.0,2.0,City,Metro Medium
12081,FL,Manatee County,2.0,2.0,2.0,2.0,City,Metro Medium
12083,FL,Marion County,2.0,2.0,2.0,2.0,City,Metro Medium
12085,FL,Martin County,2.0,2.0,2.0,2.0,City,Metro Medium
12091,FL,Okaloosa County,3.0,2.0,3.0,2.0,City,Metro Small
12105,FL,Polk County,2.0,2.0,2.0,2.0,City,Metro Medium
12111,FL,St. Lucie County,2.0,2.0,2.0,2.0,City,Metro Medium
12113,FL,Santa Rosa County,2.0,2.0,2.0,2.0,City,Metro Medium
12115,FL,Sarasota County,2.0,2.0,2.0,2.0,City,Metro Medium
12119,FL,Sumter County,4.0,3.0,3.0,2.0,City,Metro Small
12127,FL,Volusia County,2.0,2.0,2.0,2.0,City,Metro Medium
12129,FL,Wakulla County,2.0,2.0,2.0,2.0,City,Metro Medium
12131,FL,Walton County,6.0,6.0,3.0,2.0,City,Metro Small
13007,GA,Baker County,3.0,2.0,3.0,2.0,City,Metro Small
13021,GA,Bibb County,3.0,2.0,3.0,2.0,City,Metro Small
13025,GA,Brantley County,3.0,2.0,3.0,2.0,City,Metro Small
13027,GA,Brooks County,3.0,2.0,3.0,2.0,City,Metro Small
13029,GA,Bryan County,2.0,2.0,2.0,2.0,City,Metro Medium
13033,GA,Burke County,2.0,2.0,2.0,2.0,City,Metro Medium
13047,GA,Catoosa County,2.0,2.0,2.0,2.0,City,Metro Medium
13051,GA,Chatham County,2.0,2.0,2.0,2.0,City,Metro Medium
13053,GA,Chattahoochee County,2.0,2.0,2.0,2.0,City,Metro Medium
13059,GA,Clarke County,3.0,2.0,3.0,2.0,City,Metro Small
13073,GA,Columbia County,2.0,2.0,2.0,2.0,City,Metro Medium
13079,GA,Crawford County,3.0,2.0,3.0,2.0,City,Metro Small
13083,GA,Dade County,2.0,2.0,2.0,2.0,City,Metro Medium
13095,GA,Dougherty County,3.0,2.0,3.0,2.0,City,Metro Small
13101,GA,Echols County,3.0,2.0,3.0,2.0,City,Metro Small
13103,GA,Effingham County,2.0,2.0,2.0,2.0,City,Metro Medium
13115,GA,Floyd County,3.0,2.0,3.0,2.0,City,Metro Small
13127,GA,Glynn County,3.0,2.0,3.0,2.0,City,Metro Small
13139,GA,Hall County,3.0,2.0,3.0,2.0,City,Metro Small
13145,GA,Harris County,2.0,2.0,2.0,2.0,City,Metro Medium
13153,GA,Houston County,3.0,2.0,3.0,2.0,City,Metro Small
13169,GA,Jones County,3.0,2.0,3.0,2.0,City,Metro Small
13173,GA,Lanier County,3.0,2.0,3.0,2.0,City,Metro Small
13177,GA,Lee County,3.0,2.0,3.0,2.0,City,Metro Small
13179,GA,Liberty County,3.0,2.0,3.0,2.0,City,Metro Small
13181,GA,Lincoln County,8.0,7.0,2.0,2.0,City,Metro Medium
13183,GA,Long County,3.0,2.0,3.0,2.0,City,Metro Small
13185,GA,Lowndes County,3.0,2.0,3.0,2.0,City,Metro Small
13189,GA,McDuffie County,2.0,2.0,2.0,2.0,City,Metro Medium
13191,GA,McIntosh County,3.0,2.0,3.0,2.0,City,Metro Small
13195,GA,Madison County,3.0,2.0,3.0,2.0,City,Metro Small
13197,GA,Marion County,2.0,2.0,2.0,2.0,City,Metro Medium
13207,GA,Monroe County,3.0,2.0,3.0,2.0,City,Metro Small
13213,GA,Murray County,3.0,2.0,3.0,2.0,City,Metro Small
13215,GA,Muscogee County,2.0,2.0,2.0,2.0,City,Metro Medium
13219,GA,Oconee County,3.0,2.0,3.0,2.0,City,Metro Small
13221,GA,Oglethorpe County,3.0,2.0,3.0,2.0,City,Metro Small
13225,GA,Peach County,6.0,5.0,3.0,2.0,City,Metro Small
13235,GA,Pulaski County,6.0,6.0,3.0,2.0,City,Metro Small
13245,GA,Richmond County,2.0,2.0,2.0,2.0,City,Metro Medium
13273,GA,Terrell County,3.0,2.0,3.0,2.0,City,Metro Small
13289,GA,Twiggs County,3.0,2.0,3.0,2.0,City,Metro Small
13295,GA,Walker County,2.0,2.0,2.0,2.0,City,Metro Medium
13313,GA,Whitfield County,3.0,2.0,3.0,2.0,City,Metro Small
13321,GA,Worth County,3.0,2.0,3.0,2.0,City,Metro Small
15003,HI,Honolulu County,2.0,2.0,2.0,2.0,City,Metro Medium
15005,HI,Kalawao County,9.0,8.0,3.0,2.0,City,Metro Small
15009,HI,Maui County,5.0,8.0,3.0,2.0,City,Metro Small
16001,ID,Ada County,2.0,2.0,2.0,2.0,City,Metro Medium
16005,ID,Bannock County,3.0,2.0,3.0,2.0,City,Metro Small
16015,ID,Boise County,2.0,2.0,2.0,2.0,City,Metro Medium
16019,ID,Bonneville County,3.0,2.0,3.0,2.0,City,Metro Small
16023,ID,Butte County,8.0,7.0,3.0,2.0,City,Metro Small
16027,ID,Canyon County,2.0,2.0,2.0,2.0,City,Metro Medium
16041,ID,Franklin County,3.0,2.0,3.0,2.0,City,Metro Small
16045,ID,Gem County,2.0,2.0,2.0,2.0,City,Metro Medium
16051,ID,Jefferson County,3.0,2.0,3.0,2.0,City,Metro Small
16055,ID,Kootenai County,3.0,2.0,3.0,2.0,City,Metro Small
16069,ID,Nez Perce County,3.0,2.0,3.0,2.0,City,Metro Small
16073,ID,Owyhee County,2.0,2.0,2.0,2.0,City,Metro Medium
17003,IL,Alexander County,7.0,8.0,3.0,2.0,City,Metro Small
17007,IL,Boone County,2.0,2.0,2.0,2.0,City,Metro Medium
17019,IL,Champaign County,3.0,2.0,3.0,2.0,City,Metro Small
17039,IL,De Witt County,6.0,6.0,3.0,2.0,City,Metro Small
17053,IL,Ford County,3.0,2.0,3.0,2.0,City,Metro Small
17073,IL,Henry County,2.0,2.0,2.0,2.0,City,Metro Medium
17077,IL,Jackson County,5.0,8.0,3.0,2.0,City,Metro Small
17091,IL,Kankakee County,3.0,2.0,3.0,2.0,City,Metro Small
17113,IL,McLean County,3.0,2.0,3.0,2.0,City,Metro Small
17115,IL,Macon County,3.0,2.0,3.0,2.0,City,Metro Small
17123,IL,Marshall County,2.0,2.0,2.0,2.0,City,Metro Medium
17129,IL,Menard County,3.0,2.0,3.0,2.0,City,Metro Small
17131,IL,Mercer County,2.0,2.0,2.0,2.0,City,Metro Medium
17143,IL,Peoria County,2.0,2.0,2.0,2.0,City,Metro Medium
17147,IL,Piatt County,3.0,2.0,3.0,2.0,City,Metro Small
17161,IL,Rock Island County,2.0,2.0,2.0,2.0,City,Metro Medium
17167,IL,Sangamon County,3.0,2.0,3.0,2.0,City,Metro Small
17175,IL,Stark County,2.0,2.0,2.0,2.0,City,Metro Medium
17179,IL,Tazewell County,2.0,2.0,2.0,2.0,City,Metro Medium
17183,IL,Vermilion County,3.0,2.0,3.0,2.0,City,Metro Small
17199,IL,Williamson County,5.0,8.0,3.0,2.0,City,Metro Small
17201,IL,Winnebago County,2.0,2.0,2.0,2.0,City,Metro Medium
17203,IL,Woodford County,2.0,2.0,2.0,2.0,City,Metro Medium
18003,IN,Allen County,2.0,2.0,2.0,2.0,City,Metro Medium
18005,IN,Bartholomew County,3.0,2.0,3.0,2.0,City,Metro Small
18007,IN,Benton County,3.0,2.0,3.0,2.0,City,Metro Small
18015,IN,Carroll County,3.0,2.0,3.0,2.0,City,Metro Small
18021,IN,Clay County,3.0,2.0,3.0,2.0,City,Metro Small
18035,IN,Delaware County,3.0,2.0,3.0,2.0,City,Metro Small
18039,IN,Elkhart County,3.0,2.0,3.0,2.0,City,Metro Small
18067,IN,Howard County,3.0,2.0,3.0,2.0,City,Metro Small
18091,IN,LaPorte County,3.0,2.0,3.0,2.0,City,Metro Small
18105,IN,Monroe County,3.0,2.0,3.0,2.0,City,Metro Small
18119,IN,Owen County,3.0,2.0,3.0,2.0,City,Metro Small
18129,IN,Posey County,2.0,2.0,2.0,2.0,City,Metro Medium
18141,IN,St. Joseph County,2.0,2.0,2.0,2.0,City,Metro Medium
18153,IN,Sullivan County,3.0,2.0,3.0,2.0,City,Metro Small
18157,IN,Tippecanoe County,3.0,2.0,3.0,2.0,City,Metro Small
18163,IN,Vanderburgh County,2.0,2.0,2.0,2.0,City,Metro Medium
18165,IN,Vermillion County,3.0,2.0,3.0,2.0,City,Metro Small
18167,IN,Vigo County,3.0,2.0,3.0,2.0,City,Metro Small
18173,IN,Warrick County,2.0,2.0,2.0,2.0,City,Metro Medium
18179,IN,Wells County,2.0,2.0,2.0,2.0,City,Metro Medium
18183,IN,Whitley County,2.0,2.0,2.0,2.0,City,Metro Medium
19011,IA,Benton County,3.0,2.0,2.0,2.0,City,Metro Medium
19013,IA,Black Hawk County,3.0,2.0,3.0,2.0,City,Metro Small
19017,IA,Bremer County,3.0,2.0,3.0,2.0,City,Metro Small
19049,IA,Dallas County,2.0,2.0,2.0,2.0,City,Metro Medium
19061,IA,Dubuque County,3.0,2.0,3.0,2.0,City,Metro Small
19075,IA,Grundy County,3.0,2.0,3.0,2.0,City,Metro Small
19077,IA,Guthrie County,2.0,2.0,2.0,2.0,City,Metro Medium
19085,IA,Harrison County,2.0,2.0,2.0,2.0,City,Metro Medium
19103,IA,Johnson County,3.0,2.0,3.0,2.0,City,Metro Small
19105,IA,Jones County,3.0,2.0,2.0,2.0,City,Metro Medium
19113,IA,Linn County,3.0,2.0,2.0,2.0,City,Metro Medium
19121,IA,Madison County,2.0,2.0,2.0,2.0,City,Metro Medium
19129,IA,Mills County,2.0,2.0,2.0,2.0,City,Metro Medium
19149,IA,Plymouth County,6.0,6.0,3.0,2.0,City,Metro Small
19153,IA,Polk County,2.0,2.0,2.0,2.0,City,Metro Medium
19155,IA,Pottawattamie County,2.0,2.0,2.0,2.0,City,Metro Medium
19163,IA,Scott County,2.0,2.0,2.0,2.0,City,Metro Medium
19169,IA,Story County,3.0,2.0,3.0,2.0,City,Metro Small
19181,IA,Warren County,2.0,2.0,2.0,2.0,City,Metro Medium
19183,IA,Washington County,3.0,2.0,3.0,2.0,City,Metro Small
19193,IA,Woodbury County,3.0,2.0,3.0,2.0,City,Metro Small
20015,KS,Butler County,2.0,2.0,2.0,2.0,City,Metro Medium
20043,KS,Doniphan County,3.0,2.0,3.0,2.0,City,Metro Small
20045,KS,Douglas County,3.0,2.0,3.0,2.0,City,Metro Small
20079,KS,Harvey County,2.0,2.0,2.0,2.0,City,Metro Medium
20085,KS,Jackson County,3.0,2.0,3.0,2.0,City,Metro Small
20087,KS,Jefferson County,3.0,2.0,3.0,2.0,City,Metro Small
20095,KS,Kingman County,6.0,6.0,2.0,2.0,City,Metro Medium
20139,KS,Osage County,3.0,2.0,3.0,2.0,City,Metro Small
20149,KS,Pottawatomie County,6.0,5.0,3.0,2.0,City,Metro Small
20161,KS,Riley County,5.0,8.0,3.0,2.0,City,Metro Small
20173,KS,Sedgwick County,2.0,2.0,2.0,2.0,City,Metro Medium
20177,KS,Shawnee County,3.0,2.0,3.0,2.0,City,Metro Small
20191,KS,Sumner County,2.0,2.0,2.0,2.0,City,Metro Medium
20197,KS,Wabaunsee County,3.0,2.0,3.0,2.0,City,Metro Small
21003,KY,Allen County,6.0,6.0,3.0,2.0,City,Metro Small
21017,KY,Bourbon County,2.0,2.0,2.0,2.0,City,Metro Medium
21019,KY,Boyd County,2.0,2.0,2.0,2.0,City,Metro Medium
21031,KY,Butler County,8.0,6.0,3.0,2.0,City,Metro Small
21047,KY,Christian County,3.0,2.0,2.0,2.0,City,Metro Medium
21049,KY,Clark County,2.0,2.0,2.0,2.0,City,Metro Medium
21059,KY,Daviess County,3.0,2.0,3.0,2.0,City,Metro Small
21061,KY,Edmonson County,3.0,2.0,3.0,2.0,City,Metro Small
21067,KY,Fayette County,2.0,2.0,2.0,2.0,City,Metro Medium
21089,KY,Greenup County,2.0,2.0,2.0,2.0,City,Metro Medium
21091,KY,Hancock County,3.0,2.0,3.0,2.0,City,Metro Small
21093,KY,Hardin County,3.0,2.0,3.0,2.0,City,Metro Small
21101,KY,Henderson County,2.0,2.0,2.0,2.0,City,Metro Medium
21113,KY,Jessamine County,2.0,2.0,2.0,2.0,City,Metro Medium
21123,KY,Larue County,3.0,2.0,3.0,2.0,City,Metro Small
21149,KY,McLean County,3.0,2.0,3.0,2.0,City,Metro Small
21163,KY,Meade County,1.0,1.0,3.0,2.0,City,Metro Small
21209,KY,Scott County,2.0,2.0,2.0,2.0,City,Metro Medium
21221,KY,Trigg County,3.0,2.0,2.0,2.0,City,Metro Medium
21227,KY,Warren County,3.0,2.0,3.0,2.0,City,Metro Small
21239,KY,Woodford County,2.0,2.0,2.0,2.0,City,Metro Medium
22001,LA,Acadia Parish,4.0,5.0,2.0,2.0,City,Metro Medium
22005,LA,Ascension Parish,2.0,2.0,2.0,2.0,City,Metro Medium
22015,LA,Bossier Parish,2.0,2.0,2.0,2.0,City,Metro Medium
22017,LA,Caddo Parish,2.0,2.0,2.0,2.0,City,Metro Medium
22019,LA,Calcasieu Parish,3.0,2.0,3.0,2.0,City,Metro Small
22023,LA,Cameron Parish,3.0,2.0,3.0,2.0,City,Metro Small
22031,LA,De Soto Parish,2.0,2.0,2.0,2.0,City,Metro Medium
22033,LA,East Baton Rouge Parish,2.0,2.0,2.0,2.0,City,Metro Medium
22037,LA,East Feliciana Parish,2.0,2.0,2.0,2.0,City,Metro Medium
22043,LA,Grant Parish,3.0,2.0,3.0,2.0,City,Metro Small
22045,LA,Iberia Parish,4.0,5.0,2.0,2.0,City,Metro Medium
22047,LA,Iberville Parish,2.0,2.0,2.0,2.0,City,Metro Medium
22055,LA,Lafayette Parish,3.0,2.0,2.0,2.0,City,Metro Medium
22057,LA,Lafourche Parish,3.0,2.0,3.0,2.0,City,Metro Small
22063,LA,Livingston Parish,2.0,2.0,2.0,2.0,City,Metro Medium
22073,LA,Ouachita Parish,3.0,2.0,3.0,2.0,City,Metro Small
22077,LA,Pointe Coupee Parish,2.0,2.0,2.0,2.0,City,Metro Medium
22079,LA,Rapides Parish,3.0,2.0,3.0,2.0,City,Metro Small
22091,LA,St. Helena Parish,2.0,2.0,2.0,2.0,City,Metro Medium
22099,LA,St. Martin Parish,3.0,2.0,2.0,2.0,City,Metro Medium
22105,LA,Tangipahoa Parish,4.0,3.0,3.0,2.0,City,Metro Small
22109,LA,Terrebonne Parish,3.0,2.0,3.0,2.0,City,Metro Small
22111,LA,Union Parish,3.0,2.0,3.0,2.0,City,Metro Small
22113,LA,Vermilion Parish,4.0,5.0,2.0,2.0,City,Metro Medium
22119,LA,Webster Parish,6.0,5.0,2.0,2.0,City,Metro Medium
22121,LA,West Baton Rouge Parish,2.0,2.0,2.0,2.0,City,Metro Medium
22125,LA,West Feliciana Parish,2.0,2.0,2.0,2.0,City,Metro Medium
23001,ME,Androscoggin County,3.0,2.0,3.0,2.0,City,Metro Small
23005,ME,Cumberland County,2.0,2.0,2.0,2.0,City,Metro Medium
23019,ME,Penobscot County,3.0,2.0,3.0,2.0,City,Metro Small
23023,ME,Sagadahoc County,2.0,2.0,2.0,2.0,City,Metro Medium
23031,ME,York County,2.0,2.0,2.0,2.0,City,Metro Medium
24001,MD,Allegany County,3.0,2.0,3.0,2.0,City,Metro Small
24037,MD,St. Mary's County,4.0,3.0,3.0,2.0,City,Metro Small
24039,MD,Somerset County,3.0,2.0,2.0,2.0,City,Metro Medium
24043,MD,Washington County,3.0,2.0,2.0,2.0,City,Metro Medium
24045,MD,Wicomico County,3.0,2.0,2.0,2.0,City,Metro Medium
24047,MD,Worcester County,4.0,5.0,2.0,2.0,City,Metro Medium
25001,MA,Barnstable County,3.0,2.0,3.0,2.0,City,Metro Small
25003,MA,Berkshire County,3.0,2.0,3.0,2.0,City,Metro Small
25013,MA,Hampden County,2.0,2.0,2.0,2.0,City,Metro Medium
25015,MA,Hampshire County,2.0,2.0,2.0,2.0,City,Metro Medium
25027,MA,Worcester County,2.0,2.0,2.0,2.0,City,Metro Medium
26015,MI,Barry County,2.0,2.0,2.0,2.0,City,Metro Medium
26017,MI,Bay County,3.0,2.0,3.0,2.0,City,Metro Small
26021,MI,Berrien County,3.0,2.0,3.0,2.0,City,Metro Small
26025,MI,Calhoun County,3.0,2.0,3.0,2.0,City,Metro Small
26027,MI,Cass County,2.0,2.0,2.0,2.0,City,Metro Medium
26037,MI,Clinton County,2.0,2.0,2.0,2.0,City,Metro Medium
26045,MI,Eaton County,2.0,2.0,2.0,2.0,City,Metro Medium
26049,MI,Genesee County,2.0,2.0,2.0,2.0,City,Metro Medium
26065,MI,Ingham County,2.0,2.0,2.0,2.0,City,Metro Medium
26075,MI,Jackson County,3.0,2.0,3.0,2.0,City,Metro Small
26077,MI,Kalamazoo County,2.0,2.0,2.0,2.0,City,Metro Medium
26081,MI,Kent County,2.0,2.0,2.0,2.0,City,Metro Medium
26111,MI,Midland County,4.0,5.0,3.0,2.0,City,Metro Small
26115,MI,Monroe County,3.0,2.0,3.0,2.0,City,Metro Small
26117,MI,Montcalm County,6.0,6.0,2.0,2.0,City,Metro Medium
26121,MI,Muskegon County,3.0,2.0,3.0,2.0,City,Metro Small
26139,MI,Ottawa County,3.0,2.0,2.0,2.0,City,Metro Medium
26145,MI,Saginaw County,3.0,2.0,3.0,2.0,City,Metro Small
26159,MI,Van Buren County,2.0,2.0,2.0,2.0,City,Metro Medium
26161,MI,Washtenaw County,2.0,2.0,2.0,2.0,City,Metro Medium
27009,MN,Benton County,3.0,2.0,3.0,2.0,City,Metro Small
27013,MN,Blue Earth County,5.0,8.0,3.0,2.0,City,Metro Small
27017,MN,Carlton County,2.0,2.0,2.0,2.0,City,Metro Medium
27027,MN,Clay County,3.0,2.0,3.0,2.0,City,Metro Small
27039,MN,Dodge County,3.0,2.0,3.0,2.0,City,Metro Small
27045,MN,Fillmore County,8.0,6.0,3.0,2.0,City,Metro Small
27055,MN,Houston County,3.0,2.0,3.0,2.0,City,Metro Small
27103,MN,Nicollet County,5.0,8.0,3.0,2.0,City,Metro Small
27109,MN,Olmsted County,3.0,2.0,3.0,2.0,City,Metro Small
27119,MN,Polk County,3.0,2.0,3.0,2.0,City,Metro Small
27137,MN,St. Louis County,2.0,2.0,2.0,2.0,City,Metro Medium
27145,MN,Stearns County,3.0,2.0,3.0,2.0,City,Metro Small
27157,MN,Wabasha County,3.0,2.0,3.0,2.0,City,Metro Small
28029,MS,Copiah County,2.0,2.0,2.0,2.0,City,Metro Medium
28035,MS,Forrest County,3.0,2.0,3.0,2.0,City,Metro Small
28045,MS,Hancock County,3.0,2.0,2.0,2.0,City,Metro Medium
28047,MS,Harrison County,3.0,2.0,2.0,2.0,City,Metro Medium
28049,MS,Hinds County,2.0,2.0,2.0,2.0,City,Metro Medium
28059,MS,Jackson County,3.0,2.0,2.0,2.0,City,Metro Medium
28073,MS,Lamar County,3.0,2.0,3.0,2.0,City,Metro Small
28089,MS,Madison County,2.0,2.0,2.0,2.0,City,Metro Medium
28111,MS,Perry County,3.0,2.0,3.0,2.0,City,Metro Small
28121,MS,Rankin County,2.0,2.0,2.0,2.0,City,Metro Medium
28127,MS,Simpson County,2.0,2.0,2.0,2.0,City,Metro Medium
28163,MS,Yazoo County,6.0,5.0,2.0,2.0,City,Metro Medium
29003,MO,Andrew County,3.0,2.0,3.0,2.0,City,Metro Small
29017,MO,Bollinger County,9.0,8.0,3.0,2.0,City,Metro Small
29019,MO,Boone County,3.0,2.0,3.0,2.0,City,Metro Small
29021,MO,Buchanan County,3.0,2.0,3.0,2.0,City,Metro Small
29027,MO,Callaway County,3.0,2.0,3.0,2.0,City,Metro Small
29031,MO,Cape Girardeau County,5.0,8.0,3.0,2.0,City,Metro Small
29043,MO,Christian County,2.0,2.0,2.0,2.0,City,Metro Medium
29051,MO,Cole County,3.0,2.0,3.0,2.0,City,Metro Small
29059,MO,Dallas County,2.0,2.0,2.0,2.0,City,Metro Medium
29063,MO,DeKalb County,3.0,2.0,3.0,2.0,City,Metro Small
29077,MO,Greene County,2.0,2.0,2.0,2.0,City,Metro Medium
29097,MO,Jasper County,3.0,2.0,3.0,2.0,City,Metro Small
29119,MO,McDonald County,2.0,2.0,2.0,2.0,City,Metro Medium
29135,MO,Moniteau County,3.0,2.0,3.0,2.0,City,Metro Small
29145,MO,Newton County,3.0,2.0,3.0,2.0,City,Metro Small
29151,MO,Osage County,3.0,2.0,3.0,2.0,City,Metro Small
29167,MO,Polk County,2.0,2.0,2.0,2.0,City,Metro Medium
29225,MO,Webster County,2.0,2.0,2.0,2.0,City,Metro Medium
30009,MT,Carbon County,3.0,2.0,3.0,2.0,City,Metro Small
30013,MT,Cascade County,3.0,2.0,3.0,2.0,City,Metro Small
30037,MT,Golden Valley County,8.0,7.0,3.0,2.0,City,Metro Small
30063,MT,Missoula County,3.0,2.0,3.0,2.0,City,Metro Small
30111,MT,Yellowstone County,3.0,2.0,3.0,2.0,City,Metro Small
31025,NE,Cass County,2.0,2.0,2.0,2.0,City,Metro Medium
31043,NE,Dakota County,3.0,2.0,3.0,2.0,City,Metro Small
31051,NE,Dixon County,3.0,2.0,3.0,2.0,City,Metro Small
31055,NE,Douglas County,2.0,2.0,2.0,2.0,City,Metro Medium
31079,NE,Hall County,5.0,8.0,3.0,2.0,City,Metro Small
31081,NE,Hamilton County,7.0,9.0,3.0,2.0,City,Metro Small
31093,NE,Howard County,9.0,8.0,3.0,2.0,City,Metro Small
31109,NE,Lancaster County,2.0,2.0,2.0,2.0,City,Metro Medium
31121,NE,Merrick County,7.0,8.0,3.0,2.0,City,Metro Small
31153,NE,Sarpy County,2.0,2.0,2.0,2.0,City,Metro Medium
31155,NE,Saunders County,2.0,2.0,2.0,2.0,City,Metro Medium
31159,NE,Seward County,2.0,2.0,2.0,2.0,City,Metro Medium
31177,NE,Washington County,2.0,2.0,2.0,2.0,City,Metro Medium
32029,NV,Storey County,2.0,2.0,2.0,2.0,City,Metro Medium
32031,NV,Washoe County,2.0,2.0,2.0,2.0,City,Metro Medium
32510,NV,Carson City,3.0,2.0,3.0,2.0,City,Metro Small
33011,NH,Hillsborough County,2.0,2.0,2.0,2.0,City,Metro Medium
34001,NJ,Atlantic County,2.0,2.0,2.0,2.0,City,Metro Medium
34009,NJ,Cape May County,3.0,2.0,3.0,2.0,City,Metro Small
34011,NJ,Cumberland County,3.0,2.0,3.0,2.0,City,Metro Small
34021,NJ,Mercer County,2.0,2.0,2.0,2.0,City,Metro Medium
34041,NJ,Warren County,2.0,2.0,2.0,2.0,City,Metro Medium
35001,NM,Bernalillo County,2.0,2.0,2.0,2.0,City,Metro Medium
35013,NM,Dona Ana County,3.0,2.0,3.0,2.0,City,Metro Small
35043,NM,Sandoval County,2.0,2.0,2.0,2.0,City,Metro Medium
35045,NM,San Juan County,3.0,2.0,3.0,2.0,City,Metro Small
35049,NM,Santa Fe County,3.0,2.0,3.0,2.0,City,Metro Small
35057,NM,Torrance County,2.0,2.0,2.0,2.0,City,Metro Medium
35061,NM,Valencia County,2.0,2.0,2.0,2.0,City,Metro Medium
36001,NY,Albany County,2.0,2.0,2.0,2.0,City,Metro Medium
36007,NY,Broome County,2.0,2.0,2.0,2.0,City,Metro Medium
36015,NY,Chemung County,3.0,2.0,3.0,2.0,City,Metro Small
36043,NY,Herkimer County,2.0,2.0,2.0,2.0,City,Metro Medium
36045,NY,Jefferson County,4.0,5.0,3.0,2.0,City,Metro Small
36053,NY,Madison County,2.0,2.0,2.0,2.0,City,Metro Medium
36065,NY,Oneida County,2.0,2.0,2.0,2.0,City,Metro Medium
36067,NY,Onondaga County,2.0,2.0,2.0,2.0,City,Metro Medium
36075,NY,Oswego County,2.0,2.0,2.0,2.0,City,Metro Medium
36083,NY,Rensselaer County,2.0,2.0,2.0,2.0,City,Metro Medium
36091,NY,Saratoga County,2.0,2.0,2.0,2.0,City,Metro Medium
36093,NY,Schenectady County,2.0,2.0,2.0,2.0,City,Metro Medium
36095,NY,Schoharie County,2.0,2.0,2.0,2.0,City,Metro Medium
36107,NY,Tioga County,2.0,2.0,2.0,2.0,City,Metro Medium
36109,NY,Tompkins County,3.0,2.0,3.0,2.0,City,Metro Small
36111,NY,Ulster County,3.0,2.0,3.0,2.0,City,Metro Small
36113,NY,Warren County,3.0,2.0,3.0,2.0,City,Metro Small
36115,NY,Washington County,3.0,2.0,3.0,2.0,City,Metro Small
37001,NC,Alamance County,3.0,2.0,3.0,2.0,City,Metro Small
37003,NC,Alexander County,2.0,2.0,2.0,2.0,City,Metro Medium
37019,NC,Brunswick County,2.0,2.0,2.0,2.0,City,Metro Medium
37021,NC,Buncombe County,2.0,2.0,2.0,2.0,City,Metro Medium
37023,NC,Burke County,2.0,2.0,2.0,2.0,City,Metro Medium
37027,NC,Caldwell County,2.0,2.0,2.0,2.0,City,Metro Medium
37035,NC,Catawba County,2.0,2.0,2.0,2.0,City,Metro Medium
37037,NC,Chatham County,2.0,2.0,2.0,2.0,City,Metro Medium
37049,NC,Craven County,5.0,8.0,3.0,2.0,City,Metro Small
37051,NC,Cumberland County,2.0,2.0,2.0,2.0,City,Metro Medium
37057,NC,Davidson County,4.0,5.0,2.0,2.0,City,Metro Medium
37059,NC,Davie County,2.0,2.0,2.0,2.0,City,Metro Medium
37063,NC,Durham County,2.0,2.0,2.0,2.0,City,Metro Medium
37065,NC,Edgecombe County,3.0,2.0,3.0,2.0,City,Metro Small
37067,NC,Forsyth County,2.0,2.0,2.0,2.0,City,Metro Medium
37081,NC,Guilford County,2.0,2.0,2.0,2.0,City,Metro Medium
37087,NC,Haywood County,2.0,2.0,2.0,2.0,City,Metro Medium
37089,NC,Henderson County,2.0,2.0,2.0,2.0,City,Metro Medium
37093,NC,Hoke County,2.0,2.0,2.0,2.0,City,Metro Medium
37103,NC,Jones County,8.0,5.0,3.0,2.0,City,Metro Small
37115,NC,Madison County,2.0,2.0,2.0,2.0,City,Metro Medium
37127,NC,Nash County,3.0,2.0,3.0,2.0,City,Metro Small
37129,NC,New Hanover County,2.0,2.0,2.0,2.0,City,Metro Medium
37133,NC,Onslow County,3.0,2.0,3.0,2.0,City,Metro Small
37135,NC,Orange County,2.0,2.0,2.0,2.0,City,Metro Medium
37137,NC,Pamlico County,9.0,8.0,3.0,2.0,City,Metro Small
37141,NC,Pender County,2.0,2.0,2.0,2.0,City,Metro Medium
37145,NC,Person County,2.0,2.0,2.0,2.0,City,Metro Medium
37147,NC,Pitt County,3.0,2.0,3.0,2.0,City,Metro Small
37151,NC,Randolph County,2.0,2.0,2.0,2.0,City,Metro Medium
37157,NC,Rockingham County,2.0,2.0,2.0,2.0,City,Metro Medium
37169,NC,Stokes County,2.0,2.0,2.0,2.0,City,Metro Medium
37191,NC,Wayne County,3.0,2.0,3.0,2.0,City,Metro Small
37197,NC,Yadkin County,2.0,2.0,2.0,2.0,City,Metro Medium
38015,ND,Burleigh County,3.0,2.0,3.0,2.0,City,Metro Small
38017,ND,Cass County,3.0,2.0,3.0,2.0,City,Metro Small
38035,ND,Grand Forks County,3.0,2.0,3.0,2.0,City,Metro Small
38059,ND,Morton County,3.0,2.0,3.0,2.0,City,Metro Small
38065,ND,Oliver County,8.0,7.0,3.0,2.0,City,Metro Small
38085,ND,Sioux County,8.0,7.0,3.0,2.0,City,Metro Small
39003,OH,Allen County,3.0,2.0,3.0,2.0,City,Metro Small
39013,OH,Belmont County,3.0,2.0,3.0,2.0,City,Metro Small
39019,OH,Carroll County,2.0,2.0,2.0,2.0,City,Metro Medium
39023,OH,Clark County,3.0,2.0,3.0,2.0,City,Metro Small
39051,OH,Fulton County,2.0,2.0,2.0,2.0,City,Metro Medium
39057,OH,Greene County,2.0,2.0,2.0,2.0,City,Metro Medium
39081,OH,Jefferson County,3.0,2.0,3.0,2.0,City,Metro Small
39087,OH,Lawrence County,2.0,2.0,2.0,2.0,City,Metro Medium
39095,OH,Lucas County,2.0,2.0,2.0,2.0,City,Metro Medium
39099,OH,Mahoning County,2.0,2.0,2.0,2.0,City,Metro Medium
39109,OH,Miami County,2.0,2.0,2.0,2.0,City,Metro Medium
39113,OH,Montgomery County,2.0,2.0,2.0,2.0,City,Metro Medium
39133,OH,Portage County,2.0,2.0,2.0,2.0,City,Metro Medium
39139,OH,Richland County,3.0,2.0,3.0,2.0,City,Metro Small
39151,OH,Stark County,2.0,2.0,2.0,2.0,City,Metro Medium
39153,OH,Summit County,2.0,2.0,2.0,2.0,City,Metro Medium
39155,OH,Trumbull County,2.0,2.0,2.0,2.0,City,Metro Medium
39173,OH,Wood County,2.0,2.0,2.0,2.0,City,Metro Medium
40031,OK,Comanche County,3.0,2.0,3.0,2.0,City,Metro Small
40033,OK,Cotton County,6.0,6.0,3.0,2.0,City,Metro Small
40037,OK,Creek County,2.0,2.0,2.0,2.0,City,Metro Medium
40079,OK,Le Flore County,2.0,2.0,2.0,2.0,City,Metro Medium
40111,OK,Okmulgee County,2.0,2.0,2.0,2.0,City,Metro Medium
40113,OK,Osage County,2.0,2.0,2.0,2.0,City,Metro Medium
40117,OK,Pawnee County,2.0,2.0,2.0,2.0,City,Metro Medium
40131,OK,Rogers County,2.0,2.0,2.0,2.0,City,Metro Medium
40135,OK,Sequoyah County,2.0,2.0,2.0,2.0,City,Metro Medium
40143,OK,Tulsa County,2.0,2.0,2.0,2.0,City,Metro Medium
40145,OK,Wagoner County,2.0,2.0,2.0,2.0,City,Metro Medium
41003,OR,Benton County,3.0,2.0,3.0,2.0,City,Metro Small
41017,OR,Deschutes County,3.0,2.0,3.0,2.0,City,Metro Small
41029,OR,Jackson County,3.0,2.0,3.0,2.0,City,Metro Small
41033,OR,Josephine County,4.0,5.0,3.0,2.0,City,Metro Small
41039,OR,Lane County,2.0,2.0,2.0,2.0,City,Metro Medium
41043,OR,Linn County,4.0,5.0,3.0,2.0,City,Metro Small
41047,OR,Marion County,2.0,2.0,2.0,2.0,City,Metro Medium
41053,OR,Polk County,2.0,2.0,2.0,2.0,City,Metro Medium
42001,PA,Adams County,4.0,5.0,3.0,2.0,City,Metro Small
42011,PA,Berks County,2.0,2.0,2.0,2.0,City,Metro Medium
42013,PA,Blair County,3.0,2.0,3.0,2.0,City,Metro Small
42021,PA,Cambria County,3.0,2.0,3.0,2.0,City,Metro Small
42025,PA,Carbon County,2.0,2.0,2.0,2.0,City,Metro Medium
42027,PA,Centre County,3.0,2.0,3.0,2.0,City,Metro Small
42037,PA,Columbia County,4.0,5.0,3.0,2.0,City,Metro Small
42041,PA,Cumberland County,2.0,2.0,2.0,2.0,City,Metro Medium
42043,PA,Dauphin County,2.0,2.0,2.0,2.0,City,Metro Medium
42049,PA,Erie County,2.0,2.0,2.0,2.0,City,Metro Medium
42055,PA,Franklin County,4.0,5.0,3.0,2.0,City,Metro Small
42069,PA,Lackawanna County,2.0,2.0,2.0,2.0,City,Metro Medium
42071,PA,Lancaster County,2.0,2.0,2.0,2.0,City,Metro Medium
42075,PA,Lebanon County,3.0,2.0,3.0,2.0,City,Metro Small
42077,PA,Lehigh County,2.0,2.0,2.0,2.0,City,Metro Medium
42079,PA,Luzerne County,2.0,2.0,2.0,2.0,City,Metro Medium
42081,PA,Lycoming County,3.0,2.0,3.0,2.0,City,Metro Small
42085,PA,Mercer County,2.0,2.0,2.0,2.0,City,Metro Medium
42089,PA,Monroe County,4.0,3.0,3.0,2.0,City,Metro Small
42093,PA,Montour County,6.0,5.0,3.0,2.0,City,Metro Small
42095,PA,Northampton County,2.0,2.0,2.0,2.0,City,Metro Medium
42099,PA,Perry County,2.0,2.0,2.0,2.0,City,Metro Medium
42131,PA,Wyoming County,2.0,2.0,2.0,2.0,City,Metro Medium
42133,PA,York County,2.0,2.0,2.0,2.0,City,Metro Medium
45003,SC,Aiken County,2.0,2.0,2.0,2.0,City,Metro Medium
45007,SC,Anderson County,3.0,2.0,2.0,2.0,City,Metro Medium
45013,SC,Beaufort County,5.0,8.0,3.0,2.0,City,Metro Small
45015,SC,Berkeley County,2.0,2.0,2.0,2.0,City,Metro Medium
45017,SC,Calhoun County,2.0,2.0,2.0,2.0,City,Metro Medium
45019,SC,Charleston County,2.0,2.0,2.0,2.0,City,Metro Medium
45031,SC,Darlington County,3.0,2.0,3.0,2.0,City,Metro Small
45035,SC,Dorchester County,2.0,2.0,2.0,2.0,City,Metro Medium
45037,SC,Edgefield County,2.0,2.0,2.0,2.0,City,Metro Medium
45039,SC,Fairfield County,2.0,2.0,2.0,2.0,City,Metro Medium
45041,SC,Florence County,3.0,2.0,3.0,2.0,City,Metro Small
45045,SC,Greenville County,2.0,2.0,2.0,2.0,City,Metro Medium
45051,SC,Horry County,3.0,2.0,2.0,2.0,City,Metro Medium
45053,SC,Jasper County,6.0,5.0,3.0,2.0,City,Metro Small
45055,SC,Kershaw County,2.0,2.0,2.0,2.0,City,Metro Medium
45059,SC,Laurens County,2.0,2.0,2.0,2.0,City,Metro Medium
45063,SC,Lexington County,2.0,2.0,2.0,2.0,City,Metro Medium
45077,SC,Pickens County,2.0,2.0,2.0,2.0,City,Metro Medium
45079,SC,Richland County,2.0,2.0,2.0,2.0,City,Metro Medium
45081,SC,Saluda County,2.0,2.0,2.0,2.0,City,Metro Medium
45083,SC,Spartanburg County,2.0,2.0,2.0,2.0,City,Metro Medium
45085,SC,Sumter County,3.0,2.0,3.0,2.0,City,Metro Small
45087,SC,Union County,6.0,5.0,2.0,2.0,City,Metro Medium
46033,SD,Custer County,8.0,7.0,3.0,2.0,City,Metro Small
46083,SD,Lincoln County,3.0,2.0,3.0,2.0,City,Metro Small
46087,SD,McCook County,3.0,2.0,3.0,2.0,City,Metro Small
46093,SD,Meade County,3.0,2.0,3.0,2.0,City,Metro Small
46099,SD,Minnehaha County,3.0,2.0,3.0,2.0,City,Metro Small
46103,SD,Pennington County,3.0,2.0,3.0,2.0,City,Metro Small
46125,SD,Turner County,3.0,2.0,3.0,2.0,City,Metro Small
46127,SD,Union County,3.0,2.0,3.0,2.0,City,Metro Small
47001,TN,Anderson County,2.0,2.0,2.0,2.0,City,Metro Medium
47009,TN,Blount County,2.0,2.0,2.0,2.0,City,Metro Medium
47011,TN,Bradley County,3.0,2.0,3.0,2.0,City,Metro Small
47013,TN,Campbell County,6.0,5.0,2.0,2.0,City,Metro Medium
47019,TN,Carter County,3.0,2.0,3.0,2.0,City,Metro Small
47023,TN,Chester County,3.0,2.0,3.0,2.0,City,Metro Small
47033,TN,Crockett County,8.0,7.0,3.0,2.0,City,Metro Small
47057,TN,Grainger County,3.0,2.0,2.0,2.0,City,Metro Medium
47063,TN,Hamblen County,3.0,2.0,3.0,2.0,City,Metro Small
47065,TN,Hamilton County,2.0,2.0,2.0,2.0,City,Metro Medium
47073,TN,Hawkins County,3.0,2.0,2.0,2.0,City,Metro Medium
47089,TN,Jefferson County,3.0,2.0,3.0,2.0,City,Metro Small
47093,TN,Knox County,2.0,2.0,2.0,2.0,City,Metro Medium
47105,TN,Loudon County,2.0,2.0,2.0,2.0,City,Metro Medium
47113,TN,Madison County,3.0,2.0,3.0,2.0,City,Metro Small
47115,TN,Marion County,2.0,2.0,2.0,2.0,City,Metro Medium
47125,TN,Montgomery County,3.0,2.0,2.0,2.0,City,Metro Medium
47129,TN,Morgan County,6.0,6.0,2.0,2.0,City,Metro Medium
47139,TN,Polk County,3.0,2.0,3.0,2.0,City,Metro Small
47145,TN,Roane County,4.0,5.0,2.0,2.0,City,Metro Medium
47153,TN,Sequatchie County,2.0,2.0,2.0,2.0,City,Metro Medium
47163,TN,Sullivan County,3.0,2.0,2.0,2.0,City,Metro Medium
47171,TN,Unicoi County,3.0,2.0,3.0,2.0,City,Metro Small
47173,TN,Union County,2.0,2.0,2.0,2.0,City,Metro Medium
47179,TN,Washington County,3.0,2.0,3.0,2.0,City,Metro Small
48007,TX,Aransas County,2.0,2.0,2.0,2.0,City,Metro Medium
48009,TX,Archer County,3.0,2.0,3.0,2.0,City,Metro Small
48011,TX,Armstrong County,3.0,2.0,2.0,2.0,City,Metro Medium
48027,TX,Bell County,2.0,2.0,2.0,2.0,City,Metro Medium
48037,TX,Bowie County,3.0,2.0,3.0,2.0,City,Metro Small
48041,TX,Brazos County,3.0,2.0,3.0,2.0,City,Metro Small
48051,TX,Burleson County,3.0,2.0,3.0,2.0,City,Metro Small
48059,TX,Callahan County,3.0,2.0,3.0,2.0,City,Metro Small
48061,TX,Cameron County,2.0,2.0,2.0,2.0,City,Metro Medium
48065,TX,Carson County,3.0,2.0,2.0,2.0,City,Metro Medium
48077,TX,Clay County,3.0,2.0,3.0,2.0,City,Metro Small
48099,TX,Coryell County,2.0,2.0,2.0,2.0,City,Metro Medium
48107,TX,Crosby County,3.0,2.0,2.0,2.0,City,Metro Medium
48135,TX,Ector County,3.0,2.0,3.0,2.0,City,Metro Small
48141,TX,El Paso County,2.0,2.0,2.0,2.0,City,Metro Medium
48145,TX,Falls County,6.0,6.0,2.0,2.0,City,Metro Medium
48175,TX,Goliad County,3.0,2.0,3.0,2.0,City,Metro Small
48181,TX,Grayson County,3.0,2.0,3.0,2.0,City,Metro Small
48183,TX,Gregg County,3.0,2.0,3.0,2.0,City,Metro Small
48199,TX,Hardin County,2.0,2.0,2.0,2.0,City,Metro Medium
48215,TX,Hidalgo County,2.0,2.0,2.0,2.0,City,Metro Medium
48229,TX,Hudspeth County,8.0,7.0,2.0,2.0,City,Metro Medium
48235,TX,Irion County,3.0,2.0,3.0,2.0,City,Metro Small
48245,TX,Jefferson County,2.0,2.0,2.0,2.0,City,Metro Medium
48253,TX,Jones County,3.0,2.0,3.0,2.0,City,Metro Small
48281,TX,Lampasas County,2.0,2.0,2.0,2.0,City,Metro Medium
48303,TX,Lubbock County,3.0,2.0,2.0,2.0,City,Metro Medium
48305,TX,Lynn County,6.0,6.0,2.0,2.0,City,Metro Medium
48309,TX,McLennan County,3.0,2.0,2.0,2.0,City,Metro Medium
48317,TX,Martin County,6.0,6.0,3.0,2.0,City,Metro Small
48329,TX,Midland County,3.0,2.0,3.0,2.0,City,Metro Small
48351,TX,Newton County,8.0,7.0,2.0,2.0,City,Metro Medium
48355,TX,Nueces County,2.0,2.0,2.0,2.0,City,Metro Medium
48359,TX,Oldham County,8.0,7.0,2.0,2.0,City,Metro Medium
48361,TX,Orange County,2.0,2.0,2.0,2.0,City,Metro Medium
48375,TX,Potter County,3.0,2.0,2.0,2.0,City,Metro Medium
48381,TX,Randall County,3.0,2.0,2.0,2.0,City,Metro Medium
48395,TX,Robertson County,3.0,2.0,3.0,2.0,City,Metro Small
48401,TX,Rusk County,3.0,2.0,3.0,2.0,City,Metro Small
48409,TX,San Patricio County,2.0,2.0,2.0,2.0,City,Metro Medium
48423,TX,Smith County,3.0,2.0,3.0,2.0,City,Metro Small
48441,TX,Taylor County,3.0,2.0,3.0,2.0,City,Metro Small
48451,TX,Tom Green County,3.0,2.0,3.0,2.0,City,Metro Small
48459,TX,Upshur County,3.0,2.0,3.0,2.0,City,Metro Small
48469,TX,Victoria County,3.0,2.0,3.0,2.0,City,Metro Small
48479,TX,Webb County,3.0,2.0,2.0,2.0,City,Metro Medium
48485,TX,Wichita County,3.0,2.0,3.0,2.0,City,Metro Small
49003,UT,Box Elder County,4.0,5.0,2.0,2.0,City,Metro Medium
49005,UT,Cache County,3.0,2.0,3.0,2.0,City,Metro Small
49011,UT,Davis County,2.0,2.0,2.0,2.0,City,Metro Medium
49023,UT,Juab County,2.0,2.0,2.0,2.0,City,Metro Medium
49029,UT,Morgan County,2.0,2.0,2.0,2.0,City,Metro Medium
49049,UT,Utah County,2.0,2.0,2.0,2.0,City,Metro Medium
49053,UT,Washington County,3.0,2.0,3.0,2.0,City,Metro Small
49057,UT,Weber County,2.0,2.0,2.0,2.0,City,Metro Medium
50007,VT,Chittenden County,3.0,2.0,3.0,2.0,City,Metro Small
50011,VT,Franklin County,3.0,2.0,3.0,2.0,City,Metro Small
50013,VT,Grand Isle County,3.0,2.0,3.0,2.0,City,Metro Small
51003,VA,Albemarle County,3.0,2.0,3.0,2.0,City,Metro Small
51009,VA,Amherst County,3.0,2.0,2.0,2.0,City,Metro Medium
51011,VA,Appomattox County,3.0,2.0,2.0,2.0,City,Metro Medium
51015,VA,Augusta County,4.0,5.0,3.0,2.0,City,Metro Small
51019,VA,Bedford County,3.0,2.0,2.0,2.0,City,Metro Medium
51023,VA,Botetourt County,2.0,2.0,2.0,2.0,City,Metro Medium
51029,VA,Buckingham County,8.0,7.0,3.0,2.0,City,Metro Small
51031,VA,Campbell County,3.0,2.0,2.0,2.0,City,Metro Medium
51045,VA,Craig County,2.0,2.0,2.0,2.0,City,Metro Medium
51063,VA,Floyd County,8.0,7.0,3.0,2.0,City,Metro Small
51065,VA,Fluvanna County,3.0,2.0,3.0,2.0,City,Metro Small
51067,VA,Franklin County,2.0,2.0,2.0,2.0,City,Metro Medium
51069,VA,Frederick County,3.0,2.0,3.0,2.0,City,Metro Small
51071,VA,Giles County,3.0,2.0,3.0,2.0,City,Metro Small
51079,VA,Greene County,3.0,2.0,3.0,2.0,City,Metro Small
51121,VA,Montgomery County,3.0,2.0,3.0,2.0,City,Metro Small
51125,VA,Nelson County,3.0,2.0,3.0,2.0,City,Metro Small
51155,VA,Pulaski County,3.0,2.0,3.0,2.0,City,Metro Small
51161,VA,Roanoke County,2.0,2.0,2.0,2.0,City,Metro Medium
51165,VA,Rockingham County,3.0,2.0,3.0,2.0,City,Metro Small
51169,VA,Scott County,3.0,2.0,2.0,2.0,City,Metro Medium
51191,VA,Washington County,3.0,2.0,2.0,2.0,City,Metro Medium
51515,VA,Bedford city,3.0,2.0,2.0,2.0,City,Metro Medium
51520,VA,Bristol city,3.0,2.0,2.0,2.0,City,Metro Medium
51540,VA,Charlottesville city,3.0,2.0,3.0,2.0,City,Metro Small
51660,VA,Harrisonburg city,3.0,2.0,3.0,2.0,City,Metro Small
51680,VA,Lynchburg city,3.0,2.0,2.0,2.0,City,Metro Medium
51750,VA,Radford city,3.0,2.0,3.0,2.0,City,Metro Small
51770,VA,Roanoke city,2.0,2.0,2.0,2.0,City,Metro Medium
51775,VA,Salem city,2.0,2.0,2.0,2.0,City,Metro Medium
51790,VA,Staunton city,4.0,5.0,3.0,2.0,City,Metro Small
51820,VA,Waynesboro city,4.0,5.0,3.0,2.0,City,Metro Small
51840,VA,Winchester city,3.0,2.0,3.0,2.0,City,Metro Small
53003,WA,Asotin County,3.0,2.0,3.0,2.0,City,Metro Small
53005,WA,Benton County,3.0,2.0,2.0,2.0,City,Metro Medium
53007,WA,Chelan County,3.0,2.0,3.0,2.0,City,Metro Small
53013,WA,Columbia County,6.0,6.0,3.0,2.0,City,Metro Small
53015,WA,Cowlitz County,3.0,2.0,3.0,2.0,City,Metro Small
53017,WA,Douglas County,3.0,2.0,3.0,2.0,City,Metro Small
53021,WA,Franklin County,3.0,2.0,2.0,2.0,City,Metro Medium
53035,WA,Kitsap County,3.0,2.0,2.0,2.0,City,Metro Medium
53051,WA,Pend Oreille County,8.0,7.0,2.0,2.0,City,Metro Medium
53057,WA,Skagit County,3.0,2.0,3.0,2.0,City,Metro Small
53063,WA,Spokane County,2.0,2.0,2.0,2.0,City,Metro Medium
53065,WA,Stevens County,6.0,6.0,2.0,2.0,City,Metro Medium
53067,WA,Thurston County,3.0,2.0,2.0,2.0,City,Metro Medium
53071,WA,Walla Walla County,4.0,5.0,3.0,2.0,City,Metro Small
53073,WA,Whatcom County,3.0,2.0,3.0,2.0,City,Metro Small
53077,WA,Yakima County,3.0,2.0,3.0,2.0,City,Metro Small
54003,WV,Berkeley County,3.0,2.0,2.0,2.0,City,Metro Medium
54005,WV,Boone County,2.0,2.0,3.0,2.0,City,Metro Small
54009,WV,Brooke County,3.0,2.0,3.0,2.0,City,Metro Small
54011,WV,Cabell County,2.0,2.0,2.0,2.0,City,Metro Medium
54015,WV,Clay County,2.0,2.0,3.0,2.0,City,Metro Small
54019,WV,Fayette County,6.0,5.0,3.0,2.0,City,Metro Small
54027,WV,Hampshire County,3.0,2.0,3.0,2.0,City,Metro Small
54029,WV,Hancock County,3.0,2.0,3.0,2.0,City,Metro Small
54039,WV,Kanawha County,2.0,2.0,3.0,2.0,City,Metro Small
54043,WV,Lincoln County,2.0,2.0,2.0,2.0,City,Metro Medium
54051,WV,Marshall County,3.0,2.0,3.0,2.0,City,Metro Small
54057,WV,Mineral County,3.0,2.0,3.0,2.0,City,Metro Small
54061,WV,Monongalia County,3.0,2.0,3.0,2.0,City,Metro Small
54069,WV,Ohio County,3.0,2.0,3.0,2.0,City,Metro Small
54077,WV,Preston County,3.0,2.0,3.0,2.0,City,Metro Small
54079,WV,Putnam County,2.0,2.0,2.0,2.0,City,Metro Medium
54081,WV,Raleigh County,4.0,5.0,3.0,2.0,City,Metro Small
54099,WV,Wayne County,2.0,2.0,2.0,2.0,City,Metro Medium
54105,WV,Wirt County,3.0,2.0,3.0,2.0,City,Metro Small
54107,WV,Wood County,3.0,2.0,3.0,2.0,City,Metro Small
55009,WI,Brown County,2.0,2.0,2.0,2.0,City,Metro Medium
55015,WI,Calumet County,3.0,2.0,3.0,2.0,City,Metro Small
55017,WI,Chippewa County,3.0,2.0,3.0,2.0,City,Metro Small
55021,WI,Columbia County,2.0,2.0,2.0,2.0,City,Metro Medium
55025,WI,Dane County,2.0,2.0,2.0,2.0,City,Metro Medium
55031,WI,Douglas County,2.0,2.0,2.0,2.0,City,Metro Medium
55035,WI,Eau Claire County,3.0,2.0,3.0,2.0,City,Metro Small
55039,WI,Fond du Lac County,3.0,2.0,3.0,2.0,City,Metro Small
55045,WI,Green County,6.0,5.0,2.0,2.0,City,Metro Medium
55049,WI,Iowa County,2.0,2.0,2.0,2.0,City,Metro Medium
55061,WI,Kewaunee County,2.0,2.0,2.0,2.0,City,Metro Medium
55063,WI,La Crosse County,3.0,2.0,3.0,2.0,City,Metro Small
55073,WI,Marathon County,3.0,2.0,3.0,2.0,City,Metro Small
55083,WI,Oconto County,2.0,2.0,2.0,2.0,City,Metro Medium
55087,WI,Outagamie County,3.0,2.0,3.0,2.0,City,Metro Small
55101,WI,Racine County,3.0,2.0,3.0,2.0,City,Metro Small
55105,WI,Rock County,3.0,2.0,3.0,2.0,City,Metro Small
55117,WI,Sheboygan County,3.0,2.0,3.0,2.0,City,Metro Small
55139,WI,Winnebago County,3.0,2.0,3.0,2.0,City,Metro Small
56021,WY,Laramie County,3.0,2.0,3.0,2.0,City,Metro Small
56025,WY,Natrona County,3.0,2.0,3.0,2.0,City,Metro Small
72003,PR,Aguada Municipio,2.0,2.0,2.0,2.0,City,Metro Medium
72005,PR,Aguadilla Municipio,2.0,2.0,2.0,2.0,City,Metro Medium
72011,PR,Añasco Municipio,2.0,2.0,2.0,2.0,City,Metro Medium
72013,PR,Arecibo Municipio,1.0,1.0,3.0,2.0,City,Metro Small
72015,PR,Arroyo Municipio,3.0,2.0,3.0,2.0,City,Metro Small
72023,PR,Cabo Rojo Municipio,3.0,2.0,3.0,2.0,City,Metro Small
72027,PR,Camuy Municipio,1.0,1.0,3.0,2.0,City,Metro Small
72055,PR,Guánica Municipio,3.0,2.0,2.0,2.0,City,Metro Medium
72057,PR,Guayama Municipio,3.0,2.0,3.0,2.0,City,Metro Small
72059,PR,Guayanilla Municipio,3.0,2.0,2.0,2.0,City,Metro Medium
72065,PR,Hatillo Municipio,1.0,1.0,3.0,2.0,City,Metro Small
72067,PR,Hormigueros Municipio,3.0,2.0,3.0,2.0,City,Metro Small
72071,PR,Isabela Municipio,2.0,2.0,2.0,2.0,City,Metro Medium
72075,PR,Juana Díaz Municipio,2.0,2.0,2.0,2.0,City,Metro Medium
72079,PR,Lajas Municipio,3.0,2.0,3.0,2.0,City,Metro Small
72081,PR,Lares Municipio,2.0,2.0,2.0,2.0,City,Metro Medium
72097,PR,Mayagüez Municipio,3.0,2.0,3.0,2.0,City,Metro Small
72099,PR,Moca Municipio,2.0,2.0,2.0,2.0,City,Metro Medium
72109,PR,Patillas Municipio,3.0,2.0,3.0,2.0,City,Metro Small
72111,PR,Peñuelas Municipio,3.0,2.0,2.0,2.0,City,Metro Medium
72113,PR,Ponce Municipio,2.0,2.0,2.0,2.0,City,Metro Medium
72115,PR,Quebradillas Municipio,1.0,1.0,3.0,2.0,City,Metro Small
72117,PR,Rincón Municipio,2.0,2.0,2.0,2.0,City,Metro Medium
72121,PR,Sabana Grande Municipio,3.0,2.0,3.0,2.0,City,Metro Small
72125,PR,San Germán Municipio,3.0,2.0,3.0,2.0,City,Metro Small
72131,PR,San Sebastián Municipio,2.0,2.0,2.0,2.0,City,Metro Medium
72141,PR,Utuado Municipio,4.0,3.0,2.0,2.0,City,Metro Medium
72149,PR,Villalba Municipio,2.0,2.0,2.0,2.0,City,Metro Medium
72153,PR,Yauco Municipio,3.0,2.0,2.0,2.0,City,Metro Medium
01037,AL,Coosa County,8.0,7.0,8.0,3.0,Suburb,Rural Remote
01043,AL,Cullman County,6.0,3.0,4.0,3.0,Suburb,Nonmetro Adjacent
01121,AL,Talladega County,4.0,5.0,4.0,3.0,Suburb,Nonmetro Adjacent
04007,AZ,Gila County,4.0,3.0,4.0,3.0,Suburb,Nonmetro Adjacent
05093,AR,Mississippi County,4.0,5.0,4.0,3.0,Suburb,Nonmetro Adjacent
05107,AR,Phillips County,7.0,8.0,6.0,3.0,Suburb,Nonmetro Nonadjacent
05123,AR,St. Francis County,6.0,3.0,6.0,3.0,Suburb,Nonmetro Nonadjacent
06057,CA,Nevada County,4.0,3.0,4.0,3.0,Suburb,Nonmetro Adjacent
08087,CO,Morgan County,6.0,3.0,6.0,3.0,Suburb,Nonmetro Nonadjacent
09005,CT,Litchfield County,4.0,5.0,4.0,3.0,Suburb,Nonmetro Adjacent
12023,FL,Columbia County,6.0,5.0,4.0,3.0,Suburb,Nonmetro Adjacent
12049,FL,Hardee County,6.0,5.0,6.0,3.0,Suburb,Nonmetro Nonadjacent
12051,FL,Hendry County,4.0,5.0,4.0,3.0,Suburb,Nonmetro Adjacent
12087,FL,Monroe County,4.0,3.0,4.0,3.0,Suburb,Nonmetro Adjacent
12093,FL,Okeechobee County,4.0,5.0,4.0,3.0,Suburb,Nonmetro Adjacent
12107,FL,Putnam County,4.0,3.0,4.0,3.0,Suburb,Nonmetro Adjacent
13039,GA,Camden County,4.0,3.0,4.0,3.0,Suburb,Nonmetro Adjacent
13129,GA,Gordon County,6.0,5.0,4.0,3.0,Suburb,Nonmetro Adjacent
13157,GA,Jackson County,6.0,6.0,4.0,3.0,Suburb,Nonmetro Adjacent
13233,GA,Polk County,6.0,3.0,4.0,3.0,Suburb,Nonmetro Adjacent
13285,GA,Troup County,4.0,3.0,4.0,3.0,Suburb,Nonmetro Adjacent
13293,GA,Upson County,6.0,3.0,6.0,3.0,Suburb,Nonmetro Nonadjacent
17099,IL,La Salle County,4.0,3.0,4.0,3.0,Suburb,Nonmetro Adjacent
17103,IL,Lee County,4.0,3.0,6.0,3.0,Suburb,Nonmetro Nonadjacent
17105,IL,Livingston County,4.0,5.0,4.0,3.0,Suburb,Nonmetro Adjacent
17121,IL,Marion County,4.0,3.0,4.0,3.0,Suburb,Nonmetro Adjacent
17141,IL,Ogle County,4.0,5.0,4.0,3.0,Suburb,Nonmetro Adjacent
18023,IN,Clinton County,6.0,5.0,6.0,3.0,Suburb,Nonmetro Nonadjacent
18031,IN,Decatur County,6.0,3.0,6.0,3.0,Suburb,Nonmetro Nonadjacent
18041,IN,Fayette County,7.0,8.0,6.0,3.0,Suburb,Nonmetro Nonadjacent
18053,IN,Grant County,4.0,5.0,4.0,3.0,Suburb,Nonmetro Adjacent
18065,IN,Henry County,4.0,3.0,4.0,3.0,Suburb,Nonmetro Adjacent
18077,IN,Jefferson County,6.0,3.0,6.0,3.0,Suburb,Nonmetro Nonadjacent
18107,IN,Montgomery County,6.0,3.0,6.0,3.0,Suburb,Nonmetro Nonadjacent
20005,KS,Atchison County,6.0,3.0,6.0,3.0,Suburb,Nonmetro Nonadjacent
20059,KS,Franklin County,1.0,1.0,6.0,3.0,Suburb,Nonmetro Nonadjacent
21005,KY,Anderson County,6.0,5.0,6.0,3.0,Suburb,Nonmetro Nonadjacent
21073,KY,Franklin County,4.0,5.0,4.0,3.0,Suburb,Nonmetro Adjacent
21161,KY,Mason County,6.0,3.0,6.0,3.0,Suburb,Nonmetro Nonadjacent
21179,KY,Nelson County,1.0,1.0,6.0,3.0,Suburb,Nonmetro Nonadjacent
22117,LA,Washington Parish,6.0,3.0,6.0,3.0,Suburb,Nonmetro Nonadjacent
24041,MD,Talbot County,6.0,3.0,6.0,3.0,Suburb,Nonmetro Nonadjacent
26155,MI,Shiawassee County,4.0,5.0,4.0,3.0,Suburb,Nonmetro Adjacent
27035,MN,Crow Wing County,5.0,8.0,4.0,3.0,Suburb,Nonmetro Adjacent
27049,MN,Goodhue County,4.0,3.0,4.0,3.0,Suburb,Nonmetro Adjacent
27085,MN,McLeod County,6.0,3.0,6.0,3.0,Suburb,Nonmetro Nonadjacent
27131,MN,Rice County,4.0,3.0,4.0,3.0,Suburb,Nonmetro Adjacent
28071,MS,Lafayette County,6.0,3.0,4.0,3.0,Suburb,Nonmetro Adjacent
28109,MS,Pearl River County,6.0,3.0,6.0,3.0,Suburb,Nonmetro Nonadjacent
29101,MO,Johnson County,4.0,3.0,4.0,3.0,Suburb,Nonmetro Adjacent
29159,MO,Pettis County,4.0,3.0,4.0,3.0,Suburb,Nonmetro Adjacent
29187,MO,St. Francois County,4.0,3.0,4.0,3.0,Suburb,Nonmetro Adjacent
29195,MO,Saline County,6.0,3.0,6.0,3.0,Suburb,Nonmetro Nonadjacent
32005,NV,Douglas County,4.0,5.0,4.0,3.0,Suburb,Nonmetro Adjacent
32023,NV,Nye County,6.0,3.0,4.0,3.0,Suburb,Nonmetro Adjacent
33001,NH,Belknap County,4.0,3.0,4.0,3.0,Suburb,Nonmetro Adjacent
33013,NH,Merrimack County,4.0,5.0,4.0,3.0,Suburb,Nonmetro Adjacent
36009,NY,Cattaraugus County,4.0,3.0,4.0,3.0,Suburb,Nonmetro Adjacent
36013,NY,Chautauqua County,4.0,3.0,4.0,3.0,Suburb,Nonmetro Adjacent
36021,NY,Columbia County,6.0,5.0,6.0,3.0,Suburb,Nonmetro Nonadjacent
36037,NY,Genesee County,4.0,3.0,4.0,3.0,Suburb,Nonmetro Adjacent
36099,NY,Seneca County,6.0,3.0,6.0,3.0,Suburb,Nonmetro Nonadjacent
36101,NY,Steuben County,4.0,5.0,4.0,3.0,Suburb,Nonmetro Adjacent
37029,NC,Camden County,8.0,3.0,8.0,3.0,Suburb,Rural Remote
37045,NC,Cleveland County,4.0,3.0,4.0,3.0,Suburb,Nonmetro Adjacent
37055,NC,Dare County,5.0,8.0,4.0,3.0,Suburb,Nonmetro Adjacent
37077,NC,Granville County,6.0,6.0,4.0,3.0,Suburb,Nonmetro Adjacent
37085,NC,Harnett County,4.0,5.0,4.0,3.0,Suburb,Nonmetro Adjacent
37139,NC,Pasquotank County,7.0,8.0,4.0,3.0,Suburb,Nonmetro Adjacent
37143,NC,Perquimans County,9.0,8.0,8.0,3.0,Suburb,Rural Remote
37167,NC,Stanly County,6.0,3.0,6.0,3.0,Suburb,Nonmetro Nonadjacent
37181,NC,Vance County,4.0,5.0,4.0,3.0,Suburb,Nonmetro Adjacent
37193,NC,Wilkes County,6.0,5.0,6.0,3.0,Suburb,Nonmetro Nonadjacent
37195,NC,Wilson County,4.0,5.0,4.0,3.0,Suburb,Nonmetro Adjacent
39005,OH,Ashland County,4.0,5.0,4.0,3.0,Suburb,Nonmetro Adjacent
39007,OH,Ashtabula County,4.0,3.0,4.0,3.0,Suburb,Nonmetro Adjacent
39009,OH,Athens County,4.0,5.0,4.0,3.0,Suburb,Nonmetro Adjacent
39021,OH,Champaign County,6.0,5.0,6.0,3.0,Suburb,Nonmetro Nonadjacent
39027,OH,Clinton County,6.0,3.0,6.0,3.0,Suburb,Nonmetro Nonadjacent
39029,OH,Columbiana County,4.0,5.0,4.0,3.0,Suburb,Nonmetro Adjacent
39031,OH,Coshocton County,6.0,3.0,6.0,3.0,Suburb,Nonmetro Nonadjacent
39033,OH,Crawford County,4.0,5.0,4.0,3.0,Suburb,Nonmetro Adjacent
39043,OH,Erie County,3.0,2.0,4.0,3.0,Suburb,Nonmetro Adjacent
39047,OH,Fayette County,6.0,3.0,6.0,3.0,Suburb,Nonmetro Nonadjacent
39077,OH,Huron County,4.0,5.0,4.0,3.0,Suburb,Nonmetro Adjacent
39083,OH,Knox County,4.0,3.0,4.0,3.0,Suburb,Nonmetro Adjacent
39091,OH,Logan County,4.0,3.0,6.0,3.0,Suburb,Nonmetro Nonadjacent
39101,OH,Marion County,4.0,3.0,4.0,3.0,Suburb,Nonmetro Adjacent
39119,OH,Muskingum County,4.0,3.0,4.0,3.0,Suburb,Nonmetro Adjacent
39141,OH,Ross County,4.0,3.0,4.0,3.0,Suburb,Nonmetro Adjacent
39169,OH,Wayne County,4.0,3.0,4.0,3.0,Suburb,Nonmetro Adjacent
40119,OK,Payne County,4.0,5.0,4.0,3.0,Suburb,Nonmetro Adjacent
40125,OK,Pottawatomie County,4.0,3.0,4.0,3.0,Suburb,Nonmetro Adjacent
40137,OK,Stephens County,4.0,5.0,4.0,3.0,Suburb,Nonmetro Adjacent
41007,OR,Clatsop County,4.0,3.0,4.0,3.0,Suburb,Nonmetro Adjacent
41027,OR,Hood River County,6.0,3.0,6.0,3.0,Suburb,Nonmetro Nonadjacent
41065,OR,Wasco County,6.0,3.0,6.0,3.0,Suburb,Nonmetro Nonadjacent
42063,PA,Indiana County,4.0,3.0,4.0,3.0,Suburb,Nonmetro Adjacent
42073,PA,Lawrence County,4.0,3.0,4.0,3.0,Suburb,Nonmetro Adjacent
42111,PA,Somerset County,4.0,5.0,4.0,3.0,Suburb,Nonmetro Adjacent
42121,PA,Venango County,4.0,3.0,4.0,3.0,Suburb,Nonmetro Adjacent
47003,TN,Bedford County,6.0,3.0,4.0,3.0,Suburb,Nonmetro Adjacent
47031,TN,Coffee County,4.0,3.0,4.0,3.0,Suburb,Nonmetro Adjacent
47087,TN,Jackson County,8.0,3.0,8.0,3.0,Suburb,Rural Remote
47099,TN,Lawrence County,6.0,5.0,6.0,3.0,Suburb,Nonmetro Nonadjacent
47117,TN,Marshall County,6.0,4.0,6.0,3.0,Suburb,Nonmetro Nonadjacent
47141,TN,Putnam County,4.0,3.0,4.0,3.0,Suburb,Nonmetro Adjacent
47177,TN,Warren County,6.0,3.0,6.0,3.0,Suburb,Nonmetro Nonadjacent
48097,TX,Cooke County,6.0,3.0,6.0,3.0,Suburb,Nonmetro Nonadjacent
48143,TX,Erath County,7.0,8.0,4.0,3.0,Suburb,Nonmetro Adjacent
48213,TX,Henderson County,4.0,3.0,4.0,3.0,Suburb,Nonmetro Adjacent
48223,TX,Hopkins County,6.0,3.0,6.0,3.0,Suburb,Nonmetro Nonadjacent
48265,TX,Kerr County,4.0,3.0,4.0,3.0,Suburb,Nonmetro Adjacent
48321,TX,Matagorda County,4.0,3.0,4.0,3.0,Suburb,Nonmetro Adjacent
48349,TX,Navarro County,4.0,3.0,4.0,3.0,Suburb,Nonmetro Adjacent
48363,TX,Palo Pinto County,6.0,3.0,6.0,3.0,Suburb,Nonmetro Nonadjacent
48463,TX,Uvalde County,7.0,8.0,6.0,3.0,Suburb,Nonmetro Nonadjacent
48471,TX,Walker County,4.0,3.0,4.0,3.0,Suburb,Nonmetro Adjacent
48477,TX,Washington County,6.0,3.0,6.0,3.0,Suburb,Nonmetro Nonadjacent
48481,TX,Wharton County,4.0,3.0,4.0,3.0,Suburb,Nonmetro Adjacent
49043,UT,Summit County,2.0,2.0,4.0,3.0,Suburb,Nonmetro Adjacent
49051,UT,Wasatch County,6.0,6.0,6.0,3.0,Suburb,Nonmetro Nonadjacent
53029,WA,Island County,4.0,3.0,4.0,3.0,Suburb,Nonmetro Adjacent
53037,WA,Kittitas County,6.0,3.0,4.0,3.0,Suburb,Nonmetro Adjacent
53041,WA,Lewis County,4.0,5.0,4.0,3.0,Suburb,Nonmetro Adjacent
53045,WA,Mason County,6.0,5.0,4.0,3.0,Suburb,Nonmetro Adjacent
55027,WI,Dodge County,4.0,3.0,4.0,3.0,Suburb,Nonmetro Adjacent
55033,WI,Dunn County,6.0,5.0,6.0,3.0,Suburb,Nonmetro Nonadjacent
55055,WI,Jefferson County,4.0,3.0,4.0,3.0,Suburb,Nonmetro Adjacent
55127,WI,Walworth County,4.0,3.0,4.0,3.0,Suburb,Nonmetro Adjacent
72043,PR,Coamo Municipio,4.0,5.0,4.0,3.0,Suburb,Nonmetro Adjacent
72123,PR,Salinas Municipio,4.0,6.0,4.0,3.0,Suburb,Nonmetro Adjacent
01029,AL,Cleburne County,8.0,4.0,8.0,4.0,Rural,Rural Remote
01105,AL,Perry County,8.0,6.0,8.0,4.0,Rural,Rural Remote
01111,AL,Randolph County,6.0,4.0,6.0,4.0,Rural,Nonmetro Nonadjacent
01133,AL,Winston County,6.0,4.0,6.0,4.0,Rural,Nonmetro Nonadjacent
04012,AZ,La Paz County,6.0,4.0,6.0,4.0,Rural,Nonmetro Nonadjacent
05037,AR,Cross County,6.0,4.0,6.0,4.0,Rural,Nonmetro Nonadjacent
06003,CA,Alpine County,8.0,4.0,8.0,4.0,Rural,Rural Remote
06005,CA,Amador County,6.0,4.0,6.0,4.0,Rural,Nonmetro Nonadjacent
06011,CA,Colusa County,6.0,4.0,6.0,4.0,Rural,Nonmetro Nonadjacent
08065,CO,Lake County,7.0,8.0,6.0,4.0,Rural,Nonmetro Nonadjacent
12007,FL,Bradford County,6.0,6.0,6.0,4.0,Rural,Nonmetro Nonadjacent
12043,FL,Glades County,6.0,4.0,6.0,4.0,Rural,Nonmetro Nonadjacent
12125,FL,Union County,6.0,7.0,6.0,4.0,Rural,Nonmetro Nonadjacent
13049,GA,Charlton County,6.0,4.0,6.0,4.0,Rural,Nonmetro Nonadjacent
13111,GA,Fannin County,8.0,4.0,8.0,4.0,Rural,Rural Remote
13123,GA,Gilmer County,6.0,4.0,6.0,4.0,Rural,Nonmetro Nonadjacent
13133,GA,Greene County,6.0,6.0,6.0,4.0,Rural,Nonmetro Nonadjacent
13187,GA,Lumpkin County,6.0,4.0,6.0,4.0,Rural,Nonmetro Nonadjacent
13237,GA,Putnam County,6.0,4.0,6.0,4.0,Rural,Nonmetro Nonadjacent
13263,GA,Talbot County,8.0,6.0,8.0,4.0,Rural,Rural Remote
17051,IL,Fayette County,6.0,4.0,6.0,4.0,Rural,Nonmetro Nonadjacent
17061,IL,Greene County,6.0,4.0,6.0,4.0,Rural,Nonmetro Nonadjacent
17075,IL,Iroquois County,6.0,6.0,6.0,4.0,Rural,Nonmetro Nonadjacent
17135,IL,Montgomery County,6.0,6.0,6.0,4.0,Rural,Nonmetro Nonadjacent
17157,IL,Randolph County,6.0,4.0,6.0,4.0,Rural,Nonmetro Nonadjacent
17189,IL,Washington County,6.0,4.0,6.0,4.0,Rural,Nonmetro Nonadjacent
18025,IN,Crawford County,8.0,4.0,8.0,4.0,Rural,Rural Remote
18047,IN,Franklin County,1.0,1.0,6.0,4.0,Rural,Nonmetro Nonadjacent
18117,IN,Orange County,6.0,4.0,6.0,4.0,Rural,Nonmetro Nonadjacent
18121,IN,Parke County,6.0,6.0,6.0,4.0,Rural,Nonmetro Nonadjacent
18131,IN,Pulaski County,6.0,4.0,6.0,4.0,Rural,Nonmetro Nonadjacent
18137,IN,Ripley County,6.0,4.0,6.0,4.0,Rural,Nonmetro Nonadjacent
18139,IN,Rush County,6.0,4.0,6.0,4.0,Rural,Nonmetro Nonadjacent
18149,IN,Starke County,6.0,6.0,6.0,4.0,Rural,Nonmetro Nonadjacent
18155,IN,Switzerland County,8.0,4.0,8.0,4.0,Rural,Rural Remote
18159,IN,Tipton County,3.0,2.0,6.0,4.0,Rural,Nonmetro Nonadjacent
20003,KS,Anderson County,6.0,4.0,6.0,4.0,Rural,Nonmetro Nonadjacent
20011,KS,Bourbon County,6.0,4.0,6.0,4.0,Rural,Nonmetro Nonadjacent
21041,KY,Carroll County,6.0,4.0,6.0,4.0,Rural,Nonmetro Nonadjacent
21097,KY,Harrison County,6.0,6.0,6.0,4.0,Rural,Nonmetro Nonadjacent
21187,KY,Owen County,8.0,4.0,8.0,4.0,Rural,Rural Remote
21201,KY,Robertson County,8.0,4.0,8.0,4.0,Rural,Rural Remote
21213,KY,Simpson County,6.0,6.0,6.0,4.0,Rural,Nonmetro Nonadjacent
22007,LA,Assumption Parish,6.0,5.0,6.0,4.0,Rural,Nonmetro Nonadjacent
24011,MD,Caroline County,6.0,4.0,6.0,4.0,Rural,Nonmetro Nonadjacent
24029,MD,Kent County,6.0,4.0,6.0,4.0,Rural,Nonmetro Nonadjacent
26151,MI,Sanilac County,6.0,4.0,6.0,4.0,Rural,Nonmetro Nonadjacent
26157,MI,Tuscola County,6.0,6.0,6.0,4.0,Rural,Nonmetro Nonadjacent
27001,MN,Aitkin County,8.0,7.0,8.0,4.0,Rural,Rural Remote
27065,MN,Kanabec County,6.0,4.0,6.0,4.0,Rural,Nonmetro Nonadjacent
27093,MN,Meeker County,6.0,4.0,6.0,4.0,Rural,Nonmetro Nonadjacent
27097,MN,Morrison County,6.0,6.0,6.0,4.0,Rural,Nonmetro Nonadjacent
27115,MN,Pine County,6.0,4.0,6.0,4.0,Rural,Nonmetro Nonadjacent
27129,MN,Renville County,9.0,9.0,8.0,4.0,Rural,Rural Remote
27161,MN,Waseca County,7.0,9.0,6.0,4.0,Rural,Nonmetro Nonadjacent
28107,MS,Panola County,6.0,4.0,6.0,4.0,Rural,Nonmetro Nonadjacent
28119,MS,Quitman County,6.0,4.0,6.0,4.0,Rural,Nonmetro Nonadjacent
28139,MS,Tippah County,7.0,9.0,6.0,4.0,Rural,Nonmetro Nonadjacent
28145,MS,Union County,7.0,9.0,6.0,4.0,Rural,Nonmetro Nonadjacent
29033,MO,Carroll County,6.0,4.0,6.0,4.0,Rural,Nonmetro Nonadjacent
29055,MO,Crawford County,6.0,4.0,6.0,4.0,Rural,Nonmetro Nonadjacent
29061,MO,Daviess County,8.0,4.0,8.0,4.0,Rural,Rural Remote
29073,MO,Gasconade County,6.0,4.0,6.0,4.0,Rural,Nonmetro Nonadjacent
29083,MO,Henry County,6.0,4.0,6.0,4.0,Rural,Nonmetro Nonadjacent
29117,MO,Livingston County,6.0,4.0,6.0,4.0,Rural,Nonmetro Nonadjacent
29139,MO,Montgomery County,8.0,4.0,6.0,4.0,Rural,Nonmetro Nonadjacent
29163,MO,Pike County,6.0,4.0,6.0,4.0,Rural,Nonmetro Nonadjacent
29185,MO,St. Clair County,8.0,4.0,8.0,4.0,Rural,Rural Remote
29186,MO,Ste. Genevieve County,6.0,4.0,6.0,4.0,Rural,Nonmetro Nonadjacent
29221,MO,Washington County,1.0,1.0,6.0,4.0,Rural,Nonmetro Nonadjacent
32017,NV,Lincoln County,8.0,4.0,8.0,4.0,Rural,Rural Remote
33003,NH,Carroll County,8.0,4.0,6.0,4.0,Rural,Nonmetro Nonadjacent
36105,NY,Sullivan County,4.0,6.0,4.0,4.0,Rural,Nonmetro Adjacent
36121,NY,Wyoming County,6.0,4.0,6.0,4.0,Rural,Nonmetro Nonadjacent
37007,NC,Anson County,1.0,1.0,6.0,4.0,Rural,Nonmetro Nonadjacent
37041,NC,Chowan County,7.0,9.0,6.0,4.0,Rural,Nonmetro Nonadjacent
37091,NC,Hertford County,7.0,11.0,6.0,4.0,Rural,Nonmetro Nonadjacent
37163,NC,Sampson County,6.0,6.0,6.0,4.0,Rural,Nonmetro Nonadjacent
37185,NC,Warren County,8.0,7.0,8.0,4.0,Rural,Rural Remote
39001,OH,Adams County,6.0,4.0,6.0,4.0,Rural,Nonmetro Nonadjacent
39071,OH,Highland County,6.0,4.0,6.0,4.0,Rural,Nonmetro Nonadjacent
39115,OH,Morgan County,6.0,7.0,6.0,4.0,Rural,Nonmetro Nonadjacent
39135,OH,Preble County,2.0,2.0,6.0,4.0,Rural,Nonmetro Nonadjacent
39163,OH,Vinton County,9.0,10.0,8.0,4.0,Rural,Rural Remote
40011,OK,Blaine County,6.0,4.0,6.0,4.0,Rural,Nonmetro Nonadjacent
40015,OK,Caddo County,6.0,4.0,6.0,4.0,Rural,Nonmetro Nonadjacent
40049,OK,Garvin County,6.0,4.0,6.0,4.0,Rural,Nonmetro Nonadjacent
40073,OK,Kingfisher County,6.0,4.0,6.0,4.0,Rural,Nonmetro Nonadjacent
40103,OK,Noble County,6.0,4.0,6.0,4.0,Rural,Nonmetro Nonadjacent
40107,OK,Okfuskee County,6.0,6.0,6.0,4.0,Rural,Nonmetro Nonadjacent
41057,OR,Tillamook County,6.0,4.0,6.0,4.0,Rural,Nonmetro Nonadjacent
42031,PA,Clarion County,6.0,4.0,6.0,4.0,Rural,Nonmetro Nonadjacent
42059,PA,Greene County,6.0,4.0,6.0,4.0,Rural,Nonmetro Nonadjacent
42127,PA,Wayne County,6.0,6.0,6.0,4.0,Rural,Nonmetro Nonadjacent
45025,SC,Chesterfield County,6.0,4.0,6.0,4.0,Rural,Nonmetro Nonadjacent
47041,TN,DeKalb County,6.0,4.0,6.0,4.0,Rural,Nonmetro Nonadjacent
47055,TN,Giles County,6.0,6.0,6.0,4.0,Rural,Nonmetro Nonadjacent
47069,TN,Hardeman County,6.0,6.0,6.0,4.0,Rural,Nonmetro Nonadjacent
47075,TN,Haywood County,6.0,5.0,6.0,4.0,Rural,Nonmetro Nonadjacent
47083,TN,Houston County,8.0,4.0,8.0,4.0,Rural,Rural Remote
47085,TN,Humphreys County,6.0,4.0,6.0,4.0,Rural,Nonmetro Nonadjacent
47097,TN,Lauderdale County,6.0,4.0,6.0,4.0,Rural,Nonmetro Nonadjacent
47101,TN,Lewis County,6.0,4.0,6.0,4.0,Rural,Nonmetro Nonadjacent
47135,TN,Perry County,8.0,4.0,8.0,4.0,Rural,Rural Remote
48031,TX,Blanco County,8.0,4.0,8.0,4.0,Rural,Rural Remote
48035,TX,Bosque County,6.0,6.0,6.0,4.0,Rural,Nonmetro Nonadjacent
48053,TX,Burnet County,6.0,4.0,6.0,4.0,Rural,Nonmetro Nonadjacent
48089,TX,Colorado County,6.0,4.0,6.0,4.0,Rural,Nonmetro Nonadjacent
48119,TX,Delta County,1.0,1.0,8.0,4.0,Rural,Rural Remote
48147,TX,Fannin County,6.0,4.0,6.0,4.0,Rural,Nonmetro Nonadjacent
48149,TX,Fayette County,6.0,4.0,6.0,4.0,Rural,Nonmetro Nonadjacent
48163,TX,Frio County,6.0,4.0,6.0,4.0,Rural,Nonmetro Nonadjacent
48177,TX,Gonzales County,6.0,4.0,6.0,4.0,Rural,Nonmetro Nonadjacent
48185,TX,Grimes County,6.0,4.0,6.0,4.0,Rural,Nonmetro Nonadjacent
48217,TX,Hill County,6.0,4.0,6.0,4.0,Rural,Nonmetro Nonadjacent
48237,TX,Jack County,6.0,4.0,6.0,4.0,Rural,Nonmetro Nonadjacent
48255,TX,Karnes County,6.0,4.0,6.0,4.0,Rural,Nonmetro Nonadjacent
48287,TX,Lee County,6.0,4.0,6.0,4.0,Rural,Nonmetro Nonadjacent
48331,TX,Milam County,6.0,4.0,6.0,4.0,Rural,Nonmetro Nonadjacent
48337,TX,Montague County,6.0,4.0,6.0,4.0,Rural,Nonmetro Nonadjacent
48373,TX,Polk County,6.0,4.0,6.0,4.0,Rural,Nonmetro Nonadjacent
48379,TX,Rains County,8.0,4.0,8.0,4.0,Rural,Rural Remote
48407,TX,San Jacinto County,1.0,1.0,8.0,4.0,Rural,Rural Remote
48467,TX,Van Zandt County,6.0,4.0,6.0,4.0,Rural,Nonmetro Nonadjacent
51025,VA,Brunswick County,6.0,4.0,6.0,4.0,Rural,Nonmetro Nonadjacent
51049,VA,Cumberland County,1.0,1.0,8.0,4.0,Rural,Rural Remote
51057,VA,Essex County,8.0,4.0,6.0,4.0,Rural,Nonmetro Nonadjacent
51081,VA,Greensville County,6.0,4.0,6.0,4.0,Rural,Nonmetro Nonadjacent
51097,VA,King and Queen County,1.0,1.0,8.0,4.0,Rural,Rural Remote
51099,VA,King George County,8.0,4.0,6.0,4.0,Rural,Nonmetro Nonadjacent
51109,VA,Louisa County,1.0,1.0,8.0,4.0,Rural,Rural Remote
51113,VA,Madison County,8.0,7.0,8.0,4.0,Rural,Rural Remote
51119,VA,Middlesex County,8.0,4.0,8.0,4.0,Rural,Rural Remote
51131,VA,Northampton County,9.0,12.0,8.0,4.0,Rural,Rural Remote
51135,VA,Nottoway County,6.0,4.0,6.0,4.0,Rural,Nonmetro Nonadjacent
51137,VA,Orange County,6.0,4.0,6.0,4.0,Rural,Nonmetro Nonadjacent
51139,VA,Page County,6.0,6.0,6.0,4.0,Rural,Nonmetro Nonadjacent
51147,VA,Prince Edward County,6.0,4.0,6.0,4.0,Rural,Nonmetro Nonadjacent
51171,VA,Shenandoah County,6.0,6.0,6.0,4.0,Rural,Nonmetro Nonadjacent
51175,VA,Southampton County,6.0,4.0,6.0,4.0,Rural,Nonmetro Nonadjacent
51181,VA,Surry County,1.0,1.0,8.0,4.0,Rural,Rural Remote
51193,VA,Westmoreland County,7.0,11.0,6.0,4.0,Rural,Nonmetro Nonadjacent
51595,VA,Emporia city,6.0,4.0,6.0,4.0,Rural,Nonmetro Nonadjacent
51620,VA,Franklin city,6.0,4.0,6.0,4.0,Rural,Nonmetro Nonadjacent
53039,WA,Klickitat County,6.0,6.0,6.0,4.0,Rural,Nonmetro Nonadjacent
53069,WA,Wahkiakum County,8.0,7.0,8.0,4.0,Rural,Rural Remote
55013,WI,Burnett County,8.0,4.0,8.0,4.0,Rural,Rural Remote
55091,WI,Pepin County,8.0,7.0,8.0,4.0,Rural,Rural Remote
55095,WI,Polk County,6.0,4.0,6.0,4.0,Rural,Nonmetro Nonadjacent
01017,AL,Chambers County,6.0,5.0,6.0,5.0,Suburb,Nonmetro Nonadjacent
01031,AL,Coffee County,6.0,5.0,4.0,5.0,Suburb,Nonmetro Adjacent
01045,AL,Dale County,4.0,5.0,4.0,5.0,Suburb,Nonmetro Adjacent
01047,AL,Dallas County,4.0,5.0,4.0,5.0,Suburb,Nonmetro Adjacent
01071,AL,Jackson County,6.0,5.0,6.0,5.0,Suburb,Nonmetro Nonadjacent
01095,AL,Marshall County,4.0,5.0,4.0,5.0,Suburb,Nonmetro Adjacent
01109,AL,Pike County,6.0,5.0,6.0,5.0,Suburb,Nonmetro Nonadjacent
04017,AZ,Navajo County,4.0,6.0,4.0,5.0,Suburb,Nonmetro Adjacent
04023,AZ,Santa Cruz County,4.0,5.0,4.0,5.0,Suburb,Nonmetro Adjacent
05055,AR,Greene County,6.0,5.0,4.0,5.0,Suburb,Nonmetro Adjacent
05059,AR,Hot Spring County,6.0,6.0,6.0,5.0,Suburb,Nonmetro Nonadjacent
05145,AR,White County,4.0,5.0,4.0,5.0,Suburb,Nonmetro Adjacent
05149,AR,Yell County,6.0,5.0,6.0,5.0,Suburb,Nonmetro Nonadjacent
06033,CA,Lake County,4.0,5.0,4.0,5.0,Suburb,Nonmetro Adjacent
06045,CA,Mendocino County,4.0,5.0,4.0,5.0,Suburb,Nonmetro Adjacent
06103,CA,Tehama County,4.0,5.0,4.0,5.0,Suburb,Nonmetro Adjacent
06109,CA,Tuolumne County,4.0,5.0,4.0,5.0,Suburb,Nonmetro Adjacent
08043,CO,Fremont County,4.0,5.0,4.0,5.0,Suburb,Nonmetro Adjacent
08067,CO,La Plata County,6.0,5.0,4.0,5.0,Suburb,Nonmetro Adjacent
08085,CO,Montrose County,7.0,8.0,4.0,5.0,Suburb,Nonmetro Adjacent
12027,FL,DeSoto County,6.0,5.0,6.0,5.0,Suburb,Nonmetro Nonadjacent
13009,GA,Baldwin County,4.0,5.0,4.0,5.0,Suburb,Nonmetro Adjacent
13031,GA,Bulloch County,4.0,5.0,4.0,5.0,Suburb,Nonmetro Adjacent
13055,GA,Chattooga County,6.0,5.0,6.0,5.0,Suburb,Nonmetro Nonadjacent
13071,GA,Colquitt County,6.0,5.0,6.0,5.0,Suburb,Nonmetro Nonadjacent
13081,GA,Crisp County,6.0,5.0,6.0,5.0,Suburb,Nonmetro Nonadjacent
13087,GA,Decatur County,6.0,5.0,6.0,5.0,Suburb,Nonmetro Nonadjacent
13137,GA,Habersham County,6.0,5.0,6.0,5.0,Suburb,Nonmetro Nonadjacent
13229,GA,Pierce County,6.0,5.0,6.0,5.0,Suburb,Nonmetro Nonadjacent
13249,GA,Schley County,8.0,5.0,8.0,5.0,Suburb,Rural Remote
13261,GA,Sumter County,6.0,5.0,6.0,5.0,Suburb,Nonmetro Nonadjacent
13275,GA,Thomas County,4.0,5.0,4.0,5.0,Suburb,Nonmetro Adjacent
13305,GA,Wayne County,6.0,5.0,6.0,5.0,Suburb,Nonmetro Nonadjacent
16011,ID,Bingham County,6.0,5.0,4.0,5.0,Suburb,Nonmetro Adjacent
16017,ID,Bonner County,6.0,6.0,6.0,5.0,Suburb,Nonmetro Nonadjacent
16039,ID,Elmore County,4.0,5.0,6.0,5.0,Suburb,Nonmetro Nonadjacent
16043,ID,Fremont County,6.0,5.0,6.0,5.0,Suburb,Nonmetro Nonadjacent
16057,ID,Latah County,4.0,5.0,4.0,5.0,Suburb,Nonmetro Adjacent
16065,ID,Madison County,6.0,5.0,4.0,5.0,Suburb,Nonmetro Adjacent
16075,ID,Payette County,6.0,5.0,6.0,5.0,Suburb,Nonmetro Nonadjacent
17021,IL,Christian County,6.0,5.0,6.0,5.0,Suburb,Nonmetro Nonadjacent
17057,IL,Fulton County,6.0,5.0,6.0,5.0,Suburb,Nonmetro Nonadjacent
17095,IL,Knox County,4.0,5.0,4.0,5.0,Suburb,Nonmetro Adjacent
17107,IL,Logan County,6.0,5.0,6.0,5.0,Suburb,Nonmetro Nonadjacent
17137,IL,Morgan County,4.0,5.0,4.0,5.0,Suburb,Nonmetro Adjacent
17155,IL,Putnam County,8.0,5.0,8.0,5.0,Suburb,Rural Remote
17177,IL,Stephenson County,4.0,5.0,4.0,5.0,Suburb,Nonmetro Adjacent
17195,IL,Whiteside County,4.0,5.0,4.0,5.0,Suburb,Nonmetro Adjacent
18001,IN,Adams County,6.0,5.0,6.0,5.0,Suburb,Nonmetro Nonadjacent
18017,IN,Cass County,4.0,5.0,4.0,5.0,Suburb,Nonmetro Adjacent
18033,IN,DeKalb County,4.0,5.0,4.0,5.0,Suburb,Nonmetro Adjacent
18069,IN,Huntington County,6.0,5.0,6.0,5.0,Suburb,Nonmetro Nonadjacent
18071,IN,Jackson County,4.0,5.0,4.0,5.0,Suburb,Nonmetro Adjacent
18079,IN,Jennings County,6.0,5.0,6.0,5.0,Suburb,Nonmetro Nonadjacent
18085,IN,Kosciusko County,4.0,5.0,4.0,5.0,Suburb,Nonmetro Adjacent
18093,IN,Lawrence County,4.0,5.0,6.0,5.0,Suburb,Nonmetro Nonadjacent
18099,IN,Marshall County,6.0,5.0,6.0,5.0,Suburb,Nonmetro Nonadjacent
18103,IN,Miami County,6.0,5.0,6.0,5.0,Suburb,Nonmetro Nonadjacent
18113,IN,Noble County,6.0,5.0,6.0,5.0,Suburb,Nonmetro Nonadjacent
18125,IN,Pike County,6.0,5.0,8.0,5.0,Suburb,Rural Remote
18169,IN,Wabash County,6.0,5.0,6.0,5.0,Suburb,Nonmetro Nonadjacent
19015,IA,Boone County,6.0,5.0,6.0,5.0,Suburb,Nonmetro Nonadjacent
19045,IA,Clinton County,4.0,5.0,4.0,5.0,Suburb,Nonmetro Adjacent
19099,IA,Jasper County,6.0,5.0,6.0,5.0,Suburb,Nonmetro Nonadjacent
19127,IA,Marshall County,4.0,5.0,4.0,5.0,Suburb,Nonmetro Adjacent
19139,IA,Muscatine County,4.0,5.0,4.0,5.0,Suburb,Nonmetro Adjacent
20035,KS,Cowley County,4.0,5.0,4.0,5.0,Suburb,Nonmetro Adjacent
20037,KS,Crawford County,4.0,5.0,4.0,5.0,Suburb,Nonmetro Adjacent
20061,KS,Geary County,5.0,8.0,4.0,5.0,Suburb,Nonmetro Adjacent
20111,KS,Lyon County,5.0,8.0,4.0,5.0,Suburb,Nonmetro Adjacent
20155,KS,Reno County,4.0,5.0,4.0,5.0,Suburb,Nonmetro Adjacent
21009,KY,Barren County,6.0,5.0,6.0,5.0,Suburb,Nonmetro Nonadjacent
21011,KY,Bath County,8.0,5.0,8.0,5.0,Suburb,Rural Remote
21151,KY,Madison County,4.0,5.0,4.0,5.0,Suburb,Nonmetro Adjacent
21173,KY,Montgomery County,6.0,5.0,6.0,5.0,Suburb,Nonmetro Nonadjacent
22011,LA,Beauregard Parish,6.0,5.0,6.0,5.0,Suburb,Nonmetro Nonadjacent
22061,LA,Lincoln Parish,4.0,5.0,4.0,5.0,Suburb,Nonmetro Adjacent
22067,LA,Morehouse Parish,6.0,5.0,6.0,5.0,Suburb,Nonmetro Nonadjacent
22069,LA,Natchitoches Parish,6.0,5.0,6.0,5.0,Suburb,Nonmetro Nonadjacent
22097,LA,St. Landry Parish,4.0,5.0,4.0,5.0,Suburb,Nonmetro Adjacent
22101,LA,St. Mary Parish,4.0,5.0,4.0,5.0,Suburb,Nonmetro Adjacent
23011,ME,Kennebec County,4.0,5.0,4.0,5.0,Suburb,Nonmetro Adjacent
24019,MD,Dorchester County,6.0,5.0,6.0,5.0,Suburb,Nonmetro Nonadjacent
25011,MA,Franklin County,2.0,2.0,4.0,5.0,Suburb,Nonmetro Adjacent
26005,MI,Allegan County,4.0,5.0,4.0,5.0,Suburb,Nonmetro Adjacent
26023,MI,Branch County,6.0,5.0,6.0,5.0,Suburb,Nonmetro Nonadjacent
26057,MI,Gratiot County,6.0,5.0,6.0,5.0,Suburb,Nonmetro Nonadjacent
26059,MI,Hillsdale County,6.0,6.0,6.0,5.0,Suburb,Nonmetro Nonadjacent
26067,MI,Ionia County,2.0,2.0,4.0,5.0,Suburb,Nonmetro Adjacent
26073,MI,Isabella County,5.0,8.0,4.0,5.0,Suburb,Nonmetro Adjacent
26091,MI,Lenawee County,4.0,5.0,4.0,5.0,Suburb,Nonmetro Adjacent
26107,MI,Mecosta County,6.0,5.0,6.0,5.0,Suburb,Nonmetro Nonadjacent
26149,MI,St. Joseph County,4.0,5.0,4.0,5.0,Suburb,Nonmetro Adjacent
27015,MN,Brown County,7.0,8.0,6.0,5.0,Suburb,Nonmetro Nonadjacent
27041,MN,Douglas County,7.0,8.0,6.0,5.0,Suburb,Nonmetro Nonadjacent
27067,MN,Kandiyohi County,4.0,5.0,4.0,5.0,Suburb,Nonmetro Adjacent
27099,MN,Mower County,4.0,5.0,4.0,5.0,Suburb,Nonmetro Adjacent
27111,MN,Otter Tail County,6.0,5.0,6.0,5.0,Suburb,Nonmetro Nonadjacent
27167,MN,Wilkin County,6.0,5.0,6.0,5.0,Suburb,Nonmetro Nonadjacent
27169,MN,Winona County,4.0,5.0,4.0,5.0,Suburb,Nonmetro Adjacent
28005,MS,Amite County,8.0,5.0,8.0,5.0,Suburb,Rural Remote
28021,MS,Claiborne County,6.0,7.0,8.0,5.0,Suburb,Rural Remote
28067,MS,Jones County,4.0,5.0,4.0,5.0,Suburb,Nonmetro Adjacent
28085,MS,Lincoln County,6.0,5.0,6.0,5.0,Suburb,Nonmetro Nonadjacent
28113,MS,Pike County,7.0,8.0,6.0,5.0,Suburb,Nonmetro Nonadjacent
28149,MS,Warren County,4.0,5.0,4.0,5.0,Suburb,Nonmetro Adjacent
29007,MO,Audrain County,6.0,5.0,6.0,5.0,Suburb,Nonmetro Nonadjacent
29105,MO,Laclede County,6.0,5.0,6.0,5.0,Suburb,Nonmetro Nonadjacent
29147,MO,Nodaway County,6.0,5.0,6.0,5.0,Suburb,Nonmetro Nonadjacent
29175,MO,Randolph County,6.0,5.0,6.0,5.0,Suburb,Nonmetro Nonadjacent
29201,MO,Scott County,5.0,8.0,4.0,5.0,Suburb,Nonmetro Adjacent
29209,MO,Stone County,8.0,5.0,6.0,5.0,Suburb,Nonmetro Nonadjacent
29213,MO,Taney County,6.0,5.0,4.0,5.0,Suburb,Nonmetro Adjacent
31001,NE,Adams County,5.0,8.0,4.0,5.0,Suburb,Nonmetro Adjacent
31019,NE,Buffalo County,5.0,8.0,4.0,5.0,Suburb,Nonmetro Adjacent
31053,NE,Dodge County,4.0,5.0,4.0,5.0,Suburb,Nonmetro Adjacent
31067,NE,Gage County,6.0,5.0,6.0,5.0,Suburb,Nonmetro Nonadjacent
32001,NV,Churchill County,6.0,5.0,6.0,5.0,Suburb,Nonmetro Nonadjacent
32019,NV,Lyon County,6.0,6.0,4.0,5.0,Suburb,Nonmetro Adjacent
33005,NH,Cheshire County,4.0,5.0,4.0,5.0,Suburb,Nonmetro Adjacent
35006,NM,Cibola County,6.0,5.0,6.0,5.0,Suburb,Nonmetro Nonadjacent
35028,NM,Los Alamos County,6.0,5.0,6.0,5.0,Suburb,Nonmetro Nonadjacent
35029,NM,Luna County,6.0,5.0,6.0,5.0,Suburb,Nonmetro Nonadjacent
35035,NM,Otero County,4.0,5.0,4.0,5.0,Suburb,Nonmetro Adjacent
35039,NM,Rio Arriba County,6.0,5.0,4.0,5.0,Suburb,Nonmetro Adjacent
35047,NM,San Miguel County,6.0,5.0,6.0,5.0,Suburb,Nonmetro Nonadjacent
36011,NY,Cayuga County,4.0,5.0,4.0,5.0,Suburb,Nonmetro Adjacent
36023,NY,Cortland County,4.0,5.0,4.0,5.0,Suburb,Nonmetro Adjacent
36035,NY,Fulton County,4.0,5.0,4.0,5.0,Suburb,Nonmetro Adjacent
36057,NY,Montgomery County,4.0,5.0,4.0,5.0,Suburb,Nonmetro Adjacent
36089,NY,St. Lawrence County,5.0,8.0,4.0,5.0,Suburb,Nonmetro Adjacent
37013,NC,Beaufort County,6.0,5.0,6.0,5.0,Suburb,Nonmetro Nonadjacent
37031,NC,Carteret County,4.0,5.0,4.0,5.0,Suburb,Nonmetro Adjacent
37083,NC,Halifax County,4.0,5.0,4.0,5.0,Suburb,Nonmetro Adjacent
37099,NC,Jackson County,6.0,6.0,6.0,5.0,Suburb,Nonmetro Nonadjacent
37105,NC,Lee County,4.0,5.0,4.0,5.0,Suburb,Nonmetro Adjacent
37107,NC,Lenoir County,4.0,5.0,4.0,5.0,Suburb,Nonmetro Adjacent
37111,NC,McDowell County,6.0,6.0,6.0,5.0,Suburb,Nonmetro Nonadjacent
37125,NC,Moore County,4.0,5.0,4.0,5.0,Suburb,Nonmetro Adjacent
37155,NC,Robeson County,4.0,5.0,4.0,5.0,Suburb,Nonmetro Adjacent
37161,NC,Rutherford County,4.0,5.0,4.0,5.0,Suburb,Nonmetro Adjacent
37165,NC,Scotland County,6.0,5.0,6.0,5.0,Suburb,Nonmetro Nonadjacent
37171,NC,Surry County,4.0,5.0,4.0,5.0,Suburb,Nonmetro Adjacent
37175,NC,Transylvania County,6.0,5.0,6.0,5.0,Suburb,Nonmetro Nonadjacent
38077,ND,Richland County,6.0,5.0,6.0,5.0,Suburb,Nonmetro Nonadjacent
39011,OH,Auglaize County,4.0,5.0,4.0,5.0,Suburb,Nonmetro Adjacent
39037,OH,Darke County,6.0,5.0,6.0,5.0,Suburb,Nonmetro Nonadjacent
39039,OH,Defiance County,4.0,5.0,4.0,5.0,Suburb,Nonmetro Adjacent
39053,OH,Gallia County,6.0,5.0,6.0,5.0,Suburb,Nonmetro Nonadjacent
39059,OH,Guernsey County,6.0,5.0,6.0,5.0,Suburb,Nonmetro Nonadjacent
39063,OH,Hancock County,4.0,5.0,4.0,5.0,Suburb,Nonmetro Adjacent
39123,OH,Ottawa County,2.0,2.0,4.0,5.0,Suburb,Nonmetro Adjacent
39143,OH,Sandusky County,4.0,5.0,4.0,5.0,Suburb,Nonmetro Adjacent
39145,OH,Scioto County,4.0,5.0,4.0,5.0,Suburb,Nonmetro Adjacent
39147,OH,Seneca County,4.0,5.0,4.0,5.0,Suburb,Nonmetro Adjacent
39149,OH,Shelby County,4.0,5.0,4.0,5.0,Suburb,Nonmetro Adjacent
39157,OH,Tuscarawas County,4.0,5.0,4.0,5.0,Suburb,Nonmetro Adjacent
39161,OH,Van Wert County,6.0,5.0,6.0,5.0,Suburb,Nonmetro Nonadjacent
39167,OH,Washington County,3.0,2.0,4.0,5.0,Suburb,Nonmetro Adjacent
40013,OK,Bryan County,6.0,5.0,6.0,5.0,Suburb,Nonmetro Nonadjacent
40021,OK,Cherokee County,6.0,5.0,6.0,5.0,Suburb,Nonmetro Nonadjacent
40101,OK,Muskogee County,4.0,5.0,4.0,5.0,Suburb,Nonmetro Adjacent
40115,OK,Ottawa County,6.0,5.0,6.0,5.0,Suburb,Nonmetro Nonadjacent
40147,OK,Washington County,4.0,5.0,4.0,5.0,Suburb,Nonmetro Adjacent
41013,OR,Crook County,6.0,5.0,6.0,5.0,Suburb,Nonmetro Nonadjacent
41019,OR,Douglas County,4.0,5.0,4.0,5.0,Suburb,Nonmetro Adjacent
41045,OR,Malheur County,6.0,5.0,6.0,5.0,Suburb,Nonmetro Nonadjacent
41049,OR,Morrow County,6.0,5.0,6.0,5.0,Suburb,Nonmetro Nonadjacent
41059,OR,Umatilla County,5.0,8.0,4.0,5.0,Suburb,Nonmetro Adjacent
42015,PA,Bradford County,6.0,5.0,6.0,5.0,Suburb,Nonmetro Nonadjacent
42033,PA,Clearfield County,4.0,5.0,4.0,5.0,Suburb,Nonmetro Adjacent
42035,PA,Clinton County,6.0,5.0,4.0,5.0,Suburb,Nonmetro Adjacent
42039,PA,Crawford County,4.0,5.0,4.0,5.0,Suburb,Nonmetro Adjacent
42061,PA,Huntingdon County,6.0,5.0,6.0,5.0,Suburb,Nonmetro Nonadjacent
42087,PA,Mifflin County,4.0,5.0,4.0,5.0,Suburb,Nonmetro Adjacent
42097,PA,Northumberland County,4.0,5.0,4.0,5.0,Suburb,Nonmetro Adjacent
42107,PA,Schuylkill County,4.0,5.0,4.0,5.0,Suburb,Nonmetro Adjacent
42119,PA,Union County,4.0,5.0,4.0,5.0,Suburb,Nonmetro Adjacent
42123,PA,Warren County,6.0,5.0,6.0,5.0,Suburb,Nonmetro Nonadjacent
45001,SC,Abbeville County,6.0,6.0,6.0,5.0,Suburb,Nonmetro Nonadjacent
45021,SC,Cherokee County,4.0,5.0,4.0,5.0,Suburb,Nonmetro Adjacent
45043,SC,Georgetown County,4.0,5.0,4.0,5.0,Suburb,Nonmetro Adjacent
45047,SC,Greenwood County,4.0,5.0,4.0,5.0,Suburb,Nonmetro Adjacent
45069,SC,Marlboro County,6.0,5.0,6.0,5.0,Suburb,Nonmetro Nonadjacent
45071,SC,Newberry County,6.0,5.0,6.0,5.0,Suburb,Nonmetro Nonadjacent
45073,SC,Oconee County,6.0,5.0,4.0,5.0,Suburb,Nonmetro Adjacent
45075,SC,Orangeburg County,4.0,5.0,4.0,5.0,Suburb,Nonmetro Adjacent
46027,SD,Clay County,6.0,5.0,6.0,5.0,Suburb,Nonmetro Nonadjacent
46061,SD,Hanson County,8.0,5.0,8.0,5.0,Suburb,Rural Remote
46081,SD,Lawrence County,6.0,5.0,6.0,5.0,Suburb,Nonmetro Nonadjacent
47029,TN,Cocke County,6.0,5.0,6.0,5.0,Suburb,Nonmetro Nonadjacent
47035,TN,Cumberland County,7.0,8.0,4.0,5.0,Suburb,Nonmetro Adjacent
47051,TN,Franklin County,6.0,5.0,6.0,5.0,Suburb,Nonmetro Nonadjacent
47059,TN,Greene County,6.0,5.0,4.0,5.0,Suburb,Nonmetro Adjacent
47107,TN,McMinn County,4.0,5.0,4.0,5.0,Suburb,Nonmetro Adjacent
47143,TN,Rhea County,6.0,6.0,6.0,5.0,Suburb,Nonmetro Nonadjacent
47155,TN,Sevier County,4.0,5.0,4.0,5.0,Suburb,Nonmetro Adjacent
48003,TX,Andrews County,6.0,5.0,6.0,5.0,Suburb,Nonmetro Nonadjacent
48025,TX,Bee County,4.0,5.0,6.0,5.0,Suburb,Nonmetro Nonadjacent
48057,TX,Calhoun County,3.0,2.0,6.0,5.0,Suburb,Nonmetro Nonadjacent
48073,TX,Cherokee County,6.0,5.0,6.0,5.0,Suburb,Nonmetro Nonadjacent
48117,TX,Deaf Smith County,6.0,5.0,6.0,5.0,Suburb,Nonmetro Nonadjacent
48173,TX,Glasscock County,8.0,7.0,8.0,5.0,Suburb,Rural Remote
48179,TX,Gray County,6.0,5.0,6.0,5.0,Suburb,Nonmetro Nonadjacent
48189,TX,Hale County,4.0,5.0,4.0,5.0,Suburb,Nonmetro Adjacent
48203,TX,Harrison County,4.0,5.0,4.0,5.0,Suburb,Nonmetro Adjacent
48219,TX,Hockley County,6.0,5.0,6.0,5.0,Suburb,Nonmetro Nonadjacent
48227,TX,Howard County,5.0,8.0,4.0,5.0,Suburb,Nonmetro Adjacent
48233,TX,Hutchinson County,6.0,5.0,6.0,5.0,Suburb,Nonmetro Nonadjacent
48249,TX,Jim Wells County,4.0,5.0,4.0,5.0,Suburb,Nonmetro Adjacent
48273,TX,Kleberg County,4.0,5.0,4.0,5.0,Suburb,Nonmetro Adjacent
48353,TX,Nolan County,6.0,5.0,6.0,5.0,Suburb,Nonmetro Nonadjacent
48427,TX,Starr County,4.0,5.0,4.0,5.0,Suburb,Nonmetro Adjacent
48487,TX,Wilbarger County,6.0,5.0,6.0,5.0,Suburb,Nonmetro Nonadjacent
48489,TX,Willacy County,6.0,5.0,6.0,5.0,Suburb,Nonmetro Nonadjacent
48505,TX,Zapata County,6.0,6.0,6.0,5.0,Suburb,Nonmetro Nonadjacent
49021,UT,Iron County,4.0,5.0,4.0,5.0,Suburb,Nonmetro Adjacent
50003,VT,Bennington County,6.0,5.0,6.0,5.0,Suburb,Nonmetro Nonadjacent
50021,VT,Rutland County,5.0,8.0,4.0,5.0,Suburb,Nonmetro Adjacent
50023,VT,Washington County,4.0,5.0,4.0,5.0,Suburb,Nonmetro Adjacent
51089,VA,Henry County,4.0,5.0,4.0,5.0,Suburb,Nonmetro Adjacent
51143,VA,Pittsylvania County,3.0,2.0,4.0,5.0,Suburb,Nonmetro Adjacent
51590,VA,Danville city,3.0,2.0,4.0,5.0,Suburb,Nonmetro Adjacent
51690,VA,Martinsville city,4.0,5.0,4.0,5.0,Suburb,Nonmetro Adjacent
53001,WA,Adams County,6.0,6.0,6.0,5.0,Suburb,Nonmetro Nonadjacent
53027,WA,Grays Harbor County,4.0,5.0,4.0,5.0,Suburb,Nonmetro Adjacent
53075,WA,Whitman County,4.0,5.0,4.0,5.0,Suburb,Nonmetro Adjacent
54045,WV,Logan County,6.0,6.0,6.0,5.0,Suburb,Nonmetro Nonadjacent
54049,WV,Marion County,4.0,5.0,4.0,5.0,Suburb,Nonmetro Adjacent
54053,WV,Mason County,6.0,5.0,6.0,5.0,Suburb,Nonmetro Nonadjacent
54055,WV,Mercer County,5.0,8.0,4.0,5.0,Suburb,Nonmetro Adjacent
54091,WV,Taylor County,6.0,5.0,6.0,5.0,Suburb,Nonmetro Nonadjacent
55043,WI,Grant County,6.0,5.0,6.0,5.0,Suburb,Nonmetro Nonadjacent
55069,WI,Lincoln County,6.0,5.0,6.0,5.0,Suburb,Nonmetro Nonadjacent
55071,WI,Manitowoc County,4.0,5.0,4.0,5.0,Suburb,Nonmetro Adjacent
55075,WI,Marinette County,6.0,5.0,6.0,5.0,Suburb,Nonmetro Nonadjacent
55078,WI,Menominee County,8.0,7.0,8.0,5.0,Suburb,Rural Remote
55097,WI,Portage County,4.0,5.0,4.0,5.0,Suburb,Nonmetro Adjacent
55111,WI,Sauk County,4.0,5.0,4.0,5.0,Suburb,Nonmetro Adjacent
55115,WI,Shawano County,6.0,6.0,6.0,5.0,Suburb,Nonmetro Nonadjacent
55141,WI,Wood County,4.0,5.0,4.0,5.0,Suburb,Nonmetro Adjacent
56001,WY,Albany County,4.0,5.0,4.0,5.0,Suburb,Nonmetro Adjacent
72001,PR,Adjuntas Municipio,6.0,5.0,6.0,5.0,Suburb,Nonmetro Nonadjacent
72073,PR,Jayuya Municipio,6.0,3.0,6.0,5.0,Suburb,Nonmetro Nonadjacent
72133,PR,Santa Isabel Municipio,6.0,5.0,4.0,5.0,Suburb,Nonmetro Adjacent
01005,AL,Barbour County,6.0,6.0,6.0,6.0,Town,Nonmetro Nonadjacent
01011,AL,Bullock County,6.0,6.0,6.0,6.0,Town,Nonmetro Nonadjacent
01013,AL,Butler County,6.0,6.0,6.0,6.0,Town,Nonmetro Nonadjacent
01019,AL,Cherokee County,8.0,6.0,6.0,6.0,Town,Nonmetro Nonadjacent
01039,AL,Covington County,7.0,9.0,6.0,6.0,Town,Nonmetro Nonadjacent
01041,AL,Crenshaw County,8.0,6.0,8.0,6.0,Town,Rural Remote
01049,AL,DeKalb County,6.0,6.0,6.0,6.0,Town,Nonmetro Nonadjacent
01053,AL,Escambia County,6.0,6.0,6.0,6.0,Town,Nonmetro Nonadjacent
01057,AL,Fayette County,6.0,6.0,6.0,6.0,Town,Nonmetro Nonadjacent
01059,AL,Franklin County,6.0,6.0,6.0,6.0,Town,Nonmetro Nonadjacent
01063,AL,Greene County,3.0,2.0,8.0,6.0,Town,Rural Remote
01087,AL,Macon County,6.0,5.0,6.0,6.0,Town,Nonmetro Nonadjacent
01119,AL,Sumter County,8.0,6.0,8.0,6.0,Town,Rural Remote
01123,AL,Tallapoosa County,6.0,6.0,6.0,6.0,Town,Nonmetro Nonadjacent
04001,AZ,Apache County,6.0,6.0,6.0,6.0,Town,Nonmetro Nonadjacent
05001,AR,Arkansas County,6.0,6.0,6.0,6.0,Town,Nonmetro Nonadjacent
05015,AR,Carroll County,6.0,6.0,6.0,6.0,Town,Nonmetro Nonadjacent
05023,AR,Cleburne County,6.0,6.0,6.0,6.0,Town,Nonmetro Nonadjacent
05029,AR,Conway County,6.0,6.0,6.0,6.0,Town,Nonmetro Nonadjacent
05039,AR,Dallas County,6.0,6.0,6.0,6.0,Town,Nonmetro Nonadjacent
05041,AR,Desha County,6.0,6.0,6.0,6.0,Town,Nonmetro Nonadjacent
05043,AR,Drew County,7.0,11.0,6.0,6.0,Town,Nonmetro Nonadjacent
05047,AR,Franklin County,2.0,2.0,6.0,6.0,Town,Nonmetro Nonadjacent
05057,AR,Hempstead County,6.0,5.0,6.0,6.0,Town,Nonmetro Nonadjacent
05061,AR,Howard County,7.0,9.0,6.0,6.0,Town,Nonmetro Nonadjacent
05067,AR,Jackson County,6.0,6.0,6.0,6.0,Town,Nonmetro Nonadjacent
05075,AR,Lawrence County,6.0,6.0,6.0,6.0,Town,Nonmetro Nonadjacent
05083,AR,Logan County,6.0,6.0,6.0,6.0,Town,Nonmetro Nonadjacent
05127,AR,Scott County,6.0,6.0,6.0,6.0,Town,Nonmetro Nonadjacent
05133,AR,Sevier County,7.0,11.0,6.0,6.0,Town,Nonmetro Nonadjacent
05141,AR,Van Buren County,8.0,7.0,8.0,6.0,Town,Rural Remote
06009,CA,Calaveras County,6.0,6.0,6.0,6.0,Town,Nonmetro Nonadjacent
06021,CA,Glenn County,6.0,6.0,6.0,6.0,Town,Nonmetro Nonadjacent
06049,CA,Modoc County,6.0,6.0,6.0,6.0,Town,Nonmetro Nonadjacent
06093,CA,Siskiyou County,7.0,11.0,6.0,6.0,Town,Nonmetro Nonadjacent
06105,CA,Trinity County,8.0,6.0,8.0,6.0,Town,Rural Remote
08029,CO,Delta County,6.0,6.0,6.0,6.0,Town,Nonmetro Nonadjacent
08055,CO,Huerfano County,6.0,6.0,6.0,6.0,Town,Nonmetro Nonadjacent
08083,CO,Montezuma County,6.0,6.0,6.0,6.0,Town,Nonmetro Nonadjacent
08089,CO,Otero County,6.0,6.0,6.0,6.0,Town,Nonmetro Nonadjacent
12013,FL,Calhoun County,6.0,7.0,6.0,6.0,Town,Nonmetro Nonadjacent
12037,FL,Franklin County,6.0,7.0,6.0,6.0,Town,Nonmetro Nonadjacent
12047,FL,Hamilton County,6.0,7.0,6.0,6.0,Town,Nonmetro Nonadjacent
12059,FL,Holmes County,6.0,6.0,6.0,6.0,Town,Nonmetro Nonadjacent
12063,FL,Jackson County,6.0,6.0,6.0,6.0,Town,Nonmetro Nonadjacent
12075,FL,Levy County,8.0,7.0,6.0,6.0,Town,Nonmetro Nonadjacent
12079,FL,Madison County,6.0,6.0,6.0,6.0,Town,Nonmetro Nonadjacent
12121,FL,Suwannee County,6.0,6.0,6.0,6.0,Town,Nonmetro Nonadjacent
12123,FL,Taylor County,6.0,6.0,6.0,6.0,Town,Nonmetro Nonadjacent
12133,FL,Washington County,6.0,6.0,6.0,6.0,Town,Nonmetro Nonadjacent
13011,GA,Banks County,8.0,7.0,8.0,6.0,Town,Rural Remote
13019,GA,Berrien County,6.0,6.0,6.0,6.0,Town,Nonmetro Nonadjacent
13023,GA,Bleckley County,6.0,6.0,6.0,6.0,Town,Nonmetro Nonadjacent
13075,GA,Cook County,6.0,6.0,6.0,6.0,Town,Nonmetro Nonadjacent
13091,GA,Dodge County,7.0,9.0,6.0,6.0,Town,Nonmetro Nonadjacent
13093,GA,Dooly County,6.0,6.0,6.0,6.0,Town,Nonmetro Nonadjacent
13099,GA,Early County,6.0,6.0,6.0,6.0,Town,Nonmetro Nonadjacent
13105,GA,Elbert County,6.0,6.0,6.0,6.0,Town,Nonmetro Nonadjacent
13109,GA,Evans County,6.0,7.0,6.0,6.0,Town,Nonmetro Nonadjacent
13119,GA,Franklin County,8.0,7.0,8.0,6.0,Town,Rural Remote
13131,GA,Grady County,6.0,6.0,6.0,6.0,Town,Nonmetro Nonadjacent
13147,GA,Hart County,6.0,6.0,6.0,6.0,Town,Nonmetro Nonadjacent
13165,GA,Jenkins County,6.0,6.0,6.0,6.0,Town,Nonmetro Nonadjacent
13193,GA,Macon County,6.0,6.0,6.0,6.0,Town,Nonmetro Nonadjacent
13205,GA,Mitchell County,6.0,6.0,6.0,6.0,Town,Nonmetro Nonadjacent
13243,GA,Randolph County,6.0,6.0,6.0,6.0,Town,Nonmetro Nonadjacent
13251,GA,Screven County,6.0,6.0,6.0,6.0,Town,Nonmetro Nonadjacent
13253,GA,Seminole County,6.0,6.0,6.0,6.0,Town,Nonmetro Nonadjacent
13259,GA,Stewart County,8.0,7.0,8.0,6.0,Town,Rural Remote
13267,GA,Tattnall County,6.0,6.0,6.0,6.0,Town,Nonmetro Nonadjacent
13287,GA,Turner County,6.0,6.0,6.0,6.0,Town,Nonmetro Nonadjacent
13307,GA,Webster County,8.0,7.0,8.0,6.0,Town,Rural Remote
13311,GA,White County,8.0,7.0,6.0,6.0,Town,Nonmetro Nonadjacent
13315,GA,Wilcox County,9.0,10.0,8.0,6.0,Town,Rural Remote
13317,GA,Wilkes County,6.0,6.0,6.0,6.0,Town,Nonmetro Nonadjacent
16029,ID,Caribou County,6.0,6.0,6.0,6.0,Town,Nonmetro Nonadjacent
16035,ID,Clearwater County,6.0,6.0,6.0,6.0,Town,Nonmetro Nonadjacent
16049,ID,Idaho County,6.0,6.0,6.0,6.0,Town,Nonmetro Nonadjacent
16077,ID,Power County,3.0,2.0,6.0,6.0,Town,Nonmetro Nonadjacent
16085,ID,Valley County,8.0,7.0,8.0,6.0,Town,Rural Remote
16087,ID,Washington County,6.0,6.0,6.0,6.0,Town,Nonmetro Nonadjacent
17017,IL,Cass County,6.0,6.0,6.0,6.0,Town,Nonmetro Nonadjacent
17023,IL,Clark County,6.0,6.0,6.0,6.0,Town,Nonmetro Nonadjacent
17041,IL,Douglas County,6.0,6.0,6.0,6.0,Town,Nonmetro Nonadjacent
17045,IL,Edgar County,6.0,6.0,6.0,6.0,Town,Nonmetro Nonadjacent
17055,IL,Franklin County,5.0,9.0,4.0,6.0,Town,Nonmetro Adjacent
17085,IL,Jo Daviess County,6.0,6.0,6.0,6.0,Town,Nonmetro Nonadjacent
17087,IL,Johnson County,7.0,10.0,8.0,6.0,Town,Rural Remote
17125,IL,Mason County,6.0,6.0,6.0,6.0,Town,Nonmetro Nonadjacent
17139,IL,Moultrie County,6.0,6.0,6.0,6.0,Town,Nonmetro Nonadjacent
17145,IL,Perry County,7.0,9.0,6.0,6.0,Town,Nonmetro Nonadjacent
17165,IL,Saline County,7.0,8.0,6.0,6.0,Town,Nonmetro Nonadjacent
17173,IL,Shelby County,6.0,6.0,6.0,6.0,Town,Nonmetro Nonadjacent
17181,IL,Union County,7.0,9.0,6.0,6.0,Town,Nonmetro Nonadjacent
17187,IL,Warren County,7.0,8.0,6.0,6.0,Town,Nonmetro Nonadjacent
17193,IL,White County,6.0,6.0,6.0,6.0,Town,Nonmetro Nonadjacent
18009,IN,Blackford County,6.0,6.0,6.0,6.0,Town,Nonmetro Nonadjacent
18045,IN,Fountain County,6.0,6.0,6.0,6.0,Town,Nonmetro Nonadjacent
18051,IN,Gibson County,2.0,2.0,6.0,6.0,Town,Nonmetro Nonadjacent
18055,IN,Greene County,3.0,2.0,6.0,6.0,Town,Nonmetro Nonadjacent
18075,IN,Jay County,6.0,6.0,6.0,6.0,Town,Nonmetro Nonadjacent
18087,IN,LaGrange County,6.0,6.0,6.0,6.0,Town,Nonmetro Nonadjacent
18123,IN,Perry County,6.0,9.0,6.0,6.0,Town,Nonmetro Nonadjacent
18135,IN,Randolph County,6.0,6.0,6.0,6.0,Town,Nonmetro Nonadjacent
18181,IN,White County,6.0,6.0,6.0,6.0,Town,Nonmetro Nonadjacent
19005,IA,Allamakee County,6.0,6.0,6.0,6.0,Town,Nonmetro Nonadjacent
19019,IA,Buchanan County,6.0,6.0,6.0,6.0,Town,Nonmetro Nonadjacent
19029,IA,Cass County,6.0,6.0,6.0,6.0,Town,Nonmetro Nonadjacent
19031,IA,Cedar County,6.0,6.0,6.0,6.0,Town,Nonmetro Nonadjacent
19035,IA,Cherokee County,6.0,6.0,6.0,6.0,Town,Nonmetro Nonadjacent
19037,IA,Chickasaw County,6.0,6.0,6.0,6.0,Town,Nonmetro Nonadjacent
19039,IA,Clarke County,6.0,6.0,6.0,6.0,Town,Nonmetro Nonadjacent
19055,IA,Delaware County,6.0,6.0,6.0,6.0,Town,Nonmetro Nonadjacent
19065,IA,Fayette County,6.0,6.0,6.0,6.0,Town,Nonmetro Nonadjacent
19071,IA,Fremont County,8.0,6.0,8.0,6.0,Town,Rural Remote
19073,IA,Greene County,6.0,6.0,6.0,6.0,Town,Nonmetro Nonadjacent
19079,IA,Hamilton County,6.0,6.0,6.0,6.0,Town,Nonmetro Nonadjacent
19083,IA,Hardin County,6.0,6.0,6.0,6.0,Town,Nonmetro Nonadjacent
19087,IA,Henry County,7.0,9.0,6.0,6.0,Town,Nonmetro Nonadjacent
19089,IA,Howard County,7.0,11.0,6.0,6.0,Town,Nonmetro Nonadjacent
19095,IA,Iowa County,8.0,6.0,6.0,6.0,Town,Nonmetro Nonadjacent
19097,IA,Jackson County,6.0,6.0,6.0,6.0,Town,Nonmetro Nonadjacent
19117,IA,Lucas County,6.0,6.0,6.0,6.0,Town,Nonmetro Nonadjacent
19119,IA,Lyon County,8.0,6.0,8.0,6.0,Town,Rural Remote
19125,IA,Marion County,6.0,6.0,6.0,6.0,Town,Nonmetro Nonadjacent
19133,IA,Monona County,6.0,6.0,6.0,6.0,Town,Nonmetro Nonadjacent
19137,IA,Montgomery County,6.0,6.0,6.0,6.0,Town,Nonmetro Nonadjacent
19145,IA,Page County,7.0,11.0,6.0,6.0,Town,Nonmetro Nonadjacent
19165,IA,Shelby County,6.0,6.0,6.0,6.0,Town,Nonmetro Nonadjacent
19171,IA,Tama County,6.0,6.0,6.0,6.0,Town,Nonmetro Nonadjacent
19175,IA,Union County,6.0,6.0,6.0,6.0,Town,Nonmetro Nonadjacent
20013,KS,Brown County,6.0,6.0,6.0,6.0,Town,Nonmetro Nonadjacent
20021,KS,Cherokee County,6.0,6.0,6.0,6.0,Town,Nonmetro Nonadjacent
20027,KS,Clay County,7.0,9.0,6.0,6.0,Town,Nonmetro Nonadjacent
20031,KS,Coffey County,6.0,4.0,6.0,6.0,Town,Nonmetro Nonadjacent
20073,KS,Greenwood County,6.0,6.0,6.0,6.0,Town,Nonmetro Nonadjacent
20115,KS,Marion County,6.0,6.0,6.0,6.0,Town,Nonmetro Nonadjacent
20117,KS,Marshall County,7.0,9.0,6.0,6.0,Town,Nonmetro Nonadjacent
20127,KS,Morris County,9.0,9.0,8.0,6.0,Town,Rural Remote
20131,KS,Nemaha County,8.0,6.0,6.0,6.0,Town,Nonmetro Nonadjacent
21043,KY,Carter County,6.0,6.0,6.0,6.0,Town,Nonmetro Nonadjacent
21065,KY,Estill County,6.0,6.0,6.0,6.0,Town,Nonmetro Nonadjacent
21079,KY,Garrard County,6.0,6.0,6.0,6.0,Town,Nonmetro Nonadjacent
21085,KY,Grayson County,6.0,6.0,6.0,6.0,Town,Nonmetro Nonadjacent
21141,KY,Logan County,6.0,6.0,6.0,6.0,Town,Nonmetro Nonadjacent
21167,KY,Mercer County,6.0,6.0,6.0,6.0,Town,Nonmetro Nonadjacent
21177,KY,Muhlenberg County,6.0,5.0,6.0,6.0,Town,Nonmetro Nonadjacent
21183,KY,Ohio County,6.0,6.0,6.0,6.0,Town,Nonmetro Nonadjacent
21197,KY,Powell County,6.0,6.0,6.0,6.0,Town,Nonmetro Nonadjacent
21225,KY,Union County,6.0,6.0,6.0,6.0,Town,Nonmetro Nonadjacent
21233,KY,Webster County,2.0,2.0,8.0,6.0,Town,Rural Remote
22003,LA,Allen Parish,6.0,6.0,6.0,6.0,Town,Nonmetro Nonadjacent
22009,LA,Avoyelles Parish,6.0,6.0,6.0,6.0,Town,Nonmetro Nonadjacent
22013,LA,Bienville Parish,6.0,6.0,6.0,6.0,Town,Nonmetro Nonadjacent
22027,LA,Claiborne Parish,7.0,9.0,6.0,6.0,Town,Nonmetro Nonadjacent
22039,LA,Evangeline Parish,6.0,6.0,6.0,6.0,Town,Nonmetro Nonadjacent
22049,LA,Jackson Parish,6.0,5.0,6.0,6.0,Town,Nonmetro Nonadjacent
22053,LA,Jefferson Davis Parish,6.0,5.0,6.0,6.0,Town,Nonmetro Nonadjacent
22059,LA,La Salle Parish,6.0,6.0,6.0,6.0,Town,Nonmetro Nonadjacent
22083,LA,Richland Parish,6.0,6.0,6.0,6.0,Town,Nonmetro Nonadjacent
22085,LA,Sabine Parish,6.0,6.0,6.0,6.0,Town,Nonmetro Nonadjacent
22127,LA,Winn Parish,6.0,6.0,6.0,6.0,Town,Nonmetro Nonadjacent
23007,ME,Franklin County,6.0,6.0,6.0,6.0,Town,Nonmetro Nonadjacent
23009,ME,Hancock County,6.0,6.0,6.0,6.0,Town,Nonmetro Nonadjacent
23017,ME,Oxford County,6.0,6.0,6.0,6.0,Town,Nonmetro Nonadjacent
23021,ME,Piscataquis County,8.0,6.0,8.0,6.0,Town,Rural Remote
23025,ME,Somerset County,6.0,6.0,6.0,6.0,Town,Nonmetro Nonadjacent
23027,ME,Waldo County,6.0,6.0,6.0,6.0,Town,Nonmetro Nonadjacent
26035,MI,Clare County,7.0,9.0,6.0,6.0,Town,Nonmetro Nonadjacent
26051,MI,Gladwin County,6.0,6.0,6.0,6.0,Town,Nonmetro Nonadjacent
26123,MI,Newaygo County,2.0,2.0,6.0,6.0,Town,Nonmetro Nonadjacent
27005,MN,Becker County,6.0,6.0,6.0,6.0,Town,Nonmetro Nonadjacent
27043,MN,Faribault County,7.0,9.0,6.0,6.0,Town,Nonmetro Nonadjacent
27061,MN,Itasca County,6.0,6.0,6.0,6.0,Town,Nonmetro Nonadjacent
27071,MN,Koochiching County,7.0,11.0,6.0,6.0,Town,Nonmetro Nonadjacent
27075,MN,Lake County,6.0,6.0,6.0,6.0,Town,Nonmetro Nonadjacent
27113,MN,Pennington County,6.0,6.0,6.0,6.0,Town,Nonmetro Nonadjacent
27117,MN,Pipestone County,6.0,6.0,6.0,6.0,Town,Nonmetro Nonadjacent
27121,MN,Pope County,8.0,6.0,8.0,6.0,Town,Rural Remote
27133,MN,Rock County,6.0,6.0,6.0,6.0,Town,Nonmetro Nonadjacent
27153,MN,Todd County,6.0,6.0,6.0,6.0,Town,Nonmetro Nonadjacent
27165,MN,Watonwan County,7.0,9.0,6.0,6.0,Town,Nonmetro Nonadjacent
28007,MS,Attala County,6.0,6.0,6.0,6.0,Town,Nonmetro Nonadjacent
28031,MS,Covington County,8.0,6.0,8.0,6.0,Town,Rural Remote
28039,MS,George County,3.0,2.0,6.0,6.0,Town,Nonmetro Nonadjacent
28051,MS,Holmes County,6.0,6.0,6.0,6.0,Town,Nonmetro Nonadjacent
28079,MS,Leake County,6.0,6.0,6.0,6.0,Town,Nonmetro Nonadjacent
28091,MS,Marion County,6.0,6.0,6.0,6.0,Town,Nonmetro Nonadjacent
28123,MS,Scott County,6.0,6.0,6.0,6.0,Town,Nonmetro Nonadjacent
28131,MS,Stone County,3.0,2.0,6.0,6.0,Town,Nonmetro Nonadjacent
28141,MS,Tishomingo County,8.0,6.0,8.0,6.0,Town,Rural Remote
29009,MO,Barry County,6.0,6.0,6.0,6.0,Town,Nonmetro Nonadjacent
29011,MO,Barton County,6.0,6.0,6.0,6.0,Town,Nonmetro Nonadjacent
29039,MO,Cedar County,6.0,6.0,6.0,6.0,Town,Nonmetro Nonadjacent
29053,MO,Cooper County,6.0,6.0,6.0,6.0,Town,Nonmetro Nonadjacent
29067,MO,Douglas County,6.0,6.0,6.0,6.0,Town,Nonmetro Nonadjacent
29089,MO,Howard County,3.0,2.0,6.0,6.0,Town,Nonmetro Nonadjacent
29109,MO,Lawrence County,6.0,6.0,6.0,6.0,Town,Nonmetro Nonadjacent
29123,MO,Madison County,7.0,9.0,6.0,6.0,Town,Nonmetro Nonadjacent
29131,MO,Miller County,6.0,6.0,6.0,6.0,Town,Nonmetro Nonadjacent
29133,MO,Mississippi County,7.0,9.0,6.0,6.0,Town,Nonmetro Nonadjacent
29157,MO,Perry County,7.0,9.0,6.0,6.0,Town,Nonmetro Nonadjacent
29207,MO,Stoddard County,7.0,9.0,6.0,6.0,Town,Nonmetro Nonadjacent
29229,MO,Wright County,6.0,6.0,6.0,6.0,Town,Nonmetro Nonadjacent
30003,MT,Big Horn County,6.0,6.0,6.0,6.0,Town,Nonmetro Nonadjacent
30047,MT,Lake County,6.0,6.0,6.0,6.0,Town,Nonmetro Nonadjacent
30077,MT,Powell County,7.0,9.0,6.0,6.0,Town,Nonmetro Nonadjacent
30081,MT,Ravalli County,6.0,6.0,6.0,6.0,Town,Nonmetro Nonadjacent
31023,NE,Butler County,6.0,6.0,6.0,6.0,Town,Nonmetro Nonadjacent
31131,NE,Otoe County,6.0,6.0,6.0,6.0,Town,Nonmetro Nonadjacent
31151,NE,Saline County,6.0,6.0,6.0,6.0,Town,Nonmetro Nonadjacent
31179,NE,Wayne County,6.0,6.0,6.0,6.0,Town,Nonmetro Nonadjacent
31185,NE,York County,7.0,11.0,6.0,6.0,Town,Nonmetro Nonadjacent
35051,NM,Sierra County,6.0,6.0,6.0,6.0,Town,Nonmetro Nonadjacent
35053,NM,Socorro County,6.0,6.0,6.0,6.0,Town,Nonmetro Nonadjacent
36017,NY,Chenango County,6.0,6.0,6.0,6.0,Town,Nonmetro Nonadjacent
36025,NY,Delaware County,6.0,6.0,6.0,6.0,Town,Nonmetro Nonadjacent
36031,NY,Essex County,6.0,6.0,6.0,6.0,Town,Nonmetro Nonadjacent
36039,NY,Greene County,6.0,6.0,6.0,6.0,Town,Nonmetro Nonadjacent
36049,NY,Lewis County,6.0,6.0,6.0,6.0,Town,Nonmetro Nonadjacent
37017,NC,Bladen County,6.0,6.0,6.0,6.0,Town,Nonmetro Nonadjacent
37047,NC,Columbus County,6.0,6.0,6.0,6.0,Town,Nonmetro Nonadjacent
37061,NC,Duplin County,6.0,6.0,6.0,6.0,Town,Nonmetro Nonadjacent
37117,NC,Martin County,6.0,6.0,6.0,6.0,Town,Nonmetro Nonadjacent
37123,NC,Montgomery County,6.0,6.0,6.0,6.0,Town,Nonmetro Nonadjacent
38003,ND,Barnes County,6.0,6.0,6.0,6.0,Town,Nonmetro Nonadjacent
38099,ND,Walsh County,6.0,6.0,6.0,6.0,Town,Nonmetro Nonadjacent
39065,OH,Hardin County,6.0,6.0,6.0,6.0,Town,Nonmetro Nonadjacent
39067,OH,Harrison County,6.0,6.0,6.0,6.0,Town,Nonmetro Nonadjacent
39069,OH,Henry County,6.0,6.0,6.0,6.0,Town,Nonmetro Nonadjacent
39105,OH,Meigs County,6.0,6.0,6.0,6.0,Town,Nonmetro Nonadjacent
39125,OH,Paulding County,6.0,6.0,6.0,6.0,Town,Nonmetro Nonadjacent
39137,OH,Putnam County,6.0,6.0,6.0,6.0,Town,Nonmetro Nonadjacent
39171,OH,Williams County,7.0,9.0,6.0,6.0,Town,Nonmetro Nonadjacent
40001,OK,Adair County,6.0,6.0,6.0,6.0,Town,Nonmetro Nonadjacent
40035,OK,Craig County,6.0,6.0,6.0,6.0,Town,Nonmetro Nonadjacent
40041,OK,Delaware County,6.0,6.0,6.0,6.0,Town,Nonmetro Nonadjacent
40061,OK,Haskell County,6.0,6.0,6.0,6.0,Town,Nonmetro Nonadjacent
40075,OK,Kiowa County,6.0,6.0,6.0,6.0,Town,Nonmetro Nonadjacent
40091,OK,McIntosh County,6.0,6.0,6.0,6.0,Town,Nonmetro Nonadjacent
40095,OK,Marshall County,6.0,6.0,6.0,6.0,Town,Nonmetro Nonadjacent
40097,OK,Mayes County,6.0,6.0,6.0,6.0,Town,Nonmetro Nonadjacent
40105,OK,Nowata County,6.0,6.0,6.0,6.0,Town,Nonmetro Nonadjacent
40141,OK,Tillman County,6.0,6.0,6.0,6.0,Town,Nonmetro Nonadjacent
41031,OR,Jefferson County,6.0,6.0,6.0,6.0,Town,Nonmetro Nonadjacent
42009,PA,Bedford County,6.0,6.0,6.0,6.0,Town,Nonmetro Nonadjacent
42117,PA,Tioga County,6.0,6.0,6.0,6.0,Town,Nonmetro Nonadjacent
45005,SC,Allendale County,6.0,6.0,6.0,6.0,Town,Nonmetro Nonadjacent
45011,SC,Barnwell County,6.0,6.0,6.0,6.0,Town,Nonmetro Nonadjacent
45027,SC,Clarendon County,6.0,6.0,6.0,6.0,Town,Nonmetro Nonadjacent
45029,SC,Colleton County,6.0,5.0,6.0,6.0,Town,Nonmetro Nonadjacent
45033,SC,Dillon County,6.0,5.0,6.0,6.0,Town,Nonmetro Nonadjacent
45049,SC,Hampton County,6.0,6.0,6.0,6.0,Town,Nonmetro Nonadjacent
45061,SC,Lee County,6.0,6.0,6.0,6.0,Town,Nonmetro Nonadjacent
45065,SC,McCormick County,8.0,7.0,8.0,6.0,Town,Rural Remote
45067,SC,Marion County,6.0,6.0,6.0,6.0,Town,Nonmetro Nonadjacent
45089,SC,Williamsburg County,6.0,6.0,6.0,6.0,Town,Nonmetro Nonadjacent
46019,SD,Butte County,6.0,6.0,6.0,6.0,Town,Nonmetro Nonadjacent
46047,SD,Fall River County,7.0,11.0,6.0,6.0,Town,Nonmetro Nonadjacent
46079,SD,Lake County,6.0,6.0,6.0,6.0,Town,Nonmetro Nonadjacent
46102,SD,Oglala Lakota County,7.0,11.0,6.0,6.0,Town,Nonmetro Nonadjacent
47017,TN,Carroll County,6.0,6.0,6.0,6.0,Town,Nonmetro Nonadjacent
47025,TN,Claiborne County,6.0,6.0,6.0,6.0,Town,Nonmetro Nonadjacent
47053,TN,Gibson County,4.0,6.0,4.0,6.0,Town,Nonmetro Adjacent
47071,TN,Hardin County,6.0,6.0,6.0,6.0,Town,Nonmetro Nonadjacent
47077,TN,Henderson County,6.0,6.0,6.0,6.0,Town,Nonmetro Nonadjacent
47091,TN,Johnson County,6.0,7.0,6.0,6.0,Town,Nonmetro Nonadjacent
47103,TN,Lincoln County,6.0,6.0,6.0,6.0,Town,Nonmetro Nonadjacent
47109,TN,McNairy County,6.0,6.0,6.0,6.0,Town,Nonmetro Nonadjacent
47123,TN,Monroe County,6.0,6.0,6.0,6.0,Town,Nonmetro Nonadjacent
47151,TN,Scott County,6.0,6.0,6.0,6.0,Town,Nonmetro Nonadjacent
47181,TN,Wayne County,8.0,6.0,8.0,6.0,Town,Rural Remote
48023,TX,Baylor County,6.0,6.0,8.0,6.0,Town,Rural Remote
48063,TX,Camp County,6.0,6.0,6.0,6.0,Town,Nonmetro Nonadjacent
48067,TX,Cass County,6.0,6.0,6.0,6.0,Town,Nonmetro Nonadjacent
48069,TX,Castro County,6.0,6.0,6.0,6.0,Town,Nonmetro Nonadjacent
48083,TX,Coleman County,6.0,6.0,6.0,6.0,Town,Nonmetro Nonadjacent
48095,TX,Concho County,8.0,6.0,8.0,6.0,Town,Rural Remote
48103,TX,Crane County,6.0,6.0,6.0,6.0,Town,Nonmetro Nonadjacent
48123,TX,DeWitt County,6.0,6.0,6.0,6.0,Town,Nonmetro Nonadjacent
48127,TX,Dimmit County,6.0,6.0,6.0,6.0,Town,Nonmetro Nonadjacent
48133,TX,Eastland County,6.0,6.0,6.0,6.0,Town,Nonmetro Nonadjacent
48153,TX,Floyd County,6.0,6.0,6.0,6.0,Town,Nonmetro Nonadjacent
48169,TX,Garza County,6.0,6.0,6.0,6.0,Town,Nonmetro Nonadjacent
48193,TX,Hamilton County,6.0,6.0,6.0,6.0,Town,Nonmetro Nonadjacent
48207,TX,Haskell County,6.0,6.0,6.0,6.0,Town,Nonmetro Nonadjacent
48239,TX,Jackson County,6.0,6.0,6.0,6.0,Town,Nonmetro Nonadjacent
48241,TX,Jasper County,6.0,6.0,6.0,6.0,Town,Nonmetro Nonadjacent
48247,TX,Jim Hogg County,6.0,6.0,6.0,6.0,Town,Nonmetro Nonadjacent
48279,TX,Lamb County,6.0,6.0,6.0,6.0,Town,Nonmetro Nonadjacent
48283,TX,La Salle County,6.0,6.0,6.0,6.0,Town,Nonmetro Nonadjacent
48285,TX,Lavaca County,6.0,6.0,6.0,6.0,Town,Nonmetro Nonadjacent
48293,TX,Limestone County,6.0,6.0,6.0,6.0,Town,Nonmetro Nonadjacent
48313,TX,Madison County,6.0,6.0,6.0,6.0,Town,Nonmetro Nonadjacent
48343,TX,Morris County,6.0,6.0,6.0,6.0,Town,Nonmetro Nonadjacent
48365,TX,Panola County,6.0,6.0,6.0,6.0,Town,Nonmetro Nonadjacent
48383,TX,Reagan County,6.0,6.0,6.0,6.0,Town,Nonmetro Nonadjacent
48387,TX,Red River County,6.0,6.0,6.0,6.0,Town,Nonmetro Nonadjacent
48391,TX,Refugio County,6.0,6.0,6.0,6.0,Town,Nonmetro Nonadjacent
48399,TX,Runnels County,6.0,6.0,6.0,6.0,Town,Nonmetro Nonadjacent
48437,TX,Swisher County,6.0,6.0,6.0,6.0,Town,Nonmetro Nonadjacent
48445,TX,Terry County,6.0,6.0,6.0,6.0,Town,Nonmetro Nonadjacent
48457,TX,Tyler County,6.0,7.0,6.0,6.0,Town,Nonmetro Nonadjacent
48475,TX,Ward County,6.0,6.0,6.0,6.0,Town,Nonmetro Nonadjacent
48495,TX,Winkler County,6.0,6.0,6.0,6.0,Town,Nonmetro Nonadjacent
48499,TX,Wood County,6.0,6.0,6.0,6.0,Town,Nonmetro Nonadjacent
49025,UT,Kane County,6.0,6.0,6.0,6.0,Town,Nonmetro Nonadjacent
49039,UT,Sanpete County,6.0,6.0,6.0,6.0,Town,Nonmetro Nonadjacent
50001,VT,Addison County,6.0,6.0,6.0,6.0,Town,Nonmetro Nonadjacent
51001,VA,Accomack County,7.0,9.0,8.0,6.0,Town,Rural Remote
51005,VA,Alleghany County,6.0,6.0,6.0,6.0,Town,Nonmetro Nonadjacent
51083,VA,Halifax County,6.0,6.0,6.0,6.0,Town,Nonmetro Nonadjacent
51163,VA,Rockbridge County,6.0,6.0,6.0,6.0,Town,Nonmetro Nonadjacent
51197,VA,Wythe County,6.0,6.0,6.0,6.0,Town,Nonmetro Nonadjacent
51530,VA,Buena Vista city,6.0,6.0,6.0,6.0,Town,Nonmetro Nonadjacent
51580,VA,Covington city,6.0,6.0,6.0,6.0,Town,Nonmetro Nonadjacent
51678,VA,Lexington city,6.0,6.0,6.0,6.0,Town,Nonmetro Nonadjacent
53031,WA,Jefferson County,6.0,6.0,6.0,6.0,Town,Nonmetro Nonadjacent
53047,WA,Okanogan County,6.0,6.0,6.0,6.0,Town,Nonmetro Nonadjacent
54001,WV,Barbour County,7.0,9.0,6.0,6.0,Town,Nonmetro Nonadjacent
54025,WV,Greenbrier County,7.0,11.0,6.0,6.0,Town,Nonmetro Nonadjacent
54031,WV,Hardy County,8.0,7.0,6.0,6.0,Town,Nonmetro Nonadjacent
54035,WV,Jackson County,6.0,6.0,6.0,6.0,Town,Nonmetro Nonadjacent
54067,WV,Nicholas County,6.0,6.0,6.0,6.0,Town,Nonmetro Nonadjacent
54089,WV,Summers County,7.0,9.0,6.0,6.0,Town,Nonmetro Nonadjacent
54103,WV,Wetzel County,6.0,6.0,6.0,6.0,Town,Nonmetro Nonadjacent
55001,WI,Adams County,8.0,7.0,8.0,6.0,Town,Rural Remote
55005,WI,Barron County,6.0,6.0,6.0,6.0,Town,Nonmetro Nonadjacent
55007,WI,Bayfield County,8.0,7.0,8.0,6.0,Town,Rural Remote
55011,WI,Buffalo County,8.0,6.0,8.0,6.0,Town,Rural Remote
55019,WI,Clark County,8.0,6.0,6.0,6.0,Town,Nonmetro Nonadjacent
55029,WI,Door County,6.0,6.0,6.0,6.0,Town,Nonmetro Nonadjacent
55047,WI,Green Lake County,6.0,6.0,6.0,6.0,Town,Nonmetro Nonadjacent
55053,WI,Jackson County,6.0,6.0,6.0,6.0,Town,Nonmetro Nonadjacent
55067,WI,Langlade County,6.0,6.0,6.0,6.0,Town,Nonmetro Nonadjacent
55081,WI,Monroe County,6.0,6.0,6.0,6.0,Town,Nonmetro Nonadjacent
55103,WI,Richland County,6.0,6.0,6.0,6.0,Town,Nonmetro Nonadjacent
55107,WI,Rusk County,6.0,6.0,6.0,6.0,Town,Nonmetro Nonadjacent
55119,WI,Taylor County,6.0,6.0,6.0,6.0,Town,Nonmetro Nonadjacent
55121,WI,Trempealeau County,8.0,7.0,6.0,6.0,Town,Nonmetro Nonadjacent
55123,WI,Vernon County,6.0,6.0,6.0,6.0,Town,Nonmetro Nonadjacent
55135,WI,Waupaca County,6.0,6.0,6.0,6.0,Town,Nonmetro Nonadjacent
55137,WI,Waushara County,8.0,6.0,6.0,6.0,Town,Nonmetro Nonadjacent
56009,WY,Converse County,6.0,6.0,6.0,6.0,Town,Nonmetro Nonadjacent
01075,AL,Lamar County,9.0,10.0,8.0,7.0,Rural,Rural Remote
01129,AL,Washington County,8.0,7.0,8.0,7.0,Rural,Rural Remote
02068,AK,Denali Borough,8.0,7.0,8.0,7.0,Rural,Rural Remote
05073,AR,Lafayette County,8.0,7.0,8.0,7.0,Rural,Rural Remote
05097,AR,Montgomery County,8.0,7.0,8.0,7.0,Rural,Rural Remote
05117,AR,Prairie County,8.0,7.0,8.0,7.0,Rural,Rural Remote
06043,CA,Mariposa County,8.0,7.0,8.0,7.0,Rural,Rural Remote
06091,CA,Sierra County,8.0,7.0,8.0,7.0,Rural,Rural Remote
08025,CO,Crowley County,8.0,7.0,8.0,7.0,Rural,Rural Remote
08027,CO,Custer County,8.0,7.0,8.0,7.0,Rural,Rural Remote
08073,CO,Lincoln County,8.0,4.0,8.0,7.0,Rural,Rural Remote
12029,FL,Dixie County,6.0,7.0,6.0,7.0,Rural,Nonmetro Nonadjacent
12077,FL,Liberty County,8.0,7.0,8.0,7.0,Rural,Rural Remote
13037,GA,Calhoun County,8.0,7.0,8.0,7.0,Rural,Rural Remote
13065,GA,Clinch County,6.0,6.0,6.0,7.0,Rural,Nonmetro Nonadjacent
13163,GA,Jefferson County,6.0,6.0,6.0,7.0,Rural,Nonmetro Nonadjacent
13201,GA,Miller County,8.0,7.0,8.0,7.0,Rural,Rural Remote
13265,GA,Taliaferro County,8.0,7.0,8.0,7.0,Rural,Rural Remote
13269,GA,Taylor County,8.0,7.0,8.0,7.0,Rural,Rural Remote
13301,GA,Warren County,8.0,7.0,8.0,7.0,Rural,Rural Remote
13319,GA,Wilkinson County,8.0,7.0,8.0,7.0,Rural,Rural Remote
16009,ID,Benewah County,6.0,6.0,6.0,7.0,Rural,Nonmetro Nonadjacent
16037,ID,Custer County,9.0,12.0,8.0,7.0,Rural,Rural Remote
16061,ID,Lewis County,8.0,7.0,8.0,7.0,Rural,Rural Remote
16071,ID,Oneida County,8.0,7.0,8.0,7.0,Rural,Rural Remote
16079,ID,Shoshone County,6.0,7.0,6.0,7.0,Rural,Nonmetro Nonadjacent
17059,IL,Gallatin County,8.0,7.0,8.0,7.0,Rural,Rural Remote
17151,IL,Pope County,9.0,10.0,8.0,7.0,Rural,Rural Remote
17153,IL,Pulaski County,9.0,10.0,8.0,7.0,Rural,Rural Remote
18147,IN,Spencer County,8.0,7.0,8.0,7.0,Rural,Rural Remote
18171,IN,Warren County,8.0,7.0,8.0,7.0,Rural,Rural Remote
19001,IA,Adair County,8.0,7.0,8.0,7.0,Rural,Rural Remote
19009,IA,Audubon County,8.0,7.0,8.0,7.0,Rural,Rural Remote
19023,IA,Butler County,8.0,7.0,8.0,7.0,Rural,Rural Remote
19043,IA,Clayton County,8.0,7.0,8.0,7.0,Rural,Rural Remote
19093,IA,Ida County,8.0,7.0,8.0,7.0,Rural,Rural Remote
19107,IA,Keokuk County,8.0,7.0,8.0,7.0,Rural,Rural Remote
19115,IA,Louisa County,8.0,5.0,8.0,7.0,Rural,Rural Remote
20019,KS,Chautauqua County,9.0,10.0,8.0,7.0,Rural,Rural Remote
20049,KS,Elk County,8.0,7.0,8.0,7.0,Rural,Rural Remote
20077,KS,Harper County,8.0,7.0,8.0,7.0,Rural,Rural Remote
21027,KY,Breckinridge County,8.0,7.0,8.0,7.0,Rural,Rural Remote
21087,KY,Green County,8.0,7.0,8.0,7.0,Rural,Rural Remote
21099,KY,Hart County,8.0,7.0,8.0,7.0,Rural,Rural Remote
21127,KY,Lawrence County,6.0,7.0,6.0,7.0,Rural,Nonmetro Nonadjacent
21135,KY,Lewis County,8.0,5.0,8.0,7.0,Rural,Rural Remote
21171,KY,Monroe County,9.0,9.0,8.0,7.0,Rural,Rural Remote
21181,KY,Nicholas County,8.0,7.0,8.0,7.0,Rural,Rural Remote
21219,KY,Todd County,8.0,7.0,8.0,7.0,Rural,Rural Remote
22021,LA,Caldwell Parish,8.0,7.0,8.0,7.0,Rural,Rural Remote
22081,LA,Red River Parish,6.0,7.0,8.0,7.0,Rural,Rural Remote
23015,ME,Lincoln County,8.0,7.0,8.0,7.0,Rural,Rural Remote
24023,MD,Garrett County,6.0,7.0,6.0,7.0,Rural,Nonmetro Nonadjacent
26011,MI,Arenac County,8.0,7.0,8.0,7.0,Rural,Rural Remote
26127,MI,Oceana County,8.0,7.0,6.0,7.0,Rural,Nonmetro Nonadjacent
27029,MN,Clearwater County,8.0,7.0,8.0,7.0,Rural,Rural Remote
27087,MN,Mahnomen County,8.0,7.0,8.0,7.0,Rural,Rural Remote
27089,MN,Marshall County,8.0,7.0,8.0,7.0,Rural,Rural Remote
27107,MN,Norman County,8.0,7.0,8.0,7.0,Rural,Rural Remote
27125,MN,Red Lake County,8.0,7.0,8.0,7.0,Rural,Rural Remote
28041,MS,Greene County,8.0,7.0,8.0,7.0,Rural,Rural Remote
28053,MS,Humphreys County,7.0,9.0,6.0,7.0,Rural,Nonmetro Nonadjacent
28055,MS,Issaquena County,9.0,10.0,8.0,7.0,Rural,Rural Remote
28063,MS,Jefferson County,7.0,10.0,8.0,7.0,Rural,Rural Remote
28065,MS,Jefferson Davis County,8.0,7.0,8.0,7.0,Rural,Rural Remote
28077,MS,Lawrence County,8.0,7.0,8.0,7.0,Rural,Rural Remote
28125,MS,Sharkey County,9.0,10.0,8.0,7.0,Rural,Rural Remote
28129,MS,Smith County,8.0,7.0,8.0,7.0,Rural,Rural Remote
28157,MS,Wilkinson County,8.0,7.0,8.0,7.0,Rural,Rural Remote
29057,MO,Dade County,8.0,7.0,8.0,7.0,Rural,Rural Remote
29075,MO,Gentry County,8.0,7.0,8.0,7.0,Rural,Rural Remote
29085,MO,Hickory County,8.0,7.0,8.0,7.0,Rural,Rural Remote
29087,MO,Holt County,8.0,7.0,8.0,7.0,Rural,Rural Remote
29125,MO,Maries County,8.0,7.0,8.0,7.0,Rural,Rural Remote
29141,MO,Morgan County,8.0,6.0,8.0,7.0,Rural,Rural Remote
30015,MT,Chouteau County,8.0,7.0,8.0,7.0,Rural,Rural Remote
30039,MT,Granite County,8.0,7.0,8.0,7.0,Rural,Rural Remote
30045,MT,Judith Basin County,8.0,7.0,8.0,7.0,Rural,Rural Remote
30061,MT,Mineral County,8.0,7.0,8.0,7.0,Rural,Rural Remote
30065,MT,Musselshell County,8.0,7.0,8.0,7.0,Rural,Rural Remote
30089,MT,Sanders County,8.0,7.0,8.0,7.0,Rural,Rural Remote
30095,MT,Stillwater County,8.0,7.0,8.0,7.0,Rural,Rural Remote
30099,MT,Teton County,8.0,7.0,8.0,7.0,Rural,Rural Remote
30103,MT,Treasure County,8.0,7.0,8.0,7.0,Rural,Rural Remote
31021,NE,Burt County,8.0,7.0,8.0,7.0,Rural,Rural Remote
31035,NE,Clay County,9.0,8.0,8.0,7.0,Rural,Rural Remote
31059,NE,Fillmore County,9.0,12.0,8.0,7.0,Rural,Rural Remote
31077,NE,Greeley County,9.0,10.0,8.0,7.0,Rural,Rural Remote
31097,NE,Johnson County,8.0,7.0,8.0,7.0,Rural,Rural Remote
31105,NE,Kimball County,6.0,6.0,8.0,7.0,Rural,Rural Remote
31125,NE,Nance County,9.0,10.0,8.0,7.0,Rural,Rural Remote
31163,NE,Sherman County,9.0,10.0,8.0,7.0,Rural,Rural Remote
31173,NE,Thurston County,8.0,7.0,8.0,7.0,Rural,Rural Remote
36041,NY,Hamilton County,8.0,7.0,8.0,7.0,Rural,Rural Remote
36097,NY,Schuyler County,6.0,7.0,6.0,7.0,Rural,Nonmetro Nonadjacent
37011,NC,Avery County,8.0,7.0,8.0,7.0,Rural,Rural Remote
37033,NC,Caswell County,8.0,7.0,8.0,7.0,Rural,Rural Remote
37079,NC,Greene County,3.0,2.0,8.0,7.0,Rural,Rural Remote
37149,NC,Polk County,8.0,7.0,8.0,7.0,Rural,Rural Remote
37173,NC,Swain County,8.0,7.0,8.0,7.0,Rural,Rural Remote
37199,NC,Yancey County,8.0,7.0,8.0,7.0,Rural,Rural Remote
38029,ND,Emmons County,8.0,7.0,8.0,7.0,Rural,Rural Remote
38037,ND,Grant County,8.0,7.0,8.0,7.0,Rural,Rural Remote
38043,ND,Kidder County,8.0,7.0,8.0,7.0,Rural,Rural Remote
38055,ND,McLean County,8.0,7.0,8.0,7.0,Rural,Rural Remote
38063,ND,Nelson County,8.0,7.0,8.0,7.0,Rural,Rural Remote
38073,ND,Ransom County,8.0,7.0,8.0,7.0,Rural,Rural Remote
38091,ND,Steele County,8.0,7.0,8.0,7.0,Rural,Rural Remote
38097,ND,Traill County,8.0,7.0,8.0,7.0,Rural,Rural Remote
39111,OH,Monroe County,8.0,6.0,8.0,7.0,Rural,Rural Remote
40067,OK,Jefferson County,8.0,7.0,8.0,7.0,Rural,Rural Remote
42057,PA,Fulton County,8.0,7.0,8.0,7.0,Rural,Rural Remote
42067,PA,Juniata County,6.0,7.0,6.0,7.0,Rural,Nonmetro Nonadjacent
42113,PA,Sullivan County,8.0,7.0,8.0,7.0,Rural,Rural Remote
42115,PA,Susquehanna County,6.0,7.0,6.0,7.0,Rural,Nonmetro Nonadjacent
46055,SD,Haakon County,8.0,7.0,8.0,7.0,Rural,Rural Remote
46067,SD,Hutchinson County,8.0,7.0,8.0,7.0,Rural,Rural Remote
46071,SD,Jackson County,8.0,7.0,8.0,7.0,Rural,Rural Remote
46097,SD,Miner County,8.0,7.0,8.0,7.0,Rural,Rural Remote
46101,SD,Moody County,8.0,7.0,8.0,7.0,Rural,Rural Remote
46105,SD,Perkins County,9.0,12.0,8.0,7.0,Rural,Rural Remote
46137,SD,Ziebach County,9.0,12.0,8.0,7.0,Rural,Rural Remote
47007,TN,Bledsoe County,8.0,7.0,8.0,7.0,Rural,Rural Remote
47061,TN,Grundy County,8.0,7.0,8.0,7.0,Rural,Rural Remote
47067,TN,Hancock County,8.0,7.0,8.0,7.0,Rural,Rural Remote
47121,TN,Meigs County,8.0,7.0,8.0,7.0,Rural,Rural Remote
47161,TN,Stewart County,3.0,2.0,8.0,7.0,Rural,Rural Remote
48033,TX,Borden County,9.0,10.0,8.0,7.0,Rural,Rural Remote
48081,TX,Coke County,8.0,7.0,8.0,7.0,Rural,Rural Remote
48125,TX,Dickens County,8.0,7.0,8.0,7.0,Rural,Rural Remote
48129,TX,Donley County,8.0,7.0,8.0,7.0,Rural,Rural Remote
48151,TX,Fisher County,8.0,7.0,8.0,7.0,Rural,Rural Remote
48289,TX,Leon County,8.0,7.0,8.0,7.0,Rural,Rural Remote
48297,TX,Live Oak County,6.0,6.0,8.0,7.0,Rural,Rural Remote
48315,TX,Marion County,8.0,7.0,8.0,7.0,Rural,Rural Remote
48403,TX,Sabine County,9.0,12.0,8.0,7.0,Rural,Rural Remote
48413,TX,Schleicher County,8.0,7.0,8.0,7.0,Rural,Rural Remote
48417,TX,Shackelford County,8.0,7.0,8.0,7.0,Rural,Rural Remote
48431,TX,Sterling County,8.0,7.0,8.0,7.0,Rural,Rural Remote
48461,TX,Upton County,8.0,7.0,8.0,7.0,Rural,Rural Remote
49033,UT,Rich County,8.0,7.0,8.0,7.0,Rural,Rural Remote
50015,VT,Lamoille County,8.0,7.0,8.0,7.0,Rural,Rural Remote
51017,VA,Bath County,9.0,10.0,8.0,7.0,Rural,Rural Remote
51021,VA,Bland County,8.0,7.0,8.0,7.0,Rural,Rural Remote
51037,VA,Charlotte County,8.0,7.0,8.0,7.0,Rural,Rural Remote
51091,VA,Highland County,9.0,10.0,8.0,7.0,Rural,Rural Remote
51105,VA,Lee County,8.0,7.0,8.0,7.0,Rural,Rural Remote
51141,VA,Patrick County,8.0,7.0,8.0,7.0,Rural,Rural Remote
53023,WA,Garfield County,8.0,7.0,8.0,7.0,Rural,Rural Remote
53043,WA,Lincoln County,8.0,7.0,8.0,7.0,Rural,Rural Remote
54007,WV,Braxton County,8.0,7.0,8.0,7.0,Rural,Rural Remote
54013,WV,Calhoun County,8.0,7.0,8.0,7.0,Rural,Rural Remote
54063,WV,Monroe County,8.0,7.0,8.0,7.0,Rural,Rural Remote
54065,WV,Morgan County,3.0,2.0,8.0,7.0,Rural,Rural Remote
54071,WV,Pendleton County,8.0,7.0,8.0,7.0,Rural,Rural Remote
54073,WV,Pleasants County,3.0,2.0,6.0,7.0,Rural,Nonmetro Nonadjacent
54085,WV,Ritchie County,8.0,7.0,8.0,7.0,Rural,Rural Remote
54087,WV,Roane County,6.0,7.0,6.0,7.0,Rural,Nonmetro Nonadjacent
54093,WV,Tucker County,9.0,12.0,8.0,7.0,Rural,Rural Remote
54109,WV,Wyoming County,7.0,10.0,6.0,7.0,Rural,Nonmetro Nonadjacent
55065,WI,Lafayette County,8.0,7.0,8.0,7.0,Rural,Rural Remote
55077,WI,Marquette County,8.0,7.0,8.0,7.0,Rural,Rural Remote
72083,PR,Las Marías Municipio,6.0,7.0,6.0,7.0,Rural,Nonmetro Nonadjacent
72093,PR,Maricao Municipio,6.0,7.0,6.0,7.0,Rural,Nonmetro Nonadjacent
02110,AK,Juneau City and Borough,5.0,8.0,5.0,8.0,Town,Nonmetro Adjacent
02130,AK,Ketchikan Gateway Borough,7.0,8.0,7.0,8.0,Town,Nonmetro Nonadjacent
04009,AZ,Graham County,6.0,8.0,7.0,8.0,Town,Nonmetro Nonadjacent
05005,AR,Baxter County,7.0,8.0,7.0,8.0,Town,Nonmetro Nonadjacent
05009,AR,Boone County,7.0,8.0,7.0,8.0,Town,Nonmetro Nonadjacent
05013,AR,Calhoun County,9.0,8.0,9.0,8.0,Town,Rural Remote
05019,AR,Clark County,7.0,8.0,7.0,8.0,Town,Nonmetro Nonadjacent
05027,AR,Columbia County,7.0,8.0,7.0,8.0,Town,Nonmetro Nonadjacent
05063,AR,Independence County,7.0,8.0,7.0,8.0,Town,Nonmetro Nonadjacent
05101,AR,Newton County,9.0,8.0,9.0,8.0,Town,Rural Remote
05103,AR,Ouachita County,7.0,8.0,7.0,8.0,Town,Nonmetro Nonadjacent
05115,AR,Pope County,5.0,8.0,5.0,8.0,Town,Nonmetro Adjacent
05139,AR,Union County,5.0,8.0,7.0,8.0,Town,Nonmetro Nonadjacent
06015,CA,Del Norte County,7.0,8.0,7.0,8.0,Town,Nonmetro Nonadjacent
06023,CA,Humboldt County,5.0,8.0,5.0,8.0,Town,Nonmetro Adjacent
06035,CA,Lassen County,6.0,6.0,7.0,8.0,Town,Nonmetro Nonadjacent
08037,CO,Eagle County,5.0,8.0,5.0,8.0,Town,Nonmetro Adjacent
08045,CO,Garfield County,5.0,9.0,5.0,8.0,Town,Nonmetro Adjacent
08075,CO,Logan County,7.0,8.0,7.0,8.0,Town,Nonmetro Nonadjacent
08081,CO,Moffat County,7.0,11.0,7.0,8.0,Town,Nonmetro Nonadjacent
08097,CO,Pitkin County,7.0,9.0,7.0,8.0,Town,Nonmetro Nonadjacent
08107,CO,Routt County,7.0,11.0,7.0,8.0,Town,Nonmetro Nonadjacent
08117,CO,Summit County,7.0,8.0,5.0,8.0,Town,Nonmetro Adjacent
13017,GA,Ben Hill County,7.0,8.0,7.0,8.0,Town,Nonmetro Nonadjacent
13069,GA,Coffee County,7.0,8.0,7.0,8.0,Town,Nonmetro Nonadjacent
13141,GA,Hancock County,7.0,8.0,7.0,8.0,Town,Nonmetro Nonadjacent
13167,GA,Johnson County,9.0,8.0,7.0,8.0,Town,Nonmetro Nonadjacent
13175,GA,Laurens County,6.0,5.0,5.0,8.0,Town,Nonmetro Adjacent
13209,GA,Montgomery County,9.0,11.0,9.0,8.0,Town,Rural Remote
13257,GA,Stephens County,7.0,8.0,7.0,8.0,Town,Nonmetro Nonadjacent
13277,GA,Tift County,4.0,5.0,5.0,8.0,Town,Nonmetro Adjacent
13279,GA,Toombs County,7.0,11.0,7.0,8.0,Town,Nonmetro Nonadjacent
13299,GA,Ware County,4.0,8.0,5.0,8.0,Town,Nonmetro Adjacent
15001,HI,Hawaii County,5.0,8.0,5.0,8.0,Town,Nonmetro Adjacent
15007,HI,Kauai County,5.0,8.0,5.0,8.0,Town,Nonmetro Adjacent
16013,ID,Blaine County,7.0,11.0,7.0,8.0,Town,Nonmetro Nonadjacent
16025,ID,Camas County,9.0,12.0,9.0,8.0,Town,Rural Remote
16031,ID,Cassia County,7.0,8.0,7.0,8.0,Town,Nonmetro Nonadjacent
16053,ID,Jerome County,7.0,8.0,7.0,8.0,Town,Nonmetro Nonadjacent
16063,ID,Lincoln County,9.0,10.0,9.0,8.0,Town,Rural Remote
16067,ID,Minidoka County,7.0,8.0,7.0,8.0,Town,Nonmetro Nonadjacent
16081,ID,Teton County,9.0,8.0,9.0,8.0,Town,Rural Remote
16083,ID,Twin Falls County,5.0,8.0,5.0,8.0,Town,Nonmetro Adjacent
17001,IL,Adams County,5.0,8.0,5.0,8.0,Town,Nonmetro Adjacent
17011,IL,Bureau County,6.0,5.0,7.0,8.0,Town,Nonmetro Nonadjacent
17029,IL,Coles County,5.0,8.0,5.0,8.0,Town,Nonmetro Adjacent
17035,IL,Cumberland County,9.0,8.0,9.0,8.0,Town,Rural Remote
17049,IL,Effingham County,7.0,8.0,7.0,8.0,Town,Nonmetro Nonadjacent
17067,IL,Hancock County,7.0,9.0,7.0,8.0,Town,Nonmetro Nonadjacent
17071,IL,Henderson County,9.0,8.0,9.0,8.0,Town,Rural Remote
17081,IL,Jefferson County,7.0,8.0,7.0,8.0,Town,Nonmetro Nonadjacent
17109,IL,McDonough County,5.0,8.0,5.0,8.0,Town,Nonmetro Adjacent
17127,IL,Massac County,7.0,8.0,7.0,8.0,Town,Nonmetro Nonadjacent
17171,IL,Scott County,9.0,8.0,9.0,8.0,Town,Rural Remote
18027,IN,Daviess County,7.0,8.0,7.0,8.0,Town,Nonmetro Nonadjacent
18037,IN,Dubois County,7.0,8.0,5.0,8.0,Town,Nonmetro Adjacent
18083,IN,Knox County,4.0,5.0,5.0,8.0,Town,Nonmetro Adjacent
18151,IN,Steuben County,7.0,8.0,7.0,8.0,Town,Nonmetro Nonadjacent
18177,IN,Wayne County,5.0,8.0,5.0,8.0,Town,Nonmetro Adjacent
19021,IA,Buena Vista County,7.0,8.0,7.0,8.0,Town,Nonmetro Nonadjacent
19033,IA,Cerro Gordo County,5.0,8.0,5.0,8.0,Town,Nonmetro Adjacent
19041,IA,Clay County,7.0,8.0,7.0,8.0,Town,Nonmetro Nonadjacent
19051,IA,Davis County,9.0,9.0,9.0,8.0,Town,Rural Remote
19057,IA,Des Moines County,5.0,8.0,5.0,8.0,Town,Nonmetro Adjacent
19059,IA,Dickinson County,7.0,8.0,7.0,8.0,Town,Nonmetro Nonadjacent
19101,IA,Jefferson County,7.0,9.0,7.0,8.0,Town,Nonmetro Nonadjacent
19111,IA,Lee County,5.0,8.0,5.0,8.0,Town,Nonmetro Adjacent
19123,IA,Mahaska County,7.0,8.0,7.0,8.0,Town,Nonmetro Nonadjacent
19179,IA,Wapello County,5.0,8.0,5.0,8.0,Town,Nonmetro Adjacent
19187,IA,Webster County,5.0,8.0,5.0,8.0,Town,Nonmetro Adjacent
19195,IA,Worth County,9.0,8.0,9.0,8.0,Town,Rural Remote
20009,KS,Barton County,7.0,8.0,7.0,8.0,Town,Nonmetro Nonadjacent
20051,KS,Ellis County,5.0,8.0,5.0,8.0,Town,Nonmetro Adjacent
20055,KS,Finney County,5.0,8.0,5.0,8.0,Town,Nonmetro Adjacent
20057,KS,Ford County,5.0,8.0,5.0,8.0,Town,Nonmetro Adjacent
20093,KS,Kearny County,9.0,10.0,9.0,8.0,Town,Rural Remote
20099,KS,Labette County,7.0,8.0,7.0,8.0,Town,Nonmetro Nonadjacent
20113,KS,McPherson County,6.0,5.0,7.0,8.0,Town,Nonmetro Nonadjacent
20125,KS,Montgomery County,5.0,8.0,5.0,8.0,Town,Nonmetro Adjacent
20143,KS,Ottawa County,9.0,8.0,9.0,8.0,Town,Rural Remote
20169,KS,Saline County,5.0,8.0,5.0,8.0,Town,Nonmetro Adjacent
20175,KS,Seward County,7.0,8.0,5.0,8.0,Town,Nonmetro Adjacent
21007,KY,Ballard County,9.0,8.0,9.0,8.0,Town,Rural Remote
21013,KY,Bell County,7.0,8.0,7.0,8.0,Town,Nonmetro Nonadjacent
21021,KY,Boyle County,7.0,8.0,7.0,8.0,Town,Nonmetro Nonadjacent
21035,KY,Calloway County,7.0,8.0,7.0,8.0,Town,Nonmetro Nonadjacent
21075,KY,Fulton County,7.0,8.0,9.0,8.0,Town,Rural Remote
21083,KY,Graves County,7.0,8.0,7.0,8.0,Town,Nonmetro Nonadjacent
21107,KY,Hopkins County,4.0,5.0,5.0,8.0,Town,Nonmetro Adjacent
21121,KY,Knox County,7.0,9.0,7.0,8.0,Town,Nonmetro Nonadjacent
21125,KY,Laurel County,7.0,8.0,5.0,8.0,Town,Nonmetro Adjacent
21137,KY,Lincoln County,7.0,8.0,7.0,8.0,Town,Nonmetro Nonadjacent
21139,KY,Livingston County,9.0,8.0,9.0,8.0,Town,Rural Remote
21145,KY,McCracken County,5.0,8.0,5.0,8.0,Town,Nonmetro Adjacent
21165,KY,Menifee County,9.0,8.0,9.0,8.0,Town,Rural Remote
21169,KY,Metcalfe County,9.0,8.0,9.0,8.0,Town,Rural Remote
21199,KY,Pulaski County,5.0,8.0,5.0,8.0,Town,Nonmetro Adjacent
21203,KY,Rockcastle County,7.0,8.0,7.0,8.0,Town,Nonmetro Nonadjacent
21217,KY,Taylor County,7.0,8.0,7.0,8.0,Town,Nonmetro Nonadjacent
21235,KY,Whitley County,7.0,8.0,7.0,8.0,Town,Nonmetro Nonadjacent
22029,LA,Concordia Parish,7.0,8.0,7.0,8.0,Town,Nonmetro Nonadjacent
22115,LA,Vernon Parish,4.0,5.0,5.0,8.0,Town,Nonmetro Adjacent
25007,MA,Dukes County,7.0,12.0,7.0,8.0,Town,Nonmetro Nonadjacent
26007,MI,Alpena County,7.0,8.0,7.0,8.0,Town,Nonmetro Nonadjacent
26019,MI,Benzie County,9.0,8.0,9.0,8.0,Town,Rural Remote
26033,MI,Chippewa County,5.0,8.0,7.0,8.0,Town,Nonmetro Nonadjacent
26041,MI,Delta County,5.0,8.0,5.0,8.0,Town,Nonmetro Adjacent
26043,MI,Dickinson County,5.0,8.0,7.0,8.0,Town,Nonmetro Nonadjacent
26055,MI,Grand Traverse County,5.0,8.0,5.0,8.0,Town,Nonmetro Adjacent
26061,MI,Houghton County,5.0,8.0,5.0,8.0,Town,Nonmetro Adjacent
26079,MI,Kalkaska County,7.0,8.0,7.0,8.0,Town,Nonmetro Nonadjacent
26083,MI,Keweenaw County,9.0,8.0,9.0,8.0,Town,Rural Remote
26089,MI,Leelanau County,9.0,8.0,9.0,8.0,Town,Rural Remote
26103,MI,Marquette County,5.0,8.0,5.0,8.0,Town,Nonmetro Adjacent
26105,MI,Mason County,7.0,11.0,7.0,8.0,Town,Nonmetro Nonadjacent
26109,MI,Menominee County,7.0,8.0,7.0,8.0,Town,Nonmetro Nonadjacent
26113,MI,Missaukee County,9.0,8.0,9.0,8.0,Town,Rural Remote
26165,MI,Wexford County,7.0,8.0,7.0,8.0,Town,Nonmetro Nonadjacent
27007,MN,Beltrami County,7.0,8.0,7.0,8.0,Town,Nonmetro Nonadjacent
27021,MN,Cass County,9.0,8.0,9.0,8.0,Town,Rural Remote
27047,MN,Freeborn County,7.0,8.0,7.0,8.0,Town,Nonmetro Nonadjacent
27083,MN,Lyon County,7.0,8.0,7.0,8.0,Town,Nonmetro Nonadjacent
27105,MN,Nobles County,7.0,8.0,7.0,8.0,Town,Nonmetro Nonadjacent
27147,MN,Steele County,5.0,8.0,5.0,8.0,Town,Nonmetro Adjacent
28001,MS,Adams County,5.0,8.0,5.0,8.0,Town,Nonmetro Adjacent
28003,MS,Alcorn County,7.0,8.0,7.0,8.0,Town,Nonmetro Nonadjacent
28011,MS,Bolivar County,5.0,8.0,7.0,8.0,Town,Nonmetro Nonadjacent
28015,MS,Carroll County,9.0,8.0,9.0,8.0,Town,Rural Remote
28023,MS,Clarke County,9.0,8.0,9.0,8.0,Town,Rural Remote
28027,MS,Coahoma County,5.0,8.0,7.0,8.0,Town,Nonmetro Nonadjacent
28043,MS,Grenada County,7.0,8.0,7.0,8.0,Town,Nonmetro Nonadjacent
28057,MS,Itawamba County,7.0,8.0,7.0,8.0,Town,Nonmetro Nonadjacent
28061,MS,Jasper County,9.0,8.0,9.0,8.0,Town,Rural Remote
28069,MS,Kemper County,9.0,8.0,9.0,8.0,Town,Rural Remote
28075,MS,Lauderdale County,5.0,8.0,5.0,8.0,Town,Nonmetro Adjacent
28081,MS,Lee County,5.0,8.0,5.0,8.0,Town,Nonmetro Adjacent
28083,MS,Leflore County,5.0,8.0,5.0,8.0,Town,Nonmetro Adjacent
28087,MS,Lowndes County,5.0,8.0,5.0,8.0,Town,Nonmetro Adjacent
28105,MS,Oktibbeha County,5.0,8.0,5.0,8.0,Town,Nonmetro Adjacent
28115,MS,Pontotoc County,7.0,8.0,7.0,8.0,Town,Nonmetro Nonadjacent
28133,MS,Sunflower County,5.0,8.0,7.0,8.0,Town,Nonmetro Nonadjacent
28151,MS,Washington County,5.0,8.0,5.0,8.0,Town,Nonmetro Adjacent
29001,MO,Adair County,7.0,8.0,7.0,8.0,Town,Nonmetro Nonadjacent
29023,MO,Butler County,7.0,8.0,5.0,8.0,Town,Nonmetro Adjacent
29045,MO,Clark County,9.0,8.0,9.0,8.0,Town,Rural Remote
29069,MO,Dunklin County,7.0,8.0,7.0,8.0,Town,Nonmetro Nonadjacent
29091,MO,Howell County,7.0,8.0,7.0,8.0,Town,Nonmetro Nonadjacent
29111,MO,Lewis County,9.0,8.0,9.0,8.0,Town,Rural Remote
29127,MO,Marion County,5.0,8.0,5.0,8.0,Town,Nonmetro Adjacent
29161,MO,Phelps County,5.0,8.0,5.0,8.0,Town,Nonmetro Adjacent
29169,MO,Pulaski County,5.0,8.0,5.0,8.0,Town,Nonmetro Adjacent
29173,MO,Ralls County,9.0,8.0,9.0,8.0,Town,Rural Remote
29197,MO,Schuyler County,9.0,8.0,9.0,8.0,Town,Rural Remote
30029,MT,Flathead County,5.0,8.0,5.0,8.0,Town,Nonmetro Adjacent
30031,MT,Gallatin County,5.0,8.0,5.0,8.0,Town,Nonmetro Adjacent
30043,MT,Jefferson County,9.0,8.0,9.0,8.0,Town,Rural Remote
30049,MT,Lewis and Clark County,5.0,8.0,5.0,8.0,Town,Nonmetro Adjacent
30093,MT,Silver Bow County,5.0,8.0,5.0,8.0,Town,Nonmetro Adjacent
31007,NE,Banner County,9.0,8.0,9.0,8.0,Town,Rural Remote
31047,NE,Dawson County,7.0,8.0,7.0,8.0,Town,Nonmetro Nonadjacent
31073,NE,Gosper County,9.0,8.0,9.0,8.0,Town,Rural Remote
31099,NE,Kearney County,7.0,8.0,7.0,8.0,Town,Nonmetro Nonadjacent
31111,NE,Lincoln County,5.0,8.0,5.0,8.0,Town,Nonmetro Adjacent
31113,NE,Logan County,9.0,8.0,9.0,8.0,Town,Rural Remote
31117,NE,McPherson County,9.0,8.0,9.0,8.0,Town,Rural Remote
31119,NE,Madison County,5.0,8.0,5.0,8.0,Town,Nonmetro Adjacent
31139,NE,Pierce County,9.0,8.0,9.0,8.0,Town,Rural Remote
31141,NE,Platte County,5.0,8.0,5.0,8.0,Town,Nonmetro Adjacent
31157,NE,Scotts Bluff County,5.0,8.0,5.0,8.0,Town,Nonmetro Adjacent
31165,NE,Sioux County,9.0,10.0,9.0,8.0,Town,Rural Remote
31167,NE,Stanton County,9.0,8.0,9.0,8.0,Town,Rural Remote
32007,NV,Elko County,5.0,8.0,5.0,8.0,Town,Nonmetro Adjacent
32011,NV,Eureka County,9.0,8.0,9.0,8.0,Town,Rural Remote
32013,NV,Humboldt County,7.0,11.0,7.0,8.0,Town,Nonmetro Nonadjacent
33007,NH,Coos County,7.0,8.0,7.0,8.0,Town,Nonmetro Nonadjacent
33009,NH,Grafton County,5.0,8.0,5.0,8.0,Town,Nonmetro Adjacent
33019,NH,Sullivan County,7.0,9.0,7.0,8.0,Town,Nonmetro Nonadjacent
35005,NM,Chaves County,5.0,8.0,5.0,8.0,Town,Nonmetro Adjacent
35009,NM,Curry County,5.0,8.0,5.0,8.0,Town,Nonmetro Adjacent
35015,NM,Eddy County,5.0,8.0,5.0,8.0,Town,Nonmetro Adjacent
35017,NM,Grant County,7.0,8.0,7.0,8.0,Town,Nonmetro Nonadjacent
35025,NM,Lea County,5.0,8.0,5.0,8.0,Town,Nonmetro Adjacent
35031,NM,McKinley County,4.0,5.0,5.0,8.0,Town,Nonmetro Adjacent
35041,NM,Roosevelt County,7.0,8.0,7.0,8.0,Town,Nonmetro Nonadjacent
35055,NM,Taos County,7.0,8.0,7.0,8.0,Town,Nonmetro Nonadjacent
36019,NY,Clinton County,5.0,8.0,5.0,8.0,Town,Nonmetro Adjacent
36033,NY,Franklin County,5.0,8.0,7.0,8.0,Town,Nonmetro Nonadjacent
36077,NY,Otsego County,6.0,5.0,7.0,8.0,Town,Nonmetro Nonadjacent
37131,NC,Northampton County,9.0,8.0,9.0,8.0,Town,Rural Remote
37153,NC,Richmond County,4.0,5.0,5.0,8.0,Town,Nonmetro Adjacent
37177,NC,Tyrrell County,9.0,10.0,9.0,8.0,Town,Rural Remote
37189,NC,Watauga County,6.0,5.0,5.0,8.0,Town,Nonmetro Adjacent
38049,ND,McHenry County,9.0,8.0,9.0,8.0,Town,Rural Remote
38075,ND,Renville County,9.0,8.0,9.0,8.0,Town,Rural Remote
38089,ND,Stark County,7.0,8.0,7.0,8.0,Town,Nonmetro Nonadjacent
38093,ND,Stutsman County,7.0,8.0,7.0,8.0,Town,Nonmetro Nonadjacent
38101,ND,Ward County,5.0,8.0,5.0,8.0,Town,Nonmetro Adjacent
38105,ND,Williams County,7.0,8.0,7.0,8.0,Town,Nonmetro Nonadjacent
39079,OH,Jackson County,7.0,9.0,7.0,8.0,Town,Nonmetro Nonadjacent
39107,OH,Mercer County,7.0,8.0,7.0,8.0,Town,Nonmetro Nonadjacent
40009,OK,Beckham County,7.0,11.0,7.0,8.0,Town,Nonmetro Nonadjacent
40019,OK,Carter County,5.0,8.0,5.0,8.0,Town,Nonmetro Adjacent
40039,OK,Custer County,7.0,11.0,7.0,8.0,Town,Nonmetro Nonadjacent
40047,OK,Garfield County,5.0,8.0,5.0,8.0,Town,Nonmetro Adjacent
40065,OK,Jackson County,5.0,8.0,7.0,8.0,Town,Nonmetro Nonadjacent
40071,OK,Kay County,5.0,8.0,5.0,8.0,Town,Nonmetro Adjacent
40121,OK,Pittsburg County,5.0,8.0,5.0,8.0,Town,Nonmetro Adjacent
40123,OK,Pontotoc County,7.0,8.0,7.0,8.0,Town,Nonmetro Nonadjacent
40139,OK,Texas County,7.0,8.0,7.0,8.0,Town,Nonmetro Nonadjacent
40153,OK,Woodward County,7.0,8.0,7.0,8.0,Town,Nonmetro Nonadjacent
41011,OR,Coos County,5.0,8.0,5.0,8.0,Town,Nonmetro Adjacent
41015,OR,Curry County,7.0,8.0,7.0,8.0,Town,Nonmetro Nonadjacent
41035,OR,Klamath County,5.0,8.0,5.0,8.0,Town,Nonmetro Adjacent
41041,OR,Lincoln County,4.0,6.0,5.0,8.0,Town,Nonmetro Adjacent
41061,OR,Union County,7.0,8.0,7.0,8.0,Town,Nonmetro Nonadjacent
42083,PA,McKean County,7.0,8.0,7.0,8.0,Town,Nonmetro Nonadjacent
42109,PA,Snyder County,7.0,8.0,7.0,8.0,Town,Nonmetro Nonadjacent
46005,SD,Beadle County,7.0,8.0,7.0,8.0,Town,Nonmetro Nonadjacent
46011,SD,Brookings County,7.0,8.0,5.0,8.0,Town,Nonmetro Adjacent
46013,SD,Brown County,5.0,8.0,5.0,8.0,Town,Nonmetro Adjacent
46029,SD,Codington County,7.0,8.0,5.0,8.0,Town,Nonmetro Adjacent
46035,SD,Davison County,7.0,8.0,7.0,8.0,Town,Nonmetro Nonadjacent
46045,SD,Edmunds County,9.0,8.0,9.0,8.0,Town,Rural Remote
46065,SD,Hughes County,7.0,8.0,7.0,8.0,Town,Nonmetro Nonadjacent
46117,SD,Stanley County,9.0,8.0,9.0,8.0,Town,Rural Remote
46119,SD,Sully County,9.0,10.0,9.0,8.0,Town,Rural Remote
46135,SD,Yankton County,7.0,8.0,7.0,8.0,Town,Nonmetro Nonadjacent
47045,TN,Dyer County,5.0,8.0,5.0,8.0,Town,Nonmetro Adjacent
47079,TN,Henry County,7.0,8.0,7.0,8.0,Town,Nonmetro Nonadjacent
47127,TN,Moore County,9.0,8.0,9.0,8.0,Town,Rural Remote
47131,TN,Obion County,7.0,8.0,7.0,8.0,Town,Nonmetro Nonadjacent
47133,TN,Overton County,7.0,8.0,7.0,8.0,Town,Nonmetro Nonadjacent
47183,TN,Weakley County,7.0,9.0,7.0,8.0,Town,Nonmetro Nonadjacent
48001,TX,Anderson County,5.0,8.0,7.0,8.0,Town,Nonmetro Nonadjacent
48005,TX,Angelina County,5.0,8.0,5.0,8.0,Town,Nonmetro Adjacent
48049,TX,Brown County,5.0,8.0,5.0,8.0,Town,Nonmetro Adjacent
48115,TX,Dawson County,7.0,8.0,7.0,8.0,Town,Nonmetro Nonadjacent
48171,TX,Gillespie County,7.0,9.0,7.0,8.0,Town,Nonmetro Nonadjacent
48261,TX,Kenedy County,9.0,8.0,9.0,8.0,Town,Rural Remote
48277,TX,Lamar County,4.0,3.0,5.0,8.0,Town,Nonmetro Adjacent
48323,TX,Maverick County,5.0,8.0,5.0,8.0,Town,Nonmetro Adjacent
48341,TX,Moore County,6.0,5.0,7.0,8.0,Town,Nonmetro Nonadjacent
48347,TX,Nacogdoches County,5.0,8.0,5.0,8.0,Town,Nonmetro Adjacent
48389,TX,Reeves County,7.0,8.0,7.0,8.0,Town,Nonmetro Nonadjacent
48415,TX,Scurry County,7.0,8.0,7.0,8.0,Town,Nonmetro Nonadjacent
48449,TX,Titus County,7.0,8.0,7.0,8.0,Town,Nonmetro Nonadjacent
48455,TX,Trinity County,8.0,4.0,7.0,8.0,Town,Nonmetro Nonadjacent
48465,TX,Val Verde County,5.0,8.0,5.0,8.0,Town,Nonmetro Adjacent
49007,UT,Carbon County,7.0,8.0,7.0,8.0,Town,Nonmetro Nonadjacent
49047,UT,Uintah County,7.0,8.0,7.0,8.0,Town,Nonmetro Nonadjacent
50009,VT,Essex County,9.0,8.0,9.0,8.0,Town,Rural Remote
50017,VT,Orange County,9.0,8.0,9.0,8.0,Town,Rural Remote
50027,VT,Windsor County,7.0,8.0,7.0,8.0,Town,Nonmetro Nonadjacent
51051,VA,Dickenson County,9.0,12.0,9.0,8.0,Town,Rural Remote
51185,VA,Tazewell County,7.0,8.0,5.0,8.0,Town,Nonmetro Adjacent
51195,VA,Wise County,7.0,11.0,7.0,8.0,Town,Nonmetro Nonadjacent
51720,VA,Norton city,7.0,11.0,7.0,8.0,Town,Nonmetro Nonadjacent
53009,WA,Clallam County,5.0,8.0,5.0,8.0,Town,Nonmetro Adjacent
53025,WA,Grant County,4.0,5.0,5.0,8.0,Town,Nonmetro Adjacent
54017,WV,Doddridge County,9.0,8.0,9.0,8.0,Town,Rural Remote
54033,WV,Harrison County,5.0,8.0,5.0,8.0,Town,Nonmetro Adjacent
54083,WV,Randolph County,7.0,11.0,7.0,8.0,Town,Nonmetro Nonadjacent
55037,WI,Florence County,9.0,8.0,9.0,8.0,Town,Rural Remote
56005,WY,Campbell County,5.0,8.0,5.0,8.0,Town,Nonmetro Adjacent
56013,WY,Fremont County,7.0,8.0,7.0,8.0,Town,Nonmetro Nonadjacent
56033,WY,Sheridan County,7.0,8.0,7.0,8.0,Town,Nonmetro Nonadjacent
56037,WY,Sweetwater County,5.0,8.0,5.0,8.0,Town,Nonmetro Adjacent
56039,WY,Teton County,7.0,8.0,7.0,8.0,Town,Nonmetro Nonadjacent
56041,WY,Uinta County,7.0,8.0,7.0,8.0,Town,Nonmetro Nonadjacent
04011,AZ,Greenlee County,7.0,8.0,7.0,9.0,Rural,Nonmetro Nonadjacent
05011,AR,Bradley County,6.0,6.0,7.0,9.0,Rural,Nonmetro Nonadjacent
05017,AR,Chicot County,7.0,9.0,7.0,9.0,Rural,Nonmetro Nonadjacent
05021,AR,Clay County,7.0,9.0,7.0,9.0,Rural,Nonmetro Nonadjacent
05049,AR,Fulton County,9.0,9.0,9.0,9.0,Rural,Rural Remote
05071,AR,Johnson County,6.0,6.0,7.0,9.0,Rural,Nonmetro Nonadjacent
05077,AR,Lee County,6.0,4.0,7.0,9.0,Rural,Nonmetro Nonadjacent
05095,AR,Monroe County,7.0,9.0,7.0,9.0,Rural,Nonmetro Nonadjacent
05099,AR,Nevada County,7.0,8.0,7.0,9.0,Rural,Nonmetro Nonadjacent
05121,AR,Randolph County,7.0,11.0,7.0,9.0,Rural,Nonmetro Nonadjacent
05135,AR,Sharp County,7.0,9.0,7.0,9.0,Rural,Nonmetro Nonadjacent
05137,AR,Stone County,9.0,9.0,9.0,9.0,Rural,Rural Remote
13001,GA,Appling County,7.0,9.0,7.0,9.0,Rural,Nonmetro Nonadjacent
13005,GA,Bacon County,7.0,9.0,7.0,9.0,Rural,Nonmetro Nonadjacent
13043,GA,Candler County,7.0,9.0,7.0,9.0,Rural,Nonmetro Nonadjacent
13107,GA,Emanuel County,7.0,9.0,7.0,9.0,Rural,Nonmetro Nonadjacent
13155,GA,Irwin County,7.0,8.0,7.0,9.0,Rural,Nonmetro Nonadjacent
13161,GA,Jeff Davis County,7.0,9.0,7.0,9.0,Rural,Nonmetro Nonadjacent
13283,GA,Treutlen County,7.0,9.0,7.0,9.0,Rural,Nonmetro Nonadjacent
13303,GA,Washington County,7.0,9.0,7.0,9.0,Rural,Nonmetro Nonadjacent
13309,GA,Wheeler County,9.0,10.0,9.0,9.0,Rural,Rural Remote
16021,ID,Boundary County,7.0,11.0,7.0,9.0,Rural,Nonmetro Nonadjacent
16047,ID,Gooding County,7.0,9.0,7.0,9.0,Rural,Nonmetro Nonadjacent
17015,IL,Carroll County,7.0,9.0,7.0,9.0,Rural,Nonmetro Nonadjacent
17025,IL,Clay County,7.0,9.0,7.0,9.0,Rural,Nonmetro Nonadjacent
17033,IL,Crawford County,6.0,6.0,7.0,9.0,Rural,Nonmetro Nonadjacent
17065,IL,Hamilton County,7.0,8.0,7.0,9.0,Rural,Nonmetro Nonadjacent
17079,IL,Jasper County,7.0,9.0,7.0,9.0,Rural,Nonmetro Nonadjacent
17101,IL,Lawrence County,7.0,9.0,7.0,9.0,Rural,Nonmetro Nonadjacent
17149,IL,Pike County,7.0,9.0,7.0,9.0,Rural,Nonmetro Nonadjacent
17169,IL,Schuyler County,7.0,9.0,7.0,9.0,Rural,Nonmetro Nonadjacent
17191,IL,Wayne County,7.0,9.0,7.0,9.0,Rural,Nonmetro Nonadjacent
18049,IN,Fulton County,7.0,9.0,7.0,9.0,Rural,Nonmetro Nonadjacent
18101,IN,Martin County,6.0,6.0,7.0,9.0,Rural,Nonmetro Nonadjacent
19007,IA,Appanoose County,7.0,9.0,7.0,9.0,Rural,Nonmetro Nonadjacent
19063,IA,Emmet County,7.0,9.0,7.0,9.0,Rural,Nonmetro Nonadjacent
19067,IA,Floyd County,7.0,9.0,7.0,9.0,Rural,Nonmetro Nonadjacent
19069,IA,Franklin County,7.0,9.0,7.0,9.0,Rural,Nonmetro Nonadjacent
19081,IA,Hancock County,7.0,9.0,7.0,9.0,Rural,Nonmetro Nonadjacent
19091,IA,Humboldt County,7.0,9.0,7.0,9.0,Rural,Nonmetro Nonadjacent
19131,IA,Mitchell County,7.0,9.0,7.0,9.0,Rural,Nonmetro Nonadjacent
19135,IA,Monroe County,7.0,9.0,7.0,9.0,Rural,Nonmetro Nonadjacent
19141,IA,O'Brien County,7.0,9.0,7.0,9.0,Rural,Nonmetro Nonadjacent
19143,IA,Osceola County,7.0,9.0,7.0,9.0,Rural,Nonmetro Nonadjacent
19147,IA,Palo Alto County,7.0,9.0,7.0,9.0,Rural,Nonmetro Nonadjacent
19157,IA,Poweshiek County,7.0,9.0,7.0,9.0,Rural,Nonmetro Nonadjacent
19189,IA,Winnebago County,7.0,9.0,7.0,9.0,Rural,Nonmetro Nonadjacent
19197,IA,Wright County,7.0,9.0,7.0,9.0,Rural,Nonmetro Nonadjacent
20029,KS,Cloud County,7.0,9.0,7.0,9.0,Rural,Nonmetro Nonadjacent
20041,KS,Dickinson County,7.0,9.0,7.0,9.0,Rural,Nonmetro Nonadjacent
20053,KS,Ellsworth County,7.0,9.0,7.0,9.0,Rural,Nonmetro Nonadjacent
20067,KS,Grant County,7.0,11.0,7.0,9.0,Rural,Nonmetro Nonadjacent
20133,KS,Neosho County,7.0,9.0,7.0,9.0,Rural,Nonmetro Nonadjacent
20145,KS,Pawnee County,7.0,9.0,7.0,9.0,Rural,Nonmetro Nonadjacent
20159,KS,Rice County,7.0,9.0,7.0,9.0,Rural,Nonmetro Nonadjacent
20167,KS,Russell County,7.0,9.0,7.0,9.0,Rural,Nonmetro Nonadjacent
20171,KS,Scott County,7.0,9.0,7.0,9.0,Rural,Nonmetro Nonadjacent
20189,KS,Stevens County,7.0,9.0,7.0,9.0,Rural,Nonmetro Nonadjacent
21001,KY,Adair County,7.0,9.0,7.0,9.0,Rural,Nonmetro Nonadjacent
21033,KY,Caldwell County,6.0,6.0,7.0,9.0,Rural,Nonmetro Nonadjacent
21055,KY,Crittenden County,6.0,6.0,7.0,9.0,Rural,Nonmetro Nonadjacent
21069,KY,Fleming County,7.0,9.0,7.0,9.0,Rural,Nonmetro Nonadjacent
21143,KY,Lyon County,8.0,7.0,9.0,9.0,Rural,Rural Remote
21155,KY,Marion County,6.0,4.0,7.0,9.0,Rural,Nonmetro Nonadjacent
21157,KY,Marshall County,7.0,9.0,7.0,9.0,Rural,Nonmetro Nonadjacent
21205,KY,Rowan County,7.0,9.0,7.0,9.0,Rural,Nonmetro Nonadjacent
21229,KY,Washington County,8.0,4.0,9.0,9.0,Rural,Rural Remote
21231,KY,Wayne County,7.0,9.0,7.0,9.0,Rural,Nonmetro Nonadjacent
22065,LA,Madison Parish,7.0,8.0,7.0,9.0,Rural,Nonmetro Nonadjacent
26071,MI,Iron County,7.0,10.0,7.0,9.0,Rural,Nonmetro Nonadjacent
26101,MI,Manistee County,7.0,9.0,7.0,9.0,Rural,Nonmetro Nonadjacent
26141,MI,Presque Isle County,7.0,9.0,7.0,9.0,Rural,Nonmetro Nonadjacent
26153,MI,Schoolcraft County,7.0,9.0,7.0,9.0,Rural,Nonmetro Nonadjacent
27023,MN,Chippewa County,7.0,9.0,7.0,9.0,Rural,Nonmetro Nonadjacent
27033,MN,Cottonwood County,7.0,9.0,7.0,9.0,Rural,Nonmetro Nonadjacent
27057,MN,Hubbard County,7.0,9.0,7.0,9.0,Rural,Nonmetro Nonadjacent
27063,MN,Jackson County,7.0,9.0,7.0,9.0,Rural,Nonmetro Nonadjacent
27127,MN,Redwood County,7.0,9.0,7.0,9.0,Rural,Nonmetro Nonadjacent
27151,MN,Swift County,7.0,9.0,7.0,9.0,Rural,Nonmetro Nonadjacent
27159,MN,Wadena County,7.0,9.0,7.0,9.0,Rural,Nonmetro Nonadjacent
27173,MN,Yellow Medicine County,9.0,9.0,9.0,9.0,Rural,Rural Remote
28017,MS,Chickasaw County,7.0,9.0,7.0,9.0,Rural,Nonmetro Nonadjacent
28025,MS,Clay County,7.0,9.0,7.0,9.0,Rural,Nonmetro Nonadjacent
28095,MS,Monroe County,7.0,9.0,7.0,9.0,Rural,Nonmetro Nonadjacent
28097,MS,Montgomery County,7.0,9.0,7.0,9.0,Rural,Nonmetro Nonadjacent
28099,MS,Neshoba County,7.0,9.0,7.0,9.0,Rural,Nonmetro Nonadjacent
28101,MS,Newton County,7.0,9.0,7.0,9.0,Rural,Nonmetro Nonadjacent
28103,MS,Noxubee County,7.0,10.0,7.0,9.0,Rural,Nonmetro Nonadjacent
28117,MS,Prentiss County,7.0,9.0,7.0,9.0,Rural,Nonmetro Nonadjacent
28135,MS,Tallahatchie County,7.0,10.0,7.0,9.0,Rural,Nonmetro Nonadjacent
28153,MS,Wayne County,7.0,9.0,7.0,9.0,Rural,Nonmetro Nonadjacent
28159,MS,Winston County,7.0,9.0,7.0,9.0,Rural,Nonmetro Nonadjacent
28161,MS,Yalobusha County,7.0,9.0,7.0,9.0,Rural,Nonmetro Nonadjacent
29029,MO,Camden County,7.0,9.0,7.0,9.0,Rural,Nonmetro Nonadjacent
29065,MO,Dent County,7.0,9.0,7.0,9.0,Rural,Nonmetro Nonadjacent
29121,MO,Macon County,7.0,9.0,7.0,9.0,Rural,Nonmetro Nonadjacent
29137,MO,Monroe County,9.0,9.0,9.0,9.0,Rural,Rural Remote
29143,MO,New Madrid County,7.0,9.0,7.0,9.0,Rural,Nonmetro Nonadjacent
29155,MO,Pemiscot County,7.0,9.0,7.0,9.0,Rural,Nonmetro Nonadjacent
29215,MO,Texas County,9.0,9.0,9.0,9.0,Rural,Rural Remote
30023,MT,Deer Lodge County,7.0,9.0,7.0,9.0,Rural,Nonmetro Nonadjacent
30053,MT,Lincoln County,7.0,9.0,7.0,9.0,Rural,Nonmetro Nonadjacent
30067,MT,Park County,7.0,9.0,7.0,9.0,Rural,Nonmetro Nonadjacent
30083,MT,Richland County,7.0,11.0,7.0,9.0,Rural,Nonmetro Nonadjacent
30085,MT,Roosevelt County,7.0,11.0,7.0,9.0,Rural,Nonmetro Nonadjacent
31037,NE,Colfax County,7.0,9.0,7.0,9.0,Rural,Nonmetro Nonadjacent
31039,NE,Cuming County,7.0,9.0,7.0,9.0,Rural,Nonmetro Nonadjacent
31041,NE,Custer County,7.0,9.0,7.0,9.0,Rural,Nonmetro Nonadjacent
31095,NE,Jefferson County,7.0,9.0,7.0,9.0,Rural,Nonmetro Nonadjacent
31101,NE,Keith County,7.0,9.0,7.0,9.0,Rural,Nonmetro Nonadjacent
31137,NE,Phelps County,7.0,9.0,7.0,9.0,Rural,Nonmetro Nonadjacent
32015,NV,Lander County,7.0,9.0,7.0,9.0,Rural,Nonmetro Nonadjacent
35019,NM,Guadalupe County,7.0,9.0,7.0,9.0,Rural,Nonmetro Nonadjacent
35023,NM,Hidalgo County,7.0,9.0,9.0,9.0,Rural,Rural Remote
35027,NM,Lincoln County,7.0,9.0,7.0,9.0,Rural,Nonmetro Nonadjacent
36003,NY,Allegany County,7.0,9.0,7.0,9.0,Rural,Nonmetro Nonadjacent
37113,NC,Macon County,7.0,11.0,7.0,9.0,Rural,Nonmetro Nonadjacent
37187,NC,Washington County,7.0,9.0,7.0,9.0,Rural,Nonmetro Nonadjacent
38069,ND,Pierce County,7.0,11.0,7.0,9.0,Rural,Nonmetro Nonadjacent
39075,OH,Holmes County,7.0,9.0,7.0,9.0,Rural,Nonmetro Nonadjacent
39131,OH,Pike County,7.0,9.0,7.0,9.0,Rural,Nonmetro Nonadjacent
39175,OH,Wyandot County,7.0,9.0,7.0,9.0,Rural,Nonmetro Nonadjacent
40005,OK,Atoka County,7.0,9.0,9.0,9.0,Rural,Rural Remote
40023,OK,Choctaw County,7.0,9.0,7.0,9.0,Rural,Nonmetro Nonadjacent
40055,OK,Greer County,7.0,9.0,7.0,9.0,Rural,Nonmetro Nonadjacent
40063,OK,Hughes County,7.0,9.0,7.0,9.0,Rural,Nonmetro Nonadjacent
40069,OK,Johnston County,7.0,9.0,9.0,9.0,Rural,Rural Remote
40077,OK,Latimer County,7.0,9.0,7.0,9.0,Rural,Nonmetro Nonadjacent
40085,OK,Love County,9.0,8.0,9.0,9.0,Rural,Rural Remote
40093,OK,Major County,9.0,9.0,9.0,9.0,Rural,Rural Remote
40099,OK,Murray County,7.0,9.0,7.0,9.0,Rural,Nonmetro Nonadjacent
40133,OK,Seminole County,7.0,9.0,7.0,9.0,Rural,Nonmetro Nonadjacent
40149,OK,Washita County,7.0,11.0,7.0,9.0,Rural,Nonmetro Nonadjacent
40151,OK,Woods County,7.0,11.0,7.0,9.0,Rural,Nonmetro Nonadjacent
42047,PA,Elk County,7.0,8.0,7.0,9.0,Rural,Nonmetro Nonadjacent
42053,PA,Forest County,9.0,10.0,9.0,9.0,Rural,Rural Remote
42065,PA,Jefferson County,7.0,9.0,7.0,9.0,Rural,Nonmetro Nonadjacent
42105,PA,Potter County,9.0,9.0,9.0,9.0,Rural,Rural Remote
45009,SC,Bamberg County,7.0,9.0,7.0,9.0,Rural,Nonmetro Nonadjacent
46051,SD,Grant County,7.0,9.0,7.0,9.0,Rural,Nonmetro Nonadjacent
47005,TN,Benton County,7.0,9.0,7.0,9.0,Rural,Nonmetro Nonadjacent
47095,TN,Lake County,9.0,10.0,9.0,9.0,Rural,Rural Remote
47185,TN,White County,7.0,9.0,7.0,9.0,Rural,Nonmetro Nonadjacent
48017,TX,Bailey County,7.0,11.0,7.0,9.0,Rural,Nonmetro Nonadjacent
48047,TX,Brooks County,6.0,6.0,7.0,9.0,Rural,Nonmetro Nonadjacent
48093,TX,Comanche County,7.0,9.0,7.0,9.0,Rural,Nonmetro Nonadjacent
48131,TX,Duval County,7.0,9.0,7.0,9.0,Rural,Nonmetro Nonadjacent
48159,TX,Franklin County,8.0,4.0,7.0,9.0,Rural,Nonmetro Nonadjacent
48161,TX,Freestone County,7.0,9.0,7.0,9.0,Rural,Nonmetro Nonadjacent
48165,TX,Gaines County,7.0,9.0,7.0,9.0,Rural,Nonmetro Nonadjacent
48195,TX,Hansford County,7.0,9.0,7.0,9.0,Rural,Nonmetro Nonadjacent
48197,TX,Hardeman County,7.0,9.0,9.0,9.0,Rural,Rural Remote
48225,TX,Houston County,7.0,9.0,7.0,9.0,Rural,Nonmetro Nonadjacent
48267,TX,Kimble County,7.0,9.0,7.0,9.0,Rural,Nonmetro Nonadjacent
48307,TX,McCulloch County,7.0,9.0,7.0,9.0,Rural,Nonmetro Nonadjacent
48335,TX,Mitchell County,7.0,9.0,7.0,9.0,Rural,Nonmetro Nonadjacent
48369,TX,Parmer County,7.0,9.0,7.0,9.0,Rural,Nonmetro Nonadjacent
48411,TX,San Saba County,7.0,9.0,7.0,9.0,Rural,Nonmetro Nonadjacent
48419,TX,Shelby County,6.0,6.0,7.0,9.0,Rural,Nonmetro Nonadjacent
48501,TX,Yoakum County,7.0,9.0,7.0,9.0,Rural,Nonmetro Nonadjacent
48507,TX,Zavala County,7.0,9.0,7.0,9.0,Rural,Nonmetro Nonadjacent
49001,UT,Beaver County,9.0,10.0,7.0,9.0,Rural,Nonmetro Nonadjacent
49013,UT,Duchesne County,6.0,6.0,7.0,9.0,Rural,Nonmetro Nonadjacent
49037,UT,San Juan County,7.0,11.0,7.0,9.0,Rural,Nonmetro Nonadjacent
50005,VT,Caledonia County,7.0,9.0,7.0,9.0,Rural,Nonmetro Nonadjacent
50025,VT,Windham County,6.0,6.0,7.0,9.0,Rural,Nonmetro Nonadjacent
51035,VA,Carroll County,6.0,6.0,7.0,9.0,Rural,Nonmetro Nonadjacent
51117,VA,Mecklenburg County,7.0,11.0,7.0,9.0,Rural,Nonmetro Nonadjacent
51167,VA,Russell County,6.0,6.0,7.0,9.0,Rural,Nonmetro Nonadjacent
51640,VA,Galax city,6.0,6.0,7.0,9.0,Rural,Nonmetro Nonadjacent
53049,WA,Pacific County,7.0,9.0,7.0,9.0,Rural,Nonmetro Nonadjacent
54041,WV,Lewis County,7.0,9.0,7.0,9.0,Rural,Nonmetro Nonadjacent
54059,WV,Mingo County,6.0,6.0,7.0,9.0,Rural,Nonmetro Nonadjacent
54095,WV,Tyler County,6.0,6.0,9.0,9.0,Rural,Rural Remote
54097,WV,Upshur County,7.0,9.0,7.0,9.0,Rural,Nonmetro Nonadjacent
55023,WI,Crawford County,7.0,9.0,7.0,9.0,Rural,Nonmetro Nonadjacent
55057,WI,Juneau County,7.0,9.0,7.0,9.0,Rural,Nonmetro Nonadjacent
55085,WI,Oneida County,7.0,9.0,7.0,9.0,Rural,Nonmetro Nonadjacent
56007,WY,Carbon County,7.0,9.0,7.0,9.0,Rural,Nonmetro Nonadjacent
56015,WY,Goshen County,7.0,9.0,7.0,9.0,Rural,Nonmetro Nonadjacent
56017,WY,Hot Springs County,7.0,9.0,7.0,9.0,Rural,Nonmetro Nonadjacent
56019,WY,Johnson County,7.0,9.0,7.0,9.0,Rural,Nonmetro Nonadjacent
56023,WY,Lincoln County,7.0,9.0,7.0,9.0,Rural,Nonmetro Nonadjacent
56045,WY,Weston County,7.0,9.0,7.0,9.0,Rural,Nonmetro Nonadjacent
01023,AL,Choctaw County,9.0,10.0,9.0,10.0,Rural,Rural Remote
01027,AL,Clay County,9.0,10.0,9.0,10.0,Rural,Rural Remote
01131,AL,Wilcox County,8.0,7.0,9.0,10.0,Rural,Rural Remote
02105,AK,Hoonah-Angoon Census Area,7.0,11.0,9.0,10.0,Rural,Rural Remote
02198,AK,Prince of Wales-Hyder Census Area,7.0,11.0,9.0,10.0,Rural,Rural Remote
05065,AR,Izard County,9.0,10.0,9.0,10.0,Rural,Rural Remote
05089,AR,Marion County,9.0,10.0,9.0,10.0,Rural,Rural Remote
05109,AR,Pike County,9.0,10.0,9.0,10.0,Rural,Rural Remote
05129,AR,Searcy County,9.0,10.0,9.0,10.0,Rural,Rural Remote
05147,AR,Woodruff County,9.0,9.0,9.0,10.0,Rural,Rural Remote
08007,CO,Archuleta County,7.0,10.0,7.0,10.0,Rural,Nonmetro Nonadjacent
08049,CO,Grand County,8.0,4.0,7.0,10.0,Rural,Nonmetro Nonadjacent
08057,CO,Jackson County,9.0,12.0,9.0,10.0,Rural,Rural Remote
08091,CO,Ouray County,9.0,10.0,9.0,10.0,Rural,Rural Remote
08095,CO,Phillips County,9.0,10.0,9.0,10.0,Rural,Rural Remote
08103,CO,Rio Blanco County,9.0,12.0,9.0,10.0,Rural,Rural Remote
08111,CO,San Juan County,9.0,10.0,9.0,10.0,Rural,Rural Remote
08115,CO,Sedgwick County,9.0,10.0,9.0,10.0,Rural,Rural Remote
08121,CO,Washington County,9.0,10.0,9.0,10.0,Rural,Rural Remote
13003,GA,Atkinson County,9.0,8.0,9.0,10.0,Rural,Rural Remote
13241,GA,Rabun County,9.0,10.0,7.0,10.0,Rural,Nonmetro Nonadjacent
17009,IL,Brown County,7.0,10.0,7.0,10.0,Rural,Nonmetro Nonadjacent
19025,IA,Calhoun County,9.0,10.0,9.0,10.0,Rural,Rural Remote
19151,IA,Pocahontas County,9.0,10.0,9.0,10.0,Rural,Rural Remote
19161,IA,Sac County,9.0,10.0,9.0,10.0,Rural,Rural Remote
19173,IA,Taylor County,9.0,10.0,9.0,10.0,Rural,Rural Remote
19177,IA,Van Buren County,9.0,10.0,9.0,10.0,Rural,Rural Remote
20017,KS,Chase County,8.0,5.0,9.0,10.0,Rural,Rural Remote
20025,KS,Clark County,9.0,10.0,9.0,10.0,Rural,Rural Remote
20047,KS,Edwards County,9.0,10.0,9.0,10.0,Rural,Rural Remote
20069,KS,Gray County,9.0,10.0,9.0,10.0,Rural,Rural Remote
20075,KS,Hamilton County,9.0,12.0,9.0,10.0,Rural,Rural Remote
20081,KS,Haskell County,9.0,10.0,9.0,10.0,Rural,Rural Remote
20083,KS,Hodgeman County,9.0,10.0,9.0,10.0,Rural,Rural Remote
20097,KS,Kiowa County,9.0,10.0,9.0,10.0,Rural,Rural Remote
20105,KS,Lincoln County,9.0,10.0,9.0,10.0,Rural,Rural Remote
20119,KS,Meade County,9.0,10.0,9.0,10.0,Rural,Rural Remote
20163,KS,Rooks County,9.0,10.0,9.0,10.0,Rural,Rural Remote
20165,KS,Rush County,9.0,10.0,9.0,10.0,Rural,Rural Remote
20185,KS,Stafford County,9.0,10.0,9.0,10.0,Rural,Rural Remote
20195,KS,Trego County,9.0,10.0,9.0,10.0,Rural,Rural Remote
20205,KS,Wilson County,7.0,9.0,7.0,10.0,Rural,Nonmetro Nonadjacent
21039,KY,Carlisle County,9.0,10.0,9.0,10.0,Rural,Rural Remote
21045,KY,Casey County,9.0,10.0,9.0,10.0,Rural,Rural Remote
21051,KY,Clay County,7.0,10.0,7.0,10.0,Rural,Nonmetro Nonadjacent
21057,KY,Cumberland County,9.0,10.0,9.0,10.0,Rural,Rural Remote
21095,KY,Harlan County,7.0,9.0,7.0,10.0,Rural,Nonmetro Nonadjacent
21105,KY,Hickman County,9.0,10.0,9.0,10.0,Rural,Rural Remote
21109,KY,Jackson County,9.0,10.0,9.0,10.0,Rural,Rural Remote
21131,KY,Leslie County,9.0,12.0,9.0,10.0,Rural,Rural Remote
21133,KY,Letcher County,9.0,12.0,9.0,10.0,Rural,Rural Remote
21147,KY,McCreary County,9.0,10.0,9.0,10.0,Rural,Rural Remote
21207,KY,Russell County,9.0,10.0,9.0,10.0,Rural,Rural Remote
22025,LA,Catahoula Parish,9.0,10.0,9.0,10.0,Rural,Rural Remote
22107,LA,Tensas Parish,9.0,10.0,9.0,10.0,Rural,Rural Remote
22123,LA,West Carroll Parish,9.0,10.0,9.0,10.0,Rural,Rural Remote
26001,MI,Alcona County,9.0,10.0,9.0,10.0,Rural,Rural Remote
26003,MI,Alger County,9.0,9.0,7.0,10.0,Rural,Nonmetro Nonadjacent
26009,MI,Antrim County,9.0,10.0,9.0,10.0,Rural,Rural Remote
26013,MI,Baraga County,9.0,10.0,9.0,10.0,Rural,Rural Remote
26085,MI,Lake County,8.0,7.0,9.0,10.0,Rural,Rural Remote
26095,MI,Luce County,7.0,9.0,7.0,10.0,Rural,Nonmetro Nonadjacent
26097,MI,Mackinac County,7.0,9.0,7.0,10.0,Rural,Nonmetro Nonadjacent
26119,MI,Montmorency County,9.0,10.0,9.0,10.0,Rural,Rural Remote
26131,MI,Ontonagon County,9.0,10.0,9.0,10.0,Rural,Rural Remote
26133,MI,Osceola County,7.0,10.0,9.0,10.0,Rural,Rural Remote
27051,MN,Grant County,9.0,10.0,9.0,10.0,Rural,Rural Remote
27081,MN,Lincoln County,9.0,10.0,9.0,10.0,Rural,Rural Remote
27101,MN,Murray County,9.0,10.0,9.0,10.0,Rural,Rural Remote
28013,MS,Calhoun County,7.0,10.0,9.0,10.0,Rural,Rural Remote
28019,MS,Choctaw County,9.0,10.0,9.0,10.0,Rural,Rural Remote
28037,MS,Franklin County,9.0,10.0,9.0,10.0,Rural,Rural Remote
28147,MS,Walthall County,9.0,10.0,9.0,10.0,Rural,Rural Remote
28155,MS,Webster County,9.0,10.0,9.0,10.0,Rural,Rural Remote
29005,MO,Atchison County,9.0,10.0,9.0,10.0,Rural,Rural Remote
29015,MO,Benton County,9.0,10.0,7.0,10.0,Rural,Nonmetro Nonadjacent
29035,MO,Carter County,9.0,10.0,9.0,10.0,Rural,Rural Remote
29041,MO,Chariton County,9.0,9.0,9.0,10.0,Rural,Rural Remote
29093,MO,Iron County,6.0,4.0,7.0,10.0,Rural,Nonmetro Nonadjacent
29103,MO,Knox County,9.0,10.0,9.0,10.0,Rural,Rural Remote
29149,MO,Oregon County,9.0,10.0,9.0,10.0,Rural,Rural Remote
29153,MO,Ozark County,9.0,10.0,9.0,10.0,Rural,Rural Remote
29171,MO,Putnam County,9.0,10.0,9.0,10.0,Rural,Rural Remote
29181,MO,Ripley County,9.0,10.0,9.0,10.0,Rural,Rural Remote
29199,MO,Scotland County,9.0,10.0,9.0,10.0,Rural,Rural Remote
29203,MO,Shannon County,9.0,10.0,9.0,10.0,Rural,Rural Remote
29205,MO,Shelby County,9.0,10.0,9.0,10.0,Rural,Rural Remote
29211,MO,Sullivan County,9.0,10.0,9.0,10.0,Rural,Rural Remote
29223,MO,Wayne County,9.0,10.0,9.0,10.0,Rural,Rural Remote
29227,MO,Worth County,9.0,10.0,9.0,10.0,Rural,Rural Remote
30007,MT,Broadwater County,9.0,10.0,9.0,10.0,Rural,Rural Remote
30057,MT,Madison County,9.0,10.0,9.0,10.0,Rural,Rural Remote
30059,MT,Meagher County,9.0,10.0,9.0,10.0,Rural,Rural Remote
31003,NE,Antelope County,9.0,10.0,9.0,10.0,Rural,Rural Remote
31005,NE,Arthur County,9.0,10.0,9.0,10.0,Rural,Rural Remote
31009,NE,Blaine County,9.0,12.0,9.0,10.0,Rural,Rural Remote
31011,NE,Boone County,9.0,10.0,9.0,10.0,Rural,Rural Remote
31027,NE,Cedar County,9.0,10.0,9.0,10.0,Rural,Rural Remote
31061,NE,Franklin County,9.0,10.0,9.0,10.0,Rural,Rural Remote
31063,NE,Frontier County,9.0,10.0,9.0,10.0,Rural,Rural Remote
31083,NE,Harlan County,9.0,10.0,9.0,10.0,Rural,Rural Remote
31085,NE,Hayes County,9.0,10.0,9.0,10.0,Rural,Rural Remote
31107,NE,Knox County,9.0,10.0,9.0,10.0,Rural,Rural Remote
31123,NE,Morrill County,9.0,10.0,9.0,10.0,Rural,Rural Remote
31133,NE,Pawnee County,9.0,10.0,9.0,10.0,Rural,Rural Remote
31135,NE,Perkins County,9.0,10.0,9.0,10.0,Rural,Rural Remote
31143,NE,Polk County,9.0,10.0,9.0,10.0,Rural,Rural Remote
31171,NE,Thomas County,9.0,10.0,9.0,10.0,Rural,Rural Remote
31181,NE,Webster County,9.0,10.0,9.0,10.0,Rural,Rural Remote
32009,NV,Esmeralda County,9.0,10.0,9.0,10.0,Rural,Rural Remote
32027,NV,Pershing County,8.0,7.0,9.0,10.0,Rural,Rural Remote
35003,NM,Catron County,9.0,12.0,9.0,10.0,Rural,Rural Remote
35033,NM,Mora County,8.0,7.0,9.0,10.0,Rural,Rural Remote
37005,NC,Alleghany County,9.0,10.0,9.0,10.0,Rural,Rural Remote
37009,NC,Ashe County,9.0,10.0,7.0,10.0,Rural,Nonmetro Nonadjacent
37095,NC,Hyde County,9.0,10.0,9.0,10.0,Rural,Rural Remote
37121,NC,Mitchell County,9.0,12.0,7.0,10.0,Rural,Nonmetro Nonadjacent
38007,ND,Billings County,9.0,8.0,9.0,10.0,Rural,Rural Remote
38009,ND,Bottineau County,9.0,10.0,9.0,10.0,Rural,Rural Remote
38013,ND,Burke County,9.0,10.0,9.0,10.0,Rural,Rural Remote
38021,ND,Dickey County,9.0,10.0,9.0,10.0,Rural,Rural Remote
38023,ND,Divide County,9.0,10.0,9.0,10.0,Rural,Rural Remote
38025,ND,Dunn County,9.0,10.0,9.0,10.0,Rural,Rural Remote
38031,ND,Foster County,9.0,10.0,9.0,10.0,Rural,Rural Remote
38041,ND,Hettinger County,9.0,10.0,9.0,10.0,Rural,Rural Remote
38045,ND,LaMoure County,9.0,10.0,9.0,10.0,Rural,Rural Remote
38047,ND,Logan County,9.0,10.0,9.0,10.0,Rural,Rural Remote
38053,ND,McKenzie County,9.0,10.0,9.0,10.0,Rural,Rural Remote
38061,ND,Mountrail County,9.0,10.0,9.0,10.0,Rural,Rural Remote
38081,ND,Sargent County,9.0,10.0,9.0,10.0,Rural,Rural Remote
39121,OH,Noble County,6.0,7.0,7.0,10.0,Rural,Nonmetro Nonadjacent
40003,OK,Alfalfa County,9.0,10.0,9.0,10.0,Rural,Rural Remote
40007,OK,Beaver County,9.0,10.0,9.0,10.0,Rural,Rural Remote
40025,OK,Cimarron County,9.0,10.0,9.0,10.0,Rural,Rural Remote
40029,OK,Coal County,9.0,10.0,9.0,10.0,Rural,Rural Remote
40043,OK,Dewey County,9.0,10.0,9.0,10.0,Rural,Rural Remote
40045,OK,Ellis County,9.0,10.0,9.0,10.0,Rural,Rural Remote
40053,OK,Grant County,9.0,10.0,9.0,10.0,Rural,Rural Remote
40057,OK,Harmon County,9.0,10.0,9.0,10.0,Rural,Rural Remote
40059,OK,Harper County,9.0,10.0,9.0,10.0,Rural,Rural Remote
40129,OK,Roger Mills County,9.0,12.0,9.0,10.0,Rural,Rural Remote
41055,OR,Sherman County,9.0,10.0,9.0,10.0,Rural,Rural Remote
41063,OR,Wallowa County,9.0,10.0,9.0,10.0,Rural,Rural Remote
41069,OR,Wheeler County,9.0,10.0,9.0,10.0,Rural,Rural Remote
42023,PA,Cameron County,7.0,9.0,7.0,10.0,Rural,Nonmetro Nonadjacent
46003,SD,Aurora County,9.0,10.0,9.0,10.0,Rural,Rural Remote
46009,SD,Bon Homme County,9.0,10.0,9.0,10.0,Rural,Rural Remote
46025,SD,Clark County,9.0,10.0,9.0,10.0,Rural,Rural Remote
46037,SD,Day County,9.0,10.0,9.0,10.0,Rural,Rural Remote
46039,SD,Deuel County,9.0,10.0,9.0,10.0,Rural,Rural Remote
46043,SD,Douglas County,9.0,10.0,9.0,10.0,Rural,Rural Remote
46049,SD,Faulk County,9.0,10.0,9.0,10.0,Rural,Rural Remote
46057,SD,Hamlin County,9.0,8.0,9.0,10.0,Rural,Rural Remote
46059,SD,Hand County,9.0,10.0,9.0,10.0,Rural,Rural Remote
46069,SD,Hyde County,9.0,10.0,9.0,10.0,Rural,Rural Remote
46073,SD,Jerauld County,9.0,10.0,9.0,10.0,Rural,Rural Remote
46075,SD,Jones County,9.0,10.0,9.0,10.0,Rural,Rural Remote
46077,SD,Kingsbury County,9.0,10.0,9.0,10.0,Rural,Rural Remote
46085,SD,Lyman County,9.0,10.0,9.0,10.0,Rural,Rural Remote
46089,SD,McPherson County,9.0,10.0,9.0,10.0,Rural,Rural Remote
46091,SD,Marshall County,9.0,10.0,9.0,10.0,Rural,Rural Remote
46107,SD,Potter County,9.0,12.0,9.0,10.0,Rural,Rural Remote
46109,SD,Roberts County,9.0,9.0,9.0,10.0,Rural,Rural Remote
46111,SD,Sanborn County,9.0,10.0,9.0,10.0,Rural,Rural Remote
46115,SD,Spink County,7.0,9.0,9.0,10.0,Rural,Rural Remote
47027,TN,Clay County,8.0,4.0,9.0,10.0,Rural,Rural Remote
47049,TN,Fentress County,9.0,10.0,9.0,10.0,Rural,Rural Remote
47137,TN,Pickett County,9.0,10.0,9.0,10.0,Rural,Rural Remote
47175,TN,Van Buren County,9.0,10.0,9.0,10.0,Rural,Rural Remote
48079,TX,Cochran County,9.0,10.0,9.0,10.0,Rural,Rural Remote
48087,TX,Collingsworth County,9.0,12.0,9.0,10.0,Rural,Rural Remote
48155,TX,Foard County,9.0,10.0,9.0,10.0,Rural,Rural Remote
48263,TX,Kent County,9.0,10.0,9.0,10.0,Rural,Rural Remote
48271,TX,Kinney County,9.0,10.0,7.0,10.0,Rural,Nonmetro Nonadjacent
48319,TX,Mason County,9.0,12.0,9.0,10.0,Rural,Rural Remote
48333,TX,Mills County,9.0,10.0,9.0,10.0,Rural,Rural Remote
48385,TX,Real County,9.0,10.0,9.0,10.0,Rural,Rural Remote
48393,TX,Roberts County,9.0,8.0,9.0,10.0,Rural,Rural Remote
48405,TX,San Augustine County,9.0,10.0,9.0,10.0,Rural,Rural Remote
48421,TX,Sherman County,9.0,10.0,9.0,10.0,Rural,Rural Remote
48483,TX,Wheeler County,9.0,10.0,9.0,10.0,Rural,Rural Remote
49009,UT,Daggett County,8.0,7.0,9.0,10.0,Rural,Rural Remote
49015,UT,Emery County,9.0,10.0,7.0,10.0,Rural,Nonmetro Nonadjacent
51027,VA,Buchanan County,9.0,10.0,9.0,10.0,Rural,Rural Remote
54021,WV,Gilmer County,9.0,12.0,7.0,10.0,Rural,Nonmetro Nonadjacent
54047,WV,McDowell County,7.0,9.0,7.0,10.0,Rural,Nonmetro Nonadjacent
54075,WV,Pocahontas County,9.0,12.0,9.0,10.0,Rural,Rural Remote
56011,WY,Crook County,9.0,10.0,9.0,10.0,Rural,Rural Remote
56035,WY,Sublette County,9.0,10.0,9.0,10.0,Rural,Rural Remote
01025,AL,Clarke County,7.0,11.0,7.0,11.0,Rural,Nonmetro Nonadjacent
01035,AL,Conecuh County,9.0,11.0,7.0,11.0,Rural,Nonmetro Nonadjacent
01091,AL,Marengo County,7.0,11.0,7.0,11.0,Rural,Nonmetro Nonadjacent
01093,AL,Marion County,8.0,4.0,7.0,11.0,Rural,Nonmetro Nonadjacent
01099,AL,Monroe County,7.0,11.0,7.0,11.0,Rural,Nonmetro Nonadjacent
02016,AK,Aleutians West Census Area,7.0,11.0,9.0,11.0,Rural,Rural Remote
02050,AK,Bethel Census Area,7.0,11.0,7.0,11.0,Rural,Nonmetro Nonadjacent
02122,AK,Kenai Peninsula Borough,7.0,11.0,7.0,11.0,Rural,Nonmetro Nonadjacent
02150,AK,Kodiak Island Borough,7.0,8.0,7.0,11.0,Rural,Nonmetro Nonadjacent
02180,AK,Nome Census Area,7.0,11.0,7.0,11.0,Rural,Nonmetro Nonadjacent
02185,AK,North Slope Borough,7.0,11.0,7.0,11.0,Rural,Nonmetro Nonadjacent
02188,AK,Northwest Arctic Borough,7.0,11.0,7.0,11.0,Rural,Nonmetro Nonadjacent
02195,AK,Petersburg Census Area,7.0,11.0,9.0,11.0,Rural,Rural Remote
02220,AK,Sitka City and Borough,7.0,11.0,7.0,11.0,Rural,Nonmetro Nonadjacent
02261,AK,Valdez-Cordova Census Area,9.0,11.0,9.0,11.0,Rural,Rural Remote
05003,AR,Ashley County,7.0,11.0,7.0,11.0,Rural,Nonmetro Nonadjacent
05113,AR,Polk County,7.0,11.0,7.0,11.0,Rural,Nonmetro Nonadjacent
06027,CA,Inyo County,7.0,8.0,7.0,11.0,Rural,Nonmetro Nonadjacent
06051,CA,Mono County,7.0,9.0,7.0,11.0,Rural,Nonmetro Nonadjacent
08003,CO,Alamosa County,7.0,11.0,7.0,11.0,Rural,Nonmetro Nonadjacent
08015,CO,Chaffee County,7.0,11.0,7.0,11.0,Rural,Nonmetro Nonadjacent
08051,CO,Gunnison County,7.0,11.0,7.0,11.0,Rural,Nonmetro Nonadjacent
08063,CO,Kit Carson County,7.0,11.0,7.0,11.0,Rural,Nonmetro Nonadjacent
08071,CO,Las Animas County,7.0,11.0,7.0,11.0,Rural,Nonmetro Nonadjacent
08099,CO,Prowers County,7.0,11.0,7.0,11.0,Rural,Nonmetro Nonadjacent
08105,CO,Rio Grande County,7.0,11.0,7.0,11.0,Rural,Nonmetro Nonadjacent
08125,CO,Yuma County,7.0,11.0,7.0,11.0,Rural,Nonmetro Nonadjacent
13239,GA,Quitman County,9.0,12.0,9.0,11.0,Rural,Rural Remote
13271,GA,Telfair County,7.0,9.0,7.0,11.0,Rural,Nonmetro Nonadjacent
16007,ID,Bear Lake County,7.0,11.0,9.0,11.0,Rural,Rural Remote
16059,ID,Lemhi County,7.0,11.0,7.0,11.0,Rural,Nonmetro Nonadjacent
17159,IL,Richland County,7.0,11.0,7.0,11.0,Rural,Nonmetro Nonadjacent
17185,IL,Wabash County,6.0,6.0,7.0,11.0,Rural,Nonmetro Nonadjacent
19027,IA,Carroll County,7.0,11.0,7.0,11.0,Rural,Nonmetro Nonadjacent
19047,IA,Crawford County,6.0,6.0,7.0,11.0,Rural,Nonmetro Nonadjacent
19109,IA,Kossuth County,7.0,11.0,7.0,11.0,Rural,Nonmetro Nonadjacent
19167,IA,Sioux County,6.0,6.0,7.0,11.0,Rural,Nonmetro Nonadjacent
19191,IA,Winneshiek County,7.0,11.0,7.0,11.0,Rural,Nonmetro Nonadjacent
20001,KS,Allen County,7.0,11.0,7.0,11.0,Rural,Nonmetro Nonadjacent
20123,KS,Mitchell County,7.0,11.0,7.0,11.0,Rural,Nonmetro Nonadjacent
20137,KS,Norton County,7.0,11.0,7.0,11.0,Rural,Nonmetro Nonadjacent
20147,KS,Phillips County,7.0,11.0,7.0,11.0,Rural,Nonmetro Nonadjacent
20151,KS,Pratt County,7.0,11.0,7.0,11.0,Rural,Nonmetro Nonadjacent
20181,KS,Sherman County,7.0,11.0,7.0,11.0,Rural,Nonmetro Nonadjacent
20193,KS,Thomas County,7.0,11.0,7.0,11.0,Rural,Nonmetro Nonadjacent
21071,KY,Floyd County,7.0,11.0,7.0,11.0,Rural,Nonmetro Nonadjacent
21115,KY,Johnson County,7.0,11.0,7.0,11.0,Rural,Nonmetro Nonadjacent
21175,KY,Morgan County,7.0,9.0,9.0,11.0,Rural,Rural Remote
21193,KY,Perry County,7.0,11.0,7.0,11.0,Rural,Nonmetro Nonadjacent
21195,KY,Pike County,7.0,11.0,7.0,11.0,Rural,Nonmetro Nonadjacent
22035,LA,East Carroll Parish,7.0,9.0,7.0,11.0,Rural,Nonmetro Nonadjacent
22041,LA,Franklin Parish,7.0,11.0,7.0,11.0,Rural,Nonmetro Nonadjacent
23003,ME,Aroostook County,7.0,11.0,7.0,11.0,Rural,Nonmetro Nonadjacent
23013,ME,Knox County,7.0,8.0,7.0,11.0,Rural,Nonmetro Nonadjacent
23029,ME,Washington County,7.0,11.0,7.0,11.0,Rural,Nonmetro Nonadjacent
25019,MA,Nantucket County,7.0,11.0,7.0,11.0,Rural,Nonmetro Nonadjacent
26029,MI,Charlevoix County,7.0,11.0,7.0,11.0,Rural,Nonmetro Nonadjacent
26031,MI,Cheboygan County,7.0,11.0,7.0,11.0,Rural,Nonmetro Nonadjacent
26047,MI,Emmet County,7.0,11.0,7.0,11.0,Rural,Nonmetro Nonadjacent
26053,MI,Gogebic County,7.0,11.0,7.0,11.0,Rural,Nonmetro Nonadjacent
26063,MI,Huron County,7.0,11.0,7.0,11.0,Rural,Nonmetro Nonadjacent
26069,MI,Iosco County,7.0,11.0,7.0,11.0,Rural,Nonmetro Nonadjacent
26129,MI,Ogemaw County,9.0,11.0,9.0,11.0,Rural,Rural Remote
26137,MI,Otsego County,7.0,11.0,7.0,11.0,Rural,Nonmetro Nonadjacent
26143,MI,Roscommon County,7.0,11.0,7.0,11.0,Rural,Nonmetro Nonadjacent
27091,MN,Martin County,7.0,8.0,7.0,11.0,Rural,Nonmetro Nonadjacent
27135,MN,Roseau County,7.0,11.0,7.0,11.0,Rural,Nonmetro Nonadjacent
27149,MN,Stevens County,7.0,11.0,7.0,11.0,Rural,Nonmetro Nonadjacent
29079,MO,Grundy County,7.0,11.0,7.0,11.0,Rural,Nonmetro Nonadjacent
29081,MO,Harrison County,7.0,11.0,7.0,11.0,Rural,Nonmetro Nonadjacent
29115,MO,Linn County,7.0,11.0,7.0,11.0,Rural,Nonmetro Nonadjacent
29217,MO,Vernon County,7.0,11.0,7.0,11.0,Rural,Nonmetro Nonadjacent
30001,MT,Beaverhead County,7.0,11.0,7.0,11.0,Rural,Nonmetro Nonadjacent
30017,MT,Custer County,7.0,11.0,7.0,11.0,Rural,Nonmetro Nonadjacent
30021,MT,Dawson County,7.0,11.0,7.0,11.0,Rural,Nonmetro Nonadjacent
30027,MT,Fergus County,7.0,11.0,7.0,11.0,Rural,Nonmetro Nonadjacent
30035,MT,Glacier County,7.0,11.0,7.0,11.0,Rural,Nonmetro Nonadjacent
30041,MT,Hill County,7.0,8.0,7.0,11.0,Rural,Nonmetro Nonadjacent
30073,MT,Pondera County,7.0,11.0,7.0,11.0,Rural,Nonmetro Nonadjacent
30101,MT,Toole County,7.0,11.0,7.0,11.0,Rural,Nonmetro Nonadjacent
30105,MT,Valley County,7.0,11.0,7.0,11.0,Rural,Nonmetro Nonadjacent
31013,NE,Box Butte County,7.0,11.0,7.0,11.0,Rural,Nonmetro Nonadjacent
31031,NE,Cherry County,7.0,11.0,7.0,11.0,Rural,Nonmetro Nonadjacent
31033,NE,Cheyenne County,7.0,11.0,7.0,11.0,Rural,Nonmetro Nonadjacent
31045,NE,Dawes County,7.0,11.0,7.0,11.0,Rural,Nonmetro Nonadjacent
31089,NE,Holt County,7.0,11.0,7.0,11.0,Rural,Nonmetro Nonadjacent
31127,NE,Nemaha County,7.0,11.0,7.0,11.0,Rural,Nonmetro Nonadjacent
31145,NE,Red Willow County,7.0,11.0,7.0,11.0,Rural,Nonmetro Nonadjacent
31147,NE,Richardson County,7.0,11.0,7.0,11.0,Rural,Nonmetro Nonadjacent
32021,NV,Mineral County,7.0,9.0,7.0,11.0,Rural,Nonmetro Nonadjacent
32033,NV,White Pine County,7.0,9.0,7.0,11.0,Rural,Nonmetro Nonadjacent
35007,NM,Colfax County,7.0,11.0,7.0,11.0,Rural,Nonmetro Nonadjacent
35037,NM,Quay County,7.0,9.0,7.0,11.0,Rural,Nonmetro Nonadjacent
35059,NM,Union County,9.0,11.0,9.0,11.0,Rural,Rural Remote
37015,NC,Bertie County,9.0,12.0,7.0,11.0,Rural,Nonmetro Nonadjacent
38057,ND,Mercer County,6.0,6.0,7.0,11.0,Rural,Nonmetro Nonadjacent
38071,ND,Ramsey County,7.0,11.0,7.0,11.0,Rural,Nonmetro Nonadjacent
40089,OK,McCurtain County,7.0,11.0,7.0,11.0,Rural,Nonmetro Nonadjacent
41001,OR,Baker County,7.0,9.0,7.0,11.0,Rural,Nonmetro Nonadjacent
41025,OR,Harney County,7.0,11.0,7.0,11.0,Rural,Nonmetro Nonadjacent
46123,SD,Tripp County,7.0,11.0,7.0,11.0,Rural,Nonmetro Nonadjacent
46129,SD,Walworth County,7.0,11.0,7.0,11.0,Rural,Nonmetro Nonadjacent
48043,TX,Brewster County,7.0,11.0,7.0,11.0,Rural,Nonmetro Nonadjacent
48075,TX,Childress County,7.0,11.0,7.0,11.0,Rural,Nonmetro Nonadjacent
48105,TX,Crockett County,7.0,11.0,7.0,11.0,Rural,Nonmetro Nonadjacent
48111,TX,Dallam County,7.0,9.0,7.0,11.0,Rural,Nonmetro Nonadjacent
48205,TX,Hartley County,9.0,9.0,7.0,11.0,Rural,Nonmetro Nonadjacent
48211,TX,Hemphill County,9.0,12.0,7.0,11.0,Rural,Nonmetro Nonadjacent
48299,TX,Llano County,7.0,11.0,7.0,11.0,Rural,Nonmetro Nonadjacent
48357,TX,Ochiltree County,7.0,11.0,7.0,11.0,Rural,Nonmetro Nonadjacent
48371,TX,Pecos County,7.0,11.0,7.0,11.0,Rural,Nonmetro Nonadjacent
48377,TX,Presidio County,7.0,11.0,7.0,11.0,Rural,Nonmetro Nonadjacent
48429,TX,Stephens County,7.0,11.0,7.0,11.0,Rural,Nonmetro Nonadjacent
48435,TX,Sutton County,7.0,11.0,7.0,11.0,Rural,Nonmetro Nonadjacent
48503,TX,Young County,6.0,6.0,7.0,11.0,Rural,Nonmetro Nonadjacent
49019,UT,Grand County,7.0,11.0,7.0,11.0,Rural,Nonmetro Nonadjacent
49027,UT,Millard County,7.0,11.0,7.0,11.0,Rural,Nonmetro Nonadjacent
49041,UT,Sevier County,7.0,11.0,7.0,11.0,Rural,Nonmetro Nonadjacent
50019,VT,Orleans County,7.0,11.0,7.0,11.0,Rural,Nonmetro Nonadjacent
51173,VA,Smyth County,6.0,6.0,7.0,11.0,Rural,Nonmetro Nonadjacent
55003,WI,Ashland County,7.0,11.0,7.0,11.0,Rural,Nonmetro Nonadjacent
55129,WI,Washburn County,6.0,6.0,7.0,11.0,Rural,Nonmetro Nonadjacent
56029,WY,Park County,7.0,11.0,7.0,11.0,Rural,Nonmetro Nonadjacent
56031,WY,Platte County,7.0,11.0,7.0,11.0,Rural,Nonmetro Nonadjacent
56043,WY,Washakie County,7.0,11.0,7.0,11.0,Rural,Nonmetro Nonadjacent
02013,AK,Aleutians East Borough,9.0,12.0,9.0,12.0,Rural,Rural Remote
02060,AK,Bristol Bay Borough,9.0,12.0,9.0,12.0,Rural,Rural Remote
02070,AK,Dillingham Census Area,9.0,12.0,9.0,12.0,Rural,Rural Remote
02100,AK,Haines Borough,9.0,10.0,9.0,12.0,Rural,Rural Remote
02158,AK,Kusilvak Census Area,9.0,12.0,9.0,12.0,Rural,Rural Remote
02164,AK,Lake and Peninsula Borough,9.0,12.0,9.0,12.0,Rural,Rural Remote
02230,AK,Skagway Municipality,7.0,11.0,9.0,12.0,Rural,Rural Remote
02240,AK,Southeast Fairbanks Census Area,8.0,7.0,9.0,12.0,Rural,Rural Remote
02275,AK,Wrangell City and Borough,7.0,11.0,9.0,12.0,Rural,Rural Remote
02282,AK,Yakutat City and Borough,9.0,12.0,9.0,12.0,Rural,Rural Remote
02290,AK,Yukon-Koyukuk Census Area,8.0,7.0,9.0,12.0,Rural,Rural Remote
06063,CA,Plumas County,7.0,12.0,7.0,12.0,Rural,Nonmetro Nonadjacent
08009,CO,Baca County,9.0,12.0,9.0,12.0,Rural,Rural Remote
08011,CO,Bent County,7.0,11.0,7.0,12.0,Rural,Nonmetro Nonadjacent
08017,CO,Cheyenne County,9.0,12.0,9.0,12.0,Rural,Rural Remote
08021,CO,Conejos County,9.0,12.0,9.0,12.0,Rural,Rural Remote
08023,CO,Costilla County,9.0,12.0,9.0,12.0,Rural,Rural Remote
08033,CO,Dolores County,9.0,10.0,9.0,12.0,Rural,Rural Remote
08053,CO,Hinsdale County,9.0,12.0,9.0,12.0,Rural,Rural Remote
08061,CO,Kiowa County,9.0,12.0,9.0,12.0,Rural,Rural Remote
08079,CO,Mineral County,9.0,12.0,9.0,12.0,Rural,Rural Remote
08109,CO,Saguache County,9.0,12.0,9.0,12.0,Rural,Rural Remote
08113,CO,San Miguel County,9.0,12.0,9.0,12.0,Rural,Rural Remote
12067,FL,Lafayette County,8.0,7.0,9.0,12.0,Rural,Rural Remote
13061,GA,Clay County,9.0,12.0,9.0,12.0,Rural,Rural Remote
13125,GA,Glascock County,9.0,12.0,9.0,12.0,Rural,Rural Remote
13281,GA,Towns County,9.0,12.0,9.0,12.0,Rural,Rural Remote
13291,GA,Union County,9.0,12.0,9.0,12.0,Rural,Rural Remote
16003,ID,Adams County,8.0,7.0,9.0,12.0,Rural,Rural Remote
16033,ID,Clark County,8.0,7.0,9.0,12.0,Rural,Rural Remote
17047,IL,Edwards County,9.0,12.0,9.0,12.0,Rural,Rural Remote
17069,IL,Hardin County,9.0,10.0,9.0,12.0,Rural,Rural Remote
19003,IA,Adams County,9.0,12.0,9.0,12.0,Rural,Rural Remote
19053,IA,Decatur County,9.0,12.0,9.0,12.0,Rural,Rural Remote
19159,IA,Ringgold County,9.0,12.0,9.0,12.0,Rural,Rural Remote
19185,IA,Wayne County,9.0,12.0,9.0,12.0,Rural,Rural Remote
20007,KS,Barber County,9.0,12.0,9.0,12.0,Rural,Rural Remote
20023,KS,Cheyenne County,9.0,12.0,9.0,12.0,Rural,Rural Remote
20033,KS,Comanche County,9.0,12.0,9.0,12.0,Rural,Rural Remote
20039,KS,Decatur County,9.0,12.0,9.0,12.0,Rural,Rural Remote
20063,KS,Gove County,9.0,12.0,9.0,12.0,Rural,Rural Remote
20065,KS,Graham County,9.0,12.0,9.0,12.0,Rural,Rural Remote
20071,KS,Greeley County,9.0,12.0,9.0,12.0,Rural,Rural Remote
20089,KS,Jewell County,9.0,12.0,9.0,12.0,Rural,Rural Remote
20101,KS,Lane County,9.0,10.0,9.0,12.0,Rural,Rural Remote
20109,KS,Logan County,9.0,12.0,9.0,12.0,Rural,Rural Remote
20129,KS,Morton County,9.0,10.0,9.0,12.0,Rural,Rural Remote
20135,KS,Ness County,9.0,12.0,9.0,12.0,Rural,Rural Remote
20141,KS,Osborne County,9.0,12.0,9.0,12.0,Rural,Rural Remote
20153,KS,Rawlins County,9.0,12.0,9.0,12.0,Rural,Rural Remote
20157,KS,Republic County,9.0,12.0,9.0,12.0,Rural,Rural Remote
20179,KS,Sheridan County,9.0,12.0,9.0,12.0,Rural,Rural Remote
20183,KS,Smith County,9.0,12.0,9.0,12.0,Rural,Rural Remote
20187,KS,Stanton County,9.0,12.0,9.0,12.0,Rural,Rural Remote
20199,KS,Wallace County,9.0,12.0,9.0,12.0,Rural,Rural Remote
20201,KS,Washington County,9.0,10.0,9.0,12.0,Rural,Rural Remote
20203,KS,Wichita County,9.0,12.0,9.0,12.0,Rural,Rural Remote
20207,KS,Woodson County,9.0,12.0,9.0,12.0,Rural,Rural Remote
21025,KY,Breathitt County,7.0,12.0,7.0,12.0,Rural,Nonmetro Nonadjacent
21053,KY,Clinton County,9.0,12.0,9.0,12.0,Rural,Rural Remote
21063,KY,Elliott County,9.0,12.0,9.0,12.0,Rural,Rural Remote
21119,KY,Knott County,9.0,12.0,9.0,12.0,Rural,Rural Remote
21129,KY,Lee County,9.0,12.0,9.0,12.0,Rural,Rural Remote
21153,KY,Magoffin County,9.0,12.0,9.0,12.0,Rural,Rural Remote
21159,KY,Martin County,8.0,7.0,9.0,12.0,Rural,Rural Remote
21189,KY,Owsley County,9.0,12.0,9.0,12.0,Rural,Rural Remote
21237,KY,Wolfe County,9.0,12.0,9.0,12.0,Rural,Rural Remote
26039,MI,Crawford County,7.0,12.0,7.0,12.0,Rural,Nonmetro Nonadjacent
26135,MI,Oscoda County,9.0,12.0,9.0,12.0,Rural,Rural Remote
27011,MN,Big Stone County,9.0,12.0,9.0,12.0,Rural,Rural Remote
27031,MN,Cook County,9.0,12.0,9.0,12.0,Rural,Rural Remote
27069,MN,Kittson County,9.0,12.0,9.0,12.0,Rural,Rural Remote
27073,MN,Lac qui Parle County,9.0,12.0,9.0,12.0,Rural,Rural Remote
27077,MN,Lake of the Woods County,9.0,12.0,9.0,12.0,Rural,Rural Remote
27155,MN,Traverse County,9.0,10.0,9.0,12.0,Rural,Rural Remote
29129,MO,Mercer County,9.0,12.0,9.0,12.0,Rural,Rural Remote
29179,MO,Reynolds County,9.0,12.0,9.0,12.0,Rural,Rural Remote
30005,MT,Blaine County,9.0,10.0,9.0,12.0,Rural,Rural Remote
30011,MT,Carter County,9.0,12.0,9.0,12.0,Rural,Rural Remote
30019,MT,Daniels County,9.0,12.0,9.0,12.0,Rural,Rural Remote
30025,MT,Fallon County,9.0,12.0,9.0,12.0,Rural,Rural Remote
30033,MT,Garfield County,9.0,12.0,9.0,12.0,Rural,Rural Remote
30051,MT,Liberty County,9.0,10.0,9.0,12.0,Rural,Rural Remote
30055,MT,McCone County,9.0,12.0,9.0,12.0,Rural,Rural Remote
30069,MT,Petroleum County,9.0,12.0,9.0,12.0,Rural,Rural Remote
30071,MT,Phillips County,9.0,12.0,9.0,12.0,Rural,Rural Remote
30075,MT,Powder River County,9.0,12.0,9.0,12.0,Rural,Rural Remote
30079,MT,Prairie County,9.0,12.0,9.0,12.0,Rural,Rural Remote
30087,MT,Rosebud County,9.0,12.0,9.0,12.0,Rural,Rural Remote
30091,MT,Sheridan County,9.0,12.0,9.0,12.0,Rural,Rural Remote
30097,MT,Sweet Grass County,9.0,12.0,9.0,12.0,Rural,Rural Remote
30107,MT,Wheatland County,9.0,12.0,9.0,12.0,Rural,Rural Remote
30109,MT,Wibaux County,9.0,12.0,9.0,12.0,Rural,Rural Remote
31015,NE,Boyd County,9.0,12.0,9.0,12.0,Rural,Rural Remote
31017,NE,Brown County,9.0,12.0,9.0,12.0,Rural,Rural Remote
31029,NE,Chase County,9.0,12.0,9.0,12.0,Rural,Rural Remote
31049,NE,Deuel County,9.0,12.0,9.0,12.0,Rural,Rural Remote
31057,NE,Dundy County,9.0,12.0,9.0,12.0,Rural,Rural Remote
31065,NE,Furnas County,9.0,12.0,9.0,12.0,Rural,Rural Remote
31069,NE,Garden County,9.0,12.0,9.0,12.0,Rural,Rural Remote
31071,NE,Garfield County,9.0,12.0,9.0,12.0,Rural,Rural Remote
31075,NE,Grant County,9.0,12.0,9.0,12.0,Rural,Rural Remote
31087,NE,Hitchcock County,9.0,12.0,9.0,12.0,Rural,Rural Remote
31091,NE,Hooker County,9.0,12.0,9.0,12.0,Rural,Rural Remote
31103,NE,Keya Paha County,9.0,12.0,9.0,12.0,Rural,Rural Remote
31115,NE,Loup County,9.0,12.0,9.0,12.0,Rural,Rural Remote
31129,NE,Nuckolls County,9.0,10.0,9.0,12.0,Rural,Rural Remote
31149,NE,Rock County,9.0,12.0,9.0,12.0,Rural,Rural Remote
31161,NE,Sheridan County,9.0,12.0,9.0,12.0,Rural,Rural Remote
31169,NE,Thayer County,9.0,12.0,9.0,12.0,Rural,Rural Remote
31175,NE,Valley County,9.0,12.0,9.0,12.0,Rural,Rural Remote
31183,NE,Wheeler County,9.0,12.0,9.0,12.0,Rural,Rural Remote
35011,NM,De Baca County,9.0,10.0,9.0,12.0,Rural,Rural Remote
35021,NM,Harding County,9.0,10.0,9.0,12.0,Rural,Rural Remote
37039,NC,Cherokee County,9.0,12.0,9.0,12.0,Rural,Rural Remote
37043,NC,Clay County,9.0,12.0,9.0,12.0,Rural,Rural Remote
37075,NC,Graham County,9.0,12.0,9.0,12.0,Rural,Rural Remote
38001,ND,Adams County,9.0,12.0,9.0,12.0,Rural,Rural Remote
38005,ND,Benson County,9.0,12.0,9.0,12.0,Rural,Rural Remote
38011,ND,Bowman County,9.0,12.0,9.0,12.0,Rural,Rural Remote
38019,ND,Cavalier County,9.0,12.0,9.0,12.0,Rural,Rural Remote
38027,ND,Eddy County,9.0,12.0,9.0,12.0,Rural,Rural Remote
38033,ND,Golden Valley County,9.0,12.0,9.0,12.0,Rural,Rural Remote
38039,ND,Griggs County,9.0,12.0,9.0,12.0,Rural,Rural Remote
38051,ND,McIntosh County,9.0,12.0,9.0,12.0,Rural,Rural Remote
38067,ND,Pembina County,9.0,12.0,9.0,12.0,Rural,Rural Remote
38079,ND,Rolette County,9.0,12.0,9.0,12.0,Rural,Rural Remote
38083,ND,Sheridan County,9.0,12.0,9.0,12.0,Rural,Rural Remote
38087,ND,Slope County,9.0,10.0,9.0,12.0,Rural,Rural Remote
38095,ND,Towner County,9.0,12.0,9.0,12.0,Rural,Rural Remote
38103,ND,Wells County,9.0,12.0,9.0,12.0,Rural,Rural Remote
40127,OK,Pushmataha County,9.0,11.0,9.0,12.0,Rural,Rural Remote
41021,OR,Gilliam County,9.0,10.0,9.0,12.0,Rural,Rural Remote
41023,OR,Grant County,9.0,12.0,9.0,12.0,Rural,Rural Remote
41037,OR,Lake County,7.0,12.0,7.0,12.0,Rural,Nonmetro Nonadjacent
46007,SD,Bennett County,9.0,12.0,9.0,12.0,Rural,Rural Remote
46015,SD,Brule County,9.0,12.0,9.0,12.0,Rural,Rural Remote
46017,SD,Buffalo County,9.0,12.0,9.0,12.0,Rural,Rural Remote
46021,SD,Campbell County,9.0,12.0,9.0,12.0,Rural,Rural Remote
46023,SD,Charles Mix County,9.0,12.0,9.0,12.0,Rural,Rural Remote
46031,SD,Corson County,9.0,12.0,9.0,12.0,Rural,Rural Remote
46041,SD,Dewey County,9.0,12.0,9.0,12.0,Rural,Rural Remote
46053,SD,Gregory County,9.0,12.0,9.0,12.0,Rural,Rural Remote
46063,SD,Harding County,9.0,12.0,9.0,12.0,Rural,Rural Remote
46095,SD,Mellette County,9.0,12.0,9.0,12.0,Rural,Rural Remote
46121,SD,Todd County,9.0,12.0,9.0,12.0,Rural,Rural Remote
47039,TN,Decatur County,9.0,12.0,9.0,12.0,Rural,Rural Remote
48045,TX,Briscoe County,9.0,12.0,9.0,12.0,Rural,Rural Remote
48101,TX,Cottle County,9.0,12.0,9.0,12.0,Rural,Rural Remote
48109,TX,Culberson County,9.0,12.0,9.0,12.0,Rural,Rural Remote
48137,TX,Edwards County,9.0,10.0,9.0,12.0,Rural,Rural Remote
48191,TX,Hall County,9.0,12.0,9.0,12.0,Rural,Rural Remote
48243,TX,Jeff Davis County,9.0,10.0,9.0,12.0,Rural,Rural Remote
48269,TX,King County,9.0,12.0,9.0,12.0,Rural,Rural Remote
48275,TX,Knox County,9.0,12.0,9.0,12.0,Rural,Rural Remote
48295,TX,Lipscomb County,9.0,12.0,9.0,12.0,Rural,Rural Remote
48301,TX,Loving County,9.0,10.0,9.0,12.0,Rural,Rural Remote
48311,TX,McMullen County,8.0,4.0,9.0,12.0,Rural,Rural Remote
48327,TX,Menard County,8.0,7.0,9.0,12.0,Rural,Rural Remote
48345,TX,Motley County,8.0,7.0,9.0,12.0,Rural,Rural Remote
48433,TX,Stonewall County,8.0,7.0,9.0,12.0,Rural,Rural Remote
48443,TX,Terrell County,9.0,10.0,9.0,12.0,Rural,Rural Remote
48447,TX,Throckmorton County,9.0,12.0,9.0,12.0,Rural,Rural Remote
49017,UT,Garfield County,9.0,10.0,9.0,12.0,Rural,Rural Remote
49031,UT,Piute County,9.0,12.0,9.0,12.0,Rural,Rural Remote
49055,UT,Wayne County,9.0,12.0,9.0,12.0,Rural,Rural Remote
51077,VA,Grayson County,9.0,12.0,9.0,12.0,Rural,Rural Remote
51103,VA,Lancaster County,9.0,12.0,9.0,12.0,Rural,Rural Remote
51111,VA,Lunenburg County,9.0,12.0,9.0,12.0,Rural,Rural Remote
51133,VA,Northumberland County,9.0,12.0,9.0,12.0,Rural,Rural Remote
51159,VA,Richmond County,9.0,12.0,9.0,12.0,Rural,Rural Remote
53019,WA,Ferry County,9.0,12.0,9.0,12.0,Rural,Rural Remote
53055,WA,San Juan County,9.0,12.0,9.0,12.0,Rural,Rural Remote
54023,WV,Grant County,6.0,7.0,7.0,12.0,Rural,Nonmetro Nonadjacent
54101,WV,Webster County,9.0,12.0,9.0,12.0,Rural,Rural Remote
55041,WI,Forest County,9.0,10.0,9.0,12.0,Rural,Rural Remote
55051,WI,Iron County,9.0,12.0,9.0,12.0,Rural,Rural Remote
55099,WI,Price County,9.0,11.0,9.0,12.0,Rural,Rural Remote
55113,WI,Sawyer County,9.0,12.0,7.0,12.0,Rural,Nonmetro Nonadjacent
55125,WI,Vilas County,9.0,12.0,9.0,12.0,Rural,Rural Remote
56003,WY,Big Horn County,9.0,12.0,9.0,12.0,Rural,Rural Remote
56027,WY,Niobrara County,9.0,12.0,9.0,12.0,Rural,Rural Remote
72049,PR,Culebra Municipio,9.0,12.0,9.0,12.0,Rural,Rural Remote
72147,PR,Vieques Municipio,7.0,12.0,7.0,12.0,Rural,Nonmetro Nonadjacent
02010,AK,Aleutian Islands,7.0,11.0,9.0,12.0,Unknown,Rural Remote
02160,AK,Kuskokwim Division,7.0,11.0,9.0,12.0,Unknown,Rural Remote
02201,AK,Prince of Wales-Outer Ketchikan Census Area,9.0,12.0,9.0,12.0,Unknown,Rural Remote
02231,AK,Skagway-Yakutat-Angoon Census Area,7.0,11.0,9.0,12.0,Unknown,Rural Remote
02232,AK,Skagway-Hoonah-Angoon Census Area,9.0,10.0,9.0,12.0,Unknown,Rural Remote
02250,AK,Upper Yukon Division,7.0,11.0,9.0,12.0,Unknown,Rural Remote
02280,AK,Wrangell-Petersburg Census Area,7.0,11.0,9.0,12.0,Unknown,Rural Remote
30113,MT,Yellowstone National Park,7.0,9.0,9.0,12.0,Unknown,Rural Remote
51560,VA,Clifton Forge city,6.0,6.0,1.0,1.0,Unknown,Metro Large
